actual,prediction,error
0.44,0.4040965,0.035903484
0.4,0.40775922,-0.0077592134
0.4,0.37386853,0.026131481
0.39,0.3750265,0.014973491
0.22,0.35844275,-0.13844275
0.11,0.17857793,-0.06857793
0.09,0.08335238,0.006647624
0.12,0.06957814,0.050421856
0.07,0.11027862,-0.04027862
0.06,0.043163095,0.016836904
0.08,0.03676609,0.04323391
0.03,0.07539365,-0.045393646
0.01,0.0,0.01
0.01,0.00072326884,0.009276731
0.01,0.0,0.01
0.01,0.0,0.01
0.01,0.0,0.01
0.01,0.019538999,-0.009538999
0.01,0.0026878454,0.0073121544
0.01,0.00079618394,0.009203816
0.01,0.0,0.01
0.01,0.0038541332,0.0061458666
0.01,0.02174081,-0.011740809
0.01,0.01766317,-0.00766317
0.01,0.013681881,-0.0036818814
0.01,0.007163357,0.0028366428
0.07,0.019054297,0.050945703
0.08,0.06838231,0.01161769
0.1,0.051618762,0.04838124
0.09,0.0902317,-0.00023169816
0.09,0.07332484,0.016675167
0.06,0.07676244,-0.01676244
0.05,0.032959,0.017041001
0.21,0.03484589,0.1751541
0.8,0.21101604,0.58898395
0.87,0.8136189,0.056381106
0.83,0.8481313,-0.018131316
0.86,0.7761558,0.083844185
0.88,0.82874894,0.051251054
0.72,0.83917296,-0.11917293
0.55,0.64694595,-0.09694594
0.62,0.49277642,0.12722358
0.68,0.6084918,0.07150823
0.8,0.6500772,0.14992279
0.65,0.7745522,-0.12455225
0.51,0.5646002,-0.05460024
0.55,0.45865467,0.09134534
0.61,0.5313698,0.07863021
0.8,0.57908213,0.22091788
0.86,0.7888166,0.07118344
0.76,0.8253095,-0.065309525
0.81,0.68819416,0.12180585
0.86,0.78658533,0.07341468
0.64,0.8164129,-0.17641294
0.75,0.5536281,0.19637191
0.36,0.75268865,-0.39268863
0.4,0.25674528,0.14325473
0.38,0.39540848,-0.015408486
0.55,0.34255746,0.20744255
0.37,0.53040993,-0.16040993
0.4,0.30904874,0.090951264
0.53,0.38706866,0.14293131
0.62,0.5157761,0.10422391
0.68,0.5929942,0.087005794
0.51,0.6500684,-0.14006841
0.65,0.45399696,0.19600302
0.45,0.65238035,-0.20238036
0.62,0.39285263,0.22714737
0.41,0.6210103,-0.2110103
0.24,0.3526404,-0.112640396
0.39,0.20853575,0.18146424
0.42,0.3900507,0.029949278
0.48,0.3938633,0.0861367
0.42,0.45000634,-0.03000635
0.43,0.39048705,0.039512962
0.43,0.40742633,0.02257368
0.36,0.40482143,-0.04482141
0.33,0.3297225,0.00027751923
0.31,0.31196946,-0.0019694567
0.31,0.28696716,0.023032844
0.31,0.29027703,0.019722968
0.24,0.28840667,-0.048406675
0.23,0.21801597,0.011984035
0.13,0.2074999,-0.07749991
0.0,0.10465173,-0.10465173
0.01,0.0,0.01
0.01,0.0,0.01
0.01,0.0,0.01
0.01,0.0,0.01
0.01,0.0,0.01
0.01,0.0,0.01
0.01,0.0,0.01
0.01,0.0,0.01
0.01,0.0013297014,0.008670298
0.01,0.011521123,-0.0015211236
0.01,0.0069984905,0.0030015092
0.05,0.018865865,0.031134136
0.09,0.056070518,0.033929486
0.15,0.09612963,0.053870372
0.19,0.15229577,0.03770423
0.26,0.19047095,0.06952904
0.22,0.25636065,-0.03636065
0.2,0.21459861,-0.014598608
0.07,0.1879508,-0.117950805
0.01,0.04010108,-0.030101081
0.01,0.0,0.01
0.01,0.0,0.01
0.03,0.0,0.03
0.01,0.02990688,-0.01990688
0.01,0.0,0.01
0.01,0.0,0.01
0.01,0.0,0.01
0.01,0.0,0.01
0.01,0.0029051006,0.007094899
0.01,0.01648897,-0.0064889695
0.01,0.0,0.01
0.01,0.0,0.01
0.01,0.0,0.01
0.01,0.015276562,-0.0052765626
0.04,0.013453864,0.026546136
0.11,0.043467194,0.066532806
0.17,0.11516326,0.054836743
0.13,0.1754249,-0.04542491
0.13,0.12680385,0.00319615
0.15,0.122903585,0.02709642
0.14,0.139623,0.00037699938
0.12,0.12886378,-0.008863784
0.12,0.106544256,0.013455741
0.12,0.10607417,0.013925828
0.13,0.10464797,0.025352024
0.14,0.12068787,0.019312128
0.17,0.12734696,0.04265304
0.17,0.15775687,0.012243137
0.15,0.15797573,-0.007975727
0.14,0.13960353,0.0003964752
0.24,0.124867015,0.11513298
0.26,0.22783057,0.032169417
0.29,0.24425039,0.045749605
0.33,0.27303314,0.05696687
0.46,0.31393084,0.14606917
0.34,0.4444972,-0.104497194
0.45,0.30502,0.14497998
0.43,0.43951336,-0.009513348
0.7,0.40611905,0.29388094
0.72,0.6957245,0.024275541
0.62,0.6852094,-0.06520939
0.8,0.56725526,0.23274475
0.93,0.8035605,0.12643951
0.82,0.89383185,-0.073831856
0.81,0.7394322,0.07056779
0.8,0.7855725,0.014427483
0.82,0.7508192,0.06918079
0.83,0.78654504,0.043454945
0.73,0.7797369,-0.049736857
0.77,0.66947246,0.100527525
0.81,0.7339752,0.07602483
0.86,0.77099967,0.089000344
0.88,0.8099439,0.07005608
0.88,0.8271712,0.05282879
0.77,0.821404,-0.051404
0.81,0.70358276,0.10641724
0.91,0.7838049,0.12619513
0.95,0.87276375,0.077236235
0.95,0.8946928,0.05530721
0.88,0.8866925,-0.0066925287
0.94,0.80787134,0.13212866
0.79,0.9009936,-0.110993564
0.8,0.6958724,0.104127586
0.81,0.77916026,0.030839741
0.71,0.76166725,-0.051667273
0.71,0.6329831,0.07701689
0.84,0.6767174,0.16328257
0.84,0.81189775,0.02810222
0.75,0.7763214,-0.026321411
0.87,0.6815622,0.18843782
0.83,0.85820687,-0.028206885
0.86,0.75925004,0.10074997
0.85,0.8239018,0.026098251
0.75,0.7884172,-0.03841722
0.76,0.6811999,0.07880008
0.63,0.726423,-0.09642303
0.57,0.5638751,0.0061249137
0.7,0.52592397,0.17407602
0.57,0.6927712,-0.1227712
0.64,0.4916029,0.14839709
0.63,0.62232316,0.00767684
0.56,0.58339655,-0.023396552
0.59,0.5106003,0.079399645
0.67,0.5612012,0.1087988
0.73,0.649495,0.08050501
0.55,0.6967176,-0.14671761
0.63,0.4754261,0.15457389
0.72,0.6215241,0.09847593
0.78,0.6968403,0.083159685
0.74,0.7417731,-0.001773119
0.72,0.6906971,0.029302955
0.82,0.6763693,0.14363068
0.78,0.7966747,-0.016674757
0.71,0.72286797,-0.012867987
0.52,0.6627288,-0.1427288
0.05,0.4699592,-0.4199592
0.01,0.0,0.01
0.16,0.0,0.16
0.21,0.19009739,0.019902602
0.16,0.19282353,-0.032823533
0.21,0.13841484,0.07158515
0.15,0.20107114,-0.051071137
0.16,0.13501191,0.024988085
0.21,0.14495546,0.06504454
0.21,0.19555643,0.014443561
0.18,0.1977966,-0.01779659
0.15,0.1619391,-0.0119390935
0.16,0.1329012,0.02709879
0.12,0.14928457,-0.029284574
0.08,0.09795295,-0.017952949
0.08,0.054086305,0.025913693
0.08,0.06752509,0.012474909
0.09,0.063045695,0.026954308
0.14,0.079869464,0.060130537
0.2,0.12883957,0.071160436
0.23,0.19154948,0.038450524
0.28,0.22125448,0.05874552
0.23,0.26606128,-0.036061272
0.26,0.21756232,0.042437673
0.3,0.25206476,0.047935247
0.32,0.2839362,0.03606379
0.23,0.30607313,-0.076073125
0.24,0.21137434,0.028625652
0.28,0.2202617,0.05973831
0.19,0.26295185,-0.07295185
0.16,0.16603297,-0.0060329735
0.11,0.14644429,-0.03644429
0.1,0.09259199,0.007408008
0.08,0.08814187,-0.008141875
0.03,0.060989942,-0.030989943
0.01,0.0,0.01
0.01,0.0,0.01
0.01,0.0,0.01
0.01,0.0,0.01
0.01,0.0,0.01
0.02,0.002890449,0.01710955
0.01,0.012785822,-0.0027858224
0.01,0.004317548,0.0056824517
0.01,0.0,0.01
0.01,0.0,0.01
0.01,0.0,0.01
0.01,0.0008006729,0.009199327
0.01,0.0010662861,0.008933714
0.01,0.001865834,0.008134166
0.01,0.0,0.01
0.01,0.00237602,0.00762398
0.01,0.0,0.01
0.01,0.0,0.01
0.01,0.0,0.01
0.01,0.0,0.01
0.01,0.0,0.01
0.01,0.0,0.01
0.01,0.0,0.01
0.02,0.004044637,0.015955362
0.03,0.03403945,-0.0040394496
0.01,0.03347753,-0.02347753
0.01,0.00023573264,0.009764267
0.01,0.0004910864,0.009508913
0.01,0.004186768,0.0058132317
0.03,0.0,0.03
0.1,0.0351829,0.0648171
0.05,0.10228124,-0.052281242
0.06,0.04638007,0.01361993
0.08,0.053331073,0.026668925
0.07,0.07516416,-0.0051641613
0.09,0.06267409,0.027325913
0.17,0.08244452,0.08755548
0.17,0.17124769,-0.0012476891
0.14,0.16285226,-0.022852257
0.24,0.13286625,0.107133746
0.42,0.23085058,0.18914941
0.51,0.4120153,0.0979847
0.43,0.4956456,-0.065645605
0.31,0.39673015,-0.08673015
0.53,0.2949183,0.23508167
0.55,0.52741647,0.022583544
0.55,0.5179353,0.032064736
0.54,0.5218626,0.018137395
0.42,0.5155784,-0.0955784
0.4,0.38319024,0.016809762
0.38,0.37651944,0.0034805536
0.33,0.36315185,-0.033151835
0.31,0.29992262,0.010077387
0.44,0.28188822,0.15811178
0.69,0.4283025,0.2616975
0.6,0.67653596,-0.07653594
0.64,0.5431758,0.09682417
0.56,0.61542606,-0.05542606
0.46,0.51947975,-0.059479743
0.69,0.42646453,0.26353547
0.69,0.69570684,-0.0057068467
0.71,0.65219927,0.05780071
0.62,0.6771368,-0.057136774
0.4,0.5668676,-0.16686758
0.5,0.3493834,0.15061659
0.74,0.4996465,0.2403535
0.81,0.73073626,0.07926375
0.72,0.7683735,-0.04837346
0.83,0.6595099,0.17049009
0.71,0.8116311,-0.101631105
0.74,0.6345972,0.10540283
0.83,0.71725655,0.11274344
0.78,0.8009752,-0.020975232
0.78,0.7245321,0.055467844
0.74,0.73157847,0.00842154
0.64,0.69682765,-0.056827664
0.58,0.58106184,-0.0010618567
0.56,0.5397661,0.02023393
0.55,0.53099465,0.019005358
0.73,0.52192324,0.20807678
0.87,0.715171,0.15482903
0.89,0.8354602,0.0545398
0.96,0.8341439,0.1258561
0.84,0.90650034,-0.066500366
0.85,0.75742316,0.09257686
0.93,0.8197144,0.11028558
0.92,0.88985884,0.030141175
0.92,0.8514675,0.06853253
0.9,0.87117374,0.028826237
0.84,0.836831,0.0031690001
0.74,0.7778976,-0.037897587
0.72,0.6755762,0.04442382
0.59,0.68770397,-0.09770399
0.63,0.5210682,0.10893178
0.59,0.60679185,-0.01679188
0.64,0.5361965,0.103803515
0.7,0.6113627,0.08863729
0.73,0.66284823,0.067151785
0.79,0.69171846,0.09828156
0.75,0.7553804,-0.005380392
0.83,0.69218266,0.13781732
0.84,0.808455,0.031544983
0.78,0.7966434,-0.016643405
0.52,0.71776533,-0.19776535
0.22,0.4423004,-0.22230041
0.24,0.17377754,0.06622246
0.3,0.23124051,0.0687595
0.24,0.28521168,-0.045211688
0.25,0.2113742,0.038625807
0.22,0.23586565,-0.015865654
0.18,0.19769207,-0.01769206
0.17,0.15591955,0.01408045
0.13,0.15260983,-0.02260983
0.12,0.10734855,0.012651451
0.15,0.105130576,0.04486943
0.15,0.14110903,0.008890972
0.2,0.13814062,0.061859384
0.25,0.18456745,0.06543255
0.25,0.24016804,0.009831965
0.26,0.23869094,0.021309048
0.26,0.24899513,0.011004865
0.28,0.2451523,0.034847707
0.25,0.264503,-0.014503002
0.27,0.23469242,0.035307586
0.25,0.25260425,-0.0026042461
0.23,0.23233375,-0.0023337454
0.22,0.21514352,0.004856482
0.18,0.20321849,-0.023218483
0.11,0.16637181,-0.056371808
0.07,0.08925292,-0.019252919
0.09,0.0456936,0.044306405
0.11,0.07650767,0.033492327
0.1,0.101057336,-0.0010573342
0.1,0.08972554,0.010274462
0.13,0.087127686,0.04287231
0.18,0.11858973,0.061410278
0.21,0.17039943,0.039600566
0.24,0.20091702,0.039082974
0.27,0.22933337,0.04066664
0.33,0.26379004,0.06620997
0.41,0.31865317,0.09134683
0.33,0.39453626,-0.06453624
0.38,0.3087195,0.07128051
0.46,0.36666736,0.09333265
0.4,0.44360784,-0.04360783
0.32,0.37522495,-0.055224955
0.32,0.2915138,0.028486192
0.25,0.30215415,-0.052154154
0.11,0.22609153,-0.116091534
0.1,0.081780545,0.018219456
0.12,0.08338229,0.036617704
0.08,0.11029632,-0.030296318
0.07,0.063732535,0.0062674657
0.1,0.05296212,0.04703788
0.1,0.09142078,0.008579224
0.07,0.090791434,-0.020791434
0.05,0.054055538,-0.0040555373
0.03,0.030012742,-1.27423555e-05
0.05,0.01252171,0.03747829
0.05,0.039179184,0.010820817
0.09,0.042361945,0.04763806
0.09,0.09294183,-0.0029418245
0.08,0.09449963,-0.0144996345
0.08,0.079765484,0.00023451447
0.06,0.07123002,-0.011230018
0.07,0.043256637,0.026743364
0.05,0.055056926,-0.005056925
0.03,0.03438589,-0.0043858904
0.02,0.005760286,0.014239714
0.02,0.0070348345,0.012965165
0.01,0.003425423,0.0065745767
0.01,0.0,0.01
0.0,0.0,0.0
0.01,0.0,0.01
0.0,0.00046000257,-0.00046000257
0.01,0.0,0.01
0.01,0.0,0.01
0.01,0.001029931,0.008970069
0.02,0.0,0.02
0.01,0.016029727,-0.006029727
0.06,0.006431792,0.053568207
0.07,0.061081618,0.008918382
0.09,0.069515616,0.020484388
0.12,0.08825915,0.031740844
0.15,0.117467046,0.03253296
0.16,0.14369568,0.016304314
0.25,0.15677801,0.09322199
0.14,0.24578488,-0.10578488
0.19,0.1193027,0.0706973
0.17,0.17667894,-0.006678939
0.16,0.15884325,0.0011567473
0.21,0.14444213,0.06555787
0.18,0.1959735,-0.015973493
0.12,0.16413534,-0.04413534
0.16,0.102168486,0.05783151
0.2,0.14606592,0.053934082
0.14,0.18019454,-0.04019454
0.1,0.120896995,-0.020896994
0.11,0.07586935,0.034130648
0.18,0.10090594,0.07909407
0.23,0.17241311,0.057586893
0.22,0.21898785,0.0010121465
0.2,0.20466302,-0.0046630204
0.2,0.18288821,0.017111793
0.38,0.18825494,0.19174506
0.19,0.36943772,-0.17943773
0.33,0.15697122,0.1730288
0.35,0.32290325,0.027096748
0.15,0.32952955,-0.17952955
0.01,0.14144653,-0.13144653
0.01,0.010274094,-0.00027409382
0.04,0.040255602,-0.00025560334
0.59,0.065478235,0.5245217
0.51,0.57196736,-0.061967373
0.46,0.45348826,0.006511748
0.48,0.42191762,0.058082372
0.48,0.44850057,0.031499416
0.58,0.45498306,0.12501693
0.49,0.55918205,-0.06918204
0.44,0.45278016,-0.01278016
0.44,0.4076003,0.032399684
0.56,0.4232193,0.13678071
0.53,0.5389466,-0.008946657
0.58,0.49297908,0.087020904
0.48,0.55484426,-0.07484427
0.69,0.43313724,0.25686276
0.71,0.6900183,0.019981682
0.68,0.66451526,0.01548475
0.71,0.6373372,0.07266277
0.67,0.6804656,-0.010465562
0.6,0.62545896,-0.025458932
0.53,0.5545808,-0.024580836
0.61,0.48750472,0.12249529
0.62,0.5948087,0.025191307
0.64,0.5771755,0.06282449
0.57,0.6079774,-0.037977397
0.58,0.523584,0.056415975
0.64,0.5524858,0.08751416
0.7,0.61689866,0.08310133
0.68,0.6724311,0.007568896
0.69,0.6275377,0.06246227
0.73,0.6527381,0.077261925
0.74,0.70293176,0.037068248
0.73,0.7028327,0.02716732
0.72,0.69151545,0.028484583
0.69,0.68033946,0.009660542
0.67,0.6497905,0.020209491
0.53,0.6291363,-0.09913635
0.3,0.4812698,-0.1812698
0.37,0.23913369,0.13086632
0.1,0.36570802,-0.26570803
0.13,0.039530367,0.09046963
0.06,0.11954312,-0.05954312
0.08,0.030488528,0.04951147
0.08,0.06634928,0.013650715
0.05,0.064998575,-0.014998574
0.05,0.02990301,0.020096991
0.03,0.03304216,-0.0030421596
0.01,0.012474824,-0.002474824
0.04,0.0035514012,0.036448598
0.03,0.02842233,0.0015776698
0.05,0.019042753,0.030957248
0.05,0.04155409,0.008445911
0.03,0.036275703,-0.006275704
0.02,0.018495783,0.0015042163
0.03,0.0016796067,0.028320393
0.02,0.017186996,0.002813004
0.02,0.006323628,0.013676371
0.01,0.009498589,0.00050141104
0.01,0.0,0.01
0.01,0.0,0.01
0.0,0.0,0.0
0.01,0.0,0.01
0.0,0.0,0.0
0.01,0.0,0.01
0.01,0.0019671135,0.008032886
0.01,0.0,0.01
0.01,0.0,0.01
0.01,0.0,0.01
0.01,0.0,0.01
0.01,0.0,0.01
0.01,0.0,0.01
0.01,0.0,0.01
0.01,0.0,0.01
0.01,0.0,0.01
0.01,0.0,0.01
0.01,0.007394232,0.002605768
0.01,0.00787596,0.0021240395
0.01,0.0018474832,0.008152517
0.01,0.0037706047,0.006229395
0.02,0.013855711,0.006144289
0.02,0.017224275,0.002775725
0.09,0.013697453,0.07630255
0.17,0.102457315,0.06754269
0.13,0.1805707,-0.05057071
0.04,0.133558,-0.093558006
0.04,0.02307123,0.01692877
0.03,0.022388835,0.007611165
0.01,0.0056905746,0.004309425
0.01,0.0,0.01
0.01,0.0,0.01
0.01,0.0,0.01
0.01,0.0,0.01
0.01,0.0,0.01
0.03,0.010648586,0.019351413
0.09,0.035804264,0.05419574
0.11,0.093081586,0.016918413
0.04,0.11164333,-0.07164333
0.01,0.026449494,-0.016449494
0.04,0.0,0.04
0.1,0.028857816,0.07114218
0.1,0.10261533,-0.0026153252
0.14,0.099904865,0.040095136
0.17,0.13749091,0.03250909
0.17,0.16501299,0.0049870163
0.12,0.16415125,-0.044151254
0.13,0.10925297,0.020747028
0.13,0.11870806,0.011291936
0.1,0.116450265,-0.016450264
0.08,0.088058814,-0.008058816
0.04,0.06213367,-0.02213367
0.02,0.016390804,0.0036091954
0.02,0.0,0.02
0.02,0.0014459677,0.018554032
0.01,0.0049213096,0.00507869
0.01,0.0,0.01
0.0,0.0,0.0
0.01,0.0,0.01
0.01,0.0,0.01
0.01,7.516891e-05,0.009924831
0.01,0.0019071884,0.008092811
0.01,0.0,0.01
0.01,0.0,0.01
0.01,0.0,0.01
0.01,0.0,0.01
0.01,0.0,0.01
0.01,0.0,0.01
0.01,0.0,0.01
0.01,0.003154602,0.006845398
0.09,0.031247824,0.05875218
0.4,0.123425215,0.2765748
0.36,0.40500376,-0.045003742
0.22,0.35810575,-0.13810575
0.16,0.20399934,-0.043999344
0.17,0.1451759,0.024824098
0.11,0.1607447,-0.050744697
0.1,0.0934562,0.0065438002
0.04,0.08304037,-0.043040372
0.07,0.010732148,0.059267852
0.11,0.06133554,0.048664458
0.07,0.104818135,-0.034818135
0.1,0.05415236,0.045847643
0.16,0.088139236,0.07186076
0.12,0.15601882,-0.036018826
0.18,0.10902234,0.070977665
0.25,0.1721244,0.0778756
0.5,0.24376616,0.25623384
0.5,0.49212256,0.007877439
0.47,0.47998455,-0.009984553
0.39,0.44044065,-0.05044067
0.39,0.36586413,0.024135858
0.38,0.37304643,0.0069535673
0.47,0.35747924,0.112520754
0.41,0.44944647,-0.039446473
0.34,0.37797192,-0.037971914
0.24,0.3098487,-0.0698487
0.25,0.21728176,0.03271824
0.24,0.23721245,0.0027875453
0.21,0.2182357,-0.008235708
0.48,0.19124752,0.28875247
0.53,0.47524205,0.054757923
0.48,0.5009613,-0.020961314
0.59,0.4387778,0.15122217
0.5,0.57151103,-0.07151103
0.46,0.45758647,0.002413541
0.47,0.43689257,0.03310743
0.43,0.45105967,-0.021059662
0.35,0.40489736,-0.054897368
0.33,0.32176587,0.008234143
0.31,0.31031772,-0.00031772256
0.34,0.28135076,0.058649242
0.29,0.31814483,-0.028144836
0.2,0.26061103,-0.060611024
0.31,0.16976607,0.14023393
0.32,0.29720438,0.022795618
0.45,0.3010472,0.14895278
0.56,0.43735856,0.122641444
0.83,0.54310834,0.28689164
0.72,0.8240864,-0.1040864
0.37,0.66437566,-0.29437566
0.04,0.31052965,-0.27052966
0.15,0.004478529,0.14552148
0.24,0.16326469,0.0767353
0.15,0.22496076,-0.07496075
0.47,0.12437564,0.34562436
0.6,0.4690452,0.13095483
0.75,0.5779911,0.17200887
0.8,0.72525215,0.07474786
0.67,0.7542447,-0.08424467
0.58,0.61789477,-0.037894785
0.53,0.5408155,-0.010815501
0.51,0.49455342,0.0154465735
0.51,0.48440462,0.025595367
0.36,0.4854886,-0.12548858
0.22,0.3158218,-0.0958218
0.23,0.19475257,0.03524743
0.38,0.21985263,0.16014737
0.27,0.3708022,-0.10080218
0.25,0.23492447,0.015075535
0.29,0.2311446,0.058855385
0.25,0.27803576,-0.02803576
0.08,0.23495322,-0.15495323
0.03,0.07977456,-0.049774557
0.09,0.013663411,0.07633659
0.03,0.060652558,-0.030652558
0.01,0.0,0.01
0.01,0.0,0.01
0.0,0.0,0.0
0.01,0.0,0.01
0.01,0.0,0.01
0.01,0.0,0.01
0.01,0.0,0.01
0.01,0.0,0.01
0.01,0.001279179,0.008720821
0.01,0.0021487027,0.007851297
0.01,0.0070188604,0.0029811393
0.01,0.005068265,0.004931735
0.0,0.005181644,-0.005181644
0.01,0.0,0.01
0.01,0.01051287,-0.00051287
0.01,0.014753729,-0.0047537293
0.02,0.00086020306,0.019139796
0.03,0.010947261,0.019052738
0.04,0.024493359,0.01550664
0.05,0.0343167,0.0156833
0.01,0.047539458,-0.03753946
0.01,0.0,0.01
0.0,0.0,0.0
0.01,0.0,0.01
0.0,0.0,0.0
0.01,0.0,0.01
0.01,0.0,0.01
0.01,0.0,0.01
0.01,0.0,0.01
0.01,0.0,0.01
0.01,0.0045147277,0.005485272
0.0,0.0236332,-0.0236332
0.01,0.0027725995,0.0072274003
0.01,0.0,0.01
0.02,0.0,0.02
0.02,0.024830513,-0.004830513
0.01,0.016280256,-0.0062802564
0.01,0.0014927462,0.008507254
0.01,0.0017564371,0.008243563
0.01,0.0,0.01
0.01,0.0,0.01
0.02,0.0,0.02
0.02,0.027117357,-0.007117357
0.01,0.013257671,-0.0032576714
0.0,0.0,0.0
0.01,0.0,0.01
0.0,0.0,0.0
0.01,0.0,0.01
0.01,0.007853299,0.0021467004
0.01,0.0063447133,0.0036552865
0.01,0.0,0.01
0.02,0.0,0.02
0.01,0.017691046,-0.007691046
0.01,0.0,0.01
0.07,0.012704775,0.057295226
0.05,0.078756444,-0.028756443
0.08,0.0428589,0.0371411
0.09,0.07312773,0.016872272
0.08,0.0849825,-0.0049825013
0.08,0.07259756,0.007402435
0.1,0.078989275,0.021010727
0.07,0.08798223,-0.01798223
0.09,0.054350328,0.035649676
0.14,0.07621089,0.06378911
0.12,0.13600555,-0.016005553
0.16,0.11525376,0.044746235
0.17,0.1524865,0.017513499
0.2,0.15672275,0.04327725
0.36,0.18633115,0.17366886
0.48,0.35202876,0.12797123
0.61,0.47262457,0.13737544
0.64,0.5913578,0.04864216
0.78,0.6135982,0.16640174
0.92,0.76147175,0.15852827
0.92,0.8883109,0.031689107
0.8,0.8625866,-0.062586606
0.86,0.7334068,0.12659323
0.97,0.84275556,0.12724447
0.97,0.9604238,0.009576201
0.95,0.9067339,0.043266118
0.97,0.87334275,0.096657276
0.96,0.91912115,0.040878832
0.96,0.88868713,0.071312845
0.93,0.9016409,0.028359115
0.8,0.85115266,-0.051152647
0.9,0.7224822,0.17751777
0.84,0.8900273,-0.05002731
0.96,0.76073647,0.19926351
0.97,0.95048034,0.019519687
0.97,0.8984742,0.07152581
0.97,0.9154799,0.05452013
0.97,0.9160316,0.05396843
0.97,0.9057448,0.06425524
0.97,0.9409994,0.02900064
0.97,0.8990121,0.07098794
0.96,0.90502274,0.05497724
0.89,0.86561143,0.024388552
0.86,0.8102145,0.049785495
0.66,0.8001436,-0.14014357
0.7,0.58733,0.112670004
0.74,0.68116355,0.05883646
0.84,0.70357,0.13642997
0.97,0.7981076,0.1718924
0.97,0.94368696,0.026313066
0.97,0.91157675,0.05842328
0.97,0.91605437,0.05394566
0.97,0.91619754,0.05380249
0.91,0.89185596,0.018144071
0.71,0.82742524,-0.11742526
0.63,0.6317812,-0.0017812252
0.52,0.589128,-0.06912804
0.01,0.474485,-0.46448502
0.01,0.0,0.01
0.01,0.025052499,-0.015052499
0.16,0.007437695,0.1525623
0.2,0.14638484,0.053615168
0.29,0.1772832,0.112716794
0.49,0.2651198,0.22488022
0.72,0.4639463,0.25605372
0.82,0.7019173,0.1180827
0.66,0.78590906,-0.12590903
0.39,0.6031647,-0.21316469
0.26,0.3473069,-0.08730692
0.54,0.2495927,0.2904073
0.61,0.5584985,0.051501513
0.83,0.5909432,0.23905677
0.81,0.80290735,0.0070926547
0.87,0.7514107,0.11858928
0.95,0.83026755,0.11973244
0.97,0.90349674,0.06650329
0.97,0.93947124,0.030528784
0.97,0.9157512,0.05424881
0.97,0.9125241,0.057475924
0.97,0.9068881,0.0631119
0.97,0.91759133,0.052408695
0.95,0.89752877,0.05247122
0.87,0.8785919,-0.00859189
0.84,0.78897226,0.051027715
0.69,0.7846674,-0.094667375
0.54,0.6255971,-0.0855971
0.43,0.49142385,-0.06142384
0.28,0.39421368,-0.114213675
0.25,0.24850424,0.0014957637
0.23,0.2293932,0.0006068051
0.2,0.21163723,-0.011637226
0.17,0.18013747,-0.010137469
0.17,0.14796956,0.022030443
0.25,0.15458165,0.09541835
0.47,0.23887113,0.23112887
0.52,0.45531198,0.064688
0.59,0.5013734,0.08862656
0.34,0.5727285,-0.23272851
0.17,0.30501506,-0.13501506
0.32,0.15130043,0.16869956
0.51,0.3187682,0.19123179
0.45,0.5026633,-0.052663326
0.32,0.4249579,-0.10495791
0.46,0.30140013,0.15859988
0.46,0.44945994,0.010540068
0.5,0.44276652,0.057233483
0.42,0.48530516,-0.06530517
0.49,0.4018639,0.08813611
0.68,0.47664818,0.20335183
0.55,0.66159666,-0.111596644
0.4,0.51125455,-0.11125454
0.33,0.36787167,-0.03787166
0.19,0.31402287,-0.12402287
0.15,0.17224148,-0.022241473
0.14,0.13875562,0.0012443811
0.16,0.12794673,0.032053262
0.14,0.14699364,-0.0069936365
0.08,0.122381,-0.042381003
0.07,0.061714366,0.008285634
0.1,0.053652145,0.046347857
0.07,0.08948153,-0.019481532
0.09,0.056540433,0.03345957
0.11,0.08432264,0.02567736
0.04,0.10298547,-0.06298547
0.01,0.026579008,-0.016579008
0.01,0.0,0.01
0.02,0.008213021,0.011786979
0.02,0.0069417395,0.01305826
0.01,0.016269926,-0.006269926
0.02,0.0,0.02
0.01,0.009709757,0.00029024296
0.01,0.0,0.01
0.01,0.0,0.01
0.01,0.0,0.01
0.01,0.0,0.01
0.01,0.0,0.01
0.01,0.0009382814,0.009061718
0.01,0.0,0.01
0.01,0.0,0.01
0.01,0.0,0.01
0.01,0.0004973933,0.0095026065
0.01,0.0,0.01
0.0,0.01267701,-0.01267701
0.01,0.0,0.01
0.01,0.0045582764,0.0054417234
0.01,0.0009053014,0.009094698
0.01,0.0,0.01
0.01,0.0071008243,0.0028991755
0.01,0.0,0.01
0.01,0.0,0.01
0.01,0.0,0.01
0.01,0.0,0.01
0.0,0.004974112,-0.004974112
0.01,0.0,0.01
0.01,0.0,0.01
0.01,0.0,0.01
0.02,0.0035790056,0.016420994
0.03,0.009704817,0.020295182
0.01,0.038536355,-0.028536355
0.03,0.004679866,0.025320133
0.01,0.022652935,-0.012652935
0.17,0.0078095533,0.16219045
0.1,0.16722798,-0.06722798
0.14,0.10083883,0.039161168
0.27,0.12836526,0.14163475
0.08,0.26260668,-0.18260668
0.03,0.05225822,-0.02225822
0.1,0.030622002,0.069378
0.1,0.08729059,0.012709409
0.2,0.085821494,0.11417851
0.21,0.19114345,0.01885654
0.19,0.19881931,-0.008819312
0.22,0.18096316,0.03903684
0.19,0.21034515,-0.020345151
0.29,0.17852503,0.11147496
0.32,0.27903518,0.040964812
0.34,0.3013248,0.03867519
0.43,0.3181806,0.11181942
0.49,0.4117045,0.0782955
0.41,0.4701378,-0.06013781
0.42,0.3798391,0.040160894
0.36,0.39905348,-0.03905347
0.26,0.332832,-0.07283202
0.24,0.24042933,-0.00042933226
0.22,0.22497943,-0.0049794316
0.25,0.20922196,0.04077804
0.26,0.22770536,0.03229463
0.16,0.2376304,-0.0776304
0.07,0.13689685,-0.06689685
0.09,0.042033043,0.04796696
0.13,0.072646424,0.05735357
0.12,0.124407455,-0.004407458
0.09,0.110519074,-0.02051907
0.08,0.06862979,0.011370212
0.06,0.058195632,0.0018043667
0.06,0.043725416,0.016274583
0.08,0.043588463,0.036411535
0.16,0.069266245,0.09073375
0.05,0.13978899,-0.08978899
0.05,0.030415118,0.019584883
0.06,0.027643513,0.032356486
0.06,0.050990853,0.009009145
0.04,0.051663596,-0.011663597
0.04,0.024213433,0.015786566
0.03,0.022201471,0.0077985283
0.02,0.0154103,0.004589699
0.04,0.008977439,0.03102256
0.04,0.026789956,0.013210043
0.16,0.03214706,0.12785293
0.59,0.1591585,0.43084148
0.73,0.5949936,0.13500643
0.64,0.7238587,-0.08385873
0.67,0.60728395,0.06271607
0.67,0.64643586,0.02356416
0.61,0.645525,-0.035524964
0.59,0.5766876,0.013312399
0.61,0.5682756,0.041724443
0.63,0.58620095,0.043799043
0.38,0.60634565,-0.22634566
0.23,0.32333195,-0.09333195
0.24,0.20717245,0.03282754
0.29,0.22757551,0.06242448
0.26,0.2749764,-0.014976412
0.29,0.24155992,0.04844007
0.29,0.2744937,0.015506297
0.27,0.27426234,-0.004262328
0.24,0.25645217,-0.016452178
0.03,0.22018556,-0.19018556
0.09,0.00028587878,0.089714125
0.11,0.08208275,0.027917251
0.09,0.1076373,-0.017637298
0.08,0.07311626,0.0068837404
0.05,0.067105465,-0.017105464
0.07,0.03349643,0.036503572
0.01,0.06262027,-0.05262027
0.0,0.0,0.0
0.01,0.0,0.01
0.01,0.0,0.01
0.01,0.0,0.01
0.01,0.0,0.01
0.0,0.0,0.0
0.01,0.0,0.01
0.01,0.0,0.01
0.01,0.0,0.01
0.01,0.0,0.01
0.01,0.0,0.01
0.01,0.0,0.01
0.01,0.0025278106,0.007472189
0.01,0.0,0.01
0.01,0.0,0.01
0.01,0.0,0.01
0.01,0.0,0.01
0.01,0.0,0.01
0.01,0.0,0.01
0.01,0.0,0.01
0.01,0.009192787,0.00080721267
0.01,0.0,0.01
0.01,0.0047801025,0.0052198973
0.01,0.01097602,-0.00097602047
0.01,0.008945491,0.0010545086
0.05,0.026096936,0.023903064
0.12,0.0594532,0.060546797
0.11,0.12535053,-0.0153505355
0.13,0.11168987,0.018310122
0.14,0.13352557,0.0064744353
0.12,0.13505815,-0.015058152
0.08,0.11308747,-0.03308747
0.07,0.0674521,0.0025478974
0.07,0.056417167,0.013582833
0.08,0.052064266,0.027935732
0.06,0.06722964,-0.007229645
0.18,0.051735837,0.12826417
0.2,0.17533332,0.024666682
0.26,0.20255087,0.057449117
0.28,0.2536902,0.026309788
0.23,0.27238515,-0.042385146
0.25,0.22087565,0.02912435
0.3,0.23835023,0.061649784
0.4,0.29209644,0.10790357
0.41,0.3837209,0.026279092
0.41,0.39401826,0.015981734
0.38,0.39076847,-0.010768473
0.35,0.35917854,-0.009178549
0.32,0.3333592,-0.013359219
0.32,0.3027176,0.017282397
0.27,0.30647713,-0.03647712
0.29,0.25354943,0.036450565
0.26,0.27971396,-0.019713968
0.29,0.24205488,0.047945112
0.29,0.2694071,0.020592898
0.24,0.2728207,-0.032820717
0.28,0.22305816,0.056941837
0.26,0.27013314,-0.010133147
0.24,0.24378994,-0.0037899464
0.19,0.22300631,-0.03300631
0.32,0.1687598,0.1512402
0.24,0.3133905,-0.0733905
0.27,0.21621192,0.053788096
0.2,0.25002706,-0.050027058
0.15,0.17625274,-0.026252732
0.25,0.13223657,0.11776343
0.18,0.24433999,-0.06433998
0.13,0.16132449,-0.03132449
0.17,0.1126227,0.0573773
0.07,0.1547702,-0.084770195
0.05,0.05147266,-0.0014726594
0.08,0.033274945,0.046725053
0.08,0.06841394,0.011586055
0.1,0.06684595,0.033154048
0.06,0.082014486,-0.022014488
0.09,0.04349312,0.04650688
0.03,0.08132707,-0.051327072
0.02,0.00838124,0.0116187595
0.02,0.0033798777,0.016620122
0.02,0.0,0.02
0.02,0.007929534,0.012070466
0.01,0.0068792924,0.0031207073
0.02,0.0,0.02
0.02,0.011700161,0.008299839
0.01,0.0073984712,0.0026015285
0.01,0.0,0.01
0.01,0.0,0.01
0.03,0.0,0.03
0.01,0.02399256,-0.013992561
0.01,0.0,0.01
0.02,0.0,0.02
0.01,0.011043072,-0.001043072
0.01,0.0,0.01
0.01,0.0,0.01
0.0,0.0,0.0
0.01,0.0,0.01
0.02,0.009741683,0.010258317
0.03,0.02072151,0.009278489
0.05,0.016731586,0.033268414
0.03,0.04069049,-0.01069049
0.02,0.016185302,0.0038146973
0.01,0.007830471,0.002169529
0.01,0.0,0.01
0.01,0.0,0.01
0.01,0.0,0.01
0.01,0.0,0.01
0.01,0.0,0.01
0.01,0.0,0.01
0.0,0.0,0.0
0.01,0.0,0.01
0.01,0.0,0.01
0.01,0.0,0.01
0.01,0.0,0.01
0.01,0.0,0.01
0.01,0.0,0.01
0.01,0.0,0.01
0.01,0.0,0.01
0.01,0.0,0.01
0.01,0.0,0.01
0.01,0.0,0.01
0.01,0.0,0.01
0.01,0.008587714,0.0014122855
0.01,0.0074960217,0.002503978
0.01,0.0029239804,0.0070760194
0.01,0.0,0.01
0.01,0.0,0.01
0.01,0.0,0.01
0.01,0.0,0.01
0.01,0.007059466,0.0029405337
0.01,0.0023753233,0.0076246765
0.01,0.0,0.01
0.01,0.0027160011,0.0072839987
0.01,0.0,0.01
0.01,0.0,0.01
0.01,0.0031941272,0.0068058725
0.01,0.0,0.01
0.01,0.0,0.01
0.01,0.0,0.01
0.01,0.01356839,-0.0035683904
0.05,0.015485421,0.03451458
0.18,0.06542848,0.11457153
0.67,0.19525954,0.47474048
0.83,0.67962193,0.15037805
0.95,0.8174192,0.13258082
0.98,0.92076445,0.059235573
0.91,0.92805636,-0.018056333
0.85,0.8525684,-0.0025683641
0.87,0.80095696,0.06904304
0.97,0.84045947,0.12954056
0.97,0.9390788,0.03092122
0.96,0.9008832,0.05911678
0.94,0.8975369,0.042463124
0.9,0.87740314,0.022596836
0.95,0.83305025,0.11694974
0.97,0.9056026,0.064397454
0.97,0.9112048,0.058795214
0.85,0.90177524,-0.051775217
0.82,0.76446915,0.055530846
0.79,0.7798071,0.010192931
0.83,0.73215294,0.097847044
0.91,0.7908392,0.11916083
0.88,0.86240554,0.017594457
0.93,0.8094882,0.12051183
0.97,0.8859824,0.084017634
0.97,0.90919363,0.060806394
0.97,0.9089036,0.06109643
0.94,0.91446996,0.02553004
0.9,0.8622817,0.037718296
0.93,0.8456714,0.08432859
0.92,0.8826082,0.03739184
0.91,0.8541577,0.05584234
0.94,0.8435912,0.096408784
0.94,0.88857293,0.051427066
0.94,0.8816401,0.05835992
0.95,0.8779758,0.07202417
0.94,0.89524114,0.044758856
0.97,0.86940587,0.10059416
0.97,0.93015325,0.039846778
0.96,0.9055593,0.054440677
0.97,0.90333855,0.06666148
0.97,0.91567063,0.054329395
0.97,0.9038056,0.066194415
0.97,0.916162,0.053838015
0.97,0.92513585,0.044864178
0.96,0.905359,0.05464095
0.97,0.89407814,0.07592189
0.97,0.916239,0.053761005
0.97,0.911302,0.058698058
0.97,0.9047588,0.06524122
0.95,0.91725683,0.032743156
0.97,0.8702358,0.09976423
0.97,0.93518305,0.03481698
0.95,0.8939005,0.056099474
0.94,0.88739824,0.052601755
0.93,0.8765044,0.053495586
0.97,0.8679414,0.10205865
0.97,0.9230263,0.046973705
0.93,0.90904355,0.020956457
0.96,0.8571875,0.10281247
0.9,0.90229154,-0.0022915602
0.96,0.82255304,0.13744694
0.9,0.91995764,-0.019957662
0.95,0.8123859,0.13761407
0.94,0.91555536,0.02444464
0.95,0.8670492,0.08295077
0.95,0.8956146,0.054385364
0.95,0.8861444,0.06385559
0.93,0.8892473,0.04075271
0.95,0.8592385,0.09076148
0.93,0.8974922,0.032507837
0.94,0.8560457,0.083954275
0.83,0.88083136,-0.050831378
0.72,0.74689066,-0.026890635
0.71,0.6578113,0.052188694
0.63,0.67785704,-0.047857046
0.45,0.56881654,-0.118816555
0.6,0.38800165,0.21199837
0.33,0.6003407,-0.2703407
0.41,0.25256416,0.15743583
0.39,0.39998594,-0.009985954
0.29,0.3571397,-0.067139715
0.33,0.24649271,0.0835073
0.2,0.3110969,-0.1110969
0.15,0.16647193,-0.016471922
0.16,0.13180417,0.028195828
0.11,0.14016108,-0.030161083
0.09,0.10101483,-0.011014827
0.07,0.06752802,0.0024719834
0.01,0.050500996,-0.040501
0.09,0.0,0.09
0.11,0.08381354,0.026186459
0.07,0.097551525,-0.027551524
0.04,0.06412044,-0.024120443
0.02,0.006227959,0.013772041
0.02,0.0,0.02
0.0,0.0,0.0
0.02,0.0,0.02
0.01,0.0071286,0.0028713997
0.01,0.0,0.01
0.01,0.0,0.01
0.0,0.0,0.0
0.01,0.0,0.01
0.01,0.0,0.01
0.01,0.0,0.01
0.01,0.0,0.01
0.01,0.003442064,0.006557936
0.0,0.0047664195,-0.0047664195
0.03,0.0,0.03
0.04,0.022898857,0.017101143
0.03,0.036420323,-0.0064203236
0.03,0.022072494,0.007927505
0.04,0.016664438,0.023335561
0.03,0.030514408,-0.0005144086
0.05,0.01359421,0.03640579
0.03,0.038592994,-0.008592995
0.03,0.015217844,0.014782155
0.02,0.010430176,0.009569824
0.04,0.00058816,0.03941184
0.03,0.034126166,-0.004126167
0.11,0.017477706,0.09252229
0.16,0.10698868,0.053011313
0.17,0.16323513,0.006764874
0.19,0.1682589,0.021741092
0.17,0.18077895,-0.010778949
0.19,0.15947542,0.030524582
0.16,0.17796578,-0.017965779
0.14,0.14428589,-0.004285887
0.15,0.12676361,0.023236394
0.14,0.13713908,0.0028609186
0.17,0.122392595,0.047607407
0.15,0.15864952,-0.008649513
0.14,0.12858087,0.011419132
0.13,0.12256147,0.0074385256
0.09,0.11320376,-0.023203753
0.09,0.072380796,0.017619208
0.1,0.073648684,0.026351318
0.09,0.08960848,0.00039152056
0.05,0.07639022,-0.026390221
0.04,0.027372647,0.012627352
0.02,0.014756542,0.005243458
0.01,0.0012581274,0.008741872
0.01,0.0,0.01
0.01,0.0,0.01
0.01,0.0,0.01
0.01,0.0,0.01
0.01,0.0069295727,0.003070427
0.0,0.0007239841,-0.0007239841
0.01,0.0,0.01
0.01,0.0049840584,0.0050159413
0.17,0.0207051,0.1492949
0.26,0.19138509,0.0686149
0.2,0.25270337,-0.052703366
0.13,0.18719253,-0.057192534
0.05,0.11749749,-0.06749749
0.04,0.021750432,0.018249568
0.02,0.016912412,0.0030875877
0.01,0.0042155273,0.0057844725
0.01,0.0,0.01
0.01,0.0,0.01
0.01,0.0,0.01
0.01,0.0017442927,0.008255707
0.01,0.0,0.01
0.01,0.0,0.01
0.01,0.0005808994,0.0094191
0.01,0.011151243,-0.0011512432
0.01,0.008382898,0.001617102
0.03,0.003693413,0.026306586
0.01,0.040973414,-0.030973414
0.0,0.0,0.0
0.01,0.0,0.01
0.01,0.0,0.01
0.01,0.0,0.01
0.04,0.004569445,0.035430554
0.04,0.033482764,0.006517235
0.02,0.029151734,-0.009151734
0.01,0.011153299,-0.0011532996
0.0,0.0,0.0
0.01,0.0,0.01
0.01,0.0,0.01
0.01,0.0,0.01
0.01,0.0,0.01
0.01,0.004352361,0.005647639
0.01,0.002766814,0.0072331857
0.01,0.0013073757,0.008692624
0.01,0.005772833,0.004227167
0.03,0.0085642375,0.021435762
0.13,0.032869227,0.09713077
0.14,0.13540548,0.0045945197
0.09,0.14388752,-0.053887516
0.07,0.07996781,-0.009967811
0.03,0.05723691,-0.02723691
0.03,0.012338035,0.017661965
0.04,0.015720095,0.024279904
0.07,0.027277075,0.042722926
0.04,0.062130112,-0.022130113
0.03,0.028260414,0.0017395858
0.04,0.02033963,0.019660369
0.04,0.028522573,0.011477426
0.04,0.02678667,0.013213329
0.05,0.029209122,0.020790879
0.09,0.045697335,0.04430267
0.11,0.088590354,0.021409646
0.09,0.11037314,-0.020373136
0.12,0.08220871,0.03779129
0.1,0.10761188,-0.007611878
0.1,0.09038217,0.009617828
0.14,0.08740519,0.05259481
0.13,0.13655724,-0.006557241
0.16,0.11873624,0.04126376
0.18,0.1457228,0.0342772
0.13,0.16613322,-0.03613323
0.1,0.11437713,-0.014377132
0.09,0.082649216,0.0073507875
0.07,0.07289896,-0.0028989613
0.01,0.04719574,-0.037195742
0.04,0.0,0.04
0.03,0.037306905,-0.0073069055
0.02,0.0046091974,0.015390802
0.01,0.0,0.01
0.01,0.0,0.01
0.0,0.0,0.0
0.0,0.0,0.0
0.01,0.0,0.01
0.01,0.0,0.01
0.02,0.00345812,0.01654188
0.03,0.008932374,0.021067625
0.02,0.01823739,0.0017626099
0.05,0.0068534315,0.04314657
0.04,0.046207704,-0.0062077045
0.04,0.026642434,0.013357565
0.12,0.027954109,0.09204589
0.15,0.12766457,0.02233544
0.09,0.1492886,-0.05928859
0.3,0.076138705,0.2238613
0.42,0.2982513,0.121748686
0.52,0.41130814,0.10869184
0.41,0.49979928,-0.089799285
0.53,0.37008208,0.15991789
0.33,0.5215476,-0.1915476
0.52,0.28463504,0.23536494
0.65,0.5205277,0.12947226
0.45,0.63676476,-0.18676478
0.73,0.38288987,0.34711015
0.56,0.74812484,-0.18812484
0.9,0.4882834,0.41171658
0.66,0.92217207,-0.26217204
0.81,0.5527562,0.2572438
0.69,0.8034394,-0.11343938
0.72,0.6196116,0.10038841
0.66,0.70145416,-0.041454136
0.6,0.6071266,-0.0071265697
0.82,0.5585841,0.2614159
0.92,0.8243127,0.09568733
0.97,0.8795755,0.09042454
0.97,0.9428252,0.02717483
0.97,0.9250332,0.044966817
0.97,0.9562626,0.01373744
0.89,0.893204,-0.003203988
0.97,0.79782796,0.17217207
0.97,0.9810189,-0.011018872
0.97,0.90984845,0.060151577
0.97,0.93824077,0.031759262
0.97,0.9278275,0.04217255
0.97,0.9579799,0.012020111
0.97,0.9016888,0.068311214
0.96,0.91143346,0.04856652
0.97,0.894577,0.075423
0.95,0.8925297,0.057470262
0.96,0.8954822,0.064517796
0.97,0.9099102,0.060089827
0.97,0.89808416,0.071915865
0.97,0.8975805,0.072419524
0.94,0.89729726,0.042702734
0.86,0.84858215,0.011417866
0.61,0.77315557,-0.16315556
0.48,0.5045905,-0.024590522
0.42,0.43532982,-0.015329838
0.84,0.38435814,0.45564184
0.95,0.87317157,0.07682842
0.91,0.8864683,0.023531735
0.82,0.8220773,-0.0020772815
0.7,0.7545117,-0.054511726
0.5,0.6581665,-0.15816653
0.37,0.43007356,-0.060073555
0.19,0.3368675,-0.14686751
0.23,0.14992438,0.08007562
0.46,0.21805373,0.24194628
0.32,0.45726427,-0.13726428
0.08,0.27156037,-0.19156037
0.03,0.051783353,-0.021783354
0.06,0.003442835,0.056557164
0.09,0.06877351,0.021226496
0.05,0.06772306,-0.017723057
0.06,0.024789196,0.035210803
0.31,0.048948564,0.26105145
0.64,0.31259772,0.32740226
0.7,0.6394347,0.060565293
0.64,0.6797557,-0.039755702
0.63,0.5978403,0.032159686
0.69,0.5995568,0.090443194
0.82,0.6798239,0.14017612
0.68,0.8085104,-0.12851042
0.69,0.6128913,0.07710868
0.77,0.6722995,0.09770048
0.65,0.7426075,-0.0926075
0.47,0.585263,-0.115263015
0.55,0.41325453,0.13674548
0.49,0.54586947,-0.05586946
0.64,0.45031902,0.18968096
0.54,0.6332191,-0.0932191
0.43,0.47614795,-0.046147943
0.28,0.38956425,-0.109564245
0.47,0.23963422,0.23036578
0.38,0.47726902,-0.09726903
0.08,0.3371736,-0.2571736
0.01,0.018035028,-0.008035028
0.01,0.0,0.01
0.01,0.0,0.01
0.01,0.0,0.01
0.01,0.0,0.01
0.01,0.0,0.01
0.01,0.011911761,-0.0019117612
0.07,0.039563306,0.030436695
0.12,0.070147716,0.04985228
0.06,0.12235139,-0.062351394
0.11,0.061469223,0.048530776
0.12,0.10184339,0.01815661
0.04,0.11192532,-0.07192532
0.02,0.014631182,0.0053688176
0.03,0.0,0.03
0.03,0.01231401,0.017685989
0.05,0.018521395,0.031478606
0.07,0.042053413,0.027946588
0.17,0.06292376,0.10707624
0.3,0.17237566,0.12762435
0.29,0.29956532,-0.009565324
0.35,0.2841091,0.06589091
0.3,0.34181377,-0.04181376
0.29,0.29008391,-8.392334e-05
0.29,0.27012467,0.019875318
0.29,0.27474058,0.015259415
0.26,0.27340305,-0.013403058
0.26,0.24246556,0.017534435
0.26,0.23602206,0.023977935
0.3,0.24645406,0.05354595
0.36,0.2855497,0.074450314
0.28,0.339034,-0.05903399
0.29,0.25351596,0.036484033
0.24,0.27381635,-0.033816352
0.19,0.22425088,-0.034250885
0.17,0.1688734,0.0011266023
0.16,0.15343332,0.0065666735
0.17,0.14311865,0.026881352
0.24,0.15687996,0.08312003
0.31,0.22595033,0.08404967
0.01,0.28899062,-0.27899063
0.44,0.007328596,0.4326714
0.62,0.445946,0.174054
0.57,0.5957086,-0.025708616
0.53,0.5242839,0.0057160854
0.55,0.5033873,0.04661274
0.61,0.5285406,0.0814594
0.47,0.5818546,-0.11185458
0.53,0.41935182,0.110648155
0.33,0.51802766,-0.18802765
0.28,0.285516,-0.0055159926
0.13,0.24997653,-0.119976535
0.08,0.09003326,-0.010033265
0.1,0.061675895,0.038324106
0.1,0.08354966,0.016450338
0.11,0.08080919,0.029190809
0.16,0.08843616,0.07156384
0.08,0.15658143,-0.07658143
0.01,0.055090364,-0.045090362
0.13,0.0,0.13
0.12,0.13499334,-0.014993347
0.06,0.11297672,-0.052976724
0.09,0.040493634,0.04950637
0.1,0.075280875,0.024719127
0.1,0.08987318,0.010126822
0.13,0.09018476,0.039815232
0.1,0.1268172,-0.026817195
0.04,0.08403622,-0.044036224
0.01,0.017015398,-0.007015398
0.05,0.0058057904,0.04419421
0.03,0.037472717,-0.007472718
0.02,0.009468716,0.010531284
0.01,0.0,0.01
0.01,0.0,0.01
0.01,0.0,0.01
0.01,0.0,0.01
0.01,0.028441265,-0.018441265
0.28,0.0743251,0.2056749
0.28,0.26957828,0.010421723
0.15,0.25857216,-0.108572155
0.12,0.12164877,-0.0016487762
0.19,0.10235454,0.087645456
0.36,0.18724212,0.1727579
0.51,0.35076955,0.15923044
0.41,0.49205866,-0.08205867
0.54,0.37588954,0.16411048
0.33,0.525282,-0.19528201
0.1,0.28623718,-0.18623719
0.01,0.05231121,-0.042311214
0.0,0.0,0.0
0.01,0.0,0.01
0.01,0.0,0.01
0.0,0.0,0.0
0.01,0.0,0.01
0.01,0.00205376,0.00794624
0.01,0.0,0.01
0.0,0.007874217,-0.007874217
0.01,0.0,0.01
0.01,0.0,0.01
0.1,0.0,0.1
0.39,0.13401863,0.25598136
0.19,0.39374238,-0.20374238
0.23,0.18188626,0.04811375
0.25,0.218067,0.031932995
0.23,0.24195303,-0.011953026
0.26,0.22003111,0.039968878
0.16,0.244831,-0.084831
0.07,0.14300898,-0.07300898
0.09,0.039233834,0.05076617
0.04,0.071233444,-0.031233445
0.01,0.015584353,-0.0055843536
0.01,0.0,0.01
0.01,0.0,0.01
0.02,0.0,0.02
0.05,0.017536793,0.032463208
0.09,0.05107397,0.038926035
0.04,0.09340432,-0.053404324
0.01,0.027518779,-0.01751878
0.0,0.0,0.0
0.01,0.0,0.01
0.02,0.0,0.02
0.08,0.019624237,0.06037576
0.1,0.08114385,0.018856153
0.12,0.10148248,0.018517517
0.03,0.12559855,-0.09559855
0.02,0.00220149,0.01779851
0.01,0.0,0.01
0.01,0.0,0.01
0.01,0.0,0.01
0.04,0.0,0.04
0.01,0.063499324,-0.053499326
0.01,0.0,0.01
0.01,0.0,0.01
0.01,0.0,0.01
0.01,0.0,0.01
0.01,0.0039769784,0.0060230214
0.01,0.0051005594,0.0048994403
0.0,0.012271829,-0.012271829
0.01,0.0,0.01
0.03,0.0,0.03
0.07,0.022809181,0.04719082
0.05,0.06966407,-0.019664068
0.02,0.056158204,-0.036158204
0.01,0.004570883,0.005429117
0.0,0.0,0.0
0.01,0.0,0.01
0.01,0.0,0.01
0.01,0.0,0.01
0.01,0.006500963,0.0034990367
0.01,0.0,0.01
0.01,0.0,0.01
0.01,0.0,0.01
0.01,0.0,0.01
0.01,0.0,0.01
0.01,0.00010712072,0.009892879
0.06,0.01591264,0.044087358
0.11,0.060431544,0.049568456
0.03,0.12260427,-0.09260427
0.01,0.02093393,-0.01093393
0.01,0.0,0.01
0.02,0.0,0.02
0.07,0.014538869,0.05546113
0.14,0.0704554,0.0695446
0.18,0.13933931,0.040660694
0.14,0.17776063,-0.03776063
0.17,0.1305329,0.039467096
0.17,0.16486499,0.0051350147
0.26,0.16928166,0.09071833
0.24,0.25333554,-0.013335541
0.23,0.23055913,-0.00055912137
0.42,0.21303849,0.2069615
0.38,0.40885222,-0.028852224
0.3,0.36318955,-0.06318954
0.37,0.2782159,0.09178412
0.35,0.35137495,-0.00137496
0.21,0.33032307,-0.12032308
0.08,0.19076432,-0.110764325
0.07,0.046489477,0.023510523
0.09,0.04610196,0.043898042
0.09,0.077010795,0.012989208
0.04,0.07430726,-0.034307264
0.04,0.013584942,0.026415057
0.01,0.019464731,-0.009464731
0.01,0.0,0.01
0.01,0.0,0.01
0.01,0.0,0.01
0.01,0.005028803,0.004971197
0.01,0.0,0.01
0.01,0.0,0.01
0.01,0.0,0.01
0.01,0.0,0.01
0.01,0.0,0.01
0.01,0.0,0.01
0.01,0.0,0.01
0.01,0.0,0.01
0.01,0.0,0.01
0.01,0.0,0.01
0.01,0.0,0.01
0.01,0.00027139857,0.009728601
0.01,0.0,0.01
0.01,0.0048300177,0.005169982
0.01,0.0048278645,0.0051721353
0.01,0.0069901384,0.0030098613
0.01,0.0013683289,0.008631671
0.01,0.0,0.01
0.01,0.00019460917,0.009805391
0.01,0.00088749826,0.0091125015
0.01,0.0006598532,0.009340147
0.01,0.0,0.01
0.01,0.0,0.01
0.01,0.0,0.01
0.01,0.0036515333,0.0063484665
0.01,0.004281163,0.0057188366
0.01,0.0,0.01
0.01,0.0,0.01
0.01,0.0,0.01
0.01,0.0,0.01
0.0,0.0052133612,-0.0052133612
0.01,0.0,0.01
0.0,0.0,0.0
0.01,0.0,0.01
0.01,0.0,0.01
0.01,0.0,0.01
0.01,0.0,0.01
0.01,0.0,0.01
0.01,0.0,0.01
0.01,0.0025577098,0.00744229
0.01,0.0,0.01
0.01,0.0,0.01
0.01,0.00046800822,0.009531992
0.01,0.0,0.01
0.01,0.0,0.01
0.01,0.0,0.01
0.01,0.0,0.01
0.01,0.0017526112,0.0082473885
0.01,0.007837571,0.0021624286
0.01,1.7572194e-05,0.009982428
0.01,0.0,0.01
0.01,0.0,0.01
0.01,0.0,0.01
0.01,0.0,0.01
0.01,0.0,0.01
0.01,0.0,0.01
0.01,0.0,0.01
0.01,0.0,0.01
0.01,0.0,0.01
0.01,0.0030513443,0.0069486555
0.01,0.014712393,-0.0047123935
0.0,0.017872006,-0.017872006
0.01,0.0,0.01
0.01,0.0025914013,0.0074085984
0.01,0.0,0.01
0.01,0.0,0.01
0.01,0.0,0.01
0.0,0.0,0.0
0.01,0.0,0.01
0.01,0.0033736527,0.006626347
0.04,0.006223142,0.033776857
0.07,0.033324845,0.036675155
0.09,0.072946504,0.0170535
0.12,0.088888094,0.031111903
0.15,0.1190909,0.030909106
0.14,0.1490356,-0.009035602
0.09,0.13543646,-0.045436457
0.11,0.07259031,0.037409693
0.1,0.09379991,0.00620009
0.08,0.07999018,9.819865e-06
0.09,0.06160952,0.028390482
0.07,0.08231883,-0.012318827
0.07,0.058519367,0.011480633
0.07,0.05277827,0.01722173
0.04,0.05417954,-0.014179543
0.08,0.029279068,0.05072093
0.09,0.07436401,0.015635997
0.08,0.08564502,-0.005645022
0.11,0.07152478,0.038475223
0.19,0.10609169,0.083908305
0.23,0.19560637,0.03439364
0.28,0.22230342,0.05769658
0.33,0.27816758,0.051832438
0.28,0.32125583,-0.04125583
0.23,0.2639829,-0.033982888
0.19,0.21072963,-0.020729631
0.17,0.18372938,-0.013729379
0.12,0.15181112,-0.031811126
0.06,0.09700829,-0.03700829
0.04,0.03486784,0.0051321574
0.03,0.029834606,0.00016539358
0.05,0.0133510865,0.036648914
0.04,0.03822202,0.0017779805
0.05,0.011480898,0.038519103
0.06,0.030266479,0.02973352
0.07,0.06627605,0.0037239492
0.07,0.06519007,0.004809931
0.17,0.058206256,0.11179374
0.81,0.16043058,0.6495694
0.95,0.82571936,0.12428063
0.91,0.9305545,-0.020554483
0.83,0.8496007,-0.01960069
0.86,0.7789644,0.081035614
0.9,0.82933676,0.070663214
0.9,0.86637735,0.033622622
0.73,0.8458173,-0.11581731
0.78,0.6615566,0.11844337
0.8,0.7522162,0.047783792
0.72,0.7541727,-0.034172654
0.82,0.6665989,0.15340108
0.84,0.7856573,0.054342687
0.64,0.78490674,-0.14490676
0.6,0.56334996,0.03665006
0.53,0.5749419,-0.044941902
0.52,0.49025208,0.029747903
0.58,0.49139652,0.08860347
0.55,0.5567311,-0.006731093
0.55,0.5083784,0.041621625
0.48,0.51675725,-0.03675726
0.44,0.43975773,0.00024226308
0.37,0.41462085,-0.04462084
0.46,0.3385635,0.12143651
0.48,0.44766456,0.03233543
0.52,0.45201576,0.06798422
0.47,0.4942428,-0.024242789
0.48,0.43470544,0.045294553
0.52,0.45982632,0.06017366
0.41,0.49303928,-0.083039284
0.24,0.3680253,-0.12802531
0.17,0.2073175,-0.0373175
0.14,0.15297432,-0.012974322
0.03,0.12820038,-0.09820038
0.01,0.0,0.01
0.01,0.0,0.01
0.0,0.0,0.0
0.0,0.015315328,-0.015315328
0.01,0.0,0.01
0.1,0.018980127,0.08101988
0.01,0.09568367,-0.08568367
0.09,0.0,0.09
0.15,0.091763206,0.0582368
0.02,0.14449292,-0.12449293
0.0,0.0,0.0
0.01,0.0,0.01
0.01,0.009346642,0.0006533582
0.01,0.0,0.01
0.01,0.0,0.01
0.01,0.0028706156,0.007129384
0.01,0.0,0.01
0.01,0.0,0.01
0.01,0.0,0.01
0.01,0.0053845346,0.004615465
0.01,0.01514899,-0.00514899
0.01,0.040118046,-0.030118046
0.35,0.1509575,0.1990425
0.84,0.3707171,0.46928287
0.86,0.809523,0.050477028
0.86,0.79464626,0.06535375
0.72,0.8019459,-0.081945896
0.42,0.6484904,-0.22849044
0.49,0.35787374,0.13212627
0.28,0.47765592,-0.19765592
0.24,0.22306523,0.016934767
0.18,0.2192536,-0.039253592
0.19,0.15519458,0.034805417
0.13,0.16557655,-0.035576552
0.16,0.09552573,0.06447427
0.21,0.1439851,0.0660149
0.11,0.1907912,-0.080791205
0.09,0.082724705,0.0072752982
0.12,0.06515363,0.05484637
0.12,0.10582876,0.014171235
0.14,0.1070971,0.032902904
0.19,0.12896891,0.06103109
0.15,0.18207878,-0.032078773
0.15,0.13431828,0.015681729
0.1,0.13607527,-0.03607527
0.11,0.08246055,0.027539447
0.13,0.09588016,0.034119837
0.14,0.11379147,0.026208527
0.11,0.12624457,-0.016244575
0.1,0.09468533,0.0053146705
0.12,0.082413994,0.037586004
0.16,0.10617481,0.053825185
0.14,0.1525569,-0.012556896
0.13,0.12685448,0.003145516
0.17,0.11129983,0.058700174
0.14,0.15920442,-0.019204423
0.04,0.12191774,-0.08191774
0.02,0.0024854764,0.017514523
0.01,0.0,0.01
0.01,0.0,0.01
0.01,0.0,0.01
0.01,0.0,0.01
0.01,0.0,0.01
0.0,0.0047216974,-0.0047216974
0.01,0.0,0.01
0.01,0.0,0.01
0.01,0.0,0.01
0.05,0.03783728,0.012162719
0.22,0.049184125,0.17081587
0.33,0.2251739,0.10482611
0.5,0.33659375,0.16340625
0.59,0.5080005,0.08199948
0.7,0.5666945,0.13330549
0.92,0.6808021,0.23919791
0.98,0.92536116,0.054638863
0.98,0.9212558,0.058744192
0.97,0.92902875,0.04097128
0.97,0.91487944,0.055120587
0.95,0.92531705,0.024682939
0.91,0.8879237,0.022076309
0.9,0.8506329,0.04936707
0.81,0.83865523,-0.028655231
0.49,0.7361399,-0.24613988
0.49,0.3869126,0.103087395
0.23,0.47666875,-0.24666874
0.16,0.15476353,0.0052364618
0.24,0.14113572,0.09886427
0.38,0.22387661,0.15612338
0.28,0.3590584,-0.07905841
0.18,0.24043296,-0.060432956
0.22,0.1476082,0.07239179
0.2,0.20212264,-0.0021226406
0.12,0.18676138,-0.06676138
0.12,0.09755956,0.022440441
0.28,0.10454358,0.17545642
0.25,0.27616182,-0.02616182
0.18,0.22642085,-0.046420842
0.4,0.16285396,0.23714605
0.42,0.40255412,0.017445862
0.39,0.39875692,-0.008756936
0.34,0.364076,-0.024075985
0.26,0.31580418,-0.055804193
0.3,0.24208495,0.05791506
0.3,0.28806672,0.011933297
0.25,0.2823903,-0.032390296
0.3,0.22703186,0.072968155
0.3,0.28686842,0.013131589
0.34,0.28457218,0.05542782
0.29,0.3274571,-0.03745711
0.34,0.26613328,0.073866725
0.36,0.3268821,0.03311792
0.37,0.34121332,0.028786689
0.51,0.35070845,0.15929154
0.49,0.49728557,-0.007285565
0.69,0.46297988,0.22702011
0.77,0.6781162,0.09188378
0.81,0.74145293,0.06854707
0.61,0.7709125,-0.16091251
0.7,0.56217945,0.13782054
0.65,0.690693,-0.040693045
0.67,0.61153805,0.058461964
0.68,0.6481471,0.0318529
0.63,0.6454325,-0.015432477
0.6,0.59055984,0.009440184
0.6,0.5726254,0.027374625
0.57,0.5690831,0.00091689825
0.63,0.5369911,0.093008876
0.66,0.6063038,0.053696215
0.65,0.62672055,0.023279428
0.61,0.6168562,-0.006856203
0.63,0.5704391,0.059560895
0.81,0.6036073,0.2063927
0.81,0.79406416,0.015935838
0.77,0.753878,0.016121984
0.78,0.72426176,0.05573821
0.78,0.7418264,0.038173556
0.74,0.7374152,0.002584815
0.74,0.69014966,0.049850345
0.79,0.7100669,0.07993311
0.85,0.7555232,0.09447682
0.83,0.80211747,0.027882516
0.82,0.77569103,0.04430896
0.8,0.7686335,0.031366527
0.74,0.7457789,-0.0057789087
0.74,0.689518,0.050482035
0.7,0.70114315,-0.0011431575
0.71,0.653105,0.056894958
0.62,0.6755216,-0.055521607
0.67,0.55850947,0.11149055
0.63,0.65325963,-0.02325964
0.64,0.5811956,0.058804393
0.56,0.604933,-0.04493302
0.52,0.5016094,0.018390596
0.49,0.48463693,0.005363077
0.62,0.4488814,0.17111862
0.57,0.6110128,-0.041012824
0.53,0.5163145,0.013685465
0.42,0.49652863,-0.07652864
0.32,0.3769832,-0.056983203
0.34,0.28210872,0.05789128
0.36,0.32743296,0.032567054
0.33,0.3331481,-0.003148079
0.31,0.29270253,0.017297477
0.01,0.2790408,-0.26904082
0.01,0.0,0.01
0.01,0.022499297,-0.012499297
0.01,0.014188349,-0.0041883495
0.01,0.0,0.01
0.01,0.013445906,-0.0034459066
0.01,0.0,0.01
0.0,0.02394528,-0.02394528
0.01,0.0016976036,0.008302396
0.01,0.0,0.01
0.01,0.017542314,-0.007542314
0.01,0.004878048,0.005121952
0.01,0.02218591,-0.012185911
0.01,0.0,0.01
0.0,0.0045895055,-0.0045895055
0.01,0.0017762668,0.008223733
0.01,0.029650424,-0.019650424
0.01,0.0,0.01
0.01,0.003011804,0.0069881957
0.01,0.0,0.01
0.01,0.019646913,-0.009646913
0.01,0.026003797,-0.016003797
0.01,0.0,0.01
0.01,0.0,0.01
0.01,0.0143822655,-0.0043822657
0.01,0.0,0.01
0.01,0.0003060028,0.009693997
0.01,0.0,0.01
0.01,0.0,0.01
0.01,0.0037262142,0.0062737856
0.01,0.0,0.01
0.04,0.0,0.04
0.06,0.032277573,0.027722426
0.05,0.05931919,-0.00931919
0.01,0.03964217,-0.02964217
0.01,0.0,0.01
0.01,0.0,0.01
0.01,0.011229273,-0.0012292732
0.01,0.0029112175,0.0070887823
0.01,0.0,0.01
0.01,0.0,0.01
0.03,0.0,0.03
0.04,0.023693338,0.016306661
0.04,0.04286984,-0.0028698407
0.03,0.030142006,-0.0001420062
0.01,0.019423217,-0.009423217
0.01,0.0,0.01
0.0,0.0,0.0
0.01,0.0,0.01
0.01,0.0,0.01
0.01,0.0,0.01
0.01,0.0,0.01
0.01,2.804026e-05,0.0099719595
0.0,0.0,0.0
0.01,0.0,0.01
0.01,0.02358846,-0.01358846
0.01,0.016292512,-0.0062925126
0.01,0.0,0.01
0.01,0.0,0.01
0.01,0.0,0.01
0.01,0.0,0.01
0.01,0.0,0.01
0.01,0.0,0.01
0.01,0.0,0.01
0.08,0.0037265383,0.076273456
0.25,0.08257388,0.16742611
0.25,0.25779116,-0.0077911615
0.11,0.25665134,-0.14665134
0.08,0.09619161,-0.01619161
0.08,0.062164903,0.017835096
0.07,0.062665515,0.0073344857
0.07,0.049208377,0.020791624
0.05,0.045914095,0.004085906
0.08,0.030540612,0.049459387
0.14,0.07769491,0.062305093
0.13,0.13206325,-0.0020632595
0.14,0.11619467,0.023805328
0.11,0.13664623,-0.026646227
0.12,0.105823964,0.014176033
0.14,0.1126453,0.027354702
0.08,0.1294815,-0.049481496
0.03,0.05418836,-0.02418836
0.01,0.0,0.01
0.01,0.0,0.01
0.01,0.0,0.01
0.01,0.0,0.01
0.0,0.0,0.0
0.01,0.0,0.01
0.01,0.0026688688,0.007331131
0.02,0.009483468,0.010516532
0.01,0.024973348,-0.014973348
0.01,0.0021087155,0.007891284
0.01,0.0,0.01
0.01,0.0,0.01
0.01,0.0,0.01
0.01,0.0,0.01
0.01,0.0,0.01
0.01,0.0,0.01
0.01,0.00037587807,0.009624122
0.01,0.008075006,0.0019249935
0.01,0.0028117597,0.00718824
0.01,0.0,0.01
0.01,0.0,0.01
0.01,0.0075769983,0.0024230015
0.01,0.0064547397,0.00354526
0.01,0.009002935,0.0009970646
0.0,0.0005668998,-0.0005668998
0.01,0.0,0.01
0.01,0.0,0.01
0.01,0.0,0.01
0.01,0.0,0.01
0.0,0.0,0.0
0.01,0.0,0.01
0.01,0.011701778,-0.0017017778
0.03,0.0,0.03
0.08,0.043609884,0.036390115
0.09,0.07999253,0.010007471
0.12,0.092706405,0.027293593
0.12,0.118379265,0.0016207322
0.19,0.11494027,0.07505973
0.31,0.18502384,0.12497616
0.39,0.30992696,0.08007303
0.25,0.37574127,-0.12574127
0.26,0.23011532,0.029884666
0.29,0.2473513,0.042648688
0.32,0.27523252,0.04476747
0.27,0.29936126,-0.029361248
0.24,0.2394504,0.0005495995
0.15,0.21648593,-0.06648593
0.01,0.1256823,-0.1156823
0.01,0.0,0.01
0.01,0.0294809,-0.0194809
0.01,0.0,0.01
0.01,0.0,0.01
0.01,0.00088625774,0.009113742
0.01,0.0,0.01
0.01,0.0,0.01
0.01,0.0071088,0.0028911997
0.01,0.0035097674,0.0064902324
0.01,0.0,0.01
0.01,0.0,0.01
0.01,0.0,0.01
0.01,0.008243285,0.0017567147
0.01,0.013088215,-0.0030882154
0.01,0.0,0.01
0.01,0.0,0.01
0.01,0.010049067,-4.906766e-05
0.01,0.0,0.01
0.01,0.009647086,0.0003529135
0.01,0.012290437,-0.002290437
0.01,0.024512943,-0.014512943
0.01,0.022723902,-0.012723902
0.01,0.0317049,-0.0217049
0.01,0.03548204,-0.025482042
0.01,0.0032819249,0.006718075
0.01,0.015291482,-0.0052914824
0.01,0.024134733,-0.014134733
0.35,0.032515675,0.31748432
0.76,0.34222466,0.41777533
0.72,0.7449473,-0.024947286
0.64,0.6578721,-0.017872095
0.67,0.5931848,0.07681519
0.75,0.6534922,0.09650779
0.69,0.7264056,-0.036405623
0.75,0.62956,0.120440006
0.72,0.7361084,-0.016108394
0.12,0.6719029,-0.5519029
0.22,0.0,0.22
0.49,0.22958305,0.26041695
0.34,0.50695574,-0.16695574
0.27,0.28394392,-0.013943911
0.24,0.24061397,-0.00061397254
0.15,0.2169438,-0.066943794
0.17,0.121872514,0.048127487
0.28,0.15072507,0.12927493
0.39,0.26609394,0.123906046
0.33,0.37149832,-0.041498303
0.3,0.29552838,0.00447163
0.21,0.27547193,-0.06547193
0.19,0.17958988,0.010410115
0.18,0.17099941,0.009000599
0.15,0.16188379,-0.01188378
0.11,0.13095562,-0.020955622
0.13,0.08744182,0.04255818
0.16,0.11929807,0.040701926
0.24,0.14741121,0.09258878
0.24,0.22733748,0.012662515
0.26,0.21890432,0.041095674
0.49,0.24647713,0.24352288
0.37,0.485527,-0.115527004
0.45,0.32990983,0.12009016
0.47,0.43227127,0.037728727
0.58,0.44431618,0.1356838
0.84,0.5665399,0.2734601
0.79,0.845062,-0.055061996
0.65,0.7196014,-0.06960142
0.56,0.5924257,-0.0324257
0.4,0.5237329,-0.123732895
0.47,0.3571262,0.11287379
0.48,0.46183553,0.018164456
0.46,0.44329077,0.016709238
0.44,0.41799018,0.02200982
0.43,0.4042718,0.025728196
0.46,0.40579334,0.05420667
0.5,0.43293846,0.06706154
0.45,0.47443733,-0.024437338
0.21,0.4136075,-0.20360751
0.01,0.14850482,-0.13850482
0.01,0.0,0.01
0.02,0.0,0.02
0.04,0.014028713,0.025971286
0.03,0.027814679,0.0021853205
0.02,0.015856624,0.004143376
0.01,0.0101765245,-0.00017652474
0.03,0.0,0.03
0.03,0.023381237,0.0066187624
0.04,0.01552115,0.024478849
0.05,0.02247309,0.027526911
0.03,0.04415346,-0.01415346
0.01,0.019358106,-0.009358106
0.01,0.0,0.01
0.01,0.0,0.01
0.02,0.006242864,0.013757136
0.01,0.014184106,-0.0041841064
0.01,0.0,0.01
0.01,0.001451999,0.008548001
0.04,0.0,0.04
0.02,0.027924124,-0.007924125
0.01,0.008946732,0.0010532681
0.01,0.0,0.01
0.01,0.0,0.01
0.01,0.0,0.01
0.01,0.0,0.01
0.01,0.0,0.01
0.01,0.0,0.01
0.01,0.004291933,0.0057080667
0.01,0.0051822513,0.0048177484
0.01,0.0,0.01
0.01,0.007602375,0.0023976248
0.01,0.0114043355,-0.0014043357
0.02,0.0027619153,0.017238084
0.03,0.008789547,0.021210453
0.06,0.019972678,0.04002732
0.05,0.062038552,-0.012038551
0.09,0.044310916,0.045689087
0.1,0.08628709,0.013712913
0.13,0.09861322,0.031386778
0.09,0.12425241,-0.034252405
0.03,0.080337405,-0.050337404
0.01,0.004029721,0.0059702788
0.0,0.0,0.0
0.01,0.0,0.01
0.01,0.0,0.01
0.01,0.0,0.01
0.01,0.0,0.01
0.01,0.0,0.01
0.01,0.0,0.01
0.01,0.0,0.01
0.0,0.0026170686,-0.0026170686
0.01,0.0,0.01
0.01,0.001872588,0.008127412
0.03,0.011932485,0.018067515
0.04,0.026902705,0.013097294
0.05,0.042462077,0.0075379238
0.05,0.044516254,0.0054837465
0.1,0.037399177,0.06260082
0.06,0.09376352,-0.033763524
0.05,0.055319518,-0.005319517
0.05,0.03503247,0.014967531
0.06,0.037389617,0.022610381
0.05,0.053723905,-0.0037239045
0.02,0.03252238,-0.012522381
0.07,0.0124318,0.0575682
0.05,0.057736773,-0.0077367723
0.02,0.02864737,-0.008647371
0.01,0.0,0.01
0.01,0.0,0.01
0.01,0.0,0.01
0.01,0.013286572,-0.0032865722
0.01,0.0,0.01
0.01,0.009840064,0.00015993603
0.01,0.0004134439,0.009586556
0.01,0.0015998408,0.008400159
0.01,0.0,0.01
0.01,0.0,0.01
0.01,0.0,0.01
0.01,0.020086702,-0.010086702
0.01,0.011034749,-0.0010347497
0.01,0.0,0.01
0.01,0.0,0.01
0.01,0.006837465,0.003162535
0.01,0.0,0.01
0.01,0.0,0.01
0.01,0.0,0.01
0.01,0.005656291,0.004343709
0.01,0.012747467,-0.0027474668
0.01,0.012227543,-0.002227543
0.01,0.02770089,-0.01770089
0.01,0.023845695,-0.013845695
0.01,0.027920146,-0.017920146
0.01,0.03184046,-0.021840459
0.1,0.036756877,0.06324312
0.77,0.13124987,0.6387501
0.68,0.7572043,-0.07720429
0.7,0.6119013,0.088098705
0.34,0.6682277,-0.32822767
0.56,0.26032665,0.29967335
0.57,0.6004205,-0.030420482
0.24,0.52472186,-0.28472185
0.23,0.16374567,0.06625433
0.07,0.22202095,-0.15202096
0.07,0.018041573,0.051958427
0.04,0.04580347,-0.0058034696
0.07,0.016535379,0.05346462
0.03,0.053759616,-0.023759617
0.02,0.0,0.02
0.04,0.0,0.04
0.04,0.024514101,0.015485898
0.03,0.0241783,0.0058216993
0.06,0.019614585,0.040385414
0.09,0.046202794,0.04379721
0.03,0.0910095,-0.061009496
0.01,0.0026157126,0.007384287
0.01,0.0,0.01
0.02,0.0,0.02
0.05,0.021818757,0.028181244
0.09,0.047620717,0.042379286
0.09,0.08490364,0.005096361
0.12,0.09120326,0.02879674
0.23,0.12217256,0.10782745
0.21,0.22730213,-0.01730214
0.24,0.19994968,0.040050313
0.26,0.23018946,0.029810533
0.24,0.24542263,-0.005422637
0.26,0.22643034,0.03356965
0.29,0.24810758,0.04189241
0.28,0.274853,0.00514701
0.19,0.26121956,-0.07121956
0.14,0.16638562,-0.02638562
0.12,0.11685035,0.003149651
0.12,0.101059794,0.018940203
0.13,0.10330978,0.026690215
0.08,0.11549259,-0.03549259
0.03,0.057000235,-0.027000235
0.01,0.0,0.01
0.0,0.0,0.0
0.01,0.0,0.01
0.0,0.0,0.0
0.01,0.0,0.01
0.01,0.010766648,-0.000766648
0.01,0.0,0.01
0.01,0.0,0.01
0.01,0.0,0.01
0.01,0.0,0.01
0.01,0.0059333034,0.0040666964
0.01,0.0012700707,0.008729929
0.01,0.0036172308,0.006382769
0.0,0.0055172145,-0.0055172145
0.01,0.0,0.01
0.0,0.0013175346,-0.0013175346
0.01,0.0,0.01
0.01,0.0,0.01
0.01,0.0,0.01
0.01,0.0,0.01
0.01,0.0,0.01
0.01,0.0,0.01
0.01,0.0034387186,0.006561281
0.01,0.0,0.01
0.01,0.002788823,0.0072111767
0.01,0.0075854883,0.0024145115
0.01,0.0,0.01
0.04,0.0,0.04
0.08,0.047181185,0.032818813
0.08,0.08544519,-0.00544519
0.1,0.07895215,0.021047853
0.16,0.0933372,0.066662796
0.18,0.15611705,0.023882955
0.18,0.17557007,0.0044299364
0.19,0.16727953,0.022720471
0.15,0.18716267,-0.03716266
0.11,0.14144169,-0.03144169
0.1,0.089576244,0.010423757
0.07,0.08602184,-0.01602184
0.07,0.04742294,0.022577059
0.06,0.054875515,0.0051244833
0.07,0.043674577,0.026325423
0.08,0.059252318,0.02074768
0.26,0.068840265,0.19115973
0.44,0.25422472,0.18577528
0.46,0.4393889,0.020611107
0.31,0.44439852,-0.13439852
0.18,0.2850671,-0.105067104
0.13,0.16865616,-0.03865616
0.12,0.11466953,0.0053304657
0.09,0.10363912,-0.013639115
0.07,0.07588886,-0.005888857
0.08,0.052045744,0.027954254
0.16,0.06969497,0.09030502
0.17,0.15235111,0.01764889
0.12,0.1617763,-0.041776307
0.15,0.10482503,0.04517498
0.19,0.13841486,0.051585138
0.32,0.17975363,0.14024636
0.43,0.31354257,0.11645743
0.73,0.41973573,0.3102643
0.76,0.72453856,0.035461426
0.77,0.7212881,0.048711896
0.78,0.7284845,0.05151546
0.59,0.738587,-0.14858705
0.62,0.5319928,0.08800721
0.64,0.6082003,0.031799674
0.49,0.6129507,-0.12295067
0.52,0.43207422,0.08792576
0.61,0.50511795,0.10488206
0.5,0.5846237,-0.084623694
0.52,0.45392898,0.066071
0.55,0.49634197,0.05365804
0.56,0.51954204,0.040457964
0.5,0.52823234,-0.028232336
0.51,0.45616916,0.053830832
0.43,0.49221185,-0.06221184
0.37,0.39635405,-0.026354045
0.35,0.3467199,0.0032801032
0.43,0.3261331,0.103866905
0.41,0.41495982,-0.0049598217
0.45,0.3765951,0.07340488
0.41,0.42672452,-0.016724527
0.57,0.3823851,0.18761489
0.56,0.55889606,0.0011039376
0.52,0.52043426,-0.00043427944
0.53,0.48309776,0.04690221
0.64,0.5128478,0.1271522
0.68,0.6284549,0.051545084
0.79,0.6501441,0.13985592
0.79,0.7578424,0.0321576
0.7,0.7359046,-0.035904586
0.64,0.6448463,-0.0048463345
0.74,0.60259545,0.13740456
0.77,0.7247639,0.04523611
0.62,0.7229041,-0.10290408
0.77,0.54609644,0.22390354
0.79,0.76803434,0.021965683
0.83,0.736634,0.09336597
0.64,0.7841611,-0.1441611
0.6,0.5616547,0.038345337
0.59,0.571406,0.018593967
0.66,0.5509615,0.10903853
0.74,0.6361233,0.10387671
0.77,0.7093599,0.060640097
0.74,0.71923506,0.020764947
0.63,0.69223416,-0.062234163
0.7,0.56654906,0.13345093
0.64,0.68536377,-0.045363784
0.59,0.5831319,0.0068680644
0.66,0.5443305,0.11566955
0.71,0.6384493,0.07155067
0.72,0.67550397,0.04449606
0.71,0.67785645,0.032143533
0.71,0.66249096,0.047509015
0.77,0.67708814,0.09291184
0.81,0.7378143,0.072185695
0.84,0.77471423,0.06528574
0.84,0.80850375,0.031496227
0.77,0.794976,-0.024976015
0.57,0.7085521,-0.13855213
0.36,0.4948998,-0.1348998
0.4,0.30687007,0.09312993
0.2,0.38810304,-0.18810304
0.2,0.14120208,0.058797926
0.19,0.1776632,0.012336791
0.21,0.1672272,0.0427728
0.31,0.19055885,0.11944115
0.52,0.3005898,0.21941018
0.48,0.5162431,-0.03624311
0.4,0.45344234,-0.05344233
0.37,0.36726788,0.002732128
0.32,0.34844688,-0.028446883
0.39,0.30147555,0.08852443
0.53,0.375411,0.15458897
0.57,0.5219861,0.048013866
0.61,0.53960216,0.070397854
0.62,0.5877106,0.032289386
0.65,0.58713603,0.062863946
0.66,0.61810815,0.041891873
0.67,0.62162864,0.048371375
0.71,0.63183916,0.07816082
0.74,0.67547154,0.064528465
0.71,0.70530784,0.0046921372
0.64,0.66356885,-0.023568869
0.59,0.5943208,-0.0043208003
0.54,0.5528991,-0.012899101
0.42,0.49971893,-0.07971895
0.36,0.37769297,-0.017692953
0.4,0.33297515,0.06702486
0.52,0.3831231,0.13687688
0.69,0.50655806,0.18344194
0.76,0.6715801,0.088419914
0.83,0.72427464,0.10572535
0.86,0.79042387,0.069576144
0.87,0.8130057,0.05699432
0.85,0.82471037,0.025289655
0.82,0.79421437,0.025785625
0.8,0.7723175,0.027682483
0.61,0.74861073,-0.13861072
0.1,0.5440569,-0.4440569
0.01,0.0024426803,0.0075573195
0.01,0.0,0.01
0.01,0.0,0.01
0.01,0.009067979,0.00093202107
0.05,0.007895362,0.04210464
0.03,0.046262402,-0.016262403
0.01,0.020857818,-0.010857819
0.0,0.0,0.0
0.01,0.0,0.01
0.01,0.0,0.01
0.01,0.0,0.01
0.01,0.0034052879,0.006594712
0.01,0.0035621002,0.0064378995
0.01,0.0,0.01
0.01,0.0005291514,0.009470848
0.01,0.0027203374,0.0072796624
0.0,0.003300123,-0.003300123
0.01,0.0,0.01
0.06,0.0064239427,0.053576056
0.18,0.06141628,0.118583724
0.12,0.18954727,-0.06954727
0.12,0.12185213,-0.0018521324
0.18,0.11861143,0.061388575
0.19,0.17837247,0.011627525
0.14,0.18056777,-0.04056777
0.12,0.12811409,-0.008114092
0.11,0.10983922,0.00016077608
0.13,0.09499525,0.035004742
0.1,0.11580207,-0.01580207
0.05,0.086254895,-0.036254894
0.05,0.025057372,0.024942629
0.16,0.03169875,0.12830125
0.22,0.15555197,0.06444803
0.12,0.21721476,-0.097214766
0.15,0.113576755,0.03642325
0.12,0.13685136,-0.016851358
0.14,0.107097216,0.032902785
0.14,0.12619087,0.01380913
0.16,0.12558004,0.034419954
0.16,0.14892176,0.0110782385
0.13,0.14448406,-0.014484063
0.2,0.11458001,0.08541999
0.19,0.19091985,-0.0009198487
0.16,0.17999467,-0.019994676
0.16,0.14347765,0.016522348
0.17,0.14519158,0.024808422
0.18,0.15582722,0.024172783
0.17,0.1638889,0.0061111003
0.07,0.1604997,-0.09049971
0.01,0.07431278,-0.06431278
0.11,0.03640866,0.07359134
0.2,0.08784504,0.11215496
0.22,0.18191704,0.038082957
0.22,0.19239452,0.027605474
0.18,0.20192531,-0.0219253
0.16,0.1569744,0.0030255914
0.16,0.13914429,0.02085571
0.15,0.14149204,0.008507967
0.18,0.13029376,0.04970625
0.19,0.16605777,0.023942232
0.19,0.17703536,0.012964636
0.21,0.1732163,0.036783695
0.22,0.19594136,0.02405864
0.2,0.20340338,-0.0034033805
0.29,0.1839463,0.106053695
0.27,0.27145088,-0.0014508665
0.25,0.24926046,0.00073954463
0.3,0.22754277,0.07245724
0.3,0.28362048,0.016379535
0.37,0.27731094,0.09268907
0.44,0.35251674,0.08748326
0.41,0.41709378,-0.007093787
0.45,0.3832467,0.0667533
0.43,0.42697427,0.0030257404
0.41,0.39551646,0.014483541
0.54,0.3844311,0.15556893
0.54,0.527632,0.012368023
0.6,0.50509953,0.09490049
0.52,0.57938945,-0.059389472
0.54,0.46768507,0.07231495
0.58,0.5128031,0.067196906
0.66,0.54891086,0.11108917
0.76,0.6381897,0.12181032
0.82,0.73532104,0.08467895
0.84,0.7877593,0.05224067
0.84,0.79118407,0.048815906
0.85,0.8030721,0.04692793
0.84,0.8176576,0.022342384
0.85,0.79201806,0.057981968
0.86,0.8160111,0.043988943
0.85,0.8153447,0.034655333
0.86,0.80329347,0.056706548
0.84,0.82101405,0.018985927
0.84,0.7859814,0.054018557
0.63,0.77265465,-0.14265466
0.55,0.52015483,0.029845178
0.42,0.5079465,-0.087946504
0.47,0.36557955,0.10442045
0.45,0.4455457,0.004454285
0.54,0.40615574,0.13384429
0.59,0.5156146,0.074385345
0.61,0.552662,0.057338
0.66,0.5732472,0.08675283
0.69,0.63646173,0.053538263
0.67,0.67101467,-0.0010146499
0.58,0.6269797,-0.046979725
0.45,0.5244621,-0.074462116
0.37,0.40938187,-0.03938186
0.41,0.33728087,0.07271913
0.41,0.39100063,0.018999368
0.41,0.38183233,0.028167665
0.35,0.38122025,-0.031220257
0.33,0.31336793,0.01663208
0.29,0.30605078,-0.016050786
0.25,0.2658581,-0.015858114
0.24,0.2277064,0.012293592
0.25,0.22024812,0.029751882
0.2,0.2321695,-0.03216949
0.08,0.17630136,-0.09630136
0.01,0.048981935,-0.038981937
0.01,0.0,0.01
0.01,0.0,0.01
0.01,0.0,0.01
0.01,0.0,0.01
0.01,0.0033712573,0.0066287424
0.01,0.0,0.01
0.01,0.0,0.01
0.01,0.0,0.01
0.01,0.0014481694,0.00855183
0.01,0.0,0.01
0.01,0.0,0.01
0.01,0.0,0.01
0.01,0.005406838,0.004593162
0.01,0.008781273,0.0012187269
0.0,0.006246481,-0.006246481
0.0,0.0,0.0
0.01,0.0,0.01
0.0,0.0,0.0
0.01,0.0,0.01
0.0,0.0,0.0
0.01,0.0,0.01
0.02,0.00026762486,0.019732375
0.07,0.017482437,0.052517563
0.08,0.07308195,0.0069180503
0.08,0.08207126,-0.0020712614
0.08,0.07874396,0.0012560412
0.05,0.0761569,-0.026156899
0.04,0.03758817,0.0024118274
0.03,0.027546678,0.0024533216
0.02,0.022628319,-0.002628319
0.01,0.005398065,0.004601935
0.01,0.0,0.01
0.01,0.0,0.01
0.02,0.0,0.02
0.08,0.016897146,0.06310286
0.08,0.08299895,-0.002998948
0.05,0.077469945,-0.027469944
0.06,0.041073337,0.018926661
0.07,0.05006494,0.01993506
0.06,0.0607918,-0.000791803
0.08,0.04866488,0.03133512
0.09,0.07251988,0.01748012
0.11,0.082663715,0.027336285
0.11,0.10467694,0.00532306
0.1,0.10300222,-0.003002219
0.1,0.09144513,0.008554868
0.1,0.09080124,0.0091987625
0.12,0.08668332,0.03331668
0.11,0.1116434,-0.0016433969
0.08,0.10255155,-0.022551551
0.07,0.06169581,0.00830419
0.05,0.050023135,-2.3134053e-05
0.06,0.03616361,0.02383639
0.06,0.05192671,0.008073289
0.03,0.048752233,-0.018752234
0.01,0.0104284175,-0.0004284177
0.04,0.0,0.04
0.03,0.030957714,-0.0009577144
0.05,0.025799092,0.024200909
0.07,0.043849513,0.026150487
0.06,0.059860036,0.00013996288
0.06,0.049752433,0.010247566
0.06,0.0512192,0.0087808
0.04,0.046926424,-0.006926425
0.01,0.02499779,-0.01499779
0.01,0.0,0.01
0.04,0.0,0.04
0.04,0.035923976,0.0040760227
0.01,0.031651653,-0.021651654
0.01,0.0,0.01
0.01,0.004622396,0.0053776037
0.0,0.0,0.0
0.01,0.0,0.01
0.03,0.0,0.03
0.08,0.026802864,0.053197134
0.06,0.08316539,-0.023165394
0.09,0.05338499,0.036615014
0.12,0.083460584,0.036539413
0.11,0.117410675,-0.0074106753
0.13,0.10128695,0.028713048
0.09,0.12039982,-0.030399814
0.14,0.075299084,0.06470092
0.15,0.12797852,0.022021487
0.19,0.13816002,0.051839978
0.19,0.18292189,0.007078111
0.12,0.1702798,-0.050279804
0.14,0.100026846,0.039973155
0.2,0.121731594,0.07826841
0.22,0.1897817,0.030218303
0.31,0.20460248,0.10539752
0.31,0.29906294,0.010937065
0.34,0.2864866,0.053513408
0.35,0.32243437,0.027565628
0.37,0.32911202,0.04088798
0.39,0.34578833,0.044211656
0.47,0.370821,0.099179
0.3,0.44464085,-0.14464083
0.3,0.25990227,0.040097743
0.29,0.2825792,0.0074207783
0.23,0.27136272,-0.041362718
0.26,0.2035414,0.056458592
0.25,0.24327682,0.0067231804
0.25,0.22641602,0.023583978
0.24,0.22833587,0.011664122
0.22,0.21640521,0.003594786
0.21,0.1962724,0.01372759
0.26,0.19149998,0.06850001
0.36,0.24635111,0.11364891
0.45,0.34792754,0.10207245
0.48,0.4267428,0.053257197
0.45,0.4543639,-0.0043639243
0.51,0.41926125,0.09073874
0.61,0.4955437,0.114456326
0.68,0.5969802,0.08301979
0.67,0.65648913,0.013510883
0.58,0.6306652,-0.0506652
0.51,0.5320977,-0.022097707
0.46,0.47381338,-0.013813376
0.41,0.4274471,-0.017447114
0.35,0.3772371,-0.027237117
0.34,0.32207197,0.017928034
0.27,0.31653365,-0.046533644
0.34,0.24055846,0.09944154
0.34,0.32080787,0.01919213
0.24,0.31177485,-0.071774855
0.21,0.21329221,-0.0032922179
0.18,0.18313928,-0.0031392723
0.23,0.15971573,0.07028428
0.36,0.21396998,0.14603004
0.42,0.34361333,0.07638666
0.5,0.39761862,0.10238138
0.63,0.47641805,0.15358195
0.77,0.6208322,0.14916778
0.76,0.74640536,0.013594627
0.72,0.7118722,0.008127809
0.59,0.6793165,-0.08931655
0.71,0.53525686,0.17474312
0.74,0.711133,0.028867006
0.7,0.7027614,-0.0027614236
0.77,0.66046286,0.109537125
0.63,0.75163317,-0.12163317
0.63,0.5554632,0.0745368
0.6,0.5978594,0.0021406412
0.54,0.5631875,-0.023187459
0.39,0.50030494,-0.11030495
0.14,0.34173515,-0.20173515
0.04,0.07334791,-0.033347912
0.07,0.01329726,0.05670274
0.06,0.06331512,-0.0033151247
0.03,0.046087492,-0.016087493
0.01,0.009405106,0.00059489347
0.08,0.0,0.08
0.08,0.08303647,-0.0030364692
0.11,0.07826735,0.03173265
0.13,0.10038893,0.029611066
0.18,0.11642646,0.06357355
0.29,0.17089736,0.11910263
0.19,0.28085792,-0.09085792
0.12,0.17821132,-0.05821132
0.09,0.10446664,-0.014466636
0.13,0.07616848,0.053831518
0.15,0.12190142,0.028098583
0.11,0.14371729,-0.03371729
0.11,0.098268025,0.011731975
0.15,0.10221957,0.04778044
0.19,0.1404904,0.0495096
0.21,0.17782159,0.032178402
0.18,0.19992754,-0.019927531
0.16,0.1664516,-0.0064516068
0.22,0.14476714,0.07523286
0.15,0.21085934,-0.060859337
0.1,0.13333201,-0.033332013
0.09,0.07977171,0.010228291
0.12,0.07557103,0.044428967
0.15,0.10800721,0.0419928
0.11,0.14340143,-0.03340143
0.18,0.09713484,0.08286516
0.19,0.17083731,0.019162685
0.12,0.18188494,-0.061884947
0.11,0.10783897,0.002161026
0.07,0.095240355,-0.025240354
0.01,0.048842937,-0.03884294
0.04,0.0,0.04
0.12,0.020891905,0.09910809
0.08,0.12082684,-0.040826842
0.17,0.07412751,0.09587249
0.08,0.16881077,-0.08881077
0.04,0.0659955,-0.0259955
0.13,0.019663863,0.11033613
0.15,0.12414035,0.025859654
0.12,0.14798993,-0.027989931
0.1,0.10865663,-0.008656628
0.09,0.084195,0.0058050007
0.11,0.081338316,0.028661683
0.13,0.104463205,0.02553679
0.15,0.114169285,0.03583072
0.12,0.13820119,-0.018201195
0.09,0.10711999,-0.017119989
0.07,0.07461999,-0.0046199933
0.1,0.054263327,0.045736674
0.12,0.09022118,0.029778816
0.11,0.109394446,0.0006055534
0.1,0.09652428,0.0034757182
0.14,0.089492396,0.050507605
0.19,0.13446112,0.055538878
0.16,0.18011177,-0.02011177
0.01,0.14966081,-0.1396608
0.01,0.01661475,-0.0066147503
0.14,0.00058732554,0.13941267
0.32,0.13895208,0.18104792
0.32,0.30404556,0.015954435
0.37,0.30085698,0.06914303
0.36,0.3514364,0.008563608
0.43,0.33667284,0.093327165
0.55,0.4114844,0.13851562
0.56,0.53285825,0.02714175
0.66,0.5285679,0.13143212
0.71,0.6459756,0.06402439
0.73,0.68268883,0.047311187
0.75,0.6938554,0.056144595
0.67,0.7165017,-0.046501696
0.66,0.61643934,0.043560684
0.68,0.6299602,0.050039828
0.75,0.6514299,0.09857011
0.76,0.7234942,0.03650582
0.78,0.7149842,0.06501579
0.65,0.7401849,-0.09018493
0.56,0.57818854,-0.018188536
0.66,0.51545763,0.1445424
0.8,0.65626645,0.14373356
0.85,0.7669438,0.08305621
0.73,0.80913043,-0.07913041
0.74,0.6448678,0.09513223
0.77,0.7137605,0.056239486
0.74,0.73301697,0.0069830418
0.7,0.6874337,0.012566268
0.73,0.65402603,0.07597399
0.75,0.6997813,0.0502187
0.76,0.7116629,0.048337102
0.79,0.7170404,0.0729596
0.69,0.75447476,-0.06447476
0.72,0.6165137,0.1034863
0.74,0.694015,0.045984983
0.83,0.69700134,0.13299865
0.8,0.8119049,-0.011904895
0.83,0.7376896,0.09231037
0.85,0.7913779,0.05862212
0.85,0.80477893,0.04522109
0.85,0.80727005,0.042729974
0.85,0.7937015,0.056298494
0.86,0.7995503,0.06044972
0.86,0.82071376,0.039286256
0.84,0.8181256,0.021874368
0.82,0.76940954,0.050590456
0.84,0.7643559,0.075644076
0.85,0.8031994,0.046800613
0.84,0.8134155,0.026584446
0.82,0.785344,0.03465599
0.82,0.76442015,0.05557984
0.87,0.7722492,0.09775078
0.86,0.8463979,0.013602138
0.82,0.7934669,0.026533067
0.8,0.7486352,0.05136484
0.67,0.74252737,-0.07252735
0.61,0.5842531,0.025746942
0.57,0.5690216,0.0009784102
0.59,0.5292072,0.060792744
0.59,0.55441475,0.035585225
0.65,0.5470085,0.10299146
0.69,0.6186793,0.07132071
0.67,0.65348494,0.016515076
0.7,0.6314641,0.068535864
0.77,0.6614486,0.10855138
0.77,0.74534726,0.02465272
0.82,0.7273623,0.09263772
0.83,0.79044497,0.039555013
0.87,0.78963685,0.080363154
0.88,0.8362975,0.043702483
0.78,0.829492,-0.049492
0.75,0.6991279,0.050872087
0.84,0.7092602,0.13073975
0.8,0.8166956,-0.016695559
0.82,0.7364497,0.083550274
0.73,0.7861928,-0.056192756
0.61,0.66457045,-0.054570436
0.63,0.5508449,0.07915509
0.62,0.6024264,0.017573595
0.55,0.5789763,-0.028976262
0.47,0.49615994,-0.026159942
0.38,0.4285966,-0.04859659
0.33,0.34772897,-0.017728955
0.52,0.30756414,0.21243584
0.55,0.5126443,0.03735572
0.62,0.5075748,0.11242521
0.59,0.59615505,-0.0061550736
0.53,0.55781484,-0.027814865
0.45,0.49411908,-0.04411909
0.37,0.4329749,-0.0629749
0.12,0.34756744,-0.22756743
0.19,0.06790951,0.12209049
0.05,0.18771662,-0.13771662
0.01,0.00055945665,0.009440543
0.01,0.0,0.01
0.01,0.0,0.01
0.01,0.0,0.01
0.01,0.0,0.01
0.01,0.0,0.01
0.01,0.0,0.01
0.01,0.0,0.01
0.01,0.007471651,0.002528349
0.01,0.0036598332,0.0063401666
0.01,0.0,0.01
0.01,0.0,0.01
0.01,0.0,0.01
0.01,0.0,0.01
0.01,0.0,0.01
0.01,0.0,0.01
0.01,0.0,0.01
0.01,0.0005964413,0.009403558
0.01,0.007951692,0.002048308
0.01,0.010692857,-0.00069285743
0.01,0.0,0.01
0.01,0.0,0.01
0.01,0.0024818368,0.007518163
0.01,0.0,0.01
0.01,0.0,0.01
0.01,0.0,0.01
0.01,0.0,0.01
0.01,0.0,0.01
0.01,0.0,0.01
0.01,0.00047260523,0.009527395
0.01,0.0,0.01
0.01,0.0032999404,0.0067000594
0.01,0.0,0.01
0.01,0.0,0.01
0.01,0.0,0.01
0.01,0.0,0.01
0.01,0.0,0.01
0.01,0.0,0.01
0.01,0.00031614304,0.009683857
0.01,0.0031819902,0.0068180095
0.01,0.0018512271,0.008148773
0.01,0.004719913,0.005280087
0.01,0.0042382404,0.0057617594
0.01,0.0014301017,0.008569898
0.01,0.0,0.01
0.01,0.0,0.01
0.01,0.004557386,0.0054426137
0.01,0.0039174,0.0060826
0.01,0.0,0.01
0.01,0.0,0.01
0.0,0.0,0.0
0.01,0.0,0.01
0.01,0.0,0.01
0.01,0.00060448423,0.009395516
0.01,0.0024320036,0.007567996
0.0,0.00026201084,-0.00026201084
0.01,0.0,0.01
0.0,0.0,0.0
0.01,0.0,0.01
0.01,0.0,0.01
0.01,0.0,0.01
0.01,0.0,0.01
0.01,0.00018848479,0.009811515
0.01,0.0,0.01
0.01,0.0,0.01
0.01,0.0,0.01
0.01,0.00021287426,0.0097871255
0.01,0.01515425,-0.00515425
0.01,0.0,0.01
0.01,0.0007348694,0.00926513
0.01,0.0014165789,0.008583421
0.01,0.00045391917,0.009546081
0.01,0.0,0.01
0.01,0.0,0.01
0.01,0.00021885708,0.009781143
0.01,0.0024525262,0.0075474735
0.01,0.015004858,-0.0050048586
0.01,0.021557365,-0.011557365
0.01,0.012382682,-0.0023826826
0.01,0.007287562,0.0027124379
0.01,0.0,0.01
0.01,0.0,0.01
0.01,0.018381305,-0.008381305
0.01,0.0,0.01
0.01,0.002145294,0.007854706
0.01,0.011088043,-0.0010880437
0.01,0.0,0.01
0.01,0.0,0.01
0.0,0.0,0.0
0.03,0.0,0.03
0.06,0.02540242,0.03459758
0.07,0.045912866,0.024087135
0.1,0.058713965,0.041286036
0.13,0.09391862,0.036081374
0.19,0.12652993,0.063470066
0.16,0.1871998,-0.027199805
0.14,0.14809097,-0.008090973
0.17,0.124251455,0.045748547
0.17,0.15751526,0.012484744
0.17,0.1515526,0.0184474
0.17,0.15611956,0.013880447
0.18,0.15480405,0.025195956
0.15,0.16823223,-0.018232226
0.19,0.13224627,0.057753727
0.19,0.1734605,0.0165395
0.15,0.16890386,-0.018903852
0.18,0.13189682,0.048103184
0.15,0.16613598,-0.016135976
0.17,0.1411235,0.028876498
0.18,0.16252983,0.017470181
0.14,0.16394459,-0.023944587
0.14,0.124012515,0.015987486
0.09,0.12335701,-0.03335701
0.03,0.06435523,-0.03435523
0.01,0.0,0.01
0.01,0.0,0.01
0.01,0.0,0.01
0.01,0.0,0.01
0.01,0.0,0.01
0.01,0.0,0.01
0.01,0.0,0.01
0.05,0.015189964,0.034810036
0.08,0.061166205,0.018833794
0.07,0.091289505,-0.021289505
0.04,0.06059548,-0.02059548
0.01,0.018752407,-0.0087524075
0.01,0.0,0.01
0.01,0.0,0.01
0.01,0.0,0.01
0.01,0.0,0.01
0.01,0.0,0.01
0.01,0.0,0.01
0.01,0.0,0.01
0.01,0.0,0.01
0.01,0.010560583,-0.00056058355
0.01,0.0062692687,0.003730731
0.01,0.011169907,-0.0011699069
0.01,0.0,0.01
0.01,0.0,0.01
0.01,0.0,0.01
0.01,0.0,0.01
0.01,0.0,0.01
0.01,0.0,0.01
0.01,0.00018674135,0.009813258
0.01,5.4202974e-05,0.009945797
0.01,0.0055173784,0.0044826213
0.01,0.0003503263,0.0096496735
0.01,0.0,0.01
0.01,0.0025952198,0.00740478
0.01,0.0035678186,0.006432181
0.01,0.0,0.01
0.01,0.0,0.01
0.01,0.0,0.01
0.01,0.0,0.01
0.01,0.0,0.01
0.01,0.0,0.01
0.01,0.0026221238,0.007377876
0.01,0.010356441,-0.00035644136
0.01,0.0023176894,0.0076823104
0.01,0.012903061,-0.002903061
0.01,0.011630252,-0.0016302522
0.01,0.023237139,-0.013237139
0.01,0.0067284703,0.0032715295
0.01,0.0,0.01
0.01,0.0,0.01
0.01,0.0,0.01
0.05,0.004195608,0.045804393
0.06,0.04356106,0.016438939
0.05,0.056079604,-0.006079603
0.08,0.046640255,0.033359744
0.2,0.082697235,0.11730277
0.26,0.20606357,0.053936422
0.17,0.25865608,-0.08865608
0.18,0.1601197,0.01988031
0.14,0.1704334,-0.030433401
0.1,0.12457359,-0.024573587
0.1,0.08277315,0.017226852
0.06,0.08544128,-0.025441278
0.09,0.04115427,0.048845734
0.08,0.07362161,0.00637839
0.1,0.066243894,0.033756107
0.07,0.08935041,-0.01935041
0.09,0.054516256,0.035483748
0.06,0.08199673,-0.021996733
0.03,0.039542492,-0.009542493
0.03,0.007364366,0.022635633
0.01,0.013464842,-0.0034648422
0.0,0.0,0.0
0.01,0.0,0.01
0.01,0.0,0.01
0.01,0.0,0.01
0.0,0.0,0.0
0.01,0.0,0.01
0.01,0.0,0.01
0.01,0.0,0.01
0.01,0.0030158758,0.006984124
0.01,0.00658926,0.0034107398
0.01,0.0027097315,0.0072902683
0.01,0.0,0.01
0.01,0.0033718012,0.0066281985
0.01,0.0063317195,0.0036682803
0.01,0.0,0.01
0.01,0.0028625652,0.0071374346
0.01,0.0027032048,0.007296795
0.01,0.0051365755,0.004863424
0.01,0.014104109,-0.0041041095
0.01,0.0101371035,-0.00013710372
0.01,0.015606776,-0.005606776
0.01,0.00048303232,0.009516967
0.01,0.0015430339,0.008456966
0.01,0.0,0.01
0.01,0.0070023388,0.002997661
0.01,0.0030285195,0.0069714803
0.01,0.0,0.01
0.01,0.038970407,-0.028970407
0.01,0.015176322,-0.0051763225
0.01,0.013109684,-0.0031096842
0.01,0.023415111,-0.013415111
0.07,0.040943764,0.029056236
0.17,0.06594404,0.10405596
0.22,0.13737959,0.08262041
0.11,0.19233763,-0.08233763
0.11,0.07916093,0.03083907
0.07,0.09092673,-0.020926729
0.16,0.043422498,0.1165775
0.12,0.1514345,-0.0314345
0.11,0.10472396,0.0052760392
0.12,0.08918568,0.03081432
0.1,0.10983747,-0.009837471
0.07,0.08222659,-0.012226589
0.14,0.04640446,0.09359554
0.13,0.13291934,-0.002919346
0.13,0.11611238,0.013887614
0.11,0.11737116,-0.0073711574
0.13,0.09228627,0.03771373
0.18,0.12032269,0.059677318
0.16,0.17067678,-0.010676786
0.15,0.13984406,0.010155946
0.17,0.13257366,0.037426338
0.21,0.15715753,0.052842468
0.19,0.2012143,-0.011214301
0.18,0.16782619,0.012173817
0.23,0.16784732,0.062152684
0.24,0.21940812,0.02059187
0.23,0.22670028,0.003299728
0.26,0.21408862,0.04591137
0.32,0.24380484,0.07619515
0.33,0.30404505,0.025954962
0.4,0.30629006,0.093709946
0.42,0.37543336,0.04456663
0.35,0.39514944,-0.045149446
0.34,0.31821093,0.021789074
0.38,0.31465855,0.06534144
0.34,0.35995397,-0.019953966
0.35,0.31707168,0.032928318
0.36,0.32366577,0.036334246
0.28,0.33097145,-0.05097145
0.2,0.251252,-0.051251993
0.15,0.17337236,-0.023372352
0.12,0.1330821,-0.013082109
0.13,0.09895253,0.031047463
0.12,0.11455604,0.0054439604
0.08,0.1065093,-0.0265093
0.01,0.05357579,-0.043575794
0.01,0.0,0.01
0.01,0.0,0.01
0.01,0.0,0.01
0.01,0.0,0.01
0.01,0.0,0.01
0.01,0.0,0.01
0.01,0.0,0.01
0.01,0.005725011,0.0042749885
0.01,0.0054100007,0.004589999
0.01,0.010869138,-0.00086913817
0.01,0.0017120354,0.008287964
0.01,0.0,0.01
0.01,0.0,0.01
0.01,0.0,0.01
0.01,0.0,0.01
0.01,0.0,0.01
0.01,0.0,0.01
0.01,0.0,0.01
0.01,0.0,0.01
0.01,0.0,0.01
0.01,0.0,0.01
0.01,0.0,0.01
0.01,0.0,0.01
0.01,0.0052712113,0.0047287885
0.01,0.008418877,0.0015811231
0.01,0.010989323,-0.0009893235
0.0,0.0073414594,-0.0073414594
0.01,0.00883485,0.0011651497
0.01,0.0,0.01
0.01,0.0,0.01
0.01,0.0,0.01
0.01,0.0,0.01
0.01,0.0,0.01
0.01,0.0073829554,0.0026170444
0.01,0.0,0.01
0.01,0.0,0.01
0.01,0.0026891045,0.0073108952
0.01,0.0014070459,0.008592954
0.01,0.002160836,0.007839164
0.07,0.017217468,0.05278253
0.08,0.08180565,-0.0018056482
0.05,0.07746616,-0.02746616
0.04,0.04269909,-0.002699092
0.01,0.0227656,-0.012765599
0.02,0.0,0.02
0.05,0.011535525,0.038464475
0.08,0.04032044,0.039679557
0.07,0.07850356,-0.008503556
0.07,0.06528819,0.004711807
0.06,0.056268174,0.0037318245
0.05,0.047118638,0.002881363
0.03,0.038085718,-0.008085718
0.01,0.01607002,-0.0060700197
0.01,0.0,0.01
0.01,0.0,0.01
0.01,0.0,0.01
0.01,0.0,0.01
0.01,0.0,0.01
0.01,0.0,0.01
0.02,0.0,0.02
0.11,0.023296535,0.086703464
0.1,0.12585485,-0.025854848
0.04,0.10294086,-0.06294086
0.01,0.025472742,-0.015472742
0.06,0.0,0.06
0.08,0.055512648,0.02448735
0.09,0.0814069,0.008593105
0.07,0.08270841,-0.012708411
0.09,0.06337218,0.026627824
0.09,0.077381276,0.012618728
0.15,0.08404587,0.065954134
0.1,0.1474967,-0.0474967
0.07,0.09099297,-0.020992972
0.06,0.047166683,0.012833316
0.03,0.035943378,-0.0059433784
0.04,0.010125682,0.029874317
0.01,0.020180218,-0.010180218
0.01,0.0,0.01
0.02,0.0014333054,0.018566694
0.03,3.7170947e-05,0.029962828
0.01,0.01571957,-0.0057195704
0.01,0.0,0.01
0.01,0.0,0.01
0.01,0.0,0.01
0.01,0.0018584393,0.0081415605
0.01,0.0019097738,0.008090226
0.01,0.012646571,-0.002646571
0.01,0.0,0.01
0.01,0.0068584494,0.0031415503
0.01,0.0095134005,0.00048659928
0.01,0.022665475,-0.012665475
0.01,0.03893816,-0.028938161
0.01,0.02039418,-0.01039418
0.01,0.017048381,-0.0070483815
0.01,0.03477441,-0.024774412
0.01,0.028742913,-0.018742913
0.01,0.015401844,-0.005401844
0.01,0.016611494,-0.0066114943
0.01,0.015678484,-0.005678484
0.01,0.017357446,-0.0073574465
0.01,0.020203069,-0.010203069
0.01,0.008241929,0.0017580707
0.01,0.02523325,-0.01523325
0.01,0.03208574,-0.02208574
0.01,0.030450292,-0.020450292
0.37,0.007697601,0.3623024
0.54,0.3434106,0.19658941
0.58,0.50320256,0.076797426
0.51,0.5398296,-0.029829621
0.62,0.4591107,0.1608893
0.68,0.60302806,0.07697195
0.72,0.657838,0.06216204
0.86,0.6984165,0.16158354
0.82,0.85630345,-0.03630346
0.76,0.7527442,0.0072557926
0.71,0.71247935,-0.0024793744
0.8,0.6585299,0.14147013
0.92,0.78453755,0.13546246
0.97,0.8944346,0.07556546
0.97,0.9191315,0.05086851
0.97,0.9270903,0.04290974
0.97,0.91323555,0.056764483
0.97,0.9206264,0.049373627
0.97,0.9438559,0.026144147
0.97,1.0,-0.029999971
0.97,0.90307415,0.06692588
0.97,0.9277158,0.04228425
0.97,0.8912647,0.07873535
0.97,0.9010887,0.068911314
0.97,0.91084695,0.05915308
0.97,0.90145767,0.06854236
0.97,0.92090774,0.049092293
0.97,0.9059403,0.064059734
0.97,0.9080601,0.061939955
0.97,0.904037,0.06596303
0.97,0.90864706,0.06135297
0.97,0.90534663,0.0646534
0.97,0.8816447,0.0883553
0.97,0.9104296,0.05957043
0.97,0.9039799,0.06602013
0.97,0.8995757,0.07042432
0.97,0.90433025,0.065669775
0.97,0.89927673,0.070723295
0.97,0.90474904,0.06525099
0.97,0.9039395,0.06606054
0.97,0.9156951,0.054304957
0.97,0.9071909,0.06280911
0.97,0.89919186,0.07080817
0.97,0.89504075,0.07495928
0.97,0.90741575,0.06258428
0.97,0.91700196,0.052998066
0.95,0.901314,0.048685968
0.97,0.86579597,0.10420406
0.97,0.922346,0.047654033
0.97,0.90430593,0.06569409
0.97,0.9063966,0.0636034
0.97,0.8959265,0.07407355
0.92,0.9041227,0.015877306
0.9,0.851905,0.048094988
0.85,0.845399,0.0046010017
0.86,0.7784333,0.08156669
0.81,0.81433594,-0.00433594
0.83,0.742378,0.08762199
0.85,0.78933895,0.060661077
0.86,0.79819524,0.06180477
0.87,0.8040842,0.06591582
0.85,0.8264911,0.023508906
0.81,0.792091,0.01790899
0.82,0.74804246,0.07195753
0.76,0.77227104,-0.012271047
0.8,0.6975962,0.10240382
0.87,0.76367664,0.10632336
0.77,0.8329066,-0.06290662
0.68,0.6907513,-0.010751307
0.72,0.6340625,0.0859375
0.73,0.6880733,0.04192674
0.71,0.6883663,0.021633685
0.58,0.6584561,-0.078456104
0.48,0.5211023,-0.04110232
0.52,0.43903685,0.080963135
0.45,0.49716577,-0.04716578
0.56,0.4129199,0.1470801
0.42,0.5438789,-0.123878926
0.22,0.3762241,-0.1562241
0.28,0.1830547,0.0969453
0.42,0.271143,0.148857
0.54,0.40931258,0.13068745
0.48,0.5147704,-0.0347704
0.51,0.44292817,0.067071825
0.43,0.48917153,-0.059171528
0.47,0.39845985,0.07154015
0.38,0.4499744,-0.06997439
0.21,0.35297835,-0.14297836
0.14,0.17975147,-0.03975147
0.14,0.124908715,0.015091285
0.11,0.124711975,-0.014711976
0.18,0.09059301,0.089407
0.1,0.1736704,-0.073670395
0.04,0.08389437,-0.043894373
0.01,0.011187904,-0.0011879038
0.05,0.0,0.05
0.09,0.04003284,0.049967162
0.09,0.08844345,0.001556553
0.13,0.08601887,0.043981127
0.1,0.12887764,-0.028877638
0.15,0.09235662,0.057643384
0.25,0.14518866,0.10481134
0.29,0.23821583,0.051784158
0.45,0.27897033,0.17102966
0.64,0.44489887,0.19510111
0.7,0.62833595,0.071664035
0.83,0.66863084,0.16136914
0.82,0.8083153,0.011684716
0.94,0.77309406,0.16690594
0.98,0.91737056,0.06262946
0.97,0.93314075,0.036859274
0.97,0.9285346,0.0414654
0.97,0.92529047,0.044709563
0.96,0.9209249,0.039075077
0.97,0.90269077,0.06730926
0.97,0.93941283,0.030587196
0.97,0.89886796,0.071132064
0.96,0.89642394,0.06357604
0.97,0.9049388,0.06506121
0.97,0.91688466,0.053115368
0.97,0.9194138,0.050586224
0.97,0.90266573,0.067334294
0.97,0.9034629,0.06653714
0.96,0.89611495,0.06388503
0.92,0.87836766,0.041632354
0.88,0.83189917,0.04810083
0.83,0.809927,0.020072997
0.8,0.77480745,0.025192559
0.32,0.7560806,-0.43608063
0.06,0.19501707,-0.13501707
0.01,0.027483538,-0.017483538
0.01,0.0,0.01
0.01,0.0,0.01
0.01,0.0,0.01
0.01,0.0,0.01
0.01,0.0,0.01
0.01,0.0,0.01
0.01,0.0038235784,0.0061764214
0.01,0.006572254,0.0034277458
0.01,0.001876168,0.008123832
0.01,0.005386479,0.0046135206
0.01,0.0009666234,0.009033376
0.01,0.0018629357,0.008137064
0.01,0.0029829927,0.007017007
0.01,0.0028775446,0.007122455
0.0,0.009282231,-0.009282231
0.0,0.0021714568,-0.0021714568
0.01,0.0,0.01
0.01,0.0,0.01
0.0,0.0,0.0
0.01,0.0,0.01
0.0,0.0,0.0
0.01,0.0,0.01
0.01,0.0,0.01
0.01,0.0,0.01
0.01,0.0,0.01
0.01,0.0,0.01
0.01,0.0,0.01
0.01,0.0,0.01
0.01,0.0,0.01
0.01,0.0,0.01
0.01,0.0,0.01
0.01,0.0,0.01
0.01,0.0,0.01
0.01,0.0,0.01
0.01,0.0082499795,0.0017500203
0.01,0.0017343275,0.008265672
0.01,0.000355687,0.009644313
0.01,0.0,0.01
0.0,0.0,0.0
0.01,0.0,0.01
0.01,0.0,0.01
0.01,0.0,0.01
0.01,0.0,0.01
0.01,0.0,0.01
0.01,0.0,0.01
0.01,0.00015562773,0.009844372
0.01,0.0036235377,0.006376462
0.01,0.004751168,0.0052488316
0.01,0.00066069514,0.009339305
0.01,0.0,0.01
0.01,0.0069471262,0.0030528735
0.25,0.025268,0.224732
0.95,0.26645118,0.6835488
0.98,0.9491657,0.030834317
0.98,0.95618176,0.023818254
0.98,0.9504744,0.029525638
0.98,0.9477956,0.03220439
0.97,0.9543123,0.015687704
0.97,0.90672314,0.06327689
0.97,0.9391483,0.030851722
0.97,0.9365988,0.03340125
0.97,0.92859876,0.041401267
0.97,0.9017012,0.06829882
0.96,0.893801,0.066199005
0.95,0.88457835,0.06542164
0.93,0.8689786,0.061021388
0.92,0.8496381,0.07036191
0.91,0.85812676,0.051873267
0.81,0.8441173,-0.03411728
0.67,0.7355279,-0.06552786
0.76,0.60802674,0.15197325
0.75,0.73874927,0.011250734
0.47,0.6965859,-0.2265859
0.39,0.38569525,0.004304737
0.59,0.37219754,0.21780244
0.43,0.5895531,-0.15955311
0.26,0.37307742,-0.11307743
0.29,0.2253339,0.06466609
0.71,0.27774212,0.43225786
0.81,0.7228993,0.087100685
0.49,0.7663282,-0.2763282
0.42,0.4143035,0.0056964755
0.32,0.40661618,-0.08661619
0.1,0.30376932,-0.20376933
0.02,0.058761753,-0.038761754
0.04,0.02052467,0.01947533
0.1,0.023203786,0.07679622
0.07,0.089630395,-0.019630395
0.21,0.05084125,0.15915874
0.4,0.20277894,0.19722107
0.49,0.3971283,0.092871696
0.55,0.47753614,0.07246387
0.52,0.5270858,-0.0070858
0.67,0.4918625,0.17813751
0.65,0.66601217,-0.016012192
0.66,0.61242056,0.047579467
0.38,0.64450574,-0.26450574
0.26,0.32563612,-0.06563613
0.27,0.24595016,0.024049848
0.15,0.26535198,-0.115351975
0.1,0.12260371,-0.022603706
0.12,0.07909393,0.040906064
0.11,0.104846254,0.0051537454
0.07,0.09338739,-0.023387387
0.06,0.044542994,0.015457004
0.03,0.04337333,-0.013373332
0.01,0.005204018,0.0047959816
0.0,0.0,0.0
0.01,0.0,0.01
0.01,0.0,0.01
0.01,0.0,0.01
0.0,0.0,0.0
0.01,0.0,0.01
0.01,0.0,0.01
0.01,0.0,0.01
0.01,0.0,0.01
0.01,0.0,0.01
0.01,0.003161665,0.0068383347
0.01,0.000594303,0.009405697
0.0,0.0,0.0
0.01,0.0,0.01
0.01,0.0,0.01
0.01,0.0,0.01
0.01,0.0,0.01
0.01,0.0010650977,0.008934902
0.0,0.012438722,-0.012438722
0.01,0.0,0.01
0.01,0.0,0.01
0.01,0.0,0.01
0.01,0.0,0.01
0.0,0.005340796,-0.005340796
0.01,0.0,0.01
0.01,0.0027304776,0.007269522
0.01,0.0038996488,0.006100351
0.01,0.0,0.01
0.0,0.0,0.0
0.01,0.0,0.01
0.0,0.0011915527,-0.0011915527
0.01,0.0,0.01
0.01,0.0,0.01
0.0,0.0,0.0
0.01,0.0,0.01
0.01,0.00060383976,0.00939616
0.01,0.0058672465,0.0041327532
0.01,0.0,0.01
0.0,0.001203835,-0.001203835
0.01,0.0019384697,0.00806153
0.07,0.0039587542,0.066041246
0.08,0.07267848,0.0073215216
0.06,0.077463016,-0.017463017
0.07,0.045939606,0.024060395
0.07,0.063231364,0.0067686364
0.07,0.05856822,0.01143178
0.08,0.05837215,0.021627847
0.08,0.070014,0.009985998
0.08,0.07109151,0.008908488
0.14,0.066402815,0.073597185
0.13,0.1370593,-0.007059306
0.1,0.120725304,-0.020725302
0.11,0.09002668,0.019973323
0.09,0.09615542,-0.0061554164
0.1,0.07494554,0.025054462
0.1,0.082892634,0.017107368
0.09,0.08555282,0.0044471845
0.09,0.07520218,0.014797822
0.05,0.07578981,-0.025789808
0.05,0.023935415,0.026064586
0.13,0.030377626,0.09962237
0.07,0.12461773,-0.054617733
0.03,0.05014857,-0.02014857
0.03,0.007389199,0.0226108
0.03,0.011097856,0.018902143
0.02,0.013012946,0.006987054
0.02,0.0049013607,0.015098639
0.0,0.008056089,-0.008056089
0.0,0.0,0.0
0.01,0.0,0.01
0.0,0.0,0.0
0.01,0.0,0.01
0.01,0.0,0.01
0.01,0.0035727397,0.00642726
0.01,0.0,0.01
0.01,0.0024894625,0.0075105373
0.01,0.013962265,-0.0039622653
0.01,0.006222468,0.003777532
0.01,0.0,0.01
0.01,0.0,0.01
0.01,0.0,0.01
0.01,0.004341334,0.0056586657
0.01,0.0038893782,0.0061106216
0.01,0.000548318,0.009451682
0.01,0.003537342,0.006462658
0.01,0.00033860654,0.009661393
0.0,0.0,0.0
0.01,0.0,0.01
0.01,0.0,0.01
0.01,0.0,0.01
0.01,0.0,0.01
0.01,0.0,0.01
0.01,0.0,0.01
0.01,0.00088083,0.00911917
0.01,0.0022766478,0.007723352
0.01,0.0042093955,0.0057906043
0.04,0.013174474,0.026825525
0.05,0.039481632,0.010518368
0.12,0.04995489,0.070045106
0.09,0.12590972,-0.035909712
0.04,0.08929221,-0.049292214
0.05,0.021457836,0.028542165
0.03,0.036329072,-0.0063290726
0.02,0.017160412,0.0028395876
0.01,0.0034518838,0.006548116
0.01,0.0,0.01
0.04,0.0,0.04
0.05,0.029966485,0.020033516
0.03,0.046291575,-0.016291576
0.08,0.0190434,0.060956597
0.06,0.081895754,-0.021895755
0.08,0.05720983,0.022790167
0.04,0.073223725,-0.033223726
0.01,0.024651475,-0.0146514755
0.01,0.0,0.01
0.01,0.0,0.01
0.01,0.0,0.01
0.01,0.0,0.01
0.01,0.0,0.01
0.01,0.0,0.01
0.01,0.0,0.01
0.01,0.0,0.01
0.01,0.0028798208,0.007120179
0.07,0.017086852,0.052913148
0.17,0.081101984,0.08889802
0.3,0.17983575,0.12016426
0.27,0.30443603,-0.034436017
0.32,0.2701422,0.049857795
0.22,0.30989698,-0.08989698
0.11,0.20663437,-0.09663437
0.1,0.090704896,0.009295106
0.14,0.08472396,0.055276044
0.14,0.13102122,0.008978784
0.18,0.13291611,0.0470839
0.16,0.1725123,-0.012512296
0.08,0.14961016,-0.06961016
0.06,0.061498936,-0.0014989376
0.06,0.03787596,0.022124037
0.03,0.04620371,-0.01620371
0.04,0.01191831,0.028081689
0.04,0.022699814,0.017300185
0.08,0.027671002,0.052328996
0.09,0.075237915,0.014762089
0.09,0.089085035,0.00091496855
0.1,0.084232,0.015767999
0.11,0.090539634,0.019460365
0.25,0.0993471,0.1506529
0.35,0.24389464,0.10610536
0.37,0.3462086,0.023791403
0.39,0.36797747,0.022022516
0.51,0.37517056,0.13482943
0.7,0.4947577,0.20524228
0.6,0.68800783,-0.08800781
0.54,0.55727804,-0.017278016
0.5,0.5058176,-0.005817592
0.88,0.48248655,0.39751345
0.93,0.8908186,0.03918141
0.91,0.86972535,0.04027468
0.82,0.8447157,-0.024715722
0.91,0.7597809,0.15021914
0.88,0.87955403,0.00044596195
0.96,0.8186766,0.14132339
0.94,0.93651426,0.0034857392
0.97,0.88253725,0.08746278
0.93,0.9298115,0.00018852949
0.83,0.83840394,-0.008403957
0.61,0.75282705,-0.14282703
0.4,0.5316508,-0.13165078
0.17,0.34474906,-0.17474906
0.14,0.12205818,0.017941818
0.24,0.12400852,0.11599147
0.12,0.22958626,-0.10958626
0.05,0.08000614,-0.030006137
0.12,0.017002773,0.10299723
0.18,0.11403195,0.06596806
0.07,0.17155492,-0.10155492
0.01,0.050309744,-0.040309742
0.01,0.0,0.01
0.01,0.0,0.01
0.01,0.0,0.01
0.01,0.0,0.01
0.01,0.0,0.01
0.01,0.0,0.01
0.01,0.0024572648,0.007542735
0.0,0.0032910965,-0.0032910965
0.01,0.00023431331,0.0097656865
0.01,0.00510554,0.0048944596
0.05,0.007394746,0.042605255
0.08,0.05222208,0.027777918
0.12,0.08511325,0.034886748
0.11,0.12028796,-0.010287963
0.05,0.104087114,-0.054087114
0.05,0.031697277,0.018302724
0.08,0.03115267,0.04884733
0.05,0.07030116,-0.02030116
0.03,0.034455735,-0.004455736
0.03,0.006447252,0.023552747
0.05,0.008924741,0.04107526
0.04,0.038614344,0.0013856553
0.05,0.0269766,0.0230234
0.06,0.04225817,0.01774183
0.07,0.050728664,0.019271336
0.06,0.060421932,-0.00042193383
0.05,0.044529874,0.005470127
0.05,0.0337032,0.0162968
0.06,0.03509069,0.02490931
0.06,0.04966607,0.010333929
0.03,0.04950525,-0.01950525
0.03,0.011122197,0.018877802
0.02,0.012892567,0.007107433
0.04,0.003241688,0.03675831
0.08,0.028323032,0.051676966
0.1,0.07786633,0.02213367
0.06,0.097239494,-0.037239496
0.05,0.047520526,0.002479475
0.12,0.04003031,0.07996969
0.19,0.11684378,0.073156215
0.1,0.19416755,-0.09416755
0.07,0.085942194,-0.015942194
0.05,0.05300583,-0.0030058287
0.03,0.03121055,-0.0012105498
0.01,0.006751716,0.0032482836
0.02,0.0,0.02
0.04,0.012318652,0.027681347
0.01,0.036960427,-0.026960427
0.01,0.0,0.01
0.01,0.0,0.01
0.01,0.0,0.01
0.01,0.0,0.01
0.01,0.0035368241,0.0064631756
0.01,0.009293422,0.0007065777
0.01,0.002930306,0.007069694
0.01,0.0,0.01
0.01,0.0,0.01
0.08,0.01515713,0.064842865
0.31,0.0885477,0.2214523
0.38,0.32017788,0.059822112
0.4,0.38421258,0.015787423
0.45,0.39346495,0.056535035
0.54,0.43745413,0.10254589
0.35,0.53513515,-0.18513516
0.11,0.31223816,-0.20223816
0.13,0.07177023,0.058229767
0.11,0.1210307,-0.011030704
0.31,0.09362315,0.21637686
0.29,0.29812574,-0.008125752
0.19,0.2584661,-0.0684661
0.36,0.17171669,0.18828332
0.74,0.35053042,0.3894696
0.6,0.7478193,-0.14781928
0.23,0.5559336,-0.32593358
0.06,0.17892815,-0.11892815
0.13,0.030809794,0.099190205
0.12,0.1266461,-0.006646104
0.14,0.10636285,0.03363715
0.08,0.12794629,-0.04794629
0.14,0.06394534,0.07605466
0.49,0.12381242,0.36618757
0.54,0.48979518,0.050204843
0.56,0.52881646,0.03118354
0.62,0.5421355,0.07786453
0.7,0.59888506,0.10111493
0.74,0.67842877,0.06157124
0.74,0.7096369,0.030363083
0.84,0.7055297,0.13447028
0.91,0.8083638,0.10163623
0.93,0.87005794,0.059942067
0.94,0.8797028,0.06029719
0.93,0.88518894,0.04481107
0.87,0.8785765,-0.008576512
0.83,0.8093684,0.020631611
0.82,0.7785647,0.0414353
0.95,0.7696495,0.18035048
0.97,0.9272357,0.042764306
0.96,0.9161984,0.043801606
0.84,0.89445233,-0.05445236
0.58,0.7531303,-0.17313033
0.39,0.50749755,-0.11749756
0.19,0.35464612,-0.16464612
0.03,0.15534224,-0.12534223
0.0,0.0,0.0
0.65,0.0,0.65
0.98,0.7701342,0.20986581
0.98,1.0,-0.01999998
0.97,0.9179194,0.05208063
0.97,0.93124187,0.03875816
0.97,0.9165751,0.053424954
0.97,0.9153471,0.05465293
0.96,0.91777956,0.042220414
0.97,0.8877343,0.082265735
0.97,0.9059031,0.06409693
0.93,0.9197577,0.010242283
0.9,0.850765,0.049234986
0.92,0.82999325,0.09000677
0.86,0.857798,0.002202034
0.88,0.78141546,0.09858453
0.78,0.8271464,-0.04714644
0.71,0.71187925,-0.0018792748
0.78,0.6587056,0.12129438
0.7,0.7515073,-0.051507294
0.52,0.6367018,-0.11670184
0.27,0.46180066,-0.19180065
0.23,0.23136035,-0.0013603419
0.16,0.21953262,-0.059532627
0.09,0.1388185,-0.0488185
0.04,0.069790855,-0.029790856
0.01,0.0086250715,0.0013749283
0.01,0.0,0.01
0.0,0.0037498064,-0.0037498064
0.01,0.0,0.01
0.01,0.0,0.01
0.02,0.008066963,0.011933036
0.01,0.015857466,-0.005857466
0.0,0.0,0.0
0.01,0.0,0.01
0.0,0.0,0.0
0.01,0.0,0.01
0.01,0.0,0.01
0.01,0.0056599304,0.0043400694
0.01,0.0,0.01
0.01,0.0,0.01
0.01,0.0,0.01
0.01,0.0,0.01
0.0,0.0053713433,-0.0053713433
0.01,0.0022328459,0.007767154
0.01,0.0,0.01
0.01,0.0,0.01
0.0,0.0,0.0
0.01,0.0,0.01
0.01,0.0,0.01
0.01,0.0038597696,0.00614023
0.01,0.0,0.01
0.01,0.0017839223,0.008216077
0.01,0.007999208,0.002000792
0.01,0.002790369,0.0072096307
0.01,0.014783684,-0.0047836844
0.02,0.0,0.02
0.1,0.01824116,0.08175884
0.1,0.10118998,-0.0011899769
0.12,0.099215105,0.020784892
0.2,0.111986116,0.08801389
0.27,0.19449027,0.07550974
0.26,0.26406306,-0.00406307
0.28,0.24549662,0.034503385
0.22,0.2684286,-0.048428595
0.22,0.20370884,0.016291156
0.22,0.20527133,0.014728665
0.29,0.20776588,0.082234114
0.35,0.279009,0.07099098
0.36,0.33426115,0.025738865
0.33,0.3374826,-0.0074825883
0.26,0.30534068,-0.045340687
0.24,0.23464674,0.005353257
0.21,0.22364345,-0.0136434585
0.17,0.18826357,-0.018263564
0.19,0.15328692,0.03671308
0.19,0.17794803,0.01205197
0.27,0.17433259,0.09566742
0.2,0.25522697,-0.055226967
0.19,0.1825198,0.007480204
0.17,0.17730117,-0.0073011667
0.13,0.15108278,-0.021082789
0.08,0.10884977,-0.028849773
0.11,0.054236162,0.055763837
0.08,0.09647596,-0.01647596
0.04,0.062696,-0.022696003
0.01,0.018054578,-0.008054579
0.01,0.0,0.01
0.01,0.0,0.01
0.01,0.0,0.01
0.01,0.0,0.01
0.01,0.0,0.01
0.01,0.0,0.01
0.01,0.0,0.01
0.01,0.0,0.01
0.01,0.0,0.01
0.01,0.0,0.01
0.01,0.0,0.01
0.01,0.0,0.01
0.01,0.0049845204,0.0050154794
0.01,0.0003077872,0.009692213
0.01,0.0027938038,0.007206196
0.0,0.020864666,-0.020864666
0.01,0.0008403249,0.009159675
0.0,0.0009898581,-0.0009898581
0.01,0.0,0.01
0.0,0.0,0.0
0.01,0.0,0.01
0.01,0.0,0.01
0.02,0.0,0.02
0.01,0.02115656,-0.011156561
0.01,0.0,0.01
0.01,0.00526176,0.0047382396
0.01,0.0021000393,0.0078999605
0.01,0.0,0.01
0.01,0.0,0.01
0.01,0.0,0.01
0.01,0.0,0.01
0.01,0.0,0.01
0.01,0.0,0.01
0.01,0.0,0.01
0.01,0.0027935915,0.0072064083
0.01,0.013136536,-0.003136536
0.03,0.002177991,0.027822008
0.04,0.03899528,0.0010047182
0.05,0.04110458,0.00889542
0.02,0.044411086,-0.024411086
0.04,0.011285178,0.02871482
0.01,0.03506886,-0.025068859
0.01,0.0,0.01
0.01,0.0,0.01
0.05,0.0048458055,0.045154195
0.2,0.0659384,0.1340616
0.27,0.21598002,0.054019988
0.4,0.28754887,0.112451136
0.3,0.39845258,-0.09845257
0.15,0.27531204,-0.12531203
0.27,0.12429609,0.14570391
0.55,0.2576785,0.2923215
0.42,0.54723704,-0.12723705
0.39,0.39439857,-0.0043985844
0.28,0.37135503,-0.091355026
0.38,0.26689455,0.113105446
0.34,0.3708717,-0.03087169
0.4,0.32414088,0.07585913
0.39,0.38704154,0.0029584467
0.47,0.37021697,0.09978303
0.44,0.45531103,-0.0153110325
0.47,0.42041078,0.049589217
0.53,0.45073828,0.07926169
0.39,0.50328195,-0.113281965
0.49,0.3564181,0.1335819
0.56,0.48014662,0.079853386
0.73,0.5424521,0.18754792
0.68,0.71527445,-0.035274446
0.6,0.6333834,-0.03338337
0.52,0.5608058,-0.040805817
0.49,0.48321798,0.006782025
0.49,0.47080413,0.019195884
0.55,0.46199736,0.08800265
0.44,0.5293424,-0.089342415
0.37,0.39462924,-0.024629235
0.37,0.33929765,0.030702353
0.33,0.3538327,-0.023832679
0.25,0.30380663,-0.053806633
0.19,0.2208007,-0.0308007
0.2,0.15951957,0.040480435
0.16,0.19104213,-0.031042129
0.12,0.14095427,-0.020954274
0.1,0.09366116,0.006338842
0.1,0.08029649,0.019703515
0.12,0.08567935,0.034320645
0.1,0.10507868,-0.005078681
0.13,0.08710487,0.042895123
0.1,0.11741099,-0.017410986
0.07,0.088706955,-0.018706955
0.08,0.05287216,0.02712784
0.07,0.060666736,0.009333264
0.01,0.053731922,-0.04373192
0.01,0.0,0.01
0.01,0.0,0.01
0.01,0.0,0.01
0.01,0.0,0.01
0.01,0.0,0.01
0.0,0.010138653,-0.010138653
0.01,0.0,0.01
0.0,0.0,0.0
0.01,0.0,0.01
0.01,0.0037373044,0.0062626954
0.01,0.0031242035,0.0068757962
0.01,0.0,0.01
0.0,0.00010054186,-0.00010054186
0.01,0.0,0.01
0.0,0.0,0.0
0.01,0.0,0.01
0.01,0.0,0.01
0.01,0.0,0.01
0.01,0.0,0.01
0.01,0.0,0.01
0.01,0.0,0.01
0.01,0.0,0.01
0.01,0.0027838647,0.007216135
0.01,0.0009530559,0.009046944
0.01,0.0059766993,0.0040233005
0.03,0.00880827,0.02119173
0.03,0.036204297,-0.0062042978
0.04,0.015045255,0.024954744
0.08,0.021442402,0.058557596
0.05,0.07885945,-0.028859448
0.11,0.050925802,0.059074197
0.16,0.1061467,0.053853296
0.41,0.15439644,0.25560355
0.33,0.40235668,-0.07235667
0.32,0.31396988,0.0060301125
0.23,0.30173683,-0.07173683
0.48,0.20377548,0.2762245
0.61,0.47340778,0.13659224
0.16,0.6004703,-0.4404703
0.26,0.08982306,0.17017692
0.34,0.26996326,0.07003674
0.38,0.3366001,0.0433999
0.31,0.36322084,-0.05322084
0.15,0.28702205,-0.13702205
0.07,0.11528386,-0.04528386
0.1,0.040692635,0.059307367
0.16,0.08604562,0.07395437
0.15,0.15870509,-0.00870508
0.16,0.13432816,0.02567184
0.21,0.14349382,0.06650618
0.23,0.205441,0.024559006
0.19,0.22303763,-0.033037633
0.15,0.17643401,-0.026434004
0.1,0.13322413,-0.03322413
0.08,0.07331231,0.006687686
0.04,0.058971666,-0.018971667
0.05,0.017847098,0.032152902
0.02,0.037793245,-0.017793246
0.63,0.005222667,0.6247773
0.97,0.7013992,0.26860082
0.97,1.0,-0.029999971
0.97,0.92156744,0.04843259
0.97,0.95583093,0.014169097
0.97,0.90385675,0.066143274
0.97,0.90321374,0.06678629
0.97,0.8873123,0.082687736
0.81,0.8872725,-0.077272475
0.72,0.71107006,0.008929968
0.63,0.6612992,-0.031299233
0.44,0.5699507,-0.1299507
0.43,0.38162032,0.04837969
0.75,0.40998274,0.34001726
0.73,0.7550107,-0.025010705
0.43,0.66314864,-0.23314863
0.3,0.35793543,-0.057935417
0.64,0.2847722,0.3552278
0.47,0.6527978,-0.18279782
0.51,0.4148719,0.09512809
0.81,0.49446884,0.31553116
0.93,0.7973256,0.1326744
0.95,0.8803841,0.0696159
0.96,0.8891318,0.070868194
0.96,0.9086871,0.051312864
0.94,0.9011502,0.03884977
0.87,0.8834928,-0.013492823
0.78,0.7999779,-0.019977927
0.62,0.7262391,-0.10623908
0.76,0.5697422,0.19025779
0.89,0.7550397,0.1349603
0.88,0.8513409,0.028659105
0.86,0.80985796,0.05014205
0.86,0.79657006,0.06342995
0.87,0.8089764,0.061023593
0.94,0.81797254,0.12202746
0.96,0.9023186,0.05768138
0.88,0.899699,-0.019698977
0.97,0.80349934,0.16650069
0.95,0.93578243,0.0142175555
0.96,0.89716923,0.062830746
0.92,0.89535224,0.024647772
0.87,0.8492032,0.020796776
0.77,0.80816364,-0.038163662
0.55,0.699348,-0.14934796
0.82,0.48191205,0.33808795
0.85,0.8283597,0.0216403
0.97,0.77918506,0.19081497
0.97,0.93276966,0.037230372
0.97,0.9200522,0.049947858
0.97,0.9081142,0.061885834
0.97,0.9167521,0.05324793
0.93,0.9079784,0.022021592
0.94,0.8505076,0.08949238
0.9,0.88122714,0.01877284
0.86,0.8315096,0.028490424
0.7,0.80109346,-0.10109347
0.56,0.63641465,-0.076414645
0.52,0.51220405,0.00779593
0.37,0.49853924,-0.12853923
0.28,0.3332575,-0.053257495
0.18,0.25351417,-0.07351416
0.19,0.15614581,0.033854187
0.26,0.17600136,0.083998635
0.15,0.24615851,-0.096158504
0.15,0.1253444,0.02465561
0.12,0.13411127,-0.014111273
0.15,0.10684705,0.04315296
0.11,0.13709241,-0.027092412
0.11,0.09436879,0.015631206
0.1,0.100118905,-0.000118903816
0.11,0.09138861,0.018611386
0.05,0.1000182,-0.050018203
0.05,0.033047814,0.016952187
0.02,0.04893323,-0.02893323
0.04,0.00036513805,0.03963486
0.04,0.030282468,0.0097175315
0.08,0.025178742,0.054821257
0.07,0.073058076,-0.003058076
0.06,0.062105235,-0.002105236
0.01,0.048812285,-0.038812287
0.03,0.0025763586,0.02742364
0.01,0.016035225,-0.0060352255
0.06,0.0,0.06
0.07,0.054863065,0.015136935
0.06,0.06700621,-0.0070062093
0.09,0.051552948,0.038447056
0.13,0.08536834,0.044631653
0.1,0.12892364,-0.028923638
0.21,0.10276839,0.1072316
0.3,0.1998932,0.100106806
0.43,0.29118362,0.13881639
0.63,0.41195396,0.21804604
0.53,0.61663795,-0.086637974
0.44,0.4968424,-0.056842417
0.4,0.41340324,-0.013403237
0.5,0.37565118,0.12434882
0.48,0.48708305,-0.0070830584
0.51,0.45278743,0.05721256
0.61,0.49241105,0.11758897
0.69,0.59159327,0.09840673
0.54,0.6616385,-0.12163848
0.59,0.48731303,0.10268694
0.53,0.5731473,-0.043147326
0.35,0.4935752,-0.14357519
0.3,0.30779836,-0.007798344
0.33,0.2823873,0.047612727
0.21,0.31122223,-0.10122223
0.15,0.18185207,-0.031852067
0.2,0.12729691,0.07270309
0.41,0.18347901,0.22652099
0.3,0.40021697,-0.100216955
0.34,0.27526915,0.06473085
0.33,0.32071808,0.009281933
0.22,0.31144893,-0.09144893
0.15,0.19615945,-0.046159446
0.23,0.1300351,0.0999649
0.21,0.22203204,-0.012032047
0.26,0.19220892,0.067791075
0.32,0.24584706,0.07415293
0.34,0.30095705,0.03904295
0.32,0.3209252,-0.0009252131
0.2,0.2957087,-0.09570868
0.19,0.17584081,0.014159188
0.27,0.17377494,0.09622507
0.29,0.25339794,0.03660205
0.32,0.27655306,0.04344693
0.46,0.30019033,0.15980968
0.48,0.44404852,0.035951465
0.45,0.4544597,-0.004459709
0.46,0.41710094,0.042899072
0.49,0.43965897,0.05034104
0.57,0.47385278,0.09614721
0.44,0.5550606,-0.11506063
0.61,0.39491555,0.21508446
0.76,0.60913146,0.15086854
0.75,0.74383366,0.006166339
0.63,0.6993357,-0.0693357
0.31,0.577199,-0.26719898
0.27,0.24594021,0.024059802
0.36,0.25848022,0.10151979
0.39,0.34961694,0.04038304
0.45,0.36728212,0.082717866
0.5,0.4275389,0.0724611
0.39,0.48423934,-0.094239354
0.34,0.35347196,-0.013471961
0.29,0.31414506,-0.024145067
0.28,0.2695247,0.010475308
0.27,0.26298493,0.0070150793
0.23,0.25534606,-0.025346056
0.28,0.20987424,0.07012576
0.31,0.26908845,0.040911555
0.35,0.2979556,0.05204439
0.36,0.33000854,0.029991478
0.31,0.3404282,-0.030428201
0.24,0.288428,-0.048428014
0.28,0.2222127,0.0577873
0.37,0.26798582,0.102014184
0.39,0.36010507,0.029894918
0.31,0.36963186,-0.059631854
0.3,0.28733334,0.0126666725
0.29,0.28043288,0.009567112
0.33,0.27258688,0.05741313
0.38,0.31207034,0.067929655
0.3,0.36813638,-0.068136364
0.27,0.27546015,-0.005460143
0.26,0.24848656,0.011513427
0.27,0.24380839,0.026191622
0.26,0.25437477,0.005625218
0.24,0.24223164,-0.0022316426
0.2,0.2201239,-0.020123899
0.22,0.18495938,0.035040617
0.36,0.21063015,0.14936987
0.36,0.34422696,0.015773058
0.07,0.34403816,-0.27403817
0.09,0.0494873,0.040512703
0.05,0.066227265,-0.016227264
0.03,0.02248118,0.0075188186
0.04,0.0058146566,0.034185342
0.03,0.028567411,0.0014325883
0.03,0.01969717,0.010302829
0.09,0.012453679,0.07754633
0.09,0.08375225,0.0062477514
0.1,0.08418729,0.01581271
0.13,0.09620874,0.03379126
0.16,0.12601069,0.03398931
0.13,0.15592271,-0.025922716
0.13,0.12176744,0.008232556
0.09,0.11926113,-0.029261127
0.09,0.07553479,0.014465213
0.11,0.07528858,0.03471142
0.13,0.09886576,0.031134233
0.13,0.12440206,0.005597934
0.1,0.119755775,-0.019755773
0.08,0.085363984,-0.005363986
0.09,0.06345573,0.026544273
0.1,0.07625632,0.023743682
0.06,0.089836895,-0.029836897
0.06,0.047035918,0.012964081
0.05,0.04317118,0.006828822
0.05,0.034871776,0.015128225
0.05,0.030970864,0.019029137
0.05,0.03593373,0.0140662715
0.06,0.041328054,0.018671945
0.07,0.052279525,0.017720476
0.07,0.06434892,0.005651079
0.07,0.06511693,0.0048830733
0.04,0.06652601,-0.026526012
0.08,0.0242427,0.0557573
0.07,0.06707138,0.002928622
0.11,0.056504857,0.053495143
0.07,0.106131546,-0.036131546
0.13,0.05919797,0.070802025
0.13,0.13247208,-0.0024720877
0.14,0.121979475,0.018020526
0.11,0.1250316,-0.015031606
0.17,0.09061616,0.07938384
0.15,0.15730421,-0.0073042065
0.19,0.13707645,0.052923545
0.15,0.17540316,-0.025403157
0.14,0.13294713,0.0070528686
0.18,0.1275125,0.052487507
0.16,0.16778633,-0.0077863336
0.17,0.15479532,0.015204683
0.11,0.15688339,-0.04688339
0.28,0.101715535,0.17828447
0.14,0.27082628,-0.13082628
0.17,0.11034183,0.05965817
0.4,0.1540983,0.2459017
0.23,0.39925173,-0.16925173
0.35,0.20219025,0.14780974
0.41,0.33869457,0.071305424
0.29,0.39056537,-0.100565374
0.31,0.25824913,0.05175087
0.4,0.29210123,0.10789877
0.31,0.38965508,-0.07965508
0.29,0.27927366,0.010726333
0.23,0.2681354,-0.038135394
0.19,0.21311758,-0.023117587
0.27,0.17521979,0.09478022
0.33,0.25709474,0.07290527
0.26,0.3128365,-0.052836508
0.24,0.23166923,0.008330762
0.2,0.21505082,-0.015050814
0.1,0.17805907,-0.07805907
0.09,0.079459436,0.010540567
0.13,0.072240114,0.05775988
0.14,0.12234394,0.017656058
0.18,0.12703022,0.052969784
0.2,0.16183878,0.03816122
0.15,0.18045461,-0.030454606
0.29,0.13098338,0.15901661
0.21,0.28363353,-0.07363354
0.23,0.18961918,0.04038082
0.23,0.20727056,0.022729442
0.34,0.21569641,0.124303594
0.91,0.3232766,0.58672345
0.86,0.92364085,-0.06364083
0.42,0.78980434,-0.36980435
0.34,0.324812,0.015188009
0.15,0.33020392,-0.18020391
0.1,0.12447654,-0.024476536
0.05,0.078469336,-0.028469335
0.01,0.023784805,-0.013784805
0.02,0.0,0.02
0.03,0.004128605,0.025871394
0.14,0.023000512,0.11699949
0.22,0.13623661,0.08376339
0.21,0.21305174,-0.003051743
0.83,0.20364621,0.62635374
0.46,0.8562876,-0.3962876
0.03,0.39407477,-0.36407477
0.04,0.0,0.04
0.36,0.027432133,0.33256787
0.32,0.36519554,-0.04519555
0.82,0.3030961,0.5169039
0.97,0.83524704,0.13475299
0.98,0.9382155,0.041784525
0.98,0.9369917,0.043008327
0.98,0.9408697,0.03913033
0.97,0.9400188,0.029981256
0.97,0.9275583,0.042441726
0.97,0.92180634,0.048193693
0.81,0.89013433,-0.08013433
0.97,0.7199606,0.25003946
0.79,0.9526596,-0.16265959
0.43,0.6807505,-0.25075048
0.11,0.33921725,-0.22921725
0.01,0.061117515,-0.051117517
0.06,0.0028794855,0.057120513
0.08,0.048804265,0.031195734
0.09,0.071260415,0.018739589
0.02,0.07677767,-0.056777667
0.01,0.0,0.01
0.0,0.0,0.0
0.01,0.0,0.01
0.01,0.0,0.01
0.01,0.015504219,-0.005504219
0.01,0.0,0.01
0.04,0.008077417,0.031922583
0.07,0.04830877,0.02169123
0.05,0.074888915,-0.024888914
0.02,0.047519524,-0.027519524
0.03,0.019256629,0.01074337
0.02,0.027347814,-0.0073478147
0.03,0.012804929,0.01719507
0.06,0.022831086,0.037168913
0.08,0.060016986,0.019983012
0.03,0.077392176,-0.047392175
0.02,0.018012047,0.0019879527
0.03,0.0043626465,0.025637353
0.03,0.011753168,0.018246831
0.03,0.020477798,0.0095222015
0.03,0.020843204,0.009156795
0.04,0.017367933,0.022632066
0.05,0.028760195,0.021239806
0.06,0.04981308,0.010186918
0.06,0.058897905,0.0011020936
0.09,0.062196806,0.027803198
0.04,0.08970252,-0.049702518
0.01,0.016073648,-0.006073648
0.04,0.0,0.04
0.12,0.032517944,0.08748205
0.15,0.1185876,0.031412408
0.15,0.15699098,-0.006990969
0.2,0.14756426,0.05243574
0.18,0.18560499,-0.0056049824
0.16,0.17093578,-0.010935783
0.18,0.15400034,0.025999665
0.12,0.16760756,-0.047607563
0.15,0.11072816,0.039271846
0.17,0.13768469,0.032315314
0.27,0.16363975,0.10636026
0.3,0.26230264,0.037697375
0.28,0.29546618,-0.015466183
0.44,0.26966053,0.17033947
0.41,0.4308053,-0.0208053
0.41,0.39459392,0.015406072
0.37,0.39842704,-0.028427035
0.62,0.35648793,0.26351207
0.55,0.6163124,-0.06631237
0.45,0.5224024,-0.07240242
0.53,0.42271316,0.10728681
0.34,0.51686776,-0.17686775
0.35,0.31825873,0.03174126
0.5,0.3355684,0.1644316
0.57,0.49149495,0.07850504
0.6,0.5452267,0.05477333
0.43,0.5744997,-0.14449972
0.44,0.39181915,0.04818085
0.38,0.42438513,-0.044385135
0.33,0.35883334,-0.02883333
0.31,0.3104701,-0.00047010183
0.25,0.2909709,-0.04097089
0.23,0.23298576,-0.0029857606
0.26,0.21591592,0.044084072
0.2,0.24706152,-0.047061518
0.17,0.17666593,-0.00666593
0.13,0.14824198,-0.018241987
0.08,0.11547413,-0.03547413
0.11,0.061104164,0.048895836
0.1,0.09674713,0.0032528713
0.09,0.088010356,0.0019896477
0.06,0.078510374,-0.018510375
0.04,0.04358789,-0.0035878904
0.05,0.0179343,0.0320657
0.01,0.036333274,-0.026333274
0.01,0.0,0.01
0.01,0.0,0.01
0.0,0.0,0.0
0.01,0.0,0.01
0.01,0.0003979914,0.009602008
0.01,3.2931566e-06,0.009996707
0.01,0.0,0.01
0.01,0.0,0.01
0.02,0.0091118105,0.010888189
0.01,0.018306062,-0.008306062
0.0,0.00070747733,-0.00070747733
0.01,0.0,0.01
0.01,0.0,0.01
0.07,0.011650074,0.058349926
0.16,0.073325135,0.08667486
0.08,0.16315491,-0.08315492
0.12,0.07213014,0.047869854
0.24,0.11154163,0.12845837
0.4,0.23273462,0.16726539
0.39,0.39750445,-0.007504463
0.36,0.37190196,-0.011901945
0.46,0.3413213,0.11867872
0.39,0.45187923,-0.061879247
0.38,0.36376306,0.016236931
0.35,0.35868898,-0.008688986
0.39,0.32546988,0.064530104
0.39,0.3697231,0.020276874
0.44,0.36757508,0.07242492
0.41,0.4161941,-0.0061941147
0.42,0.38095653,0.039043456
0.35,0.39404672,-0.04404673
0.4,0.3204879,0.07951212
0.46,0.38382307,0.07617694
0.5,0.43694267,0.06305733
0.45,0.4697137,-0.0197137
0.38,0.41600332,-0.03600332
0.36,0.35073188,0.009268135
0.74,0.34087354,0.39912647
0.66,0.74721634,-0.08721632
0.52,0.6050447,-0.08504474
0.32,0.46563148,-0.14563149
0.11,0.2839575,-0.17395751
0.13,0.075839795,0.0541602
0.01,0.12112612,-0.111126125
0.02,0.0,0.02
0.11,0.014647108,0.09535289
0.16,0.10508758,0.054912418
0.26,0.15004228,0.10995771
0.51,0.25255823,0.25744176
0.48,0.5048356,-0.024835616
0.39,0.457966,-0.067966014
0.48,0.3631719,0.116828084
0.46,0.476841,-0.016840994
0.32,0.43214127,-0.11214128
0.27,0.29285297,-0.022852957
0.25,0.25377384,-0.0037738383
0.29,0.23396751,0.05603248
0.32,0.27384186,0.046158135
0.41,0.29838222,0.111617774
0.44,0.38666168,0.05333832
0.44,0.41474146,0.025258541
0.55,0.42012534,0.12987468
0.39,0.53694963,-0.14694965
0.34,0.3483887,-0.008388698
0.45,0.32044944,0.12955055
0.53,0.44521195,0.084788024
0.54,0.5132415,0.026758492
0.64,0.50903547,0.13096452
0.72,0.61621547,0.10378456
0.83,0.68883574,0.14116424
0.87,0.7959908,0.07400918
0.86,0.8200166,0.03998339
0.84,0.80569935,0.034300625
0.82,0.7933054,0.026694596
0.62,0.7689208,-0.14892077
0.57,0.55135155,0.018648446
0.63,0.54929125,0.08070874
0.37,0.6090379,-0.23903787
0.32,0.3013856,0.018614382
0.37,0.30650768,0.06349233
0.31,0.35550275,-0.045502752
0.2,0.27713552,-0.07713552
0.28,0.16874087,0.11125913
0.35,0.26953596,0.080464035
0.28,0.3318825,-0.051882505
0.15,0.25737494,-0.10737494
0.08,0.12461062,-0.04461062
0.06,0.057461035,0.0025389642
0.07,0.042098194,0.027901806
0.07,0.061480112,0.008519888
0.05,0.05928644,-0.009286441
0.03,0.03323174,-0.0032317396
0.02,0.010805033,0.009194966
0.01,0.0065557174,0.0034442823
0.01,0.0,0.01
0.01,0.0,0.01
0.0,0.0,0.0
0.01,0.0,0.01
0.01,0.0,0.01
0.01,0.0,0.01
0.01,0.0,0.01
0.01,0.0,0.01
0.01,0.00508973,0.0049102698
0.01,0.0,0.01
0.01,0.0,0.01
0.01,0.0,0.01
0.01,0.0,0.01
0.01,0.0,0.01
0.01,0.0033685956,0.006631404
0.01,0.0016980916,0.008301908
0.01,0.003995456,0.006004544
0.01,0.0070860945,0.0029139053
0.01,0.0009843409,0.009015659
0.01,0.003860578,0.006139422
0.01,0.0064062364,0.0035937633
0.01,0.0007391423,0.0092608575
0.01,0.00043398887,0.009566011
0.01,0.0016836822,0.008316318
0.01,0.001108434,0.008891566
0.01,0.013585631,-0.003585631
0.01,0.0031540021,0.0068459976
0.0,0.0,0.0
0.01,0.0,0.01
0.0,0.0,0.0
0.01,0.0,0.01
0.01,0.00036815926,0.0096318405
0.01,0.0027136952,0.0072863046
0.03,0.015178598,0.014821401
0.08,0.034310192,0.045689806
0.1,0.07597998,0.024020024
0.1,0.09714914,0.0028508604
0.09,0.09517166,-0.0051716566
0.08,0.08787808,-0.00787808
0.1,0.06940323,0.03059677
0.1,0.0907156,0.009284399
0.08,0.08973369,-0.009733692
0.07,0.06480458,0.005195424
0.01,0.05556861,-0.045568608
0.05,0.0,0.05
0.08,0.036186323,0.043813676
0.09,0.07195324,0.018046767
0.05,0.07992683,-0.029926833
0.1,0.030953322,0.069046676
0.08,0.09719293,-0.01719293
0.1,0.06752995,0.032470055
0.07,0.090670556,-0.020670556
0.13,0.05517475,0.07482524
0.08,0.12068358,-0.040683582
0.28,0.06543134,0.21456866
0.24,0.2832344,-0.043234393
0.33,0.22994298,0.100057036
0.28,0.31650272,-0.03650272
0.24,0.26571298,-0.025712982
0.22,0.21805319,0.0019468069
0.23,0.20883414,0.021165863
0.41,0.2191652,0.19083479
0.32,0.3910901,-0.0710901
0.3,0.29564515,0.0043548644
0.47,0.27545893,0.19454107
0.59,0.46166256,0.12833741
0.35,0.5687543,-0.21875432
0.49,0.29803285,0.19196716
0.36,0.49310693,-0.13310692
0.35,0.31894496,0.031055033
0.53,0.32867083,0.20132914
0.39,0.51966274,-0.12966275
0.34,0.3487623,-0.0087623
0.36,0.31837758,0.04162243
0.23,0.34057537,-0.11057536
0.37,0.20061596,0.16938405
0.49,0.36198425,0.12801576
0.31,0.4753492,-0.16534919
0.6,0.26257333,0.3374267
0.54,0.6009648,-0.060964763
0.71,0.5008298,0.20917016
0.79,0.7018236,0.08817643
0.74,0.7513113,-0.011311293
0.9,0.6830162,0.2169838
0.64,0.8801353,-0.24013531
0.82,0.5498395,0.2701605
0.62,0.82853496,-0.20853496
0.33,0.5341855,-0.20418552
0.36,0.27500632,0.08499369
0.36,0.35645232,0.0035476983
0.56,0.3304783,0.22952169
0.57,0.55197394,0.018026054
0.62,0.52862453,0.09137547
0.33,0.5905566,-0.2605566
0.23,0.260442,-0.030441985
0.23,0.20841934,0.021580666
0.23,0.21821426,0.011785746
0.13,0.20953166,-0.07953167
0.04,0.10482007,-0.06482007
0.05,0.006299749,0.04370025
0.09,0.031595297,0.058404706
0.11,0.08455685,0.025443152
0.13,0.10367921,0.026320785
0.13,0.121915266,0.008084729
0.13,0.1206329,0.009367093
0.15,0.119790114,0.030209891
0.14,0.14054847,-0.00054846704
0.26,0.12787727,0.13212273
0.36,0.26112962,0.0988704
0.3,0.35437804,-0.054378033
0.28,0.2729131,0.007086903
0.38,0.258348,0.12165201
0.42,0.36543068,0.054569304
0.36,0.3983473,-0.038347274
0.4,0.33622918,0.06377083
0.49,0.37909308,0.11090693
0.44,0.4749125,-0.034912497
0.4,0.40988633,-0.009886324
0.48,0.37624568,0.10375431
0.52,0.46166864,0.05833134
0.46,0.49642402,-0.03642401
0.43,0.42874524,0.0012547672
0.59,0.41522858,0.1747714
0.48,0.5842525,-0.10425249
0.48,0.43231198,0.047688007
0.4,0.46210092,-0.062100917
0.47,0.369716,0.10028401
0.54,0.46108797,0.07891205
0.54,0.5188683,0.021131694
0.44,0.5103631,-0.070363104
0.1,0.41263446,-0.31263447
0.01,0.04139345,-0.031393453
0.04,0.0,0.04
0.01,0.034084883,-0.024084883
0.01,0.0,0.01
0.01,0.0,0.01
0.01,0.0,0.01
0.01,0.0,0.01
0.01,0.0,0.01
0.01,0.00060843304,0.009391567
0.01,0.007417064,0.0025829356
0.01,0.0171297,-0.007129701
0.01,0.00503169,0.00496831
0.01,0.0,0.01
0.01,0.0,0.01
0.01,0.0,0.01
0.01,0.0,0.01
0.01,0.0,0.01
0.01,0.00018273667,0.009817263
0.01,0.0,0.01
0.01,0.00023748353,0.009762516
0.01,0.0,0.01
0.01,0.0,0.01
0.01,0.0029390715,0.0070609283
0.01,0.00922364,0.0007763598
0.01,0.012680925,-0.0026809257
0.01,0.008785639,0.0012143608
0.01,0.0076560825,0.0023439173
0.01,0.0038666055,0.0061333943
0.02,0.0086855665,0.011314433
0.04,0.014397509,0.02560249
0.04,0.03748064,0.002519358
0.03,0.037046604,-0.0070466045
0.01,0.026609465,-0.016609466
0.01,0.0009782463,0.009021753
0.0,0.0,0.0
0.01,0.0,0.01
0.01,0.0,0.01
0.01,0.0,0.01
0.01,0.0,0.01
0.01,0.0,0.01
0.01,0.0029054508,0.007094549
0.01,0.01034563,-0.00034563057
0.01,0.0128487125,-0.0028487127
0.01,0.0,0.01
0.01,0.0,0.01
0.01,0.0,0.01
0.01,0.0,0.01
0.01,0.0,0.01
0.01,0.0036071427,0.006392857
0.01,0.0,0.01
0.01,0.0,0.01
0.01,0.0,0.01
0.01,0.0,0.01
0.01,0.0,0.01
0.01,0.0,0.01
0.01,0.0,0.01
0.01,0.00017943233,0.009820567
0.01,0.0014026538,0.008597346
0.01,0.006151635,0.0038483646
0.01,0.0,0.01
0.01,0.0,0.01
0.01,0.008162111,0.0018378887
0.01,0.0,0.01
0.01,0.0,0.01
0.02,0.003359627,0.016640373
0.04,0.031088006,0.008911993
0.06,0.038760707,0.021239292
0.05,0.055844747,-0.005844746
0.05,0.0457829,0.0042170994
0.05,0.04232898,0.007671021
0.04,0.04187581,-0.0018758103
0.01,0.030370526,-0.020370526
0.01,0.0,0.01
0.01,0.009044096,0.0009559039
0.01,0.0,0.01
0.01,0.0,0.01
0.02,0.0,0.02
0.02,0.013754629,0.006245371
0.02,0.010223582,0.009776417
0.01,0.014571723,-0.004571723
0.06,0.0,0.06
0.04,0.056717534,-0.016717535
0.08,0.03449131,0.045508686
0.12,0.07148624,0.048513755
0.16,0.11632703,0.043672964
0.17,0.15477864,0.015221357
0.18,0.16389257,0.01610744
0.19,0.16493407,0.025065929
0.2,0.17601591,0.02398409
0.27,0.18747245,0.08252756
0.33,0.26230687,0.067693144
0.3,0.3180767,-0.018076688
0.31,0.281487,0.028513014
0.37,0.2920334,0.0779666
0.36,0.35090795,0.009092063
0.42,0.33506998,0.08493
0.46,0.40133354,0.058666468
0.49,0.4384124,0.05158761
0.41,0.4647946,-0.05479461
0.48,0.37963265,0.10036734
0.39,0.46647364,-0.07647365
0.53,0.35504964,0.17495033
0.66,0.52293324,0.13706678
0.61,0.6455691,-0.03556907
0.67,0.56286323,0.107136786
0.74,0.6474986,0.0925014
0.66,0.70632684,-0.046326816
0.66,0.61007786,0.04992217
0.71,0.63142645,0.078573525
0.66,0.6845306,-0.02453059
0.65,0.6128781,0.037121892
0.59,0.61486304,-0.024863064
0.72,0.5469161,0.1730839
0.77,0.7103765,0.05962348
0.71,0.7295377,-0.019537747
0.65,0.65969765,-0.009697676
0.53,0.61394656,-0.083946586
0.46,0.4780161,-0.0180161
0.41,0.43036783,-0.020367831
0.36,0.37806937,-0.018069357
0.31,0.3363175,-0.026317507
0.26,0.28015015,-0.020150155
0.2,0.2338967,-0.0338967
0.13,0.17399052,-0.043990523
0.05,0.10991023,-0.059910227
0.01,0.026207138,-0.016207138
0.02,0.0,0.02
0.01,0.0,0.01
0.01,0.0,0.01
0.0,0.0,0.0
0.01,0.0,0.01
0.0,0.0,0.0
0.01,0.0,0.01
0.01,0.0,0.01
0.01,0.0003745407,0.009625459
0.01,0.0,0.01
0.01,0.0,0.01
0.01,0.0,0.01
0.01,0.0,0.01
0.01,0.0,0.01
0.01,0.00026570633,0.009734293
0.01,0.003473103,0.0065268967
0.01,0.013860889,-0.003860889
0.01,0.0011307523,0.0088692475
0.01,0.0,0.01
0.01,0.0,0.01
0.01,0.0,0.01
0.01,0.0,0.01
0.01,0.0,0.01
0.01,0.0,0.01
0.01,0.0,0.01
0.01,0.0,0.01
0.01,0.0,0.01
0.01,0.0024406165,0.0075593833
0.01,0.008302998,0.001697002
0.01,0.007876292,0.002123708
0.01,0.0010818243,0.0089181755
0.01,0.0014655627,0.008534437
0.01,0.0033072606,0.006692739
0.01,0.0,0.01
0.01,0.0,0.01
0.0,0.0073500313,-0.0073500313
0.01,0.0,0.01
0.01,0.0005238056,0.009476194
0.01,0.0,0.01
0.01,0.0,0.01
0.01,0.003451839,0.0065481607
0.01,0.0,0.01
0.0,0.010641091,-0.010641091
0.01,0.00242427,0.00757573
0.01,0.0,0.01
0.01,0.0,0.01
0.0,0.005018778,-0.005018778
0.01,0.0071710907,0.002828909
0.01,0.0,0.01
0.01,0.0,0.01
0.01,0.0,0.01
0.01,0.0,0.01
0.01,0.0,0.01
0.01,0.0,0.01
0.01,0.0033189394,0.0066810604
0.01,0.0011334755,0.008866524
0.01,0.0013187267,0.008681273
0.01,0.013403997,-0.003403997
0.01,0.006229982,0.003770018
0.03,0.010643151,0.019356849
0.1,0.031802014,0.06819799
0.11,0.10501132,0.004988678
0.19,0.11486358,0.075136416
0.31,0.19886743,0.11113258
0.38,0.31186837,0.068131626
0.44,0.37364638,0.06635362
0.45,0.42507792,0.024922073
0.35,0.4340042,-0.08400419
0.33,0.33240443,-0.0024044216
0.37,0.31274298,0.057257026
0.26,0.35455135,-0.094551355
0.31,0.24137142,0.06862858
0.32,0.30115852,0.018841475
0.39,0.29767552,0.092324466
0.36,0.36984393,-0.009843916
0.23,0.33234277,-0.10234277
0.28,0.20011556,0.07988444
0.22,0.26546776,-0.045467764
0.2,0.19679987,0.0032001287
0.18,0.18114296,-0.0011429489
0.17,0.1683469,0.001653105
0.19,0.1469009,0.04309909
0.16,0.17726205,-0.017262056
0.08,0.13562632,-0.055626318
0.1,0.058150876,0.041849125
0.08,0.089847654,-0.009847656
0.06,0.06069249,-0.0006924905
0.08,0.037751656,0.042248342
0.05,0.06711516,-0.017115157
0.05,0.03462953,0.01537047
0.03,0.031367954,-0.0013679545
0.05,0.017033178,0.032966822
0.05,0.03366148,0.01633852
0.04,0.04252263,-0.0025226325
0.05,0.02420767,0.02579233
0.07,0.038557433,0.031442568
0.05,0.061022922,-0.011022922
0.04,0.031829048,0.008170951
0.01,0.023427289,-0.013427289
0.06,0.0,0.06
0.05,0.057971355,-0.007971354
0.04,0.039187644,0.0008123554
0.01,0.02881816,-0.01881816
0.05,0.0037397966,0.046260204
0.07,0.044748127,0.025251873
0.18,0.058315117,0.121684894
0.28,0.17848107,0.10151893
0.34,0.27352852,0.06647149
0.52,0.32859614,0.19140384
0.53,0.50941414,0.020585835
0.53,0.5034094,0.026590586
0.72,0.50446945,0.21553057
0.76,0.7174163,0.042583704
0.74,0.7186452,0.021354795
0.6,0.69379425,-0.09379423
0.76,0.54742575,0.21257424
0.86,0.76541793,0.09458208
0.79,0.81926274,-0.029262722
0.67,0.7176782,-0.047678173
0.44,0.6158645,-0.17586452
0.31,0.37346098,-0.063460976
0.51,0.2823209,0.2276791
0.48,0.51292944,-0.03292945
0.34,0.43032882,-0.09032881
0.37,0.29815072,0.07184929
0.24,0.34981343,-0.10981344
0.18,0.20299047,-0.022990465
0.21,0.16275874,0.047241256
0.18,0.19455974,-0.014559731
0.19,0.16337332,0.026626676
0.18,0.17149436,0.008505642
0.14,0.16724154,-0.027241543
0.09,0.11881144,-0.02881144
0.05,0.066839546,-0.016839545
0.04,0.026007343,0.013992656
0.01,0.0151229985,-0.0051229987
0.01,0.021301653,-0.011301653
0.01,0.0,0.01
0.14,0.010517497,0.12948251
0.17,0.14242686,0.027573138
0.25,0.16192675,0.08807325
0.27,0.24303126,0.026968747
0.24,0.2584661,-0.0184661
0.28,0.22095044,0.05904956
0.27,0.27189118,-0.001891166
0.25,0.27135038,-0.021350384
0.19,0.23053387,-0.04053387
0.15,0.16519111,-0.015191108
0.14,0.12968834,0.010311663
0.05,0.13438115,-0.08438115
0.02,0.014697418,0.005302582
0.02,0.0,0.02
0.01,0.0,0.01
0.01,0.0,0.01
0.01,0.0,0.01
0.01,0.0,0.01
0.01,0.0,0.01
0.01,0.0,0.01
0.01,0.0,0.01
0.01,0.0,0.01
0.01,0.006849326,0.0031506736
0.01,0.014824636,-0.0048246365
0.01,0.007745553,0.002254447
0.0,0.0026386902,-0.0026386902
0.01,0.0,0.01
0.01,0.00058202446,0.009417975
0.02,0.008425042,0.0115749575
0.03,0.020424377,0.009575622
0.02,0.027301297,-0.007301297
0.03,0.011514034,0.018485965
0.01,0.021422606,-0.011422606
0.05,0.0,0.05
0.1,0.052416123,0.047583878
0.05,0.10294317,-0.052943166
0.04,0.035635963,0.004364036
0.04,0.02431766,0.01568234
0.04,0.028116677,0.011883322
0.05,0.024825744,0.025174256
0.02,0.037532914,-0.017532915
0.06,0.005191561,0.054808438
0.02,0.049714137,-0.029714137
0.01,0.015590303,-0.005590303
0.0,0.0,0.0
0.01,0.0,0.01
0.01,0.0038994811,0.0061005186
0.01,0.0,0.01
0.03,7.509068e-05,0.029924909
0.01,0.025050648,-0.015050648
0.03,0.0,0.03
0.06,0.020913668,0.03908633
0.11,0.052313842,0.057686158
0.35,0.11474891,0.23525108
0.39,0.35040733,0.039592654
0.7,0.38850936,0.31149063
0.43,0.70029175,-0.27029175
0.18,0.3909439,-0.21094391
0.12,0.15436912,-0.03436912
0.04,0.1065011,-0.0665011
0.01,0.012650948,-0.0026509482
0.01,0.0,0.01
0.03,0.0,0.03
0.05,0.011199534,0.038800467
0.13,0.038132917,0.091867074
0.27,0.13089117,0.13910884
0.3,0.2716588,0.028341204
0.08,0.2928752,-0.2128752
0.07,0.057514798,0.012485202
0.14,0.051504564,0.08849543
0.02,0.13095738,-0.110957384
0.01,0.0031539798,0.00684602
0.01,0.0,0.01
0.01,0.0,0.01
0.01,0.0,0.01
0.0,0.0,0.0
0.01,0.0,0.01
0.06,0.014228672,0.045771327
0.07,0.06040076,0.009599239
0.02,0.06663765,-0.04663765
0.01,0.0011554696,0.00884453
0.02,0.0057108253,0.014289174
0.01,0.006550029,0.0034499709
0.01,0.0,0.01
0.0,0.0,0.0
0.01,0.0018511787,0.008148821
0.01,0.0,0.01
0.01,0.0,0.01
0.01,0.0,0.01
0.01,0.0,0.01
0.01,0.00010130927,0.0098986905
0.0,0.0,0.0
0.01,0.0,0.01
0.01,0.0,0.01
0.0,0.0,0.0
0.01,0.0,0.01
0.01,0.0,0.01
0.01,0.0,0.01
0.01,0.0,0.01
0.01,0.0007805601,0.00921944
0.01,0.0,0.01
0.05,0.02555031,0.024449691
0.01,0.052137073,-0.04213707
0.01,0.0013335496,0.00866645
0.01,0.0,0.01
0.01,0.0,0.01
0.08,0.011272255,0.06872775
0.1,0.086209945,0.013790056
0.12,0.09685764,0.02314236
0.04,0.11545975,-0.07545975
0.07,0.012962926,0.057037074
0.08,0.07007553,0.009924471
0.2,0.070400134,0.12959987
0.15,0.19373189,-0.043731883
0.51,0.14095,0.36905
0.2,0.50613165,-0.30613166
0.28,0.17005426,0.109945744
0.21,0.26761872,-0.057618722
0.31,0.19383019,0.11616981
0.23,0.30420932,-0.07420932
0.12,0.20376787,-0.08376787
0.24,0.09300853,0.14699146
0.35,0.23145106,0.11854893
0.25,0.33689842,-0.08689842
0.19,0.22186351,-0.03186351
0.24,0.16306253,0.07693747
0.19,0.22782423,-0.03782423
0.15,0.16631144,-0.016311437
0.2,0.12599471,0.07400529
0.21,0.18675628,0.02324371
0.22,0.19382718,0.026172817
0.21,0.19904271,0.010957286
0.2,0.18744346,0.012556538
0.2,0.1828056,0.017194405
0.19,0.18129265,0.0087073445
0.2,0.17053446,0.029465541
0.19,0.18597603,0.004023969
0.18,0.16934231,0.010657698
0.16,0.16373128,-0.0037312806
0.13,0.14250946,-0.012509465
0.12,0.11334971,0.006650284
0.08,0.104946256,-0.024946257
0.07,0.054772474,0.015227526
0.07,0.047815394,0.022184607
0.08,0.05360001,0.026399989
0.09,0.067871034,0.02212897
0.09,0.0821988,0.007801205
0.09,0.073922545,0.016077459
0.11,0.082800716,0.027199283
0.08,0.105789304,-0.025789306
0.03,0.0648644,-0.034864396
0.01,0.007900756,0.002099244
0.01,0.0,0.01
0.01,0.0,0.01
0.0,0.0051702373,-0.0051702373
0.01,0.0,0.01
0.0,0.0,0.0
0.01,0.0,0.01
0.01,0.0,0.01
0.01,0.0,0.01
0.02,0.010649525,0.009350475
0.01,0.0114540495,-0.0014540497
0.01,0.0,0.01
0.01,0.0038964376,0.006103562
0.01,0.00013998523,0.009860015
0.04,0.0037276,0.0362724
0.04,0.030970063,0.009029936
0.05,0.035646465,0.014353536
0.07,0.04599232,0.024007682
0.11,0.064347535,0.045652464
0.05,0.1100606,-0.0600606
0.04,0.03284888,0.0071511194
0.06,0.020093739,0.03990626
0.22,0.045151807,0.1748482
0.3,0.2234827,0.07651731
0.28,0.29967076,-0.019670755
0.22,0.27110988,-0.05110988
0.2,0.20819193,-0.008191928
0.23,0.1826447,0.04735531
0.39,0.21705079,0.1729492
0.51,0.37847963,0.13152036
0.52,0.48917535,0.030824631
0.34,0.49257287,-0.15257287
0.15,0.3087108,-0.15871081
0.12,0.12522306,-0.005223058
0.07,0.10353547,-0.033535473
0.09,0.045116868,0.044883136
0.1,0.07658905,0.023410954
0.11,0.08827406,0.021725938
0.16,0.10474485,0.055255145
0.29,0.15026793,0.13973206
0.27,0.28740865,-0.01740864
0.13,0.259006,-0.129006
0.11,0.11176512,-0.001765117
0.14,0.09090293,0.04909707
0.21,0.13051774,0.07948226
0.27,0.2042436,0.06575641
0.28,0.25853598,0.02146402
0.14,0.27289122,-0.13289122
0.16,0.11580584,0.044194154
0.14,0.14567514,-0.005675137
0.08,0.120252125,-0.040252127
0.12,0.06293266,0.057067335
0.28,0.116974324,0.16302568
0.37,0.27595183,0.09404817
0.34,0.3601402,-0.0201402
0.37,0.32431057,0.045689434
0.56,0.35692397,0.20307603
0.68,0.55892956,0.121070445
0.81,0.6609075,0.1490925
0.92,0.77884436,0.14115566
0.88,0.8908603,-0.010860324
0.91,0.8160907,0.09390932
0.91,0.871624,0.038376033
0.87,0.8533226,0.01667738
0.79,0.81566036,-0.025660336
0.77,0.73275757,0.037242413
0.86,0.72579026,0.13420975
0.64,0.8249966,-0.1849966
0.61,0.547528,0.062471986
0.47,0.5870291,-0.1170291
0.4,0.41281942,-0.012819409
0.28,0.36942676,-0.089426756
0.16,0.24063355,-0.08063355
0.15,0.13553306,0.014466941
0.1,0.13296038,-0.032960378
0.09,0.072276644,0.01772336
0.09,0.073743805,0.016256198
0.03,0.07803027,-0.048030272
0.01,0.0020750128,0.007924987
0.01,0.0,0.01
0.01,0.010824233,-0.0008242335
0.0,0.0,0.0
0.01,0.0,0.01
0.01,0.0,0.01
0.01,0.00078553706,0.009214463
0.01,0.0054940656,0.004505934
0.01,0.0,0.01
0.01,0.0,0.01
0.03,0.0,0.03
0.01,0.027574081,-0.017574081
0.07,0.0068045184,0.06319548
0.15,0.0878818,0.062118202
0.21,0.15224639,0.057753608
0.22,0.2040937,0.015906304
0.25,0.21276468,0.03723532
0.17,0.234424,-0.06442399
0.18,0.15162596,0.028374046
0.19,0.17116667,0.018833324
0.13,0.17249124,-0.042491242
0.14,0.09825389,0.04174611
0.23,0.12471791,0.10528209
0.4,0.21671365,0.18328635
0.41,0.39382306,0.016176939
0.46,0.38409913,0.07590088
0.43,0.43479916,-0.0047991574
0.63,0.3985362,0.23146379
0.39,0.6294826,-0.23948264
0.34,0.3272798,0.012720197
0.48,0.31804463,0.16195536
0.37,0.4750861,-0.10508609
0.28,0.32391927,-0.043919265
0.24,0.24831185,-0.008311853
0.16,0.2137039,-0.053703904
0.11,0.12881687,-0.018816873
0.15,0.085452735,0.06454727
0.11,0.13282976,-0.022829756
0.1,0.08732435,0.01267565
0.07,0.07934718,-0.009347178
0.06,0.045205742,0.014794257
0.07,0.04128662,0.028713379
0.07,0.0524257,0.0175743
0.06,0.053555623,0.006444376
0.06,0.04831041,0.011689588
0.07,0.0482278,0.021772202
0.07,0.056126602,0.013873398
0.06,0.05866431,0.0013356879
0.07,0.042521477,0.027478524
0.11,0.05953043,0.05046957
0.1,0.10607149,-0.0060714856
0.11,0.09202685,0.017973147
0.14,0.10136189,0.038638107
0.16,0.13156812,0.028431877
0.16,0.15308909,0.0069109052
0.15,0.14671567,0.0032843351
0.11,0.13919461,-0.029194608
0.1,0.08926758,0.01073242
0.11,0.07801464,0.031985357
0.1,0.09624381,0.0037561879
0.1,0.08613157,0.013868429
0.12,0.084806174,0.035193823
0.18,0.10504063,0.074959375
0.33,0.17024145,0.15975857
0.44,0.3198334,0.1201666
0.41,0.4309193,-0.020919293
0.6,0.38052565,0.21947438
0.63,0.59644663,0.033553362
0.6,0.59816384,0.0018361807
0.68,0.5642184,0.115781605
0.65,0.6683036,-0.018303633
0.5,0.6097013,-0.109701276
0.45,0.44613346,0.0038665235
0.54,0.42998546,0.11001456
0.51,0.5287293,-0.01872933
0.29,0.46964446,-0.17964447
0.35,0.24961324,0.10038675
0.27,0.3423352,-0.07233518
0.02,0.23720172,-0.21720172
0.01,0.0,0.01
0.01,0.0,0.01
0.01,0.0,0.01
0.01,0.0,0.01
0.01,0.0,0.01
0.01,0.007603269,0.0023967307
0.01,0.0058776923,0.0041223075
0.01,0.0,0.01
0.01,0.0014399849,0.008560015
0.01,0.0018593818,0.008140618
0.01,0.0,0.01
0.01,0.0,0.01
0.01,0.0,0.01
0.01,0.0,0.01
0.01,0.0,0.01
0.01,0.0,0.01
0.01,0.0,0.01
0.01,0.0074227974,0.0025772024
0.01,0.0074096285,0.0025903713
0.01,0.006008804,0.003991196
0.01,0.0009800456,0.009019954
0.0,0.0,0.0
0.01,0.0,0.01
0.01,0.0,0.01
0.01,0.0,0.01
0.01,0.0,0.01
0.01,0.0013388917,0.008661108
0.01,0.0025280528,0.007471947
0.01,0.0,0.01
0.01,0.004389841,0.0056101587
0.01,0.0061925873,0.0038074125
0.01,0.0005232617,0.009476738
0.01,0.0,0.01
0.01,0.0,0.01
0.01,0.0,0.01
0.01,0.0,0.01
0.01,0.0,0.01
0.01,0.0,0.01
0.01,0.0004714094,0.00952859
0.01,0.006956041,0.003043959
0.01,0.006017927,0.0039820727
0.01,0.0078057684,0.0021942314
0.01,0.0073067285,0.0026932713
0.01,0.006801311,0.0031986888
0.01,0.0,0.01
0.01,0.0,0.01
0.01,0.0073123276,0.0026876722
0.03,0.015865594,0.014134405
0.01,0.020187631,-0.0101876315
0.01,0.0021232702,0.00787673
0.01,0.0,0.01
0.01,0.0,0.01
0.02,0.0,0.02
0.02,0.012746852,0.0072531477
0.06,0.0083354935,0.051664505
0.08,0.05524596,0.02475404
0.07,0.08014021,-0.01014021
0.07,0.06602618,0.0039738193
0.03,0.06107265,-0.031072652
0.04,0.01604347,0.02395653
0.13,0.037095852,0.09290414
0.16,0.1225198,0.037480198
0.15,0.15187567,-0.0018756688
0.16,0.13943055,0.020569444
0.15,0.1499048,9.520352e-05
0.21,0.12945376,0.08054623
0.22,0.2016142,0.018385798
0.25,0.20517962,0.044820383
0.25,0.23345855,0.016541451
0.23,0.23435175,-0.00435175
0.22,0.21214744,0.007852554
0.3,0.20490226,0.09509775
0.35,0.28363857,0.06636143
0.42,0.3334557,0.086544275
0.38,0.39586434,-0.015864342
0.39,0.35514393,0.03485605
0.4,0.36663064,0.033369362
0.41,0.37879476,0.031205237
0.51,0.38702354,0.12297645
0.46,0.4870307,-0.027030706
0.56,0.42135146,0.13864854
0.59,0.5551361,0.03486389
0.71,0.55963695,0.15036303
0.62,0.68479,-0.06479001
0.55,0.5617486,-0.011748612
0.73,0.50943816,0.22056186
0.63,0.7290374,-0.09903741
0.8,0.56798124,0.23201877
0.7,0.7869649,-0.086964905
0.85,0.633332,0.21666801
0.84,0.83316064,0.006839335
0.7,0.78007364,-0.080073655
0.75,0.62974834,0.120251656
0.85,0.73637605,0.11362398
0.84,0.8147229,0.025277078
0.76,0.77296233,-0.012962341
0.81,0.6950227,0.1149773
0.87,0.78807855,0.08192146
0.97,0.82084477,0.14915526
0.93,0.9268397,0.0031602979
0.89,0.85053885,0.039461136
0.79,0.8300531,-0.04005307
0.81,0.71598864,0.09401137
0.75,0.7851815,-0.035181522
0.72,0.67525434,0.044745684
0.76,0.6778288,0.0821712
0.73,0.7245871,0.005412936
0.5,0.6699542,-0.16995418
0.67,0.41593608,0.25406393
0.71,0.67942786,0.030572116
0.77,0.6615945,0.10840547
0.72,0.7342808,-0.014280796
0.86,0.655862,0.20413804
0.82,0.86194074,-0.04194075
0.65,0.74143875,-0.09143877
0.81,0.5727155,0.23728448
0.83,0.81057274,0.01942724
0.85,0.76759315,0.08240688
0.81,0.8065777,0.00342232
0.81,0.7460213,0.06397873
0.81,0.76560163,0.044398367
0.81,0.75700057,0.052999437
0.8,0.7692194,0.030780613
0.76,0.74873364,0.011266351
0.79,0.7075615,0.08243853
0.81,0.7517352,0.058264792
0.87,0.7581606,0.11183941
0.88,0.8329656,0.047034383
0.91,0.81755257,0.09244746
0.92,0.87684584,0.04315418
0.93,0.8833544,0.04664558
0.91,0.8762144,0.03378564
0.91,0.859949,0.050051033
0.91,0.83891404,0.07108599
0.9,0.85518074,0.044819236
0.9,0.8392929,0.060707092
0.91,0.8362415,0.07375854
0.86,0.8488314,0.011168599
0.84,0.78054583,0.059454143
0.77,0.7852752,-0.01527524
0.74,0.7033349,0.036665082
0.74,0.6973119,0.04268813
0.74,0.6927606,0.047239423
0.72,0.6965965,0.023403525
0.7,0.67109895,0.02890104
0.73,0.66140056,0.06859946
0.78,0.68824375,0.091756225
0.7,0.7407265,-0.040726483
0.74,0.64037585,0.09962416
0.84,0.71740556,0.122594416
0.81,0.8060664,0.0039336085
0.79,0.75007975,0.03992027
0.8,0.74750435,0.05249566
0.78,0.7529385,0.027061462
0.81,0.7282767,0.08172327
0.81,0.77315295,0.036847055
0.79,0.75237954,0.037620485
0.8,0.7422359,0.057764113
0.78,0.7590667,0.02093327
0.78,0.7265376,0.053462386
0.76,0.7335448,0.026455164
0.72,0.70795333,0.012046695
0.7,0.6722275,0.027772486
0.7,0.6629722,0.037027776
0.67,0.66076326,0.009236753
0.66,0.6250682,0.03493184
0.61,0.6215508,-0.011550784
0.63,0.56906533,0.060934663
0.63,0.60077226,0.029227734
0.55,0.60131896,-0.051318944
0.51,0.5075125,0.0024874806
0.48,0.48005778,-5.7786703e-05
0.55,0.45620468,0.09379533
0.5,0.5349195,-0.0349195
0.54,0.45762047,0.08237955
0.45,0.5214225,-0.07142252
0.47,0.40564573,0.06435427
0.52,0.44663063,0.073369354
0.5,0.499063,0.0009370148
0.37,0.46549663,-0.095496625
0.49,0.3309506,0.15904942
0.53,0.48068845,0.04931152
0.38,0.505725,-0.12572503
0.33,0.34305975,-0.013059735
0.29,0.3072655,-0.017265499
0.35,0.26982388,0.080176115
0.44,0.3387554,0.1012446
0.32,0.4226378,-0.1026378
0.3,0.28128096,0.018719047
0.33,0.28245062,0.047549397
0.3,0.31438157,-0.014381558
0.29,0.283334,0.0066660047
0.24,0.2673927,-0.0273927
0.27,0.22041544,0.049584568
0.26,0.2548254,0.0051745772
0.25,0.24284883,0.0071511716
0.29,0.23909868,0.05090131
0.23,0.26918212,-0.03918211
0.23,0.20861869,0.021381319
0.23,0.21081567,0.019184336
0.2,0.21076208,-0.010762081
0.22,0.18014365,0.039856344
0.23,0.20513168,0.024868324
0.24,0.20594014,0.034059852
0.2,0.22697653,-0.026976526
0.23,0.18253393,0.04746607
0.22,0.21489048,0.0051095188
0.24,0.19990547,0.040094525
0.24,0.22391069,0.016089305
0.17,0.21647246,-0.04647246
0.31,0.15097015,0.15902986
0.26,0.31215963,-0.052159637
0.24,0.2377825,0.0022175014
0.35,0.21381228,0.13618772
0.38,0.33998328,0.04001671
0.46,0.35752144,0.102478564
0.43,0.44079623,-0.010796219
0.49,0.40402424,0.085975766
0.5,0.46820796,0.031792045
0.54,0.47440597,0.06559405
0.55,0.5196795,0.030320525
0.53,0.5157081,0.0142918825
0.49,0.50076747,-0.01076746
0.6,0.45725903,0.142741
0.53,0.5843842,-0.05438423
0.54,0.48460546,0.05539456
0.53,0.51242006,0.017579913
0.52,0.50268006,0.017319918
0.39,0.48968956,-0.09968957
0.37,0.3394154,0.030584604
0.35,0.3551624,-0.005162418
0.44,0.3224467,0.11755329
0.29,0.4306143,-0.1406143
0.3,0.24537699,0.054623023
0.28,0.28386775,-0.0038677454
0.46,0.2591803,0.2008197
0.48,0.44916308,0.03083691
0.43,0.4435093,-0.013509303
0.44,0.39119202,0.04880798
0.45,0.41693065,0.033069342
0.44,0.4266049,0.013395101
0.46,0.4121149,0.04788512
0.46,0.43444976,0.025550246
0.44,0.4338343,0.0061656833
0.47,0.4122582,0.05774179
0.5,0.44200185,0.05799815
0.5,0.47180602,0.02819398
0.54,0.4710303,0.06896973
0.44,0.5124041,-0.07240409
0.46,0.39604214,0.06395787
0.35,0.4390218,-0.0890218
0.38,0.30797493,0.07202506
0.42,0.3619682,0.058031797
0.27,0.39776418,-0.12776417
0.48,0.2348109,0.24518909
0.56,0.4795958,0.08040419
0.6,0.53642046,0.06357956
0.67,0.5689281,0.101071894
0.65,0.6473278,0.0026721954
0.61,0.6095289,0.0004711151
0.71,0.5682199,0.14178008
0.61,0.7021315,-0.092131495
0.53,0.55103457,-0.021034598
0.43,0.49072936,-0.060729355
0.38,0.39634272,-0.01634273
0.34,0.35227355,-0.01227355
0.38,0.32170644,0.05829355
0.28,0.3619869,-0.081986904
0.22,0.24781695,-0.027816951
0.21,0.19527522,0.014724776
0.19,0.19666609,-0.006666094
0.2,0.1699636,0.030036405
0.2,0.18419857,0.01580143
0.21,0.18673794,0.023262054
0.21,0.20114821,0.0088517815
0.24,0.19594193,0.04405807
0.26,0.22261564,0.037384346
0.32,0.24067587,0.079324126
0.32,0.30259082,0.017409176
0.34,0.3084592,0.03154081
0.35,0.3278743,0.022125691
0.34,0.33172032,0.008279681
0.34,0.31958416,0.020415843
0.33,0.31306407,0.016935945
0.3,0.30659038,-0.0065903664
0.28,0.27993807,6.1929226e-05
0.3,0.25920615,0.040793866
0.32,0.28575897,0.03424102
0.33,0.30093828,0.029061735
0.36,0.30536807,0.05463195
0.37,0.34267035,0.027329654
0.31,0.3520561,-0.042056084
0.19,0.2837595,-0.09375951
0.06,0.16830996,-0.108309954
0.01,0.01920436,-0.00920436
0.01,0.0,0.01
0.01,0.0,0.01
0.01,0.0,0.01
0.01,0.0,0.01
0.01,0.0,0.01
0.01,0.0,0.01
0.01,0.0,0.01
0.01,0.0,0.01
0.01,0.0118855685,-0.0018855687
0.01,0.012523551,-0.0025235508
0.0,0.0049798414,-0.0049798414
0.01,0.0,0.01
0.0,0.0,0.0
0.01,0.0,0.01
0.01,0.0,0.01
0.01,0.010255031,-0.0002550315
0.01,0.003719423,0.006280577
0.01,0.0,0.01
0.01,0.0,0.01
0.01,0.0,0.01
0.01,0.0,0.01
0.01,0.0,0.01
0.01,0.0,0.01
0.01,0.0,0.01
0.01,0.0,0.01
0.01,0.0,0.01
0.01,0.00089048967,0.00910951
0.01,0.0,0.01
0.01,0.0,0.01
0.01,0.0,0.01
0.01,0.0,0.01
0.01,0.0,0.01
0.01,0.002016306,0.007983694
0.01,0.0041501,0.0058498997
0.01,0.0033144876,0.006685512
0.01,0.004327908,0.0056720916
0.01,0.0,0.01
0.01,0.0,0.01
0.01,0.0,0.01
0.01,0.0028916858,0.007108314
0.01,0.0069013573,0.0030986425
0.01,0.00592266,0.0040773395
0.01,0.00018336624,0.009816634
0.01,0.0,0.01
0.01,0.0006473884,0.009352611
0.0,0.0128279105,-0.0128279105
0.01,0.0,0.01
0.0,0.0,0.0
0.01,0.0,0.01
0.0,0.0,0.0
0.01,0.0,0.01
0.0,0.0,0.0
0.0,0.0,0.0
0.01,0.0,0.01
0.0,0.0,0.0
0.01,0.0,0.01
0.01,0.0,0.01
0.01,0.0036677532,0.0063322466
0.01,0.0,0.01
0.01,0.0,0.01
0.01,0.0006897822,0.009310218
0.01,0.0,0.01
0.01,0.0,0.01
0.01,0.0047442988,0.005255701
0.01,0.009446632,0.00055336766
0.05,0.00924347,0.04075653
0.03,0.049631093,-0.019631093
0.01,0.021332093,-0.011332093
0.0,0.0,0.0
0.01,0.0,0.01
0.01,0.0,0.01
0.01,0.0,0.01
0.02,0.00084134564,0.019158654
0.1,0.03264353,0.06735647
0.22,0.10779377,0.11220623
0.19,0.22221144,-0.032211438
0.18,0.18225572,-0.002255708
0.2,0.16769452,0.03230548
0.28,0.19107117,0.08892883
0.2,0.26560473,-0.06560473
0.12,0.17405534,-0.05405534
0.09,0.09783813,-0.00783813
0.06,0.06542759,-0.005427588
0.04,0.034372315,0.0056276843
0.01,0.014229462,-0.004229462
0.02,0.0,0.02
0.01,0.0050600506,0.004939949
0.11,0.007719651,0.10228035
0.13,0.10953551,0.020464487
0.21,0.122590855,0.08740914
0.19,0.20324826,-0.013248265
0.21,0.17832547,0.03167452
0.15,0.19257973,-0.042579725
0.15,0.13926414,0.010735869
0.24,0.1307109,0.109289095
0.14,0.23744467,-0.09744467
0.16,0.10958124,0.050418757
0.25,0.13920158,0.11079842
0.39,0.23487893,0.15512106
0.46,0.38294414,0.07705587
0.48,0.43359235,0.04640764
0.55,0.45231563,0.09768438
0.52,0.527684,-0.0076839924
0.45,0.48753032,-0.037530333
0.58,0.4099439,0.17005607
0.63,0.5714737,0.058526278
0.63,0.60357666,0.026423335
0.74,0.5900569,0.14994311
0.73,0.7265227,0.003477335
0.69,0.6787654,0.0112345815
0.7,0.6488451,0.05115491
0.63,0.6736903,-0.043690324
0.76,0.5743927,0.18560731
0.6,0.7608869,-0.16088688
0.86,0.5118084,0.34819162
0.93,0.8816595,0.0483405
0.94,0.8915049,0.048495114
0.98,0.8884026,0.09159744
0.97,0.9250984,0.04490161
0.97,0.91122806,0.058771968
0.97,0.9119463,0.058053732
0.97,0.89126074,0.078739285
0.97,0.9185467,0.051453352
0.97,0.9102863,0.05971372
0.44,0.9017936,-0.4617936
0.03,0.26720273,-0.23720273
0.01,0.0,0.01
0.7,0.00883545,0.69116455
0.94,0.7610452,0.17895478
0.84,0.89878607,-0.058786094
0.92,0.74094737,0.17905265
0.97,0.8820623,0.08793771
0.97,0.92439127,0.04560876
0.97,0.91410613,0.055893898
0.97,0.91485953,0.055140495
0.97,0.91926825,0.05073178
0.97,0.90563214,0.06436789
0.97,0.9253192,0.044680834
0.97,0.90537405,0.06462598
0.97,0.90781176,0.062188268
0.97,0.929705,0.040295005
0.97,0.92975366,0.040246367
0.97,0.91427326,0.055726767
0.97,0.91310847,0.05689156
0.97,0.9130162,0.05698383
0.97,0.9000274,0.069972634
0.97,0.8970853,0.07291472
0.84,0.8885989,-0.048598945
0.58,0.73628473,-0.15628475
0.84,0.4841481,0.3558519
0.84,0.8673986,-0.027398646
0.92,0.7512487,0.1687513
0.96,0.8733803,0.086619675
0.97,0.8981199,0.0718801
0.97,0.9054985,0.064501524
0.97,0.915979,0.054021
0.92,0.899639,0.020361006
0.93,0.8508564,0.079143584
0.95,0.87973106,0.07026893
0.94,0.89122,0.048780024
0.97,0.87483406,0.09516597
0.96,0.92356515,0.03643483
0.95,0.8813926,0.06860739
0.97,0.8948587,0.07514131
0.97,0.90867794,0.061322093
0.97,0.90841234,0.06158769
0.97,0.9128221,0.0571779
0.92,0.8985503,0.021449745
0.89,0.84200907,0.04799092
0.87,0.83496,0.03504002
0.8,0.8089862,-0.008986175
0.67,0.7319163,-0.06191629
0.69,0.61291826,0.07708174
0.49,0.66251254,-0.17251253
0.42,0.41327325,0.006726742
0.5,0.39066997,0.10933003
0.5,0.47565374,0.024346262
0.41,0.46341267,-0.053412676
0.35,0.36952755,-0.019527555
0.32,0.3205714,-0.0005713999
0.33,0.29801863,0.03198138
0.29,0.3123184,-0.022318423
0.27,0.26718932,0.0028106868
0.24,0.2527335,-0.012733504
0.25,0.2194381,0.030561894
0.32,0.23551342,0.084486574
0.33,0.30940345,0.020596564
0.29,0.30716506,-0.017165065
0.31,0.27111444,0.038885564
0.3,0.289795,0.010205001
0.29,0.2827846,0.0072153807
0.3,0.27215928,0.027840734
0.29,0.28308016,0.006919831
0.22,0.26569077,-0.045690775
0.22,0.20528042,0.014719576
0.22,0.19940412,0.020595878
0.2,0.20213017,-0.0021301657
0.21,0.18409896,0.025901034
0.22,0.19614103,0.023858964
0.22,0.20195511,0.018044889
0.22,0.20126837,0.018731624
0.2,0.20357454,-0.0035745353
0.2,0.18026745,0.01973255
0.27,0.18486857,0.08513144
0.26,0.25645334,0.0035466552
0.21,0.23887508,-0.028875083
0.15,0.19223893,-0.04223892
0.18,0.12708256,0.05291745
0.2,0.16447876,0.03552124
0.22,0.18592137,0.034078628
0.17,0.2007277,-0.0307277
0.23,0.15154833,0.07845168
0.32,0.21837875,0.10162124
0.33,0.30428758,0.02571243
0.39,0.3058975,0.08410248
0.42,0.375811,0.044188976
0.44,0.39565617,0.04434383
0.53,0.41500494,0.11499503
0.49,0.51440096,-0.02440095
0.56,0.45593488,0.10406512
0.46,0.54117167,-0.08117166
0.51,0.4164888,0.093511194
0.58,0.49196574,0.08803424
0.61,0.5572182,0.05278182
0.55,0.5796943,-0.02969426
0.53,0.5077809,0.022219062
0.49,0.499701,-0.009700984
0.5,0.45731118,0.042688817
0.44,0.47445405,-0.034454048
0.38,0.4012646,-0.021264613
0.41,0.3495517,0.06044829
0.43,0.38469493,0.045305073
0.41,0.4049505,0.005049497
0.48,0.37912303,0.10087696
0.47,0.45967636,0.010323644
0.51,0.43789622,0.07210377
0.52,0.4847977,0.035202295
0.53,0.4931621,0.036837876
0.58,0.4988062,0.081193775
0.67,0.55729115,0.11270887
0.72,0.6457684,0.074231625
0.67,0.6869111,-0.01691109
0.67,0.6217669,0.04823309
0.73,0.6390313,0.09096873
0.75,0.7050382,0.04496181
0.82,0.710523,0.10947698
0.84,0.78530633,0.05469364
0.84,0.79016995,0.04983002
0.84,0.7898997,0.050100267
0.86,0.7900076,0.06999242
0.88,0.8241737,0.055826306
0.87,0.8420576,0.027942419
0.89,0.82489383,0.06510615
0.9,0.8556113,0.04438865
0.9,0.83996403,0.060035944
0.88,0.84368265,0.03631735
0.87,0.8122008,0.05779922
0.83,0.80950606,0.020493925
0.86,0.75886834,0.10113168
0.78,0.81555736,-0.03555739
0.68,0.7048807,-0.024880707
0.76,0.6214912,0.1385088
0.79,0.73377025,0.05622977
0.79,0.7401725,0.049827516
0.79,0.7353234,0.054676592
0.74,0.74436975,-0.0043697357
0.65,0.67762256,-0.02762258
0.66,0.6060463,0.053953707
0.58,0.62651503,-0.046515048
0.57,0.52252865,0.047471344
0.58,0.5401168,0.039883196
0.65,0.54724526,0.10275471
0.69,0.62610936,0.063890636
0.66,0.6594908,0.0005092025
0.58,0.6115886,-0.031588614
0.54,0.5352322,0.004767835
0.44,0.5066358,-0.06663579
0.5,0.4054889,0.09451109
0.52,0.4878275,0.03217247
0.52,0.48584062,0.034159362
0.59,0.4911089,0.09889108
0.59,0.5706849,0.019315064
0.53,0.5531554,-0.02315545
0.46,0.49048093,-0.030480921
0.37,0.4291964,-0.059196383
0.44,0.33974013,0.10025987
0.51,0.42563796,0.08436203
0.3,0.48846164,-0.18846163
0.01,0.2583684,-0.2483684
0.0,0.0,0.0
0.01,0.0,0.01
0.01,0.0,0.01
0.01,0.0,0.01
0.01,0.0,0.01
0.01,0.0,0.01
0.01,0.0,0.01
0.01,0.006496448,0.0035035517
0.08,0.010775119,0.06922488
0.28,0.07803388,0.20196612
0.78,0.29307464,0.48692533
0.96,0.7943834,0.16561657
0.97,0.95603764,0.013962388
0.77,0.91669536,-0.14669538
0.76,0.69162786,0.06837213
0.67,0.7384087,-0.06840867
0.58,0.63172805,-0.05172807
0.27,0.54536223,-0.27536222
0.04,0.2051081,-0.16510811
0.01,0.0,0.01
0.03,0.0067033805,0.023296619
0.13,0.013299037,0.11670096
0.11,0.118753634,-0.008753635
0.09,0.106038645,-0.016038641
0.09,0.06833731,0.021662697
0.04,0.07199922,-0.031999223
0.09,0.011255864,0.07874414
0.23,0.08206322,0.14793679
0.8,0.22685325,0.57314676
0.66,0.8102828,-0.1502828
0.47,0.6182164,-0.1482164
0.42,0.43451062,-0.014510632
0.47,0.40365577,0.06634423
0.57,0.45788303,0.11211696
0.42,0.5578048,-0.13780484
0.27,0.3738511,-0.10385108
0.34,0.24327873,0.09672128
0.3,0.3299456,-0.029945582
0.18,0.27171442,-0.09171441
0.19,0.15467499,0.035325006
0.25,0.17463417,0.07536583
0.19,0.23630455,-0.046304554
0.09,0.16500928,-0.07500927
0.05,0.06320546,-0.0132054575
0.05,0.025138043,0.024861958
0.03,0.029184699,0.0008153003
0.02,0.0075300373,0.012469962
0.02,0.0016235337,0.018376466
0.01,0.0017415918,0.008258408
0.01,0.0,0.01
0.01,0.023769263,-0.013769263
0.01,0.011655856,-0.0016558561
0.01,0.0,0.01
0.01,0.0,0.01
0.01,0.009494875,0.00050512515
0.01,0.0120567195,-0.0020567197
0.01,0.0,0.01
0.01,0.0,0.01
0.04,0.00341589,0.03658411
0.09,0.028745905,0.0612541
0.27,0.09028635,0.17971367
0.35,0.27073613,0.079263866
0.38,0.34679565,0.033204347
0.39,0.3663427,0.023657292
0.4,0.37259892,0.02740109
0.37,0.3855687,-0.015568703
0.32,0.34958342,-0.029583424
0.36,0.301025,0.05897501
0.32,0.342801,-0.022801012
0.3,0.29919538,0.0008046329
0.31,0.28384462,0.026155382
0.25,0.29333106,-0.043331057
0.31,0.22539237,0.08460763
0.22,0.29580054,-0.07580054
0.09,0.18867126,-0.09867126
0.13,0.06390539,0.06609461
0.08,0.11037135,-0.030371353
0.04,0.055678725,-0.015678726
0.03,0.016315639,0.01368436
0.06,0.013809018,0.04619098
0.03,0.046726,-0.016726
0.02,0.013147045,0.0068529546
0.01,0.00023977458,0.009760225
0.01,0.0,0.01
0.01,0.0,0.01
0.01,0.0,0.01
0.01,0.00063914806,0.009360852
0.02,0.0063882507,0.013611749
0.04,0.011214629,0.02878537
0.03,0.03129801,-0.0012980122
0.04,0.024932437,0.015067562
0.06,0.035391495,0.024608504
0.04,0.051990535,-0.011990536
0.04,0.028455418,0.0115445815
0.04,0.02842557,0.0115744285
0.04,0.030985001,0.009014998
0.05,0.029363886,0.020636115
0.03,0.035522297,-0.0055222977
0.03,0.018914953,0.011085046
0.05,0.015821606,0.034178395
0.07,0.038321007,0.031678993
0.04,0.06518265,-0.02518265
0.05,0.024546497,0.025453504
0.06,0.035904624,0.024095375
0.06,0.053547777,0.0064522214
0.07,0.050481543,0.019518457
0.11,0.059072606,0.050927393
0.08,0.111778066,-0.031778067
0.06,0.07546377,-0.015463773
0.04,0.041730694,-0.0017306954
0.05,0.0050561726,0.044943828
0.05,0.026591927,0.023408074
0.1,0.027558368,0.07244164
0.5,0.091741145,0.40825886
0.51,0.5240734,-0.0140734315
0.34,0.51073116,-0.17073116
0.3,0.32336655,-0.02336654
0.3,0.2850851,0.0149149
0.28,0.28803226,-0.008032262
0.29,0.26689315,0.023106843
0.5,0.27661058,0.22338942
0.38,0.49360853,-0.11360854
0.32,0.34507862,-0.025078624
0.27,0.30236635,-0.032366335
0.33,0.25710332,0.07289669
0.3,0.32457057,-0.024570554
0.28,0.28242165,-0.0024216473
0.19,0.2574698,-0.067469805
0.18,0.15428692,0.025713086
0.16,0.15446293,0.005537063
0.08,0.13791318,-0.057913184
0.04,0.057847727,-0.017847728
0.05,0.0023540407,0.04764596
0.08,0.029722422,0.050277576
0.04,0.07142924,-0.03142924
0.53,0.049242098,0.48075786
0.23,0.58002007,-0.35002005
0.58,0.1926218,0.3873782
0.32,0.577436,-0.25743598
0.29,0.278902,0.011097997
0.9,0.26566696,0.634333
0.59,0.9336889,-0.3436889
0.37,0.5056049,-0.13560492
0.28,0.33096144,-0.050961435
0.09,0.25870025,-0.16870025
0.01,0.048642047,-0.03864205
0.01,0.0,0.01
0.19,0.0,0.19
0.08,0.19170117,-0.111701176
0.12,0.06484306,0.05515694
0.11,0.1079645,0.0020354986
0.22,0.08902425,0.13097575
0.18,0.21220234,-0.032202333
0.15,0.16973713,-0.019737124
0.05,0.13565804,-0.08565804
0.04,0.027675312,0.012324687
0.03,0.0145849995,0.015415
0.03,0.016882233,0.013117766
0.01,0.010396663,-0.00039666332
0.01,0.0,0.01
0.01,0.0,0.01
0.01,0.0,0.01
0.01,0.0,0.01
0.01,0.0067948103,0.0032051895
0.01,0.027448613,-0.017448613
0.03,0.00784919,0.022150809
0.02,0.0254878,-0.0054877996
0.07,0.0043663345,0.06563367
0.24,0.07212419,0.1678758
0.18,0.24544248,-0.06544247
0.27,0.18143141,0.0885686
0.36,0.2635721,0.09642792
0.28,0.35301974,-0.07301974
0.26,0.26947224,-0.009472251
0.16,0.24897939,-0.08897939
0.12,0.14735875,-0.027358748
0.1,0.10872638,-0.008726381
0.13,0.084274605,0.04572539
0.06,0.12014608,-0.060146082
0.11,0.040699348,0.06930065
0.25,0.09427112,0.15572888
0.18,0.24152143,-0.061521426
0.16,0.16870824,-0.008708239
0.13,0.14624386,-0.01624386
0.12,0.11467398,0.0053260177
0.11,0.104962416,0.0050375834
0.09,0.097110525,-0.007110521
0.09,0.07636903,0.013630971
0.04,0.07841687,-0.03841687
0.01,0.017979354,-0.007979354
0.01,0.0,0.01
0.02,0.0,0.02
0.07,0.010973569,0.05902643
0.05,0.06681667,-0.016816672
0.03,0.040045,-0.010045001
0.07,0.021135885,0.048864115
0.1,0.07055944,0.02944056
0.06,0.10313932,-0.04313932
0.01,0.047324125,-0.037324123
0.01,0.0,0.01
0.01,0.0,0.01
0.03,0.0007032342,0.029296765
0.12,0.02948559,0.09051441
0.08,0.12420252,-0.04420252
0.05,0.06881104,-0.018811036
0.01,0.029296715,-0.019296715
0.1,0.0,0.1
0.09,0.09521596,-0.0052159578
0.07,0.08171407,-0.011714071
0.04,0.05816899,-0.01816899
0.01,0.02745489,-0.01745489
0.0,0.0,0.0
0.01,0.0,0.01
0.01,0.0,0.01
0.01,0.0,0.01
0.01,0.0,0.01
0.01,0.0,0.01
0.01,0.0,0.01
0.01,0.008118596,0.0018814038
0.01,0.0,0.01
0.01,0.0,0.01
0.01,0.0,0.01
0.01,0.0004734695,0.00952653
0.01,0.00020228699,0.009797713
0.01,0.013879057,-0.0038790572
0.02,0.0066137835,0.013386216
0.02,0.0073647387,0.012635261
0.02,0.019531898,0.00046810135
0.01,0.010810144,-0.00081014447
0.02,0.010839704,0.009160295
0.01,0.0059531145,0.0040468853
0.01,0.0,0.01
0.03,0.004797213,0.025202787
0.04,0.018950853,0.021049146
0.04,0.028555926,0.011444073
0.05,0.03233873,0.01766127
0.07,0.039923705,0.030076295
0.09,0.064769514,0.02523049
0.11,0.08607407,0.02392593
0.17,0.10169478,0.068305224
0.23,0.16580611,0.06419389
0.16,0.22631747,-0.06631747
0.15,0.14358357,0.00641644
0.21,0.13442126,0.075578734
0.25,0.19822161,0.05177839
0.29,0.2445384,0.045461595
0.36,0.2773202,0.08267981
0.34,0.33839437,0.0016056299
0.36,0.32219368,0.037806332
0.31,0.35000968,-0.040009677
0.27,0.29778212,-0.027782112
0.18,0.25815284,-0.078152835
0.19,0.15196238,0.038037613
0.23,0.17039084,0.05960916
0.17,0.21413934,-0.04413934
0.23,0.14965849,0.08034152
0.22,0.21948728,0.00051271915
0.19,0.20569679,-0.015696794
0.19,0.18054336,0.0094566345
0.15,0.16984445,-0.019844443
0.13,0.13077421,-0.00077421963
0.12,0.10990587,0.010094129
0.13,0.10514639,0.024853602
0.17,0.115553364,0.054446638
0.03,0.15871376,-0.12871376
0.07,0.0,0.07
0.03,0.05692616,-0.026926162
0.01,0.010584641,-0.0005846415
0.01,0.0,0.01
0.06,0.00069379434,0.059306204
0.03,0.057313386,-0.027313387
0.04,0.014805201,0.025194798
0.03,0.028289482,0.0017105173
0.02,0.017881125,0.0021188743
0.01,0.0019762293,0.0080237705
0.0,0.0,0.0
0.01,0.0,0.01
0.01,0.0,0.01
0.01,0.0,0.01
0.0,0.010426711,-0.010426711
0.01,0.0,0.01
0.01,0.0,0.01
0.0,0.010081161,-0.010081161
0.01,0.0,0.01
0.03,0.006849665,0.023150334
0.01,0.028765626,-0.018765626
0.01,0.0025724322,0.0074275676
0.01,0.0,0.01
0.01,0.0017524362,0.008247564
0.01,0.0,0.01
0.01,0.009754498,0.00024550222
0.01,0.0,0.01
0.01,0.002151873,0.007848127
0.01,0.0,0.01
0.01,0.0,0.01
0.01,0.0,0.01
0.01,0.0,0.01
0.01,0.0116884485,-0.0016884487
0.01,0.004981853,0.0050181467
0.01,0.0,0.01
0.01,0.0,0.01
0.02,0.0,0.02
0.07,0.016687699,0.0533123
0.09,0.084815115,0.005184889
0.11,0.10006511,0.009934887
0.1,0.12070002,-0.020700015
0.08,0.09888812,-0.018888123
0.09,0.06725362,0.022746384
0.09,0.07654144,0.013458565
0.21,0.078628704,0.13137129
0.27,0.20609826,0.06390175
0.34,0.27431777,0.06568223
0.23,0.34018022,-0.110180214
0.2,0.20892626,-0.0089262575
0.39,0.18166548,0.2083345
0.3,0.38703424,-0.087034225
0.31,0.27838236,0.03161764
0.39,0.29547527,0.09452471
0.53,0.37749133,0.15250865
0.3,0.51513815,-0.21513814
0.28,0.27316633,0.0068336725
0.33,0.26293054,0.06706947
0.36,0.3255345,0.03446552
0.38,0.34715942,0.03284058
0.36,0.3662915,-0.006291479
0.25,0.3479164,-0.097916394
0.22,0.22308522,-0.0030852258
0.44,0.20822734,0.23177266
0.79,0.43260637,0.35739365
0.94,0.78994477,0.15005523
0.91,0.89999485,0.010005176
0.94,0.84361947,0.09638053
0.96,0.8948815,0.06511849
0.94,0.9116484,0.028351605
0.88,0.88162494,-0.0016249418
0.93,0.8207129,0.10928708
0.91,0.8850988,0.024901211
0.83,0.8515568,-0.021556795
0.86,0.76037025,0.09962976
0.83,0.82618713,0.0038128495
0.75,0.76228034,-0.012280345
0.77,0.6915624,0.07843757
0.86,0.73213816,0.12786186
0.72,0.8240782,-0.10407817
0.81,0.6314956,0.1785044
0.92,0.7958938,0.12410623
0.88,0.8769686,0.003031373
0.93,0.8049109,0.12508911
0.94,0.88689995,0.05310005
0.89,0.8871579,0.0028420687
0.8,0.825963,-0.025963008
0.82,0.735119,0.08488101
0.84,0.7853569,0.054643095
0.66,0.79181695,-0.13181692
0.63,0.5684414,0.061558604
0.79,0.6086353,0.18136472
0.56,0.76752543,-0.20752543
0.58,0.45935547,0.12064451
0.63,0.56311893,0.06688106
0.53,0.6109735,-0.080973506
0.48,0.4681056,0.011894375
0.5,0.44987503,0.050124973
0.35,0.47021583,-0.12021583
0.37,0.3025585,0.06744149
0.22,0.3547615,-0.13476151
0.27,0.17806882,0.091931194
0.36,0.26373127,0.09626874
0.22,0.340437,-0.120436996
0.24,0.18395856,0.056041434
0.41,0.22238682,0.18761317
0.26,0.4003651,-0.14036512
0.25,0.22174719,0.02825281
0.31,0.22726569,0.08273432
0.22,0.30239627,-0.08239627
0.28,0.19178629,0.08821371
0.31,0.26215845,0.04784155
0.27,0.29518566,-0.025185645
0.16,0.24348444,-0.08348444
0.27,0.13173985,0.13826016
0.28,0.26272756,0.017272443
0.33,0.26285228,0.06714773
0.31,0.30840147,0.001598537
0.37,0.291279,0.07872102
0.3,0.34942552,-0.049425513
0.31,0.27142847,0.038571537
0.33,0.28930548,0.040694535
0.33,0.30870694,0.021293074
0.28,0.3068592,-0.026859194
0.35,0.2543044,0.095695585
0.43,0.33355987,0.09644014
0.52,0.40997908,0.110020906
0.52,0.49582627,0.024173707
0.62,0.48632276,0.13367724
0.65,0.6017724,0.04822755
0.5,0.62722874,-0.12722874
0.28,0.45944825,-0.17944825
0.08,0.24123353,-0.16123353
0.06,0.03357262,0.026427377
0.02,0.041104604,-0.021104604
0.01,0.0,0.01
0.01,0.0,0.01
0.0,0.0,0.0
0.01,0.0,0.01
0.01,0.0,0.01
0.03,0.009783439,0.02021656
0.2,0.038501035,0.16149896
0.88,0.20329371,0.6767063
0.33,0.8818003,-0.55180025
0.1,0.28454575,-0.18454576
0.22,0.071106896,0.1488931
0.14,0.22498408,-0.08498408
0.24,0.13029793,0.109702066
0.16,0.22979996,-0.06979996
0.33,0.14495191,0.1850481
0.5,0.32367226,0.17632774
0.29,0.4914113,-0.2014113
0.24,0.2574293,-0.017429307
0.61,0.22058167,0.38941836
0.76,0.61823297,0.14176702
0.57,0.7364886,-0.16648859
0.59,0.50902045,0.080979526
0.59,0.5696819,0.02031809
0.59,0.5653355,0.024664462
0.62,0.55635786,0.063642144
0.5,0.5906501,-0.09065008
0.26,0.45632383,-0.19632384
0.09,0.21912882,-0.12912881
0.01,0.065419234,-0.055419236
0.01,0.0026525483,0.0073474515
0.0,0.0,0.0
0.01,0.0,0.01
0.02,0.0,0.02
0.11,0.010365333,0.09963466
0.09,0.112753816,-0.022753812
0.14,0.08911814,0.050881863
0.28,0.1364502,0.1435498
0.87,0.26773918,0.6022608
0.22,0.88512194,-0.6651219
0.38,0.17525098,0.20474902
0.39,0.3694146,0.020585388
0.55,0.38469598,0.16530403
0.38,0.53761494,-0.15761495
0.11,0.33800903,-0.22800903
0.07,0.07034683,-0.00034683198
0.2,0.04967271,0.1503273
0.46,0.19253594,0.26746407
0.36,0.4621869,-0.10218689
0.5,0.3426912,0.15730879
0.74,0.48038247,0.25961754
0.45,0.7230382,-0.2730382
0.48,0.39394274,0.086057246
0.8,0.46864584,0.33135417
0.72,0.80666935,-0.086669326
0.1,0.65735555,-0.5573555
0.06,0.023583062,0.036416937
0.03,0.087128386,-0.057128385
0.01,0.005030453,0.0049695466
0.0,0.0,0.0
0.07,0.0,0.07
0.03,0.06169493,-0.031694934
0.01,0.0044883974,0.0055116024
0.01,0.0,0.01
0.01,0.0,0.01
0.0,0.008970641,-0.008970641
0.01,0.0034421943,0.0065578055
0.01,0.0,0.01
0.11,0.012907673,0.09709233
0.18,0.121999934,0.058000073
0.32,0.18660302,0.13339697
0.38,0.32376924,0.056230754
0.58,0.37667844,0.20332155
0.64,0.5809394,0.059060574
0.58,0.62373805,-0.043738067
0.27,0.54843974,-0.27843973
0.16,0.22929753,-0.06929754
0.09,0.14745706,-0.05745706
0.04,0.06992454,-0.029924542
0.03,0.007928364,0.022071635
0.04,0.008162878,0.03183712
0.08,0.024764389,0.05523561
0.05,0.06960975,-0.019609746
0.05,0.034504324,0.015495677
0.01,0.037665173,-0.027665174
0.03,0.0,0.03
0.05,0.024974454,0.025025547
0.02,0.038611602,-0.018611602
0.03,0.006486587,0.023513412
0.01,0.024769895,-0.014769895
0.01,0.0,0.01
0.01,0.0,0.01
0.01,0.0,0.01
0.01,0.0,0.01
0.01,0.0050796084,0.0049203914
0.01,0.0036462694,0.0063537303
0.01,0.0,0.01
0.0,0.0046355575,-0.0046355575
0.01,0.0,0.01
0.01,0.0,0.01
0.01,0.005993955,0.004006045
0.01,0.0032732897,0.00672671
0.01,0.0,0.01
0.01,0.0,0.01
0.01,0.0039346814,0.0060653184
0.0,0.0018123463,-0.0018123463
0.01,0.0,0.01
0.01,0.0,0.01
0.01,0.00486321,0.0051367898
0.01,0.0,0.01
0.01,0.00023756176,0.009762438
0.01,0.0,0.01
0.02,0.009829957,0.0101700425
0.01,0.014248971,-0.004248971
0.02,0.0,0.02
0.05,0.014893599,0.035106402
0.04,0.046544034,-0.006544035
0.03,0.030896489,-0.00089648925
0.05,0.027536303,0.022463698
0.06,0.04603551,0.013964489
0.04,0.05009704,-0.010097042
0.04,0.025524113,0.014475886
0.03,0.027501762,0.0024982374
0.06,0.019615378,0.04038462
0.11,0.053314444,0.056685556
0.07,0.10273402,-0.03273402
0.26,0.058464736,0.20153525
0.23,0.26525864,-0.035258636
0.16,0.21599373,-0.055993736
0.1,0.14652285,-0.04652285
0.08,0.081027225,-0.0010272264
0.09,0.057925865,0.03207414
0.11,0.08024113,0.02975887
0.07,0.10016391,-0.030163907
0.15,0.04930322,0.10069679
0.23,0.14067256,0.08932744
0.41,0.22310677,0.18689322
0.41,0.4070883,0.002911687
0.38,0.392007,-0.012006998
0.4,0.35469303,0.04530698
0.52,0.38496426,0.13503572
0.82,0.5057448,0.31425518
0.93,0.82551336,0.104486644
0.96,0.88743377,0.07256621
0.98,0.9043162,0.07568383
0.97,0.93757176,0.032428265
0.97,0.9242892,0.045710802
0.96,0.89627707,0.06372291
0.93,0.9089402,0.021059811
0.87,0.86502934,0.0049706697
0.92,0.80733955,0.11266047
0.81,0.8868089,-0.07680887
0.75,0.7187717,0.031228304
0.8,0.71678066,0.08321935
0.76,0.75114405,0.008855939
0.64,0.69975567,-0.059755683
0.52,0.589267,-0.069267035
0.38,0.47194195,-0.09194195
0.43,0.33999524,0.09000477
0.36,0.4192973,-0.059297293
0.31,0.3223448,-0.012344807
0.39,0.28310588,0.106894106
0.43,0.374982,0.055018008
0.53,0.40244353,0.12755644
0.67,0.5058055,0.16419452
0.86,0.6534622,0.20653784
0.79,0.82699263,-0.03699261
0.83,0.72586346,0.10413653
0.72,0.8025193,-0.08251929
0.49,0.66500497,-0.17500496
0.52,0.43132454,0.08867544
0.65,0.51056707,0.1394329
0.78,0.64038515,0.13961482
0.74,0.7524276,-0.012427568
0.69,0.68338346,0.006616533
0.4,0.6461557,-0.24615571
0.38,0.33902413,0.04097587
0.21,0.37316433,-0.16316433
0.01,0.17593639,-0.16593638
0.04,0.0,0.04
0.76,0.039443757,0.72055626
0.81,0.7707925,0.039207518
0.81,0.7698797,0.040120304
0.81,0.75795054,0.052049458
0.73,0.76943433,-0.039434314
0.53,0.67689574,-0.14689577
0.28,0.48446774,-0.20446774
0.03,0.24527396,-0.21527396
0.01,0.0,0.01
0.01,0.0,0.01
0.01,0.0,0.01
0.01,0.0,0.01
0.01,0.0,0.01
0.01,0.0,0.01
0.01,0.007107297,0.0028927028
0.01,0.010825509,-0.0008255094
0.05,0.01406521,0.03593479
0.07,0.05148354,0.018516459
0.08,0.0741566,0.005843401
0.21,0.0844427,0.1255573
0.14,0.21911415,-0.079114154
0.01,0.14765093,-0.13765092
0.01,0.0034734383,0.0065265615
0.04,0.0,0.04
0.16,0.043844536,0.11615546
0.21,0.1602988,0.0497012
0.24,0.20914435,0.03085564
0.23,0.23540051,-0.0054005086
0.17,0.22426654,-0.054266542
0.17,0.16645822,0.0035417825
0.22,0.160904,0.059095994
0.2,0.21171013,-0.011710122
0.16,0.19587082,-0.03587082
0.03,0.1512977,-0.1212977
0.01,0.0036973394,0.0063026603
0.01,0.0,0.01
0.01,0.0,0.01
0.01,0.0,0.01
0.01,0.0,0.01
0.01,0.0,0.01
0.01,0.0084417425,0.0015582573
0.01,0.011761751,-0.0017617512
0.01,0.009208981,0.0007910188
0.01,0.0049133077,0.005086692
0.01,0.0,0.01
0.01,0.0,0.01
0.01,0.0,0.01
0.0,0.010058545,-0.010058545
0.01,0.004780112,0.005219888
0.01,0.0020293668,0.007970633
0.01,0.0,0.01
0.01,0.0,0.01
0.01,0.0009203255,0.009079674
0.03,0.017693914,0.012306085
0.1,0.039682753,0.060317248
0.29,0.1065321,0.1834679
0.45,0.29305723,0.15694275
0.75,0.45480767,0.29519233
0.79,0.7414963,0.048503697
0.57,0.76664054,-0.19664055
0.6,0.52897215,0.071027875
0.5,0.5899458,-0.08994579
0.2,0.47394446,-0.27394444
0.06,0.17131299,-0.111312985
0.07,0.035308465,0.034691535
0.04,0.05702436,-0.01702436
0.01,0.020704713,-0.010704713
0.04,0.0,0.04
0.02,0.027614381,-0.0076143816
0.07,0.006542325,0.063457675
0.15,0.06856006,0.08143995
0.23,0.15175101,0.07824899
0.26,0.22300485,0.036995143
0.18,0.2547529,-0.0747529
0.16,0.1743473,-0.0143473
0.18,0.14580375,0.034196258
0.14,0.17451087,-0.034510866
0.11,0.12677151,-0.01677151
0.11,0.09215133,0.01784867
0.08,0.095192894,-0.015192896
0.09,0.06701064,0.022989362
0.07,0.076339796,-0.006339796
0.06,0.05701971,0.0029802881
0.05,0.04381014,0.0061898604
0.03,0.03787129,-0.007871291
0.01,0.014324009,-0.0043240096
0.01,0.0,0.01
0.01,0.0,0.01
0.02,0.0035326853,0.016467314
0.01,0.01011084,-0.000110840425
0.02,0.0034810975,0.016518902
0.01,0.012466464,-0.0024664644
0.01,0.0,0.01
0.0,0.0,0.0
0.01,0.0,0.01
0.04,0.0,0.04
0.1,0.041477215,0.058522787
0.21,0.10190558,0.10809442
0.28,0.21250938,0.06749062
0.24,0.28413263,-0.044132635
0.21,0.23378591,-0.023785919
0.16,0.20565294,-0.04565294
0.15,0.15016323,-0.00016322732
0.18,0.13476072,0.045239285
0.17,0.17174833,-0.0017483234
0.19,0.1649869,0.025013104
0.24,0.18091473,0.059085265
0.1,0.22915831,-0.12915832
0.1,0.072988816,0.027011186
0.14,0.08475244,0.05524756
0.15,0.12795566,0.022044346
0.28,0.14731827,0.13268173
0.4,0.26959035,0.13040966
0.54,0.38975236,0.15024766
0.51,0.54006076,-0.030060768
0.38,0.48642483,-0.10642484
0.15,0.35262433,-0.20262432
0.31,0.12102878,0.18897122
0.44,0.30634364,0.13365635
0.51,0.42881683,0.081183165
0.71,0.48259482,0.22740516
0.92,0.69517183,0.22482818
0.85,0.90016556,-0.050165534
0.7,0.78818536,-0.08818537
0.49,0.64393747,-0.15393746
0.27,0.44319984,-0.17319983
0.28,0.2431326,0.036867395
0.31,0.27553266,0.03446734
0.3,0.2998095,0.00019052625
0.24,0.27979967,-0.039799675
0.24,0.21935157,0.02064842
0.3,0.22051637,0.07948364
0.22,0.2900796,-0.070079595
0.19,0.19831917,-0.008319169
0.28,0.1747541,0.1052459
0.26,0.26370737,-0.003707379
0.37,0.25252533,0.117474675
0.45,0.35601622,0.09398377
0.56,0.43750787,0.122492135
0.57,0.5472115,0.022788465
0.53,0.55080414,-0.020804167
0.58,0.50646603,0.07353395
0.61,0.572001,0.037999034
0.71,0.58680654,0.12319344
0.61,0.686885,-0.076884985
0.58,0.5752654,0.0047345757
0.54,0.5572339,-0.017233908
0.34,0.5178342,-0.17783418
0.11,0.3094556,-0.1994556
0.2,0.08217213,0.11782787
0.37,0.19384232,0.17615768
0.53,0.3613138,0.16868618
0.69,0.5124005,0.17759949
0.67,0.66490734,0.0050926805
0.7,0.6323291,0.06767088
0.56,0.66575205,-0.10575205
0.56,0.5249908,0.035009205
0.61,0.5422636,0.06773639
0.68,0.59710383,0.08289617
0.51,0.6536306,-0.14363062
0.4,0.4745604,-0.074560404
0.47,0.37669742,0.09330258
0.65,0.45788008,0.1921199
0.44,0.64089036,-0.20089036
0.44,0.39214385,0.047856152
0.45,0.42295256,0.027047426
0.33,0.43908837,-0.10908836
0.44,0.3122709,0.12772909
0.56,0.42626655,0.13373345
0.49,0.5483179,-0.0583179
0.54,0.46515673,0.07484329
0.77,0.5234964,0.24650359
0.91,0.7540486,0.15595144
0.91,0.8772669,0.032733142
0.94,0.86060226,0.07939774
0.95,0.8906609,0.059339106
0.97,0.9045383,0.065461755
0.98,0.91999865,0.060001373
0.96,0.9395995,0.020400465
0.97,0.896503,0.07349706
0.97,0.94860137,0.021398664
0.97,0.91060793,0.059392095
0.96,0.92046595,0.039534032
0.97,0.88758326,0.08241677
0.96,0.92001307,0.03998691
0.96,0.8797159,0.08028406
0.92,0.893877,0.026122987
0.95,0.8405515,0.10944849
0.85,0.8982098,-0.048209786
0.95,0.77667546,0.17332453
0.89,0.9087908,-0.018790841
0.92,0.8098382,0.11016184
0.87,0.8687985,0.0012015104
0.79,0.7979728,-0.007972777
0.71,0.7295381,-0.019538105
0.7,0.6610583,0.03894168
0.76,0.6697711,0.090228915
0.67,0.7262311,-0.05623108
0.58,0.6135886,-0.03358859
0.49,0.53532755,-0.045327544
0.47,0.4591247,0.010875285
0.46,0.44127992,0.01872009
0.4,0.43411508,-0.034115076
0.39,0.36504546,0.024954528
0.29,0.37066403,-0.08066404
0.3,0.25844216,0.04155785
0.22,0.28078437,-0.06078437
0.21,0.19598329,0.014016703
0.16,0.1918757,-0.0318757
0.12,0.1442865,-0.024286501
0.13,0.10083546,0.029164538
0.1,0.11355277,-0.01355277
0.03,0.077675745,-0.047675744
0.02,0.0011799484,0.018820051
0.01,0.004160188,0.0058398116
0.01,0.0,0.01
0.02,0.0,0.02
0.01,0.014383353,-0.0043833535
0.01,0.0,0.01
0.01,0.0033650473,0.0066349525
0.01,0.0,0.01
0.01,0.0,0.01
0.0,0.0,0.0
0.01,0.0,0.01
0.01,0.0,0.01
0.01,0.0,0.01
0.01,0.0,0.01
0.0,0.0,0.0
0.01,0.0,0.01
0.01,0.0,0.01
0.01,0.0,0.01
0.01,0.0,0.01
0.01,0.0,0.01
0.01,0.0,0.01
0.01,0.006604351,0.0033956487
0.01,0.0,0.01
0.01,0.007254526,0.0027454738
0.01,0.008134078,0.0018659215
0.01,0.004527945,0.0054720547
0.02,0.00064699724,0.019353002
0.03,0.009946492,0.020053508
0.04,0.01935833,0.02064167
0.05,0.03069286,0.01930714
0.04,0.041533146,-0.001533147
0.03,0.03044248,-0.00044248067
0.07,0.019299977,0.050700024
0.03,0.06902117,-0.03902117
0.04,0.017845768,0.02215423
0.04,0.02779384,0.0122061595
0.01,0.024281554,-0.014281554
0.01,0.0,0.01
0.01,0.0066192225,0.0033807773
0.01,0.0,0.01
0.01,0.0,0.01
0.02,0.0,0.02
0.03,0.012065154,0.017934846
0.02,0.02249251,-0.0024925098
0.01,0.014664706,-0.004664706
0.01,0.0,0.01
0.0,0.0,0.0
0.01,0.0,0.01
0.01,0.0,0.01
0.01,0.0,0.01
0.01,0.0,0.01
0.01,0.0,0.01
0.01,0.0,0.01
0.01,0.008527074,0.0014729258
0.01,0.0,0.01
0.01,0.0,0.01
0.01,0.0,0.01
0.01,0.0025974363,0.0074025635
0.01,0.009282339,0.0007176604
0.01,0.010905892,-0.0009058919
0.01,0.00030919164,0.009690808
0.01,0.0,0.01
0.01,0.0,0.01
0.01,0.0027430467,0.007256953
0.01,0.0048031323,0.0051968675
0.01,0.004533112,0.0054668877
0.01,0.00085793436,0.009142065
0.12,0.0,0.12
0.5,0.124001846,0.37599814
0.42,0.5029596,-0.08295962
0.26,0.41878203,-0.15878204
0.19,0.25531575,-0.06531575
0.12,0.18480615,-0.064806156
0.07,0.10037859,-0.030378588
0.04,0.045570936,-0.005570937
0.03,0.020717062,0.009282937
0.06,0.006268572,0.053731427
0.24,0.0447415,0.1952585
0.27,0.24885546,0.021144554
0.35,0.27645633,0.07354367
0.33,0.34040353,-0.010403514
0.23,0.31940994,-0.08940993
0.24,0.21612224,0.023877755
0.29,0.22842014,0.061579853
0.35,0.27317056,0.07682943
0.3,0.3461452,-0.0461452
0.22,0.2951093,-0.0751093
0.2,0.2050628,-0.0050628036
0.15,0.17856562,-0.028565615
0.08,0.13739446,-0.05739446
0.11,0.056961656,0.053038344
0.24,0.09208201,0.14791799
0.39,0.23204151,0.15795848
0.35,0.38655242,-0.03655243
0.28,0.33708435,-0.05708435
0.34,0.2625489,0.07745111
0.39,0.32561198,0.06438801
0.15,0.37340924,-0.22340924
0.17,0.13447341,0.03552659
0.16,0.16269518,-0.002695188
0.12,0.1499416,-0.029941596
0.05,0.10785502,-0.05785502
0.08,0.031086333,0.048913665
0.07,0.061480936,0.008519065
0.06,0.05718414,0.0028158575
0.28,0.053155996,0.22684401
0.91,0.27259344,0.6374066
0.96,0.89839005,0.061609924
0.96,0.92838776,0.031612217
0.97,0.9077898,0.062210202
0.98,0.93583703,0.04416299
0.97,0.93757665,0.032423377
0.97,0.9221554,0.04784465
0.97,0.9329709,0.037029147
0.97,0.91747546,0.052524567
0.97,0.9151846,0.05481541
0.97,0.9195738,0.050426245
0.97,0.9023762,0.06762385
0.97,0.9158615,0.05413854
0.94,0.90418804,0.03581196
0.97,0.86472833,0.1052717
0.96,0.9248575,0.03514248
0.97,0.88061655,0.08938348
0.84,0.9072765,-0.06727654
0.01,0.7800739,-0.7700739
0.01,0.0034011602,0.0065988395
0.01,0.117788084,-0.107788086
0.01,0.051447317,-0.04144732
0.01,0.07020786,-0.06020786
0.01,0.0,0.01
0.01,0.0,0.01
0.03,0.0,0.03
0.08,0.0033866502,0.07661335
0.09,0.05437098,0.035629023
0.09,0.075451225,0.0145487785
0.11,0.079043925,0.030956075
0.08,0.09965849,-0.019658491
0.19,0.07013285,0.119867146
0.24,0.18497725,0.055022746
0.34,0.22954518,0.11045483
0.36,0.33323357,0.02676645
0.42,0.3415098,0.0784902
0.39,0.40477303,-0.014773041
0.41,0.3631479,0.046852082
0.42,0.39171305,0.028286934
0.44,0.3947684,0.04523161
0.42,0.42101115,-0.001011163
0.44,0.3961287,0.043871284
0.47,0.4147973,0.055202693
0.45,0.44799796,0.0020020306
0.48,0.42274955,0.05725044
0.38,0.4610577,-0.0810577
0.35,0.34646818,0.0035318136
0.31,0.32727012,-0.017270118
0.26,0.28744987,-0.027449876
0.27,0.23887563,0.031124383
0.18,0.25241187,-0.072411865
0.15,0.15360156,-0.003601551
0.11,0.13141671,-0.021416709
0.06,0.089599624,-0.029599626
0.04,0.03822549,0.0017745085
0.03,0.01415728,0.015842719
0.02,0.010538008,0.0094619915
0.01,0.0041730516,0.005826948
0.01,0.0,0.01
0.0,0.0,0.0
0.01,0.0,0.01
0.01,0.0,0.01
0.01,0.0,0.01
0.01,0.0,0.01
0.01,0.0,0.01
0.01,0.0,0.01
0.01,0.0,0.01
0.01,0.0,0.01
0.01,0.0,0.01
0.01,0.0,0.01
0.01,0.0013270788,0.008672921
0.01,0.008748397,0.0012516025
0.01,0.0027737617,0.007226238
0.01,0.0,0.01
0.02,0.021070488,-0.0010704882
0.01,0.0195482,-0.0095482
0.03,0.0,0.03
0.01,0.03086226,-0.02086226
0.01,0.0,0.01
0.01,0.0,0.01
0.01,0.0,0.01
0.01,0.0,0.01
0.01,0.016015854,-0.006015854
0.01,0.0055310354,0.0044689644
0.08,0.0005742125,0.07942578
0.04,0.08370485,-0.043704852
0.42,0.034763373,0.38523662
0.96,0.4215919,0.53840804
0.36,0.9853786,-0.6253786
0.21,0.29892758,-0.08892758
0.26,0.18621357,0.07378642
0.34,0.25905538,0.08094463
0.54,0.34024802,0.199752
0.69,0.52267444,0.16732556
0.61,0.66155577,-0.051555753
0.59,0.57128894,0.01871103
0.19,0.5655873,-0.37558728
0.18,0.12179108,0.058208928
0.53,0.16607471,0.36392528
0.7,0.53907835,0.16092163
0.59,0.68022704,-0.09022707
0.06,0.54166675,-0.48166674
0.01,0.0,0.01
0.0,0.0,0.0
0.01,0.0,0.01
0.04,0.0,0.04
0.01,0.027795698,-0.017795699
0.01,0.017476298,-0.007476298
0.13,0.0,0.13
0.34,0.14692044,0.19307956
0.14,0.33854952,-0.19854952
0.01,0.13558254,-0.12558253
0.01,0.0,0.01
0.01,0.0,0.01
0.0,0.0,0.0
0.01,0.0,0.01
0.01,0.0,0.01
0.01,0.0,0.01
0.01,0.0,0.01
0.01,0.0,0.01
0.01,0.0,0.01
0.01,0.006468404,0.0035315957
0.01,0.003301639,0.0066983607
0.01,0.0,0.01
0.01,0.0062608756,0.0037391242
0.01,0.0,0.01
0.01,0.0015395544,0.008460445
0.01,0.005303379,0.0046966206
0.01,0.004264772,0.005735228
0.01,0.0,0.01
0.01,0.0,0.01
0.07,0.014716908,0.055283092
0.12,0.070474915,0.049525082
0.2,0.123520106,0.0764799
0.35,0.2005859,0.14941409
0.49,0.34892845,0.14107156
0.5,0.4814043,0.018595695
0.59,0.48033875,0.10966122
0.68,0.5749533,0.10504669
0.59,0.6575923,-0.06759232
0.34,0.5421592,-0.2021592
0.01,0.3062784,-0.29627842
0.16,0.01556585,0.14443415
0.35,0.17978337,0.17021662
0.25,0.32030308,-0.07030308
0.27,0.21182588,0.058174133
0.21,0.25240996,-0.04240997
0.37,0.17513789,0.19486211
0.31,0.3596433,-0.049643308
0.26,0.27223027,-0.012230277
0.2,0.23530826,-0.035308257
0.46,0.18581957,0.27418044
0.39,0.45571738,-0.0657174
0.37,0.35971764,0.0102823675
0.36,0.34606835,0.013931662
0.38,0.32587263,0.054127365
0.37,0.36547545,0.004524559
0.31,0.34077093,-0.030770928
0.28,0.28750297,-0.007502973
0.37,0.2566108,0.113389194
0.48,0.35294375,0.12705624
0.45,0.45920938,-0.009209394
0.45,0.42191407,0.028085917
0.49,0.42486933,0.06513068
0.48,0.46133634,0.018663645
0.4,0.45403263,-0.054032624
0.49,0.36975202,0.12024799
0.5,0.4760249,0.023975104
0.44,0.47301623,-0.033016235
0.26,0.3984742,-0.1384742
0.36,0.22504404,0.13495597
0.1,0.34850147,-0.24850148
0.09,0.052946717,0.037053287
0.1,0.06890616,0.031093843
0.09,0.0818599,0.008140102
0.13,0.0708338,0.059166193
0.12,0.118198216,0.0018017814
0.08,0.10816456,-0.028164558
0.01,0.06494636,-0.054946363
0.01,0.0017380863,0.008261913
0.01,0.04013954,-0.030139541
0.09,0.036353614,0.05364639
0.12,0.067122065,0.052877933
0.15,0.09682578,0.053174227
0.14,0.13144356,0.0085564405
0.15,0.12624402,0.023755983
0.29,0.14018208,0.14981791
0.21,0.28618273,-0.07618274
0.23,0.19213071,0.03786929
0.2,0.2132284,-0.013228402
0.1,0.17887267,-0.07887267
0.07,0.07302451,-0.003024511
0.07,0.049349543,0.020650458
0.06,0.051344942,0.008655056
0.07,0.041892122,0.028107878
0.11,0.05057024,0.05942976
0.1,0.104504585,-0.004504584
0.16,0.08985244,0.07014756
0.19,0.14840227,0.041597724
0.27,0.1859132,0.084086806
0.27,0.2668553,0.0031447113
0.34,0.25578117,0.08421883
0.4,0.32074103,0.07925898
0.31,0.38337412,-0.07337412
0.45,0.29456073,0.15543926
0.58,0.43904534,0.14095464
0.4,0.57266426,-0.17266425
0.51,0.36912054,0.14087945
0.65,0.50090396,0.14909601
0.66,0.6366956,0.023304403
0.55,0.6248419,-0.07484192
0.4,0.50816566,-0.10816565
0.3,0.36313912,-0.06313911
0.2,0.2832112,-0.0832112
0.21,0.18151277,0.02848722
0.22,0.19755735,0.022442654
0.19,0.20797956,-0.017979562
0.16,0.17107205,-0.0110720545
0.19,0.14247987,0.04752013
0.25,0.17629041,0.07370959
0.27,0.23700637,0.032993644
0.31,0.25223392,0.05776608
0.26,0.29853174,-0.03853175
0.13,0.24466267,-0.11466268
0.02,0.11528956,-0.09528956
0.19,0.0015275851,0.18847242
0.32,0.18247369,0.1375263
0.25,0.3102539,-0.06025389
0.2,0.24521737,-0.045217365
0.15,0.19163552,-0.041635513
0.12,0.14057279,-0.020572789
0.12,0.10968935,0.01031065
0.29,0.10801148,0.18198851
0.15,0.2781358,-0.1281358
0.07,0.139924,-0.069924004
0.16,0.049832765,0.110167235
0.29,0.1451079,0.1448921
0.29,0.2808366,0.00916338
0.82,0.2852325,0.5347675
0.94,0.8116969,0.12830311
0.89,0.91368973,-0.023689747
0.61,0.8300605,-0.22006047
0.58,0.54934466,0.030655324
0.74,0.5673411,0.17265892
0.67,0.7352823,-0.065282285
0.56,0.6212785,-0.061278522
0.7,0.5219685,0.1780315
0.79,0.6859747,0.104025304
0.89,0.7621571,0.1278429
0.93,0.8490534,0.080946624
0.87,0.8749243,-0.0049242973
0.75,0.8048434,-0.054843426
0.85,0.6937226,0.15627742
0.79,0.8267026,-0.036702573
0.76,0.7364994,0.023500562
0.93,0.71974576,0.21025425
0.97,0.9172814,0.05271864
0.97,0.9186195,0.051380515
0.96,0.91198885,0.048011124
0.96,0.8865595,0.07344049
0.86,0.90162945,-0.041629434
0.97,0.7863544,0.1836456
0.95,0.9680207,-0.01802069
0.97,0.8536912,0.11630881
0.94,0.9294292,0.010570824
0.95,0.8624562,0.087543786
0.95,0.8887255,0.06127447
0.96,0.8853626,0.07463735
0.96,0.9105581,0.049441874
0.89,0.8878485,0.0021514893
0.92,0.81748855,0.102511466
0.92,0.86890006,0.051099956
0.83,0.8532828,-0.023282826
0.78,0.7572323,0.022767663
0.82,0.72971106,0.09028894
0.8,0.7817923,0.018207729
0.67,0.7393651,-0.069365084
0.72,0.6074828,0.11251724
0.63,0.7011881,-0.07118809
0.63,0.5686804,0.06131959
0.51,0.59666777,-0.086667776
0.42,0.4567511,-0.03675112
0.38,0.38611653,-0.0061165392
0.34,0.34751913,-0.007519126
0.3,0.31781557,-0.01781556
0.32,0.27406332,0.045936674
0.24,0.29590276,-0.055902764
0.2,0.21032076,-0.010320753
0.13,0.18116227,-0.051162273
0.14,0.108247295,0.031752706
0.05,0.11580348,-0.06580348
0.01,0.018408377,-0.008408377
0.07,0.01625605,0.05374395
0.04,0.051383503,-0.011383504
0.01,0.014900465,-0.004900465
0.04,0.0,0.04
0.01,0.030876428,-0.020876428
0.01,0.0,0.01
0.01,0.0010149628,0.008985037
0.01,0.0016170517,0.008382948
0.01,0.0,0.01
0.0,0.0,0.0
0.01,0.0,0.01
0.0,0.0,0.0
0.01,0.0,0.01
0.01,0.0,0.01
0.01,0.0,0.01
0.01,0.0,0.01
0.01,0.0,0.01
0.01,0.0,0.01
0.01,0.0048717074,0.0051282924
0.01,0.0126250945,-0.0026250947
0.01,0.0045696944,0.0054303054
0.01,0.0018110946,0.008188905
0.02,0.0052834563,0.014716543
0.01,0.009058271,0.0009417292
0.01,0.0,0.01
0.02,0.0,0.02
0.02,0.011218552,0.008781448
0.01,0.010906227,-0.00090622716
0.01,0.0,0.01
0.01,0.0,0.01
0.01,0.0,0.01
0.01,0.0017244369,0.008275563
0.01,0.0,0.01
0.01,0.0022884645,0.0077115353
0.01,0.0,0.01
0.01,0.0,0.01
0.01,0.0,0.01
0.01,0.0022421442,0.0077578556
0.01,0.0,0.01
0.0,0.0,0.0
0.01,0.0,0.01
0.01,0.0,0.01
0.0,0.0053849816,-0.0053849816
0.01,0.0,0.01
0.02,0.010473426,0.009526573
0.03,0.01293537,0.01706463
0.07,0.02223508,0.04776492
0.06,0.069423765,-0.009423766
0.09,0.052133583,0.03786642
0.14,0.09008363,0.04991637
0.19,0.13621154,0.053788453
0.22,0.19195192,0.028048083
0.27,0.22346592,0.04653409
0.3,0.2648112,0.035188824
0.38,0.29058632,0.08941367
0.47,0.36718172,0.10281828
0.39,0.45210633,-0.06210634
0.23,0.36403278,-0.13403277
0.16,0.21158032,-0.051580325
0.05,0.13737763,-0.08737764
0.24,0.026126295,0.2138737
0.29,0.24466713,0.045332864
0.29,0.2763492,0.013650805
0.27,0.26317722,0.0068227947
0.23,0.25094053,-0.020940527
0.07,0.20812368,-0.13812369
0.01,0.025334891,-0.015334891
0.01,0.0,0.01
0.1,0.0,0.1
0.22,0.11095155,0.10904845
0.24,0.21638545,0.02361454
0.14,0.24467981,-0.10467981
0.08,0.13161324,-0.05161324
0.14,0.062464833,0.07753517
0.39,0.1293608,0.2606392
0.43,0.39358762,0.036412388
0.44,0.41632733,0.02367267
0.37,0.42189512,-0.05189511
0.26,0.3502857,-0.09028572
0.11,0.24437112,-0.13437112
0.05,0.08613853,-0.03613853
0.06,0.02768401,0.032315988
0.03,0.046675827,-0.016675828
0.01,0.0015703961,0.008429604
0.01,0.0,0.01
0.01,0.0,0.01
0.01,0.0,0.01
0.01,0.0,0.01
0.01,0.0,0.01
0.01,0.0033194069,0.006680593
0.01,0.0042238813,0.0057761185
0.01,0.006165631,0.0038343687
0.01,0.0,0.01
0.0,0.0028297957,-0.0028297957
0.0,0.019339632,-0.019339632
0.01,0.0016320832,0.008367917
0.01,0.009124715,0.0008752849
0.01,0.0,0.01
0.01,0.0,0.01
0.01,0.0,0.01
0.01,0.0,0.01
0.01,0.006388098,0.0036119018
0.01,0.0,0.01
0.01,0.0,0.01
0.01,0.0,0.01
0.01,0.0,0.01
0.01,0.0,0.01
0.01,0.0,0.01
0.01,0.0073663183,0.0026336815
0.01,0.0090452805,0.00095471926
0.0,0.005603239,-0.005603239
0.01,0.001345247,0.008654753
0.01,0.0,0.01
0.0,0.00050956383,-0.00050956383
0.01,0.0,0.01
0.01,0.0,0.01
0.01,0.0,0.01
0.02,0.0017762296,0.01822377
0.01,0.018028148,-0.008028148
0.06,0.019899305,0.040100694
0.02,0.057486273,-0.037486274
0.01,0.017229307,-0.0072293077
0.01,0.0003199987,0.009680001
0.01,0.007886063,0.0021139365
0.02,0.0,0.02
0.04,0.0095651485,0.03043485
0.02,0.037663076,-0.017663077
0.0,0.009899411,-0.009899411
0.01,0.0,0.01
0.0,0.0,0.0
0.01,0.0,0.01
0.01,0.0033847466,0.006615253
0.01,0.0,0.01
0.01,0.00010384247,0.009896157
0.01,0.0012731291,0.008726871
0.01,0.0,0.01
0.01,0.00043928996,0.00956071
0.0,0.0,0.0
0.01,0.0,0.01
0.01,0.00698179,0.0030182097
0.01,0.0,0.01
0.02,0.000516545,0.019483455
0.01,0.020373367,-0.010373367
0.01,0.0,0.01
0.01,0.0,0.01
0.01,0.0,0.01
0.01,0.0,0.01
0.01,0.0,0.01
0.03,0.0030448884,0.026955111
0.01,0.029843599,-0.019843599
0.14,0.0021595098,0.1378405
0.19,0.14777046,0.042229533
0.32,0.19287372,0.12712628
0.26,0.31822196,-0.058221966
0.55,0.25297678,0.29702324
0.65,0.54141915,0.10858083
0.65,0.631871,0.018128991
0.6,0.6187781,-0.018778086
0.65,0.5666051,0.083394885
0.53,0.630159,-0.10015905
0.59,0.48645788,0.10354209
0.76,0.5795361,0.18046391
0.83,0.7498982,0.08010179
0.96,0.78857815,0.17142183
0.92,0.93445444,-0.014454424
0.91,0.8463036,0.063696444
0.81,0.85897505,-0.04897505
0.78,0.7318325,0.048167467
0.79,0.73735523,0.05264479
0.58,0.75087595,-0.17087597
0.28,0.4911021,-0.2111021
0.22,0.2220906,-0.002090603
0.17,0.20238894,-0.03238894
0.16,0.13804282,0.021957174
0.17,0.131941,0.038058996
0.41,0.14769466,0.26230532
0.56,0.40037408,0.15962592
0.47,0.5453286,-0.07532862
0.63,0.42911094,0.20088905
0.83,0.61866236,0.21133763
0.83,0.8183228,0.011677206
0.8,0.77891874,0.021081269
0.95,0.74592674,0.20407325
0.97,0.9380797,0.031920314
0.97,0.90764046,0.06235957
0.97,0.92140806,0.04859197
0.97,0.9003171,0.069682956
0.97,0.9241713,0.0458287
0.96,0.9255074,0.034492552
0.97,0.8701823,0.09981775
0.97,0.9203143,0.049685717
0.81,0.8977792,-0.087779224
0.63,0.7194458,-0.08944583
0.45,0.56584704,-0.11584705
0.45,0.3987667,0.05123329
0.25,0.43121716,-0.18121716
0.39,0.19291297,0.19708702
0.34,0.38894853,-0.048948526
0.22,0.3001707,-0.08017069
0.16,0.18838191,-0.028381914
0.12,0.13893937,-0.018939368
0.15,0.10398172,0.046018288
0.27,0.13706046,0.13293955
0.6,0.26069564,0.3393044
0.56,0.5888314,-0.028831422
0.73,0.5228667,0.2071333
0.62,0.7114339,-0.09143388
0.81,0.57686675,0.23313326
0.82,0.7921963,0.027803719
0.62,0.772859,-0.15285897
0.53,0.5597111,-0.029711127
0.51,0.50315106,0.0068489313
0.57,0.4871342,0.082865804
0.48,0.5550525,-0.07505253
0.45,0.4341978,0.015802175
0.53,0.42220947,0.1077905
0.58,0.50888836,0.07111162
0.58,0.5542468,0.0257532
0.66,0.5506185,0.1093815
0.59,0.6408018,-0.050801814
0.56,0.5502262,0.009773791
0.57,0.5354371,0.034562886
0.56,0.5460167,0.013983309
0.59,0.53028834,0.059711635
0.42,0.57555366,-0.15555367
0.41,0.37359193,0.036408067
0.4,0.39547244,0.004527569
0.42,0.38052833,0.039471656
0.43,0.39695635,0.033043653
0.57,0.40292302,0.16707698
0.75,0.5483451,0.20165491
0.78,0.7236426,0.056357384
0.88,0.7310325,0.1489675
0.88,0.8410146,0.03898537
0.91,0.8243259,0.08567411
0.95,0.8573661,0.0926339
0.97,0.8968619,0.07313812
0.97,0.90884805,0.06115198
0.97,0.91276634,0.05723369
0.93,0.90953135,0.020468652
0.97,0.8625883,0.10741174
0.97,0.93188,0.03812003
0.94,0.9041066,0.03589338
0.86,0.8716357,-0.011635661
0.87,0.79346514,0.07653487
0.9,0.8228252,0.07717478
0.78,0.84746647,-0.0674665
0.77,0.7037113,0.06628871
0.77,0.7286401,0.0413599
0.84,0.7236279,0.11637205
0.85,0.8080677,0.041932344
0.87,0.78290224,0.087097764
0.82,0.82462215,-0.0046221614
0.84,0.7594464,0.08055359
0.8,0.79252696,0.0074730515
0.74,0.74712515,-0.0071251392
0.73,0.6922593,0.037740707
0.64,0.6907579,-0.050757885
0.76,0.5936943,0.16630566
0.74,0.74518955,-0.005189538
0.67,0.68141925,-0.011419237
0.63,0.6210035,0.008996487
0.61,0.5968149,0.0131851435
0.64,0.5730524,0.06694758
0.64,0.6189139,0.021086097
0.7,0.60818434,0.09181565
0.74,0.67087924,0.069120765
0.86,0.6988512,0.16114879
0.87,0.82080054,0.049199462
0.86,0.8141905,0.045809507
0.87,0.8057692,0.0642308
0.88,0.82050717,0.059492826
0.61,0.8340521,-0.22405207
0.79,0.5292537,0.2607463
0.82,0.79910004,0.020899951
0.87,0.7602124,0.10978758
0.93,0.818061,0.11193901
0.97,0.87662435,0.09337568
0.93,0.9145936,0.01540643
0.93,0.84671116,0.08328885
0.96,0.88756204,0.07243794
0.96,0.9011594,0.058840573
0.92,0.9057338,0.014266193
0.85,0.8429178,0.007082224
0.93,0.78496015,0.14503986
0.91,0.88293695,0.027063072
0.94,0.8438153,0.09618467
0.93,0.8793405,0.050659478
0.78,0.8587079,-0.07870793
0.74,0.70218754,0.03781247
0.86,0.70286286,0.15713716
0.96,0.83755195,0.12244803
0.94,0.90802085,0.031979144
0.85,0.8575671,-0.007567048
0.88,0.7787844,0.1012156
0.85,0.83647525,0.013524771
0.79,0.7896515,0.00034850836
0.9,0.73509943,0.16490054
0.82,0.86523664,-0.045236647
0.92,0.74262166,0.17737836
0.85,0.8913554,-0.04135537
0.93,0.76350427,0.16649574
0.84,0.8970177,-0.057017744
0.9,0.75603294,0.14396703
0.82,0.8660141,-0.04601413
0.84,0.7478576,0.0921424
0.87,0.7978393,0.07216072
0.79,0.8224704,-0.032470405
0.86,0.71712065,0.14287937
0.95,0.82297814,0.12702185
0.87,0.89829504,-0.02829504
0.84,0.787303,0.052697003
0.77,0.7896656,-0.019665599
0.7,0.71592414,-0.015924156
0.64,0.6492386,-0.009238601
0.54,0.597008,-0.05700797
0.62,0.48997012,0.13002989
0.76,0.60098135,0.15901864
0.85,0.7313851,0.11861491
0.8,0.8105465,-0.010546505
0.66,0.73592496,-0.07592493
0.61,0.59254956,0.017450452
0.67,0.5792047,0.09079534
0.66,0.6525465,0.007453501
0.68,0.620352,0.059647977
0.69,0.6446203,0.0453797
0.73,0.64983153,0.080168486
0.66,0.70272887,-0.04272884
0.63,0.6110139,0.018986106
0.56,0.60295784,-0.042957842
0.49,0.52618206,-0.036182046
0.59,0.45200917,0.1379908
0.54,0.5849035,-0.044903457
0.56,0.50000846,0.05999154
0.54,0.5326922,0.0073078275
0.59,0.50845456,0.08154541
0.49,0.57052636,-0.08052635
0.49,0.45901564,0.030984372
0.49,0.4650499,0.024950117
0.51,0.46307132,0.046928674
0.56,0.48681638,0.073183626
0.6,0.5385225,0.061477542
0.64,0.58017194,0.059828043
0.64,0.61389375,0.026106238
0.57,0.60931706,-0.03931707
0.63,0.5348712,0.095128775
0.63,0.616752,0.013247967
0.66,0.59889233,0.061107695
0.68,0.62705433,0.052945673
0.57,0.64615417,-0.07615417
0.59,0.51495826,0.07504171
0.73,0.57278216,0.15721786
0.74,0.71115434,0.028845668
0.78,0.6876122,0.092387795
0.67,0.7471912,-0.077191174
0.64,0.6117885,0.028211474
0.7,0.61012816,0.089871824
0.78,0.683903,0.09609699
0.87,0.74944293,0.12055707
0.87,0.8225862,0.047413826
0.86,0.815186,0.04481399
0.84,0.8042499,0.03575009
0.85,0.7874671,0.0625329
0.76,0.8083606,-0.048360586
0.67,0.6965405,-0.026540458
0.78,0.62735546,0.15264452
0.8,0.7739047,0.02609533
0.78,0.7398213,0.040178657
0.82,0.72942424,0.090575755
0.83,0.7711688,0.058831155
0.89,0.78076565,0.10923433
0.88,0.84724045,0.032759547
0.85,0.81731474,0.03268528
0.83,0.7891122,0.040887773
0.8,0.7786102,0.021389782
0.77,0.7518252,0.018174767
0.73,0.72260964,0.00739038
0.78,0.68261766,0.09738231
0.77,0.7510896,0.018910408
0.76,0.7174219,0.0425781
0.73,0.7152244,0.014775634
0.73,0.6821383,0.047861695
0.55,0.6944572,-0.14445716
0.13,0.50110185,-0.37110186
0.01,0.050495967,-0.04049597
0.01,0.0,0.01
0.01,0.0,0.01
0.01,0.0,0.01
0.01,0.0,0.01
0.01,0.01604604,-0.00604604
0.01,0.011903441,-0.0019034408
0.01,0.004706178,0.005293822
0.01,0.0056243427,0.004375657
0.01,0.0013381448,0.008661855
0.01,0.0,0.01
0.01,0.0,0.01
0.01,0.0,0.01
0.01,0.0,0.01
0.01,0.0,0.01
0.01,0.0038846657,0.006115334
0.01,0.004736051,0.005263949
0.01,0.0017753057,0.008224694
0.01,0.0,0.01
0.01,0.0,0.01
0.01,0.0,0.01
0.0,0.0042037144,-0.0042037144
0.01,0.0014181249,0.008581875
0.0,0.005129941,-0.005129941
0.01,0.0,0.01
0.0,0.0020510703,-0.0020510703
0.01,0.0,0.01
0.01,0.0037553795,0.0062446203
0.04,0.0025187917,0.037481207
0.04,0.037774943,0.0022250563
0.03,0.034877285,-0.004877286
0.05,0.02192264,0.02807736
0.05,0.04348948,0.006510522
0.01,0.045616742,-0.03561674
0.03,0.007855102,0.022144897
0.01,0.01952748,-0.00952748
0.04,0.0,0.04
0.01,0.03476506,-0.024765061
0.01,0.0,0.01
0.04,0.0,0.04
0.01,0.033361424,-0.023361424
0.0,0.0,0.0
0.05,0.0,0.05
0.05,0.05109262,-0.0010926202
0.05,0.04690123,0.003098771
0.05,0.042930774,0.0070692264
0.03,0.038962215,-0.008962216
0.02,0.019138575,0.00086142495
0.06,0.0069332644,0.053066734
0.04,0.053196147,-0.013196148
0.07,0.02712775,0.04287225
0.01,0.06620365,-0.05620365
0.05,0.0,0.05
0.08,0.034837052,0.045162946
0.01,0.07910131,-0.06910131
0.02,0.0033308342,0.016669165
0.01,0.0030516423,0.0069483574
0.08,0.013617035,0.06638296
0.12,0.08511868,0.034881316
0.15,0.10672067,0.043279335
0.09,0.13766041,-0.04766041
0.2,0.073196635,0.12680337
0.18,0.18915224,-0.009152234
0.17,0.17029893,-0.0002989322
0.23,0.15971649,0.07028352
0.22,0.21830215,0.0016978532
0.27,0.20588303,0.064116985
0.24,0.25896552,-0.018965527
0.29,0.2222845,0.067715496
0.24,0.2741415,-0.034141496
0.21,0.21967669,-0.009676695
0.18,0.1913765,-0.0113765
0.32,0.16123796,0.15876204
0.32,0.30967277,0.01032722
0.3,0.29878405,0.0012159646
0.34,0.27898836,0.061011642
0.34,0.31993923,0.020060778
0.26,0.3182892,-0.0582892
0.27,0.23392195,0.036078066
0.29,0.25581375,0.034186244
0.26,0.27326885,-0.013268858
0.35,0.24157253,0.108427465
0.35,0.33824894,0.011751056
0.33,0.32805595,0.0019440651
0.31,0.3072515,0.0027484894
0.26,0.29121527,-0.03121528
0.16,0.24116579,-0.08116579
0.19,0.13750964,0.052490354
0.18,0.17547601,0.0045239925
0.05,0.16008009,-0.11008009
0.01,0.021310393,-0.011310393
0.0,0.0,0.0
0.01,0.0,0.01
0.03,0.0,0.03
0.01,0.019170538,-0.009170538
0.07,0.0044390038,0.065561
0.09,0.07117854,0.018821463
0.07,0.08935432,-0.019354321
0.06,0.06450133,-0.0045013316
0.07,0.05061617,0.01938383
0.05,0.059176337,-0.009176336
0.05,0.03642396,0.013576042
0.04,0.034703158,0.0052968413
0.04,0.02644939,0.013550609
0.04,0.032682326,0.0073176734
0.04,0.031252377,0.008747622
0.03,0.03039864,-0.00039864145
0.02,0.013016082,0.006983917
0.01,0.009430233,0.0005697664
0.01,0.0,0.01
0.01,0.0,0.01
0.01,0.0,0.01
0.01,0.0,0.01
0.01,0.0,0.01
0.01,0.028010786,-0.018010786
0.0,0.0,0.0
0.01,0.0,0.01
0.01,0.0,0.01
0.01,0.005117554,0.0048824456
0.01,0.0,0.01
0.01,0.0,0.01
0.01,0.0,0.01
0.01,0.0,0.01
0.01,0.0,0.01
0.01,0.0,0.01
0.01,0.001267489,0.008732511
0.01,0.0076268017,0.002373198
0.01,0.0047637597,0.00523624
0.01,0.0,0.01
0.01,0.0,0.01
0.0,0.0,0.0
0.01,0.0,0.01
0.01,0.0,0.01
0.0,0.003537625,-0.003537625
0.01,0.0012901239,0.008709876
0.01,0.0005305521,0.009469448
0.01,0.0,0.01
0.01,0.0,0.01
0.01,0.0,0.01
0.01,0.0006790608,0.009320939
0.01,0.0061615705,0.0038384292
0.01,0.0041549765,0.0058450233
0.01,0.0,0.01
0.01,0.0,0.01
0.0,0.0033289157,-0.0033289157
0.01,0.0,0.01
0.01,0.0,0.01
0.01,0.008168887,0.0018311124
0.01,0.0,0.01
0.03,0.0066991784,0.023300821
0.04,0.027270354,0.012729645
0.05,0.034461543,0.015538458
0.04,0.045064848,-0.005064849
0.1,0.032684762,0.067315236
0.22,0.1062492,0.1137508
0.15,0.22528112,-0.07528111
0.11,0.15274443,-0.042744428
0.23,0.10008788,0.12991212
0.28,0.2258278,0.054172203
0.27,0.27092588,-0.00092586875
0.26,0.26665616,-0.00665617
0.21,0.24927382,-0.03927383
0.22,0.19796018,0.022039816
0.22,0.20413493,0.015865073
0.3,0.2083579,0.09164211
0.3,0.29053524,0.009464771
0.21,0.28729126,-0.077291265
0.15,0.18727459,-0.037274584
0.14,0.12891172,0.011088282
0.12,0.12603328,-0.006033279
0.06,0.09972727,-0.039727274
0.02,0.043823555,-0.023823556
0.01,0.0,0.01
0.01,0.0,0.01
0.02,0.0,0.02
0.01,0.0,0.01
0.0,0.0,0.0
0.01,0.0,0.01
0.01,0.0,0.01
0.01,0.00062360987,0.00937639
0.01,0.0,0.01
0.0,0.0,0.0
0.01,0.0,0.01
0.01,0.0,0.01
0.01,0.006174773,0.0038252268
0.01,0.005125802,0.0048741978
0.01,0.0046382844,0.0053617153
0.01,0.0,0.01
0.01,0.0,0.01
0.01,0.0,0.01
0.0,0.0,0.0
0.03,0.003510207,0.026489792
0.01,0.02462114,-0.01462114
0.02,0.0,0.02
0.07,0.022959549,0.04704045
0.03,0.06792891,-0.03792891
0.1,0.01740408,0.08259592
0.06,0.09689738,-0.03689738
0.07,0.043853894,0.026146106
0.15,0.06104109,0.08895892
0.16,0.1485734,0.011426598
0.1,0.15522161,-0.05522161
0.17,0.08456704,0.08543296
0.14,0.16254196,-0.022541955
0.24,0.13165677,0.10834323
0.3,0.22808664,0.07191338
0.29,0.2842075,0.0057924986
0.27,0.27110863,-0.0011086166
0.26,0.2557218,0.004278183
0.34,0.24207899,0.097921014
0.39,0.32851222,0.061487764
0.32,0.37259158,-0.052591592
0.55,0.2944679,0.25553212
0.59,0.5410658,0.04893416
0.59,0.5589032,0.031096756
0.67,0.55554426,0.11445576
0.74,0.648577,0.091423035
0.76,0.7110939,0.048906088
0.76,0.7189722,0.041027784
0.83,0.72120106,0.10879892
0.86,0.8019793,0.05802071
0.92,0.8059627,0.114037335
0.8,0.87075865,-0.07075864
0.78,0.7240807,0.05591929
0.79,0.74324214,0.046757877
0.79,0.7465842,0.043415844
0.77,0.73968494,0.030315042
0.61,0.7222092,-0.1122092
0.54,0.5365741,0.0034258962
0.58,0.49835503,0.08164495
0.61,0.5526613,0.057338715
0.58,0.58542454,-0.005424559
0.55,0.5434569,0.0065431
0.5,0.5141749,-0.014174879
0.48,0.46315947,0.016840518
0.38,0.45045385,-0.07045385
0.29,0.34510496,-0.05510497
0.27,0.2622681,0.0077319145
0.57,0.25298828,0.3170117
0.53,0.56714344,-0.03714347
0.57,0.4922962,0.077703804
0.42,0.54485834,-0.12485835
0.45,0.38521478,0.06478521
0.44,0.43069378,0.009306222
0.45,0.41663224,0.033367753
0.39,0.43361834,-0.04361835
0.43,0.3567904,0.07320961
0.54,0.40411958,0.13588044
0.56,0.5260508,0.033949196
0.49,0.5318761,-0.041876078
0.46,0.45853844,0.0014615655
0.52,0.42922577,0.09077421
0.57,0.5053668,0.06463319
0.54,0.55001354,-0.010013521
0.51,0.50083315,0.009166837
0.48,0.48148355,-0.0014835596
0.47,0.4503348,0.019665211
0.54,0.44707444,0.09292558
0.52,0.521369,-0.0013689995
0.52,0.4884816,0.03151837
0.49,0.49223074,-0.0022307336
0.52,0.45656964,0.06343034
0.46,0.49855298,-0.03855297
0.28,0.4228256,-0.1428256
0.08,0.2578327,-0.17783271
0.05,0.037106406,0.012893595
0.03,0.024189793,0.0058102068
0.01,0.0,0.01
0.01,0.0,0.01
0.02,0.005524412,0.014475588
0.03,0.026171464,0.0038285349
0.04,0.02908105,0.010918949
0.07,0.033204805,0.036795195
0.06,0.066412434,-0.0064124353
0.05,0.05069705,-0.00069705024
0.04,0.032255583,0.0077444166
0.05,0.021792453,0.028207548
0.04,0.040714864,-0.0007148646
0.05,0.030847378,0.019152623
0.06,0.043918084,0.016081914
0.04,0.049427792,-0.009427793
0.03,0.027414054,0.0025859457
0.03,0.01963092,0.010369079
0.02,0.018375162,0.0016248375
0.01,0.012077201,-0.0020772014
0.01,0.0,0.01
0.01,0.0,0.01
0.01,0.0,0.01
0.01,0.0,0.01
0.01,0.0,0.01
0.0,0.00096286274,-0.00096286274
0.04,0.00543328,0.03456672
0.06,0.042975113,0.017024886
0.08,0.064741075,0.015258923
0.05,0.08350182,-0.033501823
0.1,0.045733336,0.054266665
0.11,0.10090445,0.00909555
0.07,0.10967205,-0.039672047
0.01,0.06251479,-0.05251479
0.01,0.0,0.01
0.07,0.0,0.07
0.1,0.06468779,0.035312213
0.1,0.10246234,-0.002462335
0.07,0.09698795,-0.026987948
0.06,0.058467314,0.001532685
0.05,0.046797793,0.0032022074
0.07,0.033752605,0.036247395
0.04,0.06095365,-0.020953652
0.03,0.030199122,-0.00019912235
0.04,0.018803656,0.021196343
0.04,0.029621061,0.010378938
0.02,0.02920534,-0.009205341
0.03,0.008444689,0.02155531
0.03,0.016731072,0.013268927
0.01,0.016864728,-0.0068647284
0.01,0.004175797,0.0058242027
0.03,0.0,0.03
0.04,0.028888226,0.011111774
0.04,0.033930384,0.0060696155
0.01,0.03199119,-0.021991191
0.03,0.0,0.03
0.01,0.020322975,-0.010322975
0.01,0.0,0.01
0.01,0.0,0.01
0.01,0.0010638386,0.008936161
0.01,0.0,0.01
0.02,0.0021411665,0.017858833
0.02,0.005539246,0.014460754
0.01,0.0044849366,0.005515063
0.02,0.007793162,0.012206838
0.01,0.007264912,0.0027350876
0.01,0.0,0.01
0.01,0.0,0.01
0.0,0.0,0.0
0.01,0.0,0.01
0.01,0.0,0.01
0.01,0.006435577,0.003564423
0.02,0.006276123,0.013723876
0.01,0.005618017,0.0043819826
0.0,0.0,0.0
0.01,0.0,0.01
0.02,0.0,0.02
0.04,0.013017956,0.026982043
0.09,0.038874477,0.051125526
0.06,0.09046908,-0.030469079
0.08,0.04571078,0.03428922
0.09,0.07460037,0.015399635
0.11,0.08278145,0.02721855
0.13,0.10704766,0.022952333
0.18,0.12228659,0.05771342
0.25,0.16760138,0.08239862
0.28,0.24072273,0.03927727
0.34,0.2655294,0.07447061
0.36,0.32649496,0.033505052
0.34,0.34540436,-0.005404353
0.4,0.32122925,0.07877076
0.3,0.3824641,-0.0824641
0.26,0.2711541,-0.011154115
0.2,0.24140611,-0.04140611
0.2,0.18287984,0.017120168
0.19,0.18525982,0.0047401786
0.1,0.16799569,-0.06799569
0.18,0.06688119,0.11311882
0.21,0.16431433,0.045685664
0.27,0.19528404,0.07471597
0.36,0.2535258,0.10647422
0.42,0.34346458,0.076535404
0.42,0.4020255,0.017974496
0.4,0.395955,0.0040450096
0.41,0.3766478,0.033352196
0.38,0.38879013,-0.008790135
0.35,0.360468,-0.010468006
0.34,0.32733983,0.012660176
0.35,0.31977907,0.030220926
0.28,0.33044708,-0.050447077
0.28,0.25632757,0.023672432
0.26,0.26309675,-0.0030967593
0.28,0.24122342,0.038776577
0.26,0.26444408,-0.0044440925
0.25,0.2405971,0.009402901
0.23,0.23304339,-0.0030433834
0.22,0.20791385,0.012086153
0.21,0.19902259,0.010977402
0.23,0.19227633,0.037723675
0.24,0.21289852,0.027101472
0.2,0.2216183,-0.021618292
0.2,0.18403253,0.015967473
0.17,0.18454266,-0.014542654
0.17,0.15554664,0.014453366
0.15,0.15507221,-0.0050722063
0.14,0.130954,0.009046003
0.13,0.12552701,0.004472986
0.13,0.11263697,0.017363027
0.08,0.11897769,-0.03897769
0.04,0.068485275,-0.028485276
0.02,0.0058750473,0.014124952
0.01,0.0,0.01
0.01,0.0,0.01
0.01,0.0,0.01
0.01,0.0,0.01
0.01,0.0,0.01
0.01,0.0,0.01
0.01,0.0,0.01
0.01,0.0035392046,0.006460795
0.01,0.0009334199,0.00906658
0.01,0.0,0.01
0.01,0.0,0.01
0.01,0.0,0.01
0.01,0.000535734,0.009464266
0.01,0.0,0.01
0.01,0.0,0.01
0.01,0.0,0.01
0.01,0.0,0.01
0.01,0.0,0.01
0.01,0.0,0.01
0.01,0.00083101727,0.0091689825
0.01,0.0057914164,0.0042085834
0.01,0.0,0.01
0.01,0.0,0.01
0.01,0.006028611,0.0039713886
0.01,0.011312798,-0.0013127979
0.0,0.011123095,-0.011123095
0.01,0.004703235,0.005296765
0.01,0.007697195,0.002302805
0.03,0.010432914,0.019567085
0.03,0.024068099,0.005931901
0.05,0.020940498,0.029059503
0.06,0.045485154,0.014514845
0.05,0.05760568,-0.0076056793
0.06,0.043760907,0.016239092
0.05,0.051128175,-0.0011281744
0.05,0.043078676,0.006921325
0.05,0.045813803,0.004186198
0.04,0.041355416,-0.0013554171
0.04,0.032159243,0.007840756
0.03,0.029633585,0.00036641397
0.02,0.02509541,-0.005095411
0.01,0.010420859,-0.00042085908
0.01,0.0,0.01
0.01,0.0,0.01
0.01,0.0,0.01
0.01,0.0,0.01
0.01,0.0,0.01
0.01,0.0,0.01
0.01,0.0,0.01
0.01,0.0,0.01
0.01,0.0,0.01
0.01,0.0,0.01
0.01,0.0020563826,0.007943617
0.01,0.003446009,0.0065539908
0.01,0.005372949,0.004627051
0.01,0.0,0.01
0.01,0.0017402358,0.008259764
0.01,0.0,0.01
0.01,0.0,0.01
0.01,0.0,0.01
0.01,0.00014664978,0.00985335
0.01,0.0005897209,0.009410279
0.01,0.0044743977,0.005525602
0.01,0.003231138,0.006768862
0.01,0.0037240796,0.00627592
0.01,0.0,0.01
0.01,0.0006543994,0.0093456
0.01,0.008175798,0.001824202
0.01,0.0021866485,0.007813351
0.01,0.007343255,0.0026567448
0.01,0.005004294,0.0049957056
0.01,0.0,0.01
0.01,0.007473342,0.0025266577
0.01,0.0032221451,0.0067778546
0.03,0.0,0.03
0.02,0.019903246,9.675324e-05
0.03,0.00917726,0.02082274
0.0,0.022112787,-0.022112787
0.01,0.0,0.01
0.02,0.0,0.02
0.01,0.016778942,-0.0067789424
0.03,0.0029217526,0.027078247
0.04,0.0194198,0.020580199
0.02,0.03725225,-0.017252252
0.04,0.009661719,0.03033828
0.1,0.02895457,0.07104543
0.08,0.100329906,-0.020329908
0.07,0.06942712,0.0005728826
0.12,0.060495812,0.059504185
0.18,0.11112219,0.068877816
0.19,0.17571926,0.014280736
0.17,0.17581852,-0.005818516
0.24,0.16201678,0.077983215
0.32,0.2319938,0.0880062
0.26,0.306972,-0.046972007
0.29,0.23957935,0.050420642
0.33,0.27324775,0.056752264
0.32,0.30986294,0.010137051
0.32,0.30459043,0.015409559
0.31,0.29846793,0.011532068
0.32,0.2888557,0.031144291
0.33,0.29886973,0.031130284
0.26,0.30976316,-0.049763173
0.33,0.23514527,0.09485474
0.51,0.3135431,0.19645688
0.51,0.49726143,0.012738556
0.73,0.479358,0.25064203
0.76,0.7147758,0.04522419
0.81,0.7155067,0.09449333
0.83,0.76963437,0.060365617
0.87,0.7916379,0.07836211
0.74,0.8286685,-0.088668466
0.62,0.6684383,-0.04843831
0.69,0.56996524,0.120034754
0.84,0.68023574,0.15976423
0.88,0.8101933,0.069806695
0.89,0.8236866,0.066313386
0.92,0.8369818,0.08301824
0.91,0.8748176,0.035182416
0.9,0.85322857,0.046771407
0.91,0.85035443,0.059645593
0.89,0.85875773,0.031242251
0.86,0.8201939,0.039806128
0.85,0.8046664,0.045333624
0.84,0.79256535,0.047434628
0.86,0.79008853,0.06991148
0.85,0.81014943,0.039850593
0.79,0.78411114,0.0058888793
0.72,0.7231597,-0.0031596422
0.72,0.66683626,0.053163767
0.67,0.6835035,-0.013503492
0.64,0.6191256,0.020874381
0.44,0.60134447,-0.16134447
0.32,0.37480968,-0.05480969
0.36,0.29395297,0.06604704
0.32,0.3466259,-0.026625901
0.32,0.2848982,0.0351018
0.22,0.29736355,-0.07736355
0.21,0.18722993,0.022770062
0.31,0.18576957,0.12423043
0.41,0.29685628,0.11314371
0.42,0.39221594,0.02778405
0.35,0.39341524,-0.04341525
0.4,0.3202648,0.07973522
0.46,0.38387108,0.07612893
0.37,0.43851674,-0.06851673
0.49,0.33989117,0.15010884
0.53,0.4778669,0.052133083
0.47,0.5062661,-0.03626612
0.41,0.43172055,-0.021720558
0.41,0.38363,0.026369989
0.44,0.38594782,0.054052174
0.42,0.41934606,0.00065392256
0.42,0.39651516,0.023484826
0.41,0.39732617,0.012673825
0.13,0.38590568,-0.2559057
0.01,0.08078142,-0.070781425
0.01,0.0,0.01
0.01,0.0,0.01
0.01,0.0,0.01
0.01,0.0,0.01
0.01,0.00401533,0.0059846696
0.02,0.0,0.02
0.02,0.012898605,0.0071013942
0.01,0.009989362,1.0637566e-05
0.03,0.004463829,0.02553617
0.02,0.024321996,-0.004321996
0.03,0.012745995,0.017254004
0.04,0.02431558,0.015684418
0.04,0.036220897,0.0037791021
0.04,0.03911128,0.00088872015
0.03,0.03780666,-0.0078066606
0.03,0.023695745,0.0063042548
0.02,0.020969737,-0.00096973777
0.03,0.0083768405,0.021623159
0.02,0.01787423,0.0021257699
0.03,0.010213561,0.019786438
0.04,0.02135938,0.018640619
0.03,0.030403692,-0.00040369295
0.11,0.020296592,0.08970341
0.16,0.12149646,0.038503535
0.21,0.16374487,0.046255127
0.19,0.20437343,-0.014373437
0.1,0.1844451,-0.0844451
0.11,0.08537471,0.024625286
0.09,0.096994564,-0.0069945604
0.05,0.075753674,-0.025753673
0.02,0.0335866,-0.013586599
0.01,0.0,0.01
0.01,0.0,0.01
0.01,0.0,0.01
0.0,0.0,0.0
0.01,0.0,0.01
0.01,0.0,0.01
0.01,0.0,0.01
0.01,0.0,0.01
0.01,0.0,0.01
0.01,0.0,0.01
0.01,0.0,0.01
0.01,0.0053701624,0.0046298373
0.03,0.010939717,0.019060282
0.05,0.041421995,0.008578006
0.05,0.050725296,-0.0007252954
0.08,0.046820287,0.03317971
0.08,0.080713056,-0.0007130578
0.07,0.07405226,-0.004052259
0.06,0.060741145,-0.0007411465
0.05,0.049046356,0.0009536445
0.04,0.041620586,-0.001620587
0.04,0.021728206,0.018271793
0.04,0.02481465,0.015185349
0.04,0.027064167,0.012935832
0.01,0.024748165,-0.014748165
0.01,0.0,0.01
0.02,0.008143023,0.011856977
0.01,0.0038450435,0.0061549563
0.04,0.0,0.04
0.04,0.038820453,0.0011795461
0.05,0.0275479,0.022452101
0.03,0.042311456,-0.012311457
0.02,0.015804533,0.0041954666
0.04,0.011582956,0.028417043
0.03,0.030713804,-0.00071380474
0.01,0.015571978,-0.005571978
0.03,0.0,0.03
0.05,0.02697748,0.023022521
0.01,0.04057121,-0.03057121
0.05,0.0012038797,0.04879612
0.13,0.04808029,0.0819197
0.07,0.1266527,-0.056652702
0.13,0.05563765,0.074362345
0.15,0.11605668,0.033943325
0.15,0.14648587,0.0035141408
0.11,0.13909784,-0.02909784
0.04,0.0965146,-0.0565146
0.01,0.042011198,-0.032011196
0.01,0.02316809,-0.013168091
0.01,0.0,0.01
0.16,0.017402355,0.14259765
0.2,0.15298074,0.04701926
0.2,0.17561677,0.024383232
0.18,0.18123169,-0.0012316853
0.19,0.16055292,0.029447079
0.15,0.17761171,-0.027611703
0.15,0.13108653,0.018913478
0.14,0.1349332,0.005066797
0.13,0.123534456,0.0064655393
0.1,0.114313826,-0.0143138245
0.08,0.077379465,0.002620533
0.11,0.055586733,0.054413266
0.11,0.09896361,0.011036389
0.13,0.09344873,0.036551267
0.09,0.11497933,-0.024979323
0.13,0.07233991,0.057660088
0.14,0.12131193,0.018688068
0.1,0.1276364,-0.027636401
0.09,0.078941196,0.011058807
0.08,0.07292035,0.007079646
0.15,0.06287437,0.08712564
0.32,0.13837105,0.18162894
0.44,0.3111016,0.12889841
0.49,0.43120536,0.058794647
0.57,0.4721202,0.0978798
0.64,0.5518415,0.08815849
0.66,0.6211662,0.038833797
0.57,0.6323916,-0.06239158
0.51,0.5292494,-0.01924944
0.44,0.48191512,-0.04191512
0.42,0.4096565,0.010343492
0.45,0.40153024,0.048469752
0.43,0.4281925,0.0018075109
0.4,0.3977649,0.0022351146
0.39,0.3696977,0.020302296
0.37,0.36203215,0.0079678595
0.24,0.34341854,-0.103418544
0.1,0.2050671,-0.1050671
0.12,0.06436061,0.055639386
0.15,0.11048778,0.039512224
0.16,0.13956217,0.020437822
0.14,0.14420019,-0.0042001903
0.13,0.12346019,0.0065398067
0.13,0.11399857,0.016001426
0.12,0.11431351,0.0056864843
0.15,0.10497001,0.045029998
0.17,0.14500059,0.02499941
0.18,0.15819299,0.021807015
0.16,0.17290786,-0.012907863
0.12,0.14585952,-0.025859527
0.07,0.106778346,-0.036778346
0.03,0.049728457,-0.019728458
0.01,0.0021254383,0.0078745615
0.01,0.0,0.01
0.0,0.0,0.0
0.01,0.0,0.01
0.01,0.0,0.01
0.01,0.0,0.01
0.01,0.0,0.01
0.01,0.0,0.01
0.01,0.0011170097,0.00888299
0.01,0.0,0.01
0.01,0.0,0.01
0.01,0.0,0.01
0.01,0.0021327585,0.007867241
0.01,0.0015353933,0.0084646065
0.01,0.0,0.01
0.01,0.0,0.01
0.01,0.0,0.01
0.01,0.0,0.01
0.01,0.0,0.01
0.01,0.0,0.01
0.01,0.0,0.01
0.01,0.0,0.01
0.01,0.0,0.01
0.01,0.0,0.01
0.01,0.0,0.01
0.01,0.0024259575,0.0075740423
0.01,0.0,0.01
0.01,0.0042741112,0.0057258885
0.01,0.0042974874,0.0057025123
0.01,0.0,0.01
0.01,0.0,0.01
0.01,0.0012170002,0.008783
0.01,0.0,0.01
0.01,0.0,0.01
0.01,0.0055486597,0.00445134
0.01,0.004036702,0.0059632976
0.01,0.006118592,0.003881408
0.01,0.0011431128,0.008856887
0.01,0.0018433034,0.008156696
0.01,0.002722226,0.0072777737
0.01,0.0018471666,0.008152833
0.01,0.007867988,0.0021320116
0.01,0.002886694,0.007113306
0.03,0.0018330552,0.028166944
0.07,0.03536304,0.03463696
0.09,0.07088359,0.019116417
0.06,0.08918476,-0.029184762
0.07,0.057546306,0.012453694
0.16,0.0637262,0.096273795
0.27,0.16448435,0.10551566
0.3,0.26897195,0.031028062
0.26,0.29271933,-0.032719344
0.23,0.2451343,-0.01513429
0.15,0.22127539,-0.07127538
0.13,0.13736433,-0.0073643327
0.13,0.11624186,0.013758138
0.1,0.11418061,-0.014180608
0.08,0.08518837,-0.0051883683
0.1,0.06179305,0.03820695
0.08,0.08879395,-0.00879395
0.07,0.0663469,0.0036531016
0.02,0.054360334,-0.034360334
0.01,0.0,0.01
0.01,0.0,0.01
0.0,0.0,0.0
0.01,0.0,0.01
0.01,0.0,0.01
0.01,0.0,0.01
0.01,0.0,0.01
0.01,0.0027937815,0.0072062183
0.01,0.00127808,0.00872192
0.01,0.0027449057,0.007255094
0.01,0.0,0.01
0.0,0.0082220845,-0.0082220845
0.01,0.0,0.01
0.01,0.0076280013,0.0023719985
0.02,0.0,0.02
0.01,0.0070773736,0.0029226262
0.18,0.027126659,0.15287335
0.22,0.18577355,0.034226447
0.28,0.21665178,0.06334822
0.41,0.27790844,0.13209155
0.36,0.4010243,-0.041024297
0.48,0.336332,0.143668
0.48,0.46739948,0.012600511
0.28,0.4544939,-0.17449391
0.3,0.23982662,0.060173392
0.19,0.28134817,-0.09134817
0.14,0.16008188,-0.020081878
0.09,0.11410849,-0.024108484
0.08,0.06509305,0.01490695
0.12,0.06246404,0.057535958
0.03,0.10872309,-0.07872309
0.01,0.0,0.01
0.01,0.0,0.01
0.07,0.0,0.07
0.03,0.06785516,-0.037855156
0.01,0.014813598,-0.0048135985
0.01,0.0,0.01
0.0,0.0,0.0
0.01,0.0,0.01
0.05,0.0009439364,0.049056064
0.14,0.03937573,0.10062427
0.34,0.14519964,0.19480036
0.71,0.3498353,0.36016467
0.93,0.7213466,0.20865339
0.88,0.92935383,-0.049353838
0.82,0.8159634,0.0040366054
0.79,0.7700664,0.019933641
0.8,0.7511401,0.048859894
0.76,0.76252294,-0.0025229454
0.66,0.7087606,-0.048760593
0.57,0.6059232,-0.035923183
0.65,0.52040076,0.12959921
0.81,0.62922406,0.18077594
0.93,0.789884,0.14011604
0.97,0.89214873,0.077851295
0.97,0.9127791,0.057220936
0.91,0.9068259,0.0031741261
0.87,0.8281895,0.041810513
0.87,0.8134687,0.05653131
0.89,0.8275459,0.062454104
0.82,0.83788514,-0.017885149
0.84,0.74991715,0.090082824
0.76,0.7900255,-0.030025482
0.77,0.68996,0.08003998
0.86,0.73445964,0.12554038
0.9,0.81717014,0.08282983
0.94,0.8540256,0.085974395
0.95,0.8846384,0.06536156
0.93,0.8897078,0.040292203
0.86,0.865497,-0.0054969788
0.87,0.78417385,0.08582616
0.85,0.8279582,0.022041798
0.91,0.7853044,0.1246956
0.93,0.8738272,0.05617279
0.97,0.86906075,0.100939274
0.97,0.9199946,0.050005436
0.97,0.9108547,0.05914533
0.97,0.926824,0.043176055
0.97,0.8964424,0.073557615
0.97,0.8996626,0.070337415
0.97,0.91212916,0.057870865
0.97,0.91517794,0.054822087
0.96,0.900435,0.059565008
0.92,0.8799026,0.040097415
0.93,0.8422643,0.08773571
0.95,0.87393105,0.07606894
0.96,0.8814856,0.0785144
0.97,0.8978319,0.07216811
0.97,0.9235574,0.046442628
0.97,0.9051269,0.0648731
0.97,0.9051722,0.0648278
0.97,0.9028897,0.0671103
0.97,0.90808904,0.061910987
0.97,0.90339315,0.06660688
0.97,0.9131408,0.056859255
0.97,0.9151174,0.054882646
0.97,0.9062582,0.0637418
0.97,0.91051805,0.05948198
0.97,0.8979411,0.072058916
0.95,0.9017478,0.048252165
0.94,0.88187265,0.058127344
0.96,0.8764298,0.08357018
0.96,0.8975929,0.062407076
0.88,0.885327,-0.0053269863
0.74,0.8017522,-0.0617522
0.74,0.6717154,0.06828463
0.69,0.71054983,-0.020549834
0.81,0.6412401,0.16875988
0.97,0.7867006,0.18329942
0.97,0.9367181,0.033281922
0.97,0.8970889,0.07291114
0.95,0.91278625,0.037213743
0.87,0.8862196,-0.016219616
0.83,0.7989267,0.031073272
0.89,0.77121663,0.118783355
0.85,0.85287285,-0.0028728247
0.88,0.7802967,0.09970331
0.9,0.8394643,0.06053567
0.97,0.85623586,0.11376417
0.97,0.92990375,0.040096283
0.97,0.90890133,0.061098695
0.97,0.9146255,0.055374503
0.97,0.91027343,0.059726596
0.97,0.9348116,0.035188437
0.97,0.92583466,0.044165373
0.97,0.9366683,0.03333175
0.97,0.9317875,0.038212538
0.97,0.9146174,0.05538261
0.97,0.89947283,0.070527196
0.97,0.9269718,0.043028235
0.97,0.9071168,0.06288326
0.97,0.91801214,0.051987886
0.97,0.9191284,0.05087161
0.97,0.9256427,0.0443573
0.97,0.9240209,0.045979142
0.97,0.9199288,0.05007124
0.97,0.91036284,0.05963719
0.97,0.91858804,0.051411986
0.97,0.9231014,0.046898603
0.97,0.89158106,0.07841897
0.97,0.9219333,0.048066735
0.97,0.90021265,0.06978738
0.97,0.9161017,0.053898335
0.97,0.89800274,0.071997285
0.97,0.920277,0.04972303
0.97,0.8931556,0.076844454
0.97,0.9213635,0.048636556
0.97,0.91832113,0.051678896
0.96,0.89935017,0.060649812
0.96,0.89718235,0.06281763
0.97,0.9028317,0.067168355
0.97,0.9179033,0.052096725
0.97,0.9132484,0.05675161
0.95,0.8982012,0.05179876
0.97,0.8811594,0.088840604
0.97,0.919888,0.05011201
0.97,0.91152763,0.058472395
0.97,0.9126073,0.057392716
0.96,0.92348325,0.036516726
0.97,0.88762176,0.08237827
0.96,0.9126352,0.04736477
0.97,0.89334667,0.07665336
0.96,0.9133358,0.04666418
0.96,0.89773154,0.062268436
0.95,0.90435946,0.04564053
0.97,0.8936182,0.0763818
0.96,0.9346858,0.025314152
0.96,0.8989003,0.061099708
0.97,0.88156855,0.08843148
0.96,0.9264052,0.033594787
0.97,0.8815206,0.0884794
0.96,0.9174074,0.042592585
0.97,0.894066,0.07593405
0.96,0.92489827,0.03510171
0.97,0.8926648,0.07733524
0.94,0.9106058,0.02939421
0.97,0.854965,0.11503506
0.77,0.92183495,-0.15183496
0.92,0.6607325,0.2592675
0.79,0.91496086,-0.12496084
0.72,0.6864023,0.033597708
0.88,0.67819405,0.20180595
0.85,0.8538604,-0.0038603544
0.74,0.77387536,-0.033875346
0.67,0.68010175,-0.010101736
0.62,0.6270344,-0.007034421
0.71,0.5882236,0.1217764
0.51,0.68396866,-0.17396867
0.5,0.44308364,0.056916356
0.35,0.48167482,-0.13167483
0.29,0.3121402,-0.022140205
0.39,0.269372,0.120628
0.42,0.37704748,0.042952508
0.39,0.39572003,-0.005720049
0.43,0.3640833,0.06591672
0.49,0.40736586,0.08263415
0.49,0.4707758,0.019224197
0.54,0.4717113,0.06828871
0.48,0.52799785,-0.047997862
0.39,0.4569412,-0.0669412
0.38,0.36497694,0.015023053
0.32,0.36547586,-0.04547587
0.27,0.30448228,-0.03448227
0.25,0.25286135,-0.0028613508
0.21,0.24067953,-0.030679539
0.12,0.19564754,-0.07564754
0.06,0.102886036,-0.042886037
0.03,0.04173136,-0.011731362
0.05,0.007857531,0.04214247
0.02,0.039267167,-0.019267168
0.02,0.0035955235,0.016404476
0.02,0.009841546,0.010158453
0.02,0.010211021,0.009788979
0.02,0.0144747235,0.005525276
0.01,0.015375212,-0.005375212
0.01,0.0,0.01
0.01,0.0,0.01
0.0,0.0,0.0
0.01,0.0,0.01
0.01,0.0022180602,0.0077819396
0.01,0.0,0.01
0.01,0.0,0.01
0.01,0.0,0.01
0.01,0.0,0.01
0.01,0.011533156,-0.0015331563
0.01,0.00083686784,0.009163132
0.01,0.0022793151,0.0077206846
0.07,0.0060700104,0.06392999
0.15,0.073074594,0.07692541
0.21,0.16353512,0.046464875
0.25,0.22282965,0.027170345
0.25,0.25306648,-0.0030664802
0.22,0.24865502,-0.028655022
0.24,0.21418235,0.025817648
0.26,0.23392,0.026079997
0.24,0.24830574,-0.008305743
0.22,0.22929099,-0.009290993
0.23,0.2133455,0.016654506
0.24,0.21992141,0.020078585
0.2,0.23125568,-0.031255677
0.19,0.18929732,0.00070267916
0.17,0.17875758,-0.008757576
0.17,0.16162974,0.008370265
0.17,0.15731132,0.0126886815
0.15,0.15986712,-0.009867117
0.1,0.14088471,-0.04088471
0.06,0.08821165,-0.02821165
0.01,0.055949837,-0.04594984
0.01,0.0,0.01
0.01,0.0,0.01
0.01,0.0,0.01
0.01,0.0,0.01
0.01,0.010097574,-9.7574666e-05
0.01,0.0058979094,0.0041020904
0.0,0.006874688,-0.006874688
0.01,0.0069042146,0.0030957852
0.0,0.007193096,-0.007193096
0.01,0.0,0.01
0.03,0.010761023,0.019238977
0.05,0.031185463,0.018814538
0.08,0.055279598,0.0247204
0.08,0.084598325,-0.004598327
0.08,0.08209577,-0.0020957738
0.14,0.085042626,0.054957375
0.11,0.14253736,-0.032537356
0.08,0.11279091,-0.032790914
0.05,0.069667995,-0.019667994
0.02,0.032035746,-0.012035746
0.04,0.010613907,0.029386092
0.04,0.030518088,0.009481911
0.05,0.03351747,0.016482532
0.05,0.04279168,0.0072083212
0.05,0.047063712,0.0029362887
0.04,0.04231919,-0.0023191907
0.04,0.033679284,0.006320715
0.09,0.036881674,0.05311833
0.08,0.08757557,-0.0075755715
0.12,0.07845563,0.04154437
0.09,0.116147324,-0.02614732
0.1,0.08881561,0.011184394
0.13,0.09408972,0.03591028
0.14,0.123989314,0.016010687
0.15,0.13576418,0.014235824
0.19,0.14238349,0.04761651
0.18,0.18034215,-0.00034214556
0.16,0.16960758,-0.009607583
0.18,0.14823234,0.031767666
0.12,0.17579865,-0.055798657
0.13,0.10360782,0.026392177
0.1,0.117805526,-0.017805524
0.12,0.088954546,0.031045452
0.13,0.11058021,0.019419782
0.1,0.11709219,-0.01709219
0.1,0.0910275,0.008972503
0.11,0.09117793,0.018822066
0.14,0.09507544,0.044924557
0.09,0.13143146,-0.041431457
0.06,0.083879545,-0.023879547
0.1,0.043270227,0.056729775
0.08,0.08731045,-0.00731045
0.09,0.07190999,0.018090017
0.01,0.07770088,-0.067700885
0.06,0.00072278455,0.059277214
0.07,0.052292995,0.017707005
0.01,0.059736457,-0.049736455
0.01,0.0,0.01
0.0,0.0,0.0
0.01,0.0,0.01
0.01,0.0,0.01
0.01,0.0,0.01
0.0,0.009879246,-0.009879246
0.01,0.0,0.01
0.01,0.009078518,0.0009214822
0.01,0.0,0.01
0.01,0.0,0.01
0.01,0.0,0.01
0.01,0.0,0.01
0.01,0.0,0.01
0.01,0.011232581,-0.0012325812
0.01,0.0022231117,0.007776888
0.01,0.0006816238,0.009318376
0.01,0.0,0.01
0.01,0.009720419,0.00027958117
0.02,0.0086654015,0.011334598
0.1,0.016845103,0.0831549
0.06,0.09885915,-0.038859155
0.08,0.052957367,0.027042631
0.08,0.07746588,0.0025341213
0.1,0.07268158,0.027318418
0.08,0.09564,-0.015640005
0.09,0.067420706,0.022579297
0.15,0.08294621,0.067053795
0.16,0.14305097,0.016949028
0.12,0.15403137,-0.03403137
0.09,0.11213064,-0.022130638
0.08,0.07061702,0.009382978
0.1,0.06327246,0.03672754
0.12,0.086202264,0.033797733
0.15,0.108571164,0.04142884
0.17,0.14014971,0.02985029
0.13,0.16500652,-0.035006523
0.1,0.12322895,-0.02322895
0.32,0.08444299,0.235557
0.17,0.30738655,-0.13738655
0.14,0.15645082,-0.016450822
0.14,0.13155928,0.008440718
0.37,0.12383978,0.24616022
0.54,0.3641383,0.17586172
0.52,0.5384064,-0.018406391
0.48,0.4976562,-0.017656207
0.49,0.4610265,0.02897352
0.47,0.47811612,-0.008116126
0.46,0.45281437,0.007185638
0.44,0.43824545,0.0017545521
0.4,0.42276582,-0.022765815
0.39,0.37595484,0.014045149
0.34,0.37100244,-0.031002432
0.3,0.31895548,-0.01895547
0.25,0.2825606,-0.032560587
0.2,0.23210223,-0.032102227
0.16,0.17951751,-0.019517511
0.13,0.14250568,-0.01250568
0.11,0.113007456,-0.0030074567
0.09,0.09188083,-0.0018808246
0.08,0.071544506,0.008455493
0.07,0.06660464,0.0033953637
0.05,0.055552218,-0.0055522174
0.03,0.038958807,-0.008958807
0.01,0.0157106,-0.0057106
0.01,0.0,0.01
0.01,0.0,0.01
0.0,0.0,0.0
0.01,0.0,0.01
0.0,0.0,0.0
0.01,0.0,0.01
0.01,0.0,0.01
0.01,0.0,0.01
0.01,0.0,0.01
0.01,0.0,0.01
0.01,0.0,0.01
0.01,0.0,0.01
0.01,0.0,0.01
0.01,0.0,0.01
0.01,0.0,0.01
0.01,0.0071398094,0.0028601903
0.01,0.0,0.01
0.01,0.0,0.01
0.01,0.0050112307,0.004988769
0.01,0.007838495,0.0021615047
0.0,0.009693835,-0.009693835
0.01,0.0,0.01
0.01,0.040616654,-0.030616654
0.01,0.034166597,-0.024166597
0.02,0.010247856,0.009752143
0.02,0.008253034,0.011746965
0.01,0.02060667,-0.010606671
0.02,0.011016656,0.008983344
0.04,0.012684539,0.02731546
0.02,0.027957164,-0.007957164
0.01,0.009448253,0.00055174716
0.01,0.0,0.01
0.01,0.0,0.01
0.0,0.0,0.0
0.01,0.0,0.01
0.01,0.0,0.01
0.01,0.0,0.01
0.01,0.0,0.01
0.01,0.0,0.01
0.01,0.0020357221,0.007964278
0.01,0.007223241,0.0027767587
0.01,0.0022870824,0.0077129174
0.01,0.0017864369,0.008213563
0.01,0.01433026,-0.0043302607
0.01,0.0058914796,0.00410852
0.01,0.00016954727,0.0098304525
0.01,0.0,0.01
0.01,0.0,0.01
0.01,0.0,0.01
0.01,0.0,0.01
0.01,0.0,0.01
0.01,0.0,0.01
0.01,0.0043656565,0.0056343433
0.01,0.005802892,0.0041971076
0.01,0.009188946,0.00081105344
0.01,0.009619135,0.00038086437
0.01,0.0032440461,0.0067559537
0.01,0.0,0.01
0.01,0.0,0.01
0.01,0.0066299215,0.0033700783
0.01,0.0,0.01
0.01,0.0013422742,0.0086577255
0.01,0.0013102926,0.008689707
0.0,0.0052606016,-0.0052606016
0.01,0.0,0.01
0.08,0.016516607,0.06348339
0.08,0.08570571,-0.005705714
0.14,0.08419441,0.055805594
0.21,0.13652648,0.07347351
0.14,0.20882413,-0.06882413
0.18,0.13965935,0.040340662
0.19,0.1750163,0.014983699
0.2,0.17719139,0.022808611
0.32,0.18968317,0.13031682
0.31,0.3111852,-0.0011852086
0.48,0.29510123,0.18489876
0.45,0.46724814,-0.017248154
0.39,0.42762452,-0.037624538
0.49,0.37111902,0.11888099
0.52,0.48188677,0.038113207
0.55,0.49673724,0.05326277
0.72,0.5242906,0.1957094
0.75,0.7039255,0.04607451
0.75,0.71075785,0.03924215
0.69,0.7088511,-0.018851101
0.76,0.64879763,0.11120236
0.83,0.73815536,0.09184462
0.87,0.79007006,0.07992995
0.83,0.82679,0.0032100081
0.79,0.7699815,0.020018518
0.84,0.74155307,0.098446906
0.8,0.8129275,-0.012927473
0.9,0.7349398,0.16506016
0.8,0.86840606,-0.068406045
0.79,0.7287295,0.061270535
0.9,0.74284434,0.15715563
0.74,0.8691641,-0.1291641
0.79,0.65690863,0.13309139
0.74,0.7622683,-0.022268295
0.6,0.68238115,-0.08238113
0.73,0.54924655,0.18075347
0.84,0.719187,0.12081295
0.84,0.799911,0.04008895
0.86,0.77955663,0.08044338
0.89,0.8099495,0.08005047
0.88,0.84071696,0.039283037
0.87,0.8223952,0.0476048
0.8,0.818246,-0.018245995
0.81,0.73423374,0.075766265
0.95,0.7751571,0.1748429
0.93,0.92261803,0.0073819757
0.83,0.8526038,-0.02260381
0.78,0.7513772,0.028622746
0.82,0.7307452,0.0892548
0.85,0.7856369,0.06436312
0.78,0.8049871,-0.024987102
0.85,0.7123412,0.13765883
0.89,0.8269819,0.06301808
0.85,0.834396,0.015604019
0.79,0.7870389,0.0029610991
0.78,0.72593176,0.054068208
0.82,0.7353221,0.084677875
0.85,0.78245056,0.06754947
0.88,0.7982843,0.0817157
0.9,0.8257997,0.07420027
0.94,0.8531053,0.08689469
0.84,0.8818151,-0.041815102
0.72,0.76355934,-0.043559313
0.67,0.66822004,0.0017799735
0.76,0.63625014,0.12374985
0.79,0.7360846,0.05391544
0.79,0.73954856,0.050451458
0.87,0.7414031,0.1285969
0.95,0.83525336,0.11474663
0.9,0.90985525,-0.00985527
0.83,0.8177906,0.012209356
0.84,0.7693162,0.07068378
0.88,0.7930118,0.08698821
0.91,0.83628213,0.07371789
0.94,0.85670745,0.083292544
0.96,0.8883344,0.071665585
0.97,0.8965632,0.073436856
0.97,0.908378,0.061622024
0.96,0.9145671,0.045432866
0.97,0.89240015,0.07759988
0.97,0.92371047,0.046289563
0.97,0.90353215,0.06646788
0.97,0.9069257,0.06307435
0.97,0.9118513,0.05814874
0.97,0.9126693,0.057330728
0.97,0.9094702,0.060529828
0.97,0.9032817,0.06671834
0.97,0.90625966,0.06374037
0.97,0.91672885,0.053271174
0.97,0.91416,0.055840015
0.97,0.89877,0.071230054
0.97,0.9027785,0.06722152
0.97,0.9187317,0.05126834
0.97,0.91514874,0.054851294
0.97,0.9014802,0.06851983
0.97,0.90239525,0.06760478
0.97,0.91649735,0.05350268
0.97,0.9129555,0.057044506
0.97,0.90868485,0.06131518
0.97,0.8946047,0.075395346
0.97,0.90496707,0.06503296
0.97,0.90991664,0.06008339
0.97,0.91573703,0.054262996
0.97,0.9026995,0.06730056
0.97,0.90683055,0.06316948
0.97,0.91599274,0.05400729
0.97,0.92179286,0.048207164
0.97,0.9129174,0.057082653
0.97,0.90999377,0.06000626
0.97,0.9031019,0.06689811
0.97,0.90750253,0.062497497
0.97,0.9063492,0.06365085
0.97,0.90706575,0.06293428
0.97,0.90412426,0.06587577
0.97,0.90836716,0.06163287
0.97,0.90423346,0.06576657
0.97,0.9068502,0.06314981
0.95,0.9090922,0.0409078
0.97,0.8726326,0.097367406
0.97,0.9176984,0.052301645
0.96,0.9078994,0.0521006
0.96,0.8960079,0.06399208
0.97,0.9024049,0.067595124
0.97,0.9060993,0.06390071
0.95,0.91486907,0.035130918
0.95,0.8855374,0.0644626
0.96,0.8946116,0.06538838
0.97,0.9069766,0.06302345
0.95,0.91734326,0.03265673
0.97,0.8815726,0.088427424
0.97,0.9138969,0.05610311
0.97,0.9112654,0.058734655
0.97,0.9165678,0.053432226
0.97,0.90664256,0.06335747
0.97,0.9136213,0.056378722
0.97,0.9106809,0.05931914
0.97,0.90563774,0.06436229
0.97,0.9111432,0.058856845
0.97,0.9149529,0.055047154
0.97,0.9065181,0.06348193
0.97,0.91996026,0.05003977
0.97,0.9176687,0.05233133
0.97,0.91546416,0.054535866
0.97,0.9057565,0.064243555
0.97,0.91567504,0.054324985
0.97,0.9148673,0.055132747
0.97,0.9025382,0.06746185
0.97,0.91495204,0.05504799
0.97,0.9110545,0.058945537
0.97,0.9131553,0.05684471
0.97,0.90133,0.068670034
0.97,0.919579,0.050421
0.97,0.9076344,0.06236565
0.97,0.9099233,0.060076714
0.97,0.8942636,0.0757364
0.97,0.9132296,0.056770444
0.96,0.90307045,0.05692953
0.97,0.88996446,0.08003557
0.97,0.91364324,0.056356788
0.97,0.9166393,0.0533607
0.97,0.9040632,0.065936804
0.96,0.910879,0.049120963
0.97,0.8869784,0.08302164
0.97,0.91308534,0.056914687
0.96,0.9023702,0.057629764
0.97,0.89996076,0.07003927
0.96,0.9041363,0.05586368
0.96,0.89851475,0.06148523
0.97,0.9007344,0.069265604
0.97,0.90406966,0.06593037
0.97,0.9086971,0.0613029
0.97,0.9094446,0.060555458
0.93,0.9107753,0.019224703
0.97,0.8569071,0.1130929
0.97,0.92458904,0.04541099
0.95,0.8931476,0.0568524
0.93,0.8975613,0.032438695
0.95,0.8510604,0.0989396
0.94,0.8996222,0.040377796
0.91,0.86765337,0.042346656
0.9,0.84264374,0.05735624
0.93,0.8424574,0.08754259
0.87,0.86903584,0.00096416473
0.89,0.79082763,0.099172354
0.82,0.8439548,-0.023954809
0.79,0.7506443,0.039355695
0.85,0.74237585,0.10762417
0.83,0.81140184,0.01859814
0.84,0.769052,0.070947945
0.95,0.7909428,0.1590572
0.97,0.9122796,0.057720423
0.97,0.8983817,0.07161832
0.97,0.9010664,0.068933606
0.97,0.91884494,0.05115509
0.97,0.9207541,0.049245954
0.97,0.91193426,0.058065772
0.97,0.9173541,0.05264592
0.97,0.91436255,0.05563748
0.97,0.90711355,0.06288648
0.97,0.9057673,0.06423271
0.93,0.90040886,0.029591143
0.86,0.86850154,-0.00850153
0.75,0.78640103,-0.036401033
0.66,0.6794565,-0.019456446
0.76,0.602918,0.15708196
0.82,0.73459303,0.08540696
0.78,0.7745627,0.005437255
0.81,0.7147033,0.09529668
0.83,0.7742872,0.05571276
0.86,0.77914286,0.08085716
0.84,0.8169757,0.023024261
0.79,0.7857176,0.004282415
0.76,0.734164,0.02583599
0.8,0.72464013,0.07535988
0.79,0.75888,0.031120002
0.81,0.7368506,0.07314938
0.85,0.76611817,0.083881855
0.8,0.8076234,-0.0076233745
0.7,0.73910177,-0.03910178
0.65,0.64860034,0.0013996363
0.64,0.6188761,0.021123886
0.52,0.6177678,-0.09776783
0.61,0.46894452,0.1410555
0.65,0.5942569,0.0557431
0.59,0.6179776,-0.027977645
0.49,0.5490316,-0.059031606
0.43,0.4523976,-0.022397608
0.38,0.40755835,-0.027558357
0.31,0.364009,-0.05400899
0.27,0.28787717,-0.017877162
0.2,0.2588524,-0.05885239
0.17,0.1865116,-0.016511604
0.16,0.15727437,0.002725631
0.14,0.14891881,-0.008918807
0.16,0.12810656,0.031893432
0.16,0.14825477,0.011745229
0.17,0.14929822,0.02070178
0.15,0.15998343,-0.00998342
0.15,0.13800256,0.011997446
0.08,0.14112222,-0.061122224
0.01,0.06803216,-0.058032162
0.01,0.0,0.01
0.01,0.0,0.01
0.01,0.0,0.01
0.01,0.0,0.01
0.02,0.015208993,0.0047910064
0.06,0.04850176,0.011498239
0.05,0.070291124,-0.020291124
0.05,0.05640414,-0.006404139
0.04,0.051480554,-0.011480555
0.06,0.033883497,0.026116502
0.09,0.060574207,0.029425796
0.13,0.09592098,0.034079015
0.17,0.13035437,0.039645627
0.22,0.16834003,0.05165997
0.3,0.22092928,0.07907073
0.4,0.2925353,0.1074647
0.37,0.3840205,-0.014020503
0.45,0.3601725,0.08982748
0.38,0.43696997,-0.05696997
0.23,0.36695042,-0.13695042
0.27,0.20816779,0.06183222
0.28,0.2626419,0.017358094
0.18,0.26293376,-0.082933754
0.15,0.16548398,-0.015483975
0.19,0.13805437,0.051945627
0.16,0.17965673,-0.019656733
0.24,0.1540836,0.0859164
0.6,0.23346147,0.36653855
0.67,0.5916221,0.0783779
0.79,0.6499593,0.1400407
0.8,0.76303756,0.03696245
0.92,0.7621263,0.15787369
0.95,0.8946096,0.055390418
0.95,0.9071163,0.042883694
0.94,0.8941126,0.04588741
0.92,0.8865591,0.033440888
0.9,0.8700253,0.029974699
0.96,0.84417987,0.11582011
0.96,0.92215097,0.03784901
0.88,0.89530313,-0.015303135
0.94,0.8057854,0.13421458
0.97,0.9134853,0.05651474
0.97,0.91011775,0.059882283
0.97,0.9235929,0.046407104
0.97,0.9104426,0.059557438
0.97,0.92108774,0.048912287
0.97,0.9129617,0.057038307
0.96,0.9210509,0.038949072
0.97,0.89456,0.07544005
0.97,0.9253558,0.044644237
0.97,0.91040885,0.059591174
0.97,0.91691875,0.053081274
0.97,0.9142399,0.055760145
0.97,0.90474856,0.06525147
0.97,0.9089267,0.061073303
0.95,0.91490257,0.03509742
0.96,0.88816583,0.07183415
0.97,0.8991784,0.07082164
0.97,0.9044777,0.06552231
0.94,0.8961227,0.043877304
0.93,0.8763977,0.05360228
0.93,0.87115276,0.05884725
0.95,0.85804844,0.09195155
0.9,0.8915787,0.008421302
0.92,0.82498074,0.09501928
0.87,0.8668356,0.0031644106
0.86,0.7945794,0.06542063
0.8,0.80821514,-0.008215129
0.7,0.73019314,-0.03019315
0.61,0.6481706,-0.038170576
0.53,0.56516576,-0.035165787
0.46,0.48524123,-0.025241226
0.44,0.43360716,0.0063928366
0.37,0.40581068,-0.03581068
0.36,0.33084717,0.02915284
0.34,0.34106556,-0.0010655522
0.32,0.3145961,0.005403906
0.29,0.30187973,-0.011879742
0.23,0.26712662,-0.037126616
0.22,0.20466128,0.015338719
0.22,0.20448214,0.015517861
0.23,0.20747975,0.022520259
0.23,0.2133883,0.01661171
0.18,0.21847482,-0.038474813
0.14,0.15927438,-0.019274384
0.12,0.11742925,0.0025707483
0.15,0.106618986,0.04338102
0.19,0.13224393,0.057756066
0.23,0.17971268,0.05028732
0.3,0.21970674,0.08029327
0.28,0.28461653,-0.0046165287
0.37,0.2624812,0.10751879
0.42,0.35751703,0.062482953
0.38,0.40027586,-0.020275861
0.35,0.36152503,-0.011525035
0.26,0.327341,-0.067341
0.23,0.23625478,-0.0062547773
0.32,0.21764484,0.10235515
0.2,0.31485066,-0.114850655
0.03,0.19209889,-0.16209888
0.02,0.0,0.02
0.04,0.0,0.04
0.06,0.017680723,0.042319275
0.02,0.05990905,-0.03990905
0.07,0.009396225,0.060603775
0.12,0.07038482,0.049615175
0.13,0.12868726,0.0013127327
0.12,0.13442862,-0.014428623
0.08,0.10602839,-0.026028395
0.11,0.06925896,0.04074104
0.12,0.099104166,0.020895831
0.08,0.10895555,-0.028955549
0.04,0.060477108,-0.020477109
0.01,0.008915607,0.0010843929
0.01,0.0,0.01
0.07,0.0,0.07
0.11,0.064512484,0.045487516
0.08,0.12001306,-0.04001306
0.08,0.078971654,0.001028344
0.1,0.07119979,0.028800212
0.06,0.08900717,-0.02900717
0.05,0.044904165,0.005095836
0.04,0.040181503,-0.0001815036
0.04,0.029634789,0.0103652105
0.09,0.035162155,0.05483785
0.14,0.10200367,0.03799633
0.17,0.16011675,0.009883255
0.13,0.17406346,-0.044063464
0.06,0.12329664,-0.063296646
0.06,0.03129149,0.02870851
0.06,0.03275923,0.027240768
0.12,0.041646086,0.07835391
0.18,0.11199672,0.06800329
0.21,0.1813936,0.0286064
0.19,0.21041971,-0.020419717
0.21,0.1793027,0.030697286
0.17,0.20739238,-0.037392378
0.15,0.16400099,-0.014000982
0.12,0.14341551,-0.023415513
0.09,0.10749309,-0.017493084
0.07,0.077642485,-0.007642485
0.07,0.049137868,0.020862132
0.06,0.05185003,0.00814997
0.06,0.043617845,0.016382154
0.01,0.047799796,-0.037799798
0.06,0.0019476227,0.058052376
0.1,0.052521363,0.04747864
0.08,0.09394011,-0.013940111
0.06,0.0737713,-0.013771299
0.12,0.054022755,0.065977246
0.24,0.11342463,0.12657537
0.3,0.23262486,0.06737515
0.55,0.29722965,0.25277036
0.65,0.54582095,0.104179025
0.64,0.6425321,-0.0025321245
0.48,0.6106322,-0.13063219
0.63,0.4495333,0.18046668
0.58,0.63060594,-0.050605953
0.31,0.556818,-0.246818
0.39,0.2710811,0.118918896
0.63,0.37978742,0.25021258
0.31,0.62335694,-0.31335694
0.14,0.2594515,-0.11945151
0.36,0.11356738,0.24643263
0.96,0.3606452,0.59935474
0.77,0.9638134,-0.19381344
0.32,0.7020215,-0.3820215
0.56,0.26371142,0.29628858
0.5,0.5926956,-0.092695594
0.6,0.4724138,0.12758622
0.68,0.5831989,0.0968011
0.73,0.6533617,0.07663834
0.64,0.6898067,-0.049806714
0.54,0.5878669,-0.04786688
0.55,0.5079267,0.04207331
0.69,0.5343704,0.15562958
0.67,0.6785116,-0.008511603
0.61,0.62669086,-0.01669085
0.52,0.5820966,-0.062096596
0.51,0.48657048,0.023429513
0.55,0.49141756,0.058582455
0.46,0.5323936,-0.07239357
0.61,0.4286989,0.18130112
0.55,0.60427797,-0.054277956
0.69,0.51069283,0.17930716
0.68,0.68023586,-0.00023585558
0.83,0.6425551,0.18744487
0.85,0.80774486,0.042255163
0.83,0.7990109,0.03098911
0.85,0.7804302,0.069569826
0.79,0.8122412,-0.022241175
0.75,0.73083687,0.019163132
0.74,0.7074511,0.032548904
0.7,0.69876444,0.0012355447
0.64,0.6552367,-0.015236735
0.61,0.5965617,0.013438344
0.45,0.57189894,-0.12189895
0.34,0.40443477,-0.06443477
0.34,0.30637982,0.03362018
0.39,0.32091656,0.06908342
0.24,0.36771187,-0.12771188
0.2,0.20343956,-0.0034395605
0.14,0.17311935,-0.03311935
0.14,0.12067797,0.01932203
0.1,0.12563948,-0.025639482
0.03,0.076504946,-0.046504945
0.03,0.0097298175,0.020270182
0.02,0.030896816,-0.010896817
0.03,0.0,0.03
0.01,0.013137337,-0.003137337
0.01,0.0,0.01
0.01,0.0026739836,0.007326016
0.01,0.0,0.01
0.0,0.0,0.0
0.01,0.0,0.01
0.03,0.013435874,0.016564125
0.05,0.022656769,0.027343232
0.04,0.043252584,-0.0032525845
0.05,0.028175455,0.021824546
0.07,0.039338212,0.030661788
0.08,0.069681495,0.010318503
0.06,0.07097322,-0.010973219
0.24,0.045966774,0.19403322
0.32,0.24416986,0.07583013
0.33,0.31756103,0.012438983
0.29,0.31968236,-0.029682368
0.3,0.2722367,0.027763307
0.34,0.28350708,0.056492925
0.41,0.32179627,0.08820373
0.36,0.3958682,-0.035868198
0.32,0.33552206,-0.015522063
0.28,0.29371655,-0.013716549
0.33,0.2565578,0.07344222
0.43,0.3139436,0.11605641
0.37,0.40922007,-0.039220065
0.39,0.34152946,0.048470527
0.47,0.3740686,0.09593141
0.62,0.44854587,0.17145413
0.67,0.60724986,0.06275016
0.73,0.6405747,0.089425325
0.76,0.7010056,0.058994412
0.84,0.72494805,0.115051925
0.85,0.8062738,0.043726206
0.78,0.801857,-0.021857023
0.71,0.71916544,-0.009165466
0.79,0.67260706,0.11739296
0.79,0.7617408,0.028259218
0.64,0.74213946,-0.10213947
0.54,0.57521486,-0.03521484
0.53,0.50500727,0.024992704
0.57,0.5029051,0.06709492
0.53,0.5488192,-0.018819213
0.52,0.4873769,0.032623082
0.53,0.49315846,0.03684151
0.55,0.4967705,0.05322951
0.49,0.5140829,-0.0240829
0.46,0.45196393,0.008036077
0.49,0.43361607,0.056383938
0.51,0.46527472,0.04472527
0.53,0.48345992,0.04654005
0.53,0.5051503,0.024849653
0.56,0.49964347,0.060356528
0.58,0.5320368,0.047963202
0.57,0.5545597,0.015440285
0.57,0.5413369,0.028663099
0.61,0.54335964,0.06664038
0.64,0.58974004,0.050259948
0.63,0.6058755,0.024124503
0.66,0.5991113,0.060888708
0.67,0.63820064,0.031799376
0.64,0.64031565,-0.0003156662
0.61,0.59937656,0.010623455
0.66,0.58580565,0.07419437
0.59,0.6296245,-0.039624512
0.59,0.543864,0.046135962
0.61,0.56583774,0.044162273
0.56,0.582095,-0.022095025
0.44,0.5235868,-0.08358681
0.45,0.40303025,0.04696974
0.56,0.4322181,0.1277819
0.68,0.5532334,0.12676662
0.61,0.65825856,-0.048258543
0.57,0.5582613,0.011738718
0.55,0.5297893,0.020210683
0.48,0.52174044,-0.041740447
0.43,0.44871652,-0.018716514
0.23,0.4009257,-0.17092569
0.02,0.2023759,-0.18237591
0.0,0.0,0.0
0.0,0.0,0.0
0.01,0.0,0.01
0.01,0.0,0.01
0.01,0.0,0.01
0.01,0.0,0.01
0.02,0.010630477,0.009369522
0.03,0.025324356,0.0046756435
0.03,0.025294721,0.004705278
0.05,0.022619035,0.027380966
0.04,0.042923693,-0.0029236935
0.08,0.03552064,0.04447936
0.09,0.0812554,0.008744605
0.07,0.09274909,-0.022749089
0.03,0.064358875,-0.034358874
0.01,0.010408908,-0.00040890835
0.01,0.0,0.01
0.01,0.0,0.01
0.01,0.0,0.01
0.01,0.0,0.01
0.01,0.0,0.01
0.01,0.010566939,-0.0005669389
0.01,0.011522036,-0.0015220363
0.0,0.0,0.0
0.01,0.0,0.01
0.01,0.0,0.01
0.01,0.0,0.01
0.01,0.0,0.01
0.01,0.0,0.01
0.01,0.0026358552,0.0073641445
0.01,0.0052498803,0.0047501195
0.01,0.00079123303,0.009208767
0.01,0.011237957,-0.0012379568
0.03,0.011937838,0.018062161
0.01,0.02660508,-0.016605081
0.01,0.008548148,0.0014518518
0.01,0.0068953745,0.0031046253
0.01,0.0,0.01
0.01,0.0031478442,0.0068521556
0.02,0.0,0.02
0.03,0.010440312,0.019559687
0.03,0.02641479,0.00358521
0.03,0.024785977,0.0052140225
0.01,0.024569985,-0.014569985
0.03,0.000964392,0.029035607
0.01,0.017682299,-0.0076822992
0.01,0.0,0.01
0.0,0.0,0.0
0.01,0.0,0.01
0.01,0.0057446584,0.0042553414
0.01,0.0018128008,0.008187199
0.01,0.0,0.01
0.01,0.0,0.01
0.01,0.0,0.01
0.01,0.0,0.01
0.01,0.0,0.01
0.01,0.0,0.01
0.01,0.0,0.01
0.01,0.0,0.01
0.01,7.416308e-05,0.009925837
0.01,0.0,0.01
0.01,0.0,0.01
0.01,0.0,0.01
0.01,0.0,0.01
0.01,0.015028663,-0.005028663
0.01,0.00027500466,0.009724995
0.01,0.0,0.01
0.02,0.0,0.02
0.02,0.021382526,-0.001382526
0.03,0.016052805,0.013947194
0.07,0.026459742,0.043540258
0.1,0.07170457,0.028295435
0.07,0.096573964,-0.026573963
0.09,0.060667165,0.029332839
0.08,0.08352043,-0.0035204291
0.11,0.06576499,0.044235006
0.14,0.10043204,0.039567962
0.18,0.13509968,0.044900328
0.17,0.16933632,0.0006636828
0.16,0.15908268,0.0009173155
0.14,0.14718758,-0.007187575
0.17,0.12365064,0.04634936
0.14,0.15951249,-0.01951249
0.17,0.12286865,0.047131352
0.16,0.15497445,0.0050255507
0.23,0.14435089,0.08564912
0.3,0.21758994,0.08241007
0.28,0.28376615,-0.0037661493
0.22,0.25852183,-0.038521826
0.24,0.19704956,0.042950436
0.25,0.22321123,0.026788771
0.26,0.23781626,0.022183731
0.3,0.24519385,0.054806158
0.27,0.28179276,-0.011792749
0.25,0.2522475,-0.0022475123
0.21,0.2329672,-0.022967204
0.21,0.18445583,0.025544167
0.22,0.19141325,0.028586745
0.23,0.20167252,0.02832748
0.24,0.2164675,0.023532495
0.29,0.22351977,0.06648022
0.32,0.2718593,0.048140705
0.32,0.29708633,0.022913665
0.26,0.299854,-0.03985402
0.18,0.23802911,-0.0580291
0.14,0.16241266,-0.022412658
0.12,0.12157357,-0.0015735701
0.06,0.10285033,-0.042850334
0.01,0.03917404,-0.02917404
0.0,0.0,0.0
0.01,0.0,0.01
0.01,0.0,0.01
0.01,0.0019424036,0.008057596
0.0,0.002123177,-0.002123177
0.01,0.0,0.01
0.0,0.0007945001,-0.0007945001
0.01,0.0,0.01
0.01,0.0,0.01
0.01,0.0,0.01
0.01,0.0,0.01
0.01,0.0,0.01
0.01,0.0,0.01
0.01,8.023903e-05,0.009919761
0.0,0.0060367174,-0.0060367174
0.01,0.0,0.01
0.0,0.0050175786,-0.0050175786
0.01,0.0,0.01
0.01,0.0,0.01
0.01,0.0,0.01
0.01,0.0,0.01
0.01,0.0,0.01
0.01,0.0,0.01
0.01,0.007022757,0.0029772427
0.01,0.009383835,0.0006161649
0.0,0.010664009,-0.010664009
0.01,0.0,0.01
0.08,0.0073545314,0.07264547
0.13,0.08484727,0.045152724
0.09,0.14766926,-0.057669252
0.05,0.09525783,-0.045257833
0.04,0.032873653,0.007126346
0.02,0.017285809,0.0027141906
0.01,0.0,0.01
0.01,0.0,0.01
0.01,0.0,0.01
0.02,0.0,0.02
0.06,0.009558588,0.05044141
0.06,0.053420134,0.006579865
0.15,0.0536483,0.096351705
0.23,0.151109,0.07889101
0.29,0.22948183,0.06051816
0.4,0.29040352,0.10959649
0.64,0.39512822,0.24487177
0.58,0.6329007,-0.05290073
0.52,0.5491626,-0.029162645
0.63,0.49194843,0.13805157
0.59,0.6190213,-0.029021323
0.42,0.5562873,-0.1362873
0.38,0.38196996,-0.0019699633
0.32,0.36503908,-0.045039088
0.29,0.3006775,-0.010677516
0.37,0.26662433,0.10337567
0.39,0.3575611,0.032438874
0.36,0.36265796,-0.00265795
0.45,0.33769152,0.11230847
0.32,0.4349663,-0.1149663
0.2,0.29668847,-0.096688464
0.27,0.18302485,0.08697516
0.25,0.25809285,-0.00809285
0.22,0.23675573,-0.01675573
0.42,0.2131144,0.20688559
0.32,0.41864607,-0.098646075
0.43,0.302655,0.127345
0.6,0.4122862,0.18771383
0.66,0.58928955,0.07071048
0.77,0.6393533,0.1306467
0.76,0.7419629,0.01803708
0.68,0.7173319,-0.03733188
0.85,0.6422632,0.20773685
0.79,0.8403052,-0.050305188
0.84,0.728631,0.111368954
0.89,0.80999756,0.08000243
0.91,0.84495187,0.06504816
0.94,0.85911417,0.08088583
0.94,0.8880304,0.051969588
0.87,0.88155305,-0.011553049
0.88,0.79931617,0.08068383
0.83,0.83627796,-0.0062779784
0.8,0.76872456,0.03127545
0.78,0.7539369,0.026063085
0.81,0.72708464,0.082915366
0.72,0.77679205,-0.05679202
0.66,0.6528832,0.007116854
0.59,0.6232517,-0.033251703
0.7,0.54145503,0.15854496
0.74,0.6875365,0.05246353
0.68,0.68576944,-0.0057694316
0.62,0.6286253,-0.008625269
0.63,0.5768784,0.053121567
0.47,0.597363,-0.127363
0.54,0.4176183,0.12238172
0.51,0.5303463,-0.020346284
0.49,0.465377,0.024623007
0.43,0.46006474,-0.030064732
0.41,0.3970967,0.012903303
0.34,0.38396254,-0.04396254
0.33,0.3095754,0.020424604
0.24,0.30974886,-0.06974886
0.25,0.21150686,0.03849314
0.26,0.2323663,0.027633697
0.18,0.2384628,-0.0584628
0.1,0.15575552,-0.05575552
0.16,0.06955263,0.090447366
0.09,0.15472953,-0.06472953
0.07,0.06510228,0.004897721
0.05,0.043838307,0.0061616935
0.01,0.026761819,-0.016761819
0.01,0.0,0.01
0.01,0.0,0.01
0.0,0.0,0.0
0.0,0.0,0.0
0.0,0.0,0.0
0.01,0.0,0.01
0.01,0.0,0.01
0.01,0.0,0.01
0.01,0.0,0.01
0.01,0.0,0.01
0.01,0.0049746595,0.0050253402
0.0,0.004744582,-0.004744582
0.01,0.0,0.01
0.01,0.0005563311,0.009443669
0.01,0.0,0.01
0.05,0.003669709,0.04633029
0.16,0.04646582,0.113534175
0.38,0.16801685,0.21198314
0.32,0.3891388,-0.069138795
0.36,0.3209653,0.039034724
0.41,0.35091215,0.059087843
0.35,0.39984837,-0.049848378
0.24,0.3302749,-0.090274915
0.23,0.21437813,0.015621871
0.27,0.2130385,0.056961507
0.21,0.25881046,-0.048810467
0.23,0.17793743,0.05206257
0.24,0.21624249,0.023757502
0.22,0.2212461,-0.0012460947
0.15,0.19807863,-0.048078626
0.14,0.12901148,0.010988519
0.17,0.119936526,0.050063476
0.21,0.15396746,0.05603254
0.23,0.19495663,0.035043374
0.45,0.21335904,0.23664095
0.53,0.43741277,0.0925872
0.49,0.5082357,-0.018235683
0.49,0.45525405,0.03474596
0.58,0.4635376,0.11646238
0.66,0.56068087,0.09931916
0.69,0.64248204,0.047517955
0.76,0.653571,0.10642898
0.8,0.73472404,0.06527597
0.86,0.76972723,0.090272784
0.77,0.8323753,-0.062375307
0.77,0.6949911,0.07500887
0.77,0.7341918,0.035808206
0.79,0.725559,0.064441025
0.85,0.75561404,0.09438598
0.48,0.81510675,-0.33510676
0.22,0.36339736,-0.14339736
0.16,0.18381985,-0.023819849
0.18,0.14698449,0.03301552
0.14,0.16514145,-0.025141448
0.13,0.111878574,0.018121421
0.09,0.10993546,-0.019935459
0.08,0.07208982,0.007910177
0.06,0.059341695,0.0006583035
0.05,0.03848662,0.011513382
0.02,0.036596783,-0.016596783
0.01,0.0,0.01
0.0,0.0,0.0
0.01,0.0,0.01
0.0,0.0,0.0
0.01,0.0,0.01
0.01,0.0011030585,0.008896941
0.01,0.0,0.01
0.01,0.0,0.01
0.01,0.0,0.01
0.01,0.00026102364,0.009738976
0.07,0.029696494,0.040303506
0.04,0.09218952,-0.05218952
0.01,0.043223497,-0.033223495
0.01,0.008024953,0.0019750465
0.01,0.0,0.01
0.01,0.0,0.01
0.01,0.0,0.01
0.01,0.0,0.01
0.01,0.0,0.01
0.01,0.0,0.01
0.01,0.009563591,0.00043640845
0.01,0.009110298,0.00088970177
0.01,0.0,0.01
0.01,0.0,0.01
0.01,0.0,0.01
0.01,0.0,0.01
0.0,0.00441679,-0.00441679
0.01,0.001770921,0.008229079
0.02,0.0075408258,0.012459174
0.04,0.020524677,0.019475322
0.04,0.040730335,-0.0007303357
0.06,0.039150562,0.020849437
0.07,0.05761519,0.01238481
0.08,0.06743479,0.01256521
0.07,0.075708725,-0.0057087243
0.09,0.06349507,0.026504934
0.05,0.08275014,-0.03275014
0.08,0.04188237,0.03811763
0.06,0.06972772,-0.00972772
0.03,0.047650486,-0.017650487
0.01,0.01189594,-0.0018959399
0.02,0.0,0.02
0.01,0.0065489225,0.0034510773
0.03,0.0,0.03
0.05,0.025619209,0.024380792
0.06,0.048454605,0.011545394
0.07,0.054632436,0.015367564
0.02,0.06489718,-0.04489718
0.01,0.0023002625,0.0076997373
0.01,0.0,0.01
0.01,0.0,0.01
0.01,0.0,0.01
0.08,0.0,0.08
0.21,0.085754424,0.12424557
0.14,0.21468799,-0.07468799
0.22,0.14637715,0.07362285
0.15,0.21905011,-0.0690501
0.1,0.14016536,-0.040165357
0.13,0.085614786,0.04438521
0.15,0.119655825,0.03034418
0.38,0.13747413,0.24252586
0.41,0.3750542,0.034945786
0.2,0.39203933,-0.19203933
0.23,0.1774444,0.052555606
0.15,0.22203286,-0.072032854
0.2,0.1337866,0.0662134
0.13,0.18942598,-0.05942598
0.13,0.105706856,0.02429314
0.05,0.11228352,-0.06228352
0.07,0.02532959,0.04467041
0.17,0.05529305,0.11470695
0.17,0.16741198,0.0025880188
0.18,0.1590653,0.020934701
0.36,0.17026278,0.18973723
0.66,0.3535645,0.30643553
0.78,0.6556189,0.124381065
0.66,0.75020826,-0.09020823
0.69,0.61266434,0.077335656
0.6,0.6689956,-0.068995595
0.71,0.5573573,0.15264267
0.62,0.6986997,-0.07869971
0.72,0.57063353,0.1493665
0.59,0.71099854,-0.12099856
0.38,0.525532,-0.14553201
0.55,0.33000103,0.21999899
0.48,0.55494547,-0.07494548
0.49,0.43266293,0.057337075
0.36,0.4566503,-0.09665027
0.43,0.31437317,0.11562684
0.39,0.4161334,-0.026133418
0.46,0.36158925,0.098410755
0.4,0.4442657,-0.044265687
0.28,0.36390334,-0.08390334
0.24,0.2447072,-0.0047072023
0.27,0.21968955,0.050310463
0.41,0.2533847,0.15661529
0.38,0.39643255,-0.016432554
0.47,0.35498098,0.11501902
0.58,0.44725284,0.13274714
0.8,0.5618917,0.23810834
0.81,0.7822366,0.027763426
0.9,0.76808834,0.13191164
0.97,0.8756473,0.09435272
0.97,1.0,-0.029999971
0.97,0.9491148,0.02088523
0.97,0.930266,0.039734006
0.97,0.9499122,0.020087838
0.97,0.95362616,0.016373873
0.96,0.8862722,0.07372779
0.97,0.87318003,0.09682
0.97,0.8815197,0.08848035
0.97,0.89610946,0.07389057
0.97,0.9032717,0.06672835
0.96,0.8914597,0.068540275
0.89,0.8867079,0.0032920837
0.97,0.8346331,0.13536692
0.96,0.93352294,0.026477039
0.85,0.8839499,-0.033949852
0.9,0.7601011,0.1398989
0.96,0.852332,0.10766798
0.97,0.91667247,0.05332756
0.97,0.9271532,0.0428468
0.94,0.90414214,0.035857856
0.84,0.85541797,-0.015417993
0.44,0.7567848,-0.3167848
0.33,0.34345165,-0.013451636
0.26,0.32092074,-0.060920745
0.36,0.24018867,0.11981134
0.63,0.35524598,0.27475402
0.46,0.62124527,-0.16124526
0.25,0.4118379,-0.1618379
0.17,0.2167458,-0.046745792
0.14,0.15450758,-0.014507577
0.21,0.13862124,0.07137875
0.13,0.20708603,-0.07708603
0.04,0.112703696,-0.0727037
0.01,0.018173616,-0.008173617
0.03,0.0,0.03
0.02,0.038736027,-0.018736027
0.01,0.007396519,0.0026034806
0.22,0.0,0.22
0.22,0.23092762,-0.010927618
0.2,0.23634377,-0.03634377
0.29,0.19954753,0.09045246
0.02,0.27900198,-0.25900197
0.01,0.0,0.01
0.02,0.0,0.02
0.01,0.004463978,0.0055360217
0.02,0.006451566,0.013548434
0.01,0.026195493,-0.016195493
0.02,0.0,0.02
0.05,0.015043564,0.034956437
0.01,0.041859325,-0.031859323
0.01,0.0,0.01
0.01,0.0,0.01
0.01,0.0,0.01
0.01,0.0,0.01
0.01,0.0,0.01
0.01,0.0,0.01
0.01,0.0,0.01
0.01,0.007282082,0.0027179178
0.01,0.013437368,-0.0034373682
0.01,0.014960825,-0.0049608257
0.01,0.014564194,-0.004564194
0.01,0.0080855675,0.0019144323
0.01,0.0,0.01
0.01,4.9810857e-05,0.009950189
0.01,0.0,0.01
0.01,0.0,0.01
0.01,0.0,0.01
0.01,0.0,0.01
0.01,0.0,0.01
0.01,0.0,0.01
0.01,0.0,0.01
0.01,0.0,0.01
0.01,0.0,0.01
0.01,0.0,0.01
0.01,0.0,0.01
0.01,0.0006182641,0.009381736
0.01,0.008294556,0.0017054435
0.01,0.0,0.01
0.01,0.0005000904,0.009499909
0.01,0.0036489032,0.0063510966
0.01,0.005006751,0.0049932487
0.01,0.0,0.01
0.01,0.006617103,0.003382897
0.01,0.01544673,-0.00544673
0.01,0.0,0.01
0.01,0.0,0.01
0.01,0.0,0.01
0.01,0.0,0.01
0.01,0.0,0.01
0.01,0.0006262474,0.009373752
0.01,0.008063398,0.0019366015
0.0,0.004809145,-0.004809145
0.01,0.004369974,0.0056300256
0.03,0.00934241,0.02065759
0.02,0.035702106,-0.015702106
0.01,0.013016768,-0.003016768
0.01,0.0,0.01
0.01,0.0,0.01
0.01,0.0024749413,0.0075250585
0.01,0.0030932613,0.0069067385
0.0,0.0,0.0
0.01,0.0,0.01
0.01,0.007522814,0.0024771858
0.01,0.0,0.01
0.04,0.005623687,0.034376312
0.01,0.04640322,-0.036403224
0.01,0.008112326,0.0018876735
0.12,0.02601368,0.09398632
0.07,0.11377518,-0.04377518
0.05,0.059618227,-0.009618226
0.19,0.03918029,0.1508197
0.08,0.18124959,-0.10124959
0.12,0.070570394,0.049429603
0.05,0.11061928,-0.060619276
0.12,0.031192366,0.08880763
0.12,0.10478641,0.015213586
0.09,0.11355899,-0.02355899
0.18,0.080664515,0.09933549
0.07,0.16744137,-0.09744137
0.2,0.052938513,0.1470615
0.2,0.1917948,0.008205205
0.28,0.18834037,0.091659635
0.2,0.26877904,-0.06877904
0.28,0.19078393,0.08921607
0.39,0.26641262,0.12358737
0.37,0.38078222,-0.010782212
0.27,0.3500981,-0.08009809
0.28,0.2471043,0.0328957
0.34,0.26754,0.072459996
0.31,0.32537198,-0.015371978
0.22,0.28683364,-0.066833645
0.27,0.20187363,0.06812638
0.3,0.25668073,0.043319285
0.24,0.28202027,-0.042020276
0.21,0.21810877,-0.00810878
0.18,0.19057648,-0.010576472
0.11,0.16060904,-0.050609037
0.14,0.08738567,0.05261433
0.16,0.12933265,0.03066735
0.19,0.1445666,0.045433402
0.19,0.17585422,0.014145777
0.16,0.17609784,-0.016097844
0.15,0.14128143,0.00871858
0.18,0.1403755,0.039624512
0.18,0.16730422,0.012695789
0.16,0.17049015,-0.010490149
0.2,0.1488327,0.05116731
0.21,0.18811435,0.021885648
0.26,0.20208733,0.057912663
0.28,0.24893112,0.031068876
0.3,0.26637924,0.033620775
0.27,0.2843087,-0.014308691
0.32,0.25766975,0.062330246
0.35,0.31290212,0.03709787
0.38,0.337426,0.04257399
0.26,0.35981563,-0.09981564
0.17,0.23877385,-0.06877385
0.1,0.15128206,-0.051282056
0.06,0.077072054,-0.017072055
0.07,0.04611846,0.02388154
0.04,0.050050054,-0.010050055
0.04,0.020710062,0.019289937
0.04,0.020447098,0.019552901
0.04,0.026755042,0.013244957
0.01,0.029754769,-0.01975477
0.01,0.0,0.01
0.01,0.0,0.01
0.01,0.0,0.01
0.01,0.003111899,0.006888101
0.01,0.0,0.01
0.01,0.0,0.01
0.01,0.0010583028,0.008941697
0.01,0.0005888231,0.009411177
0.01,0.013859957,-0.0038599577
0.01,0.009841617,0.00015838258
0.01,0.006573051,0.0034269486
0.01,0.002963882,0.007036118
0.12,0.018751074,0.10124892
0.11,0.12752432,-0.017524317
0.09,0.11631633,-0.02631633
0.13,0.08787,0.042129993
0.13,0.11955233,0.010447666
0.1,0.12869465,-0.028694652
0.16,0.088879965,0.07112003
0.21,0.14687885,0.06312114
0.26,0.20201874,0.057981253
0.26,0.25476897,0.005231023
0.52,0.25107044,0.26892954
0.4,0.509858,-0.109858006
0.46,0.39804184,0.061958164
0.75,0.4437762,0.3062238
0.64,0.7345489,-0.09454894
0.82,0.590631,0.22936898
0.96,0.8008461,0.15915388
0.82,0.9449053,-0.12490529
0.36,0.7371948,-0.37719476
0.14,0.2683128,-0.12831281
0.04,0.118626095,-0.078626096
0.04,0.017443933,0.022556067
0.18,0.02318519,0.15681481
0.37,0.17796755,0.19203246
0.38,0.35802916,0.021970838
0.32,0.3590646,-0.039064616
0.35,0.30548945,0.044510543
0.35,0.33841813,0.011581868
0.32,0.334653,-0.014652997
0.29,0.31013128,-0.02013129
0.35,0.27515244,0.07484755
0.63,0.34069386,0.28930613
0.27,0.6195891,-0.34958908
0.12,0.22353469,-0.10353469
0.02,0.1011959,-0.081195906
0.04,0.0,0.04
0.1,0.030483544,0.06951646
0.16,0.09529199,0.06470801
0.14,0.15770428,-0.017704278
0.21,0.1347993,0.07520069
0.15,0.20352755,-0.05352755
0.12,0.1413635,-0.021363504
0.13,0.10921945,0.020780548
0.06,0.12358201,-0.06358202
0.03,0.043840583,-0.013840584
0.01,0.007207703,0.002792297
0.01,0.0,0.01
0.01,0.0,0.01
0.01,0.0,0.01
0.01,0.0059244335,0.0040755663
0.01,0.006293215,0.003706785
0.01,0.0,0.01
0.01,0.0,0.01
0.02,0.014918748,0.0050812513
0.07,0.026980076,0.043019924
0.13,0.078316405,0.05168359
0.13,0.13944338,-0.009443387
0.07,0.13371885,-0.06371885
0.03,0.064643025,-0.034643024
0.03,0.015847575,0.014152424
0.02,0.013162792,0.006837208
0.06,0.009361148,0.05063885
0.09,0.049963076,0.040036928
0.05,0.087169476,-0.037169475
0.05,0.0424718,0.0075282007
0.01,0.041031595,-0.031031596
0.01,0.0,0.01
0.01,0.019428667,-0.009428667
0.01,0.0028047822,0.0071952175
0.01,0.011179604,-0.0011796039
0.0,0.0,0.0
0.01,0.0,0.01
0.01,0.0,0.01
0.05,0.0,0.05
0.02,0.0506847,-0.030684702
0.02,0.008029144,0.011970855
0.03,0.008949023,0.021050977
0.01,0.02087054,-0.0108705405
0.01,0.0008839369,0.009116063
0.01,0.0076533407,0.002346659
0.01,0.0,0.01
0.01,0.0,0.01
0.01,0.0,0.01
0.01,0.0,0.01
0.01,0.0030641183,0.0069358815
0.01,0.0,0.01
0.02,0.018987574,0.0010124259
0.01,0.0143962465,-0.0043962467
0.01,0.00021052733,0.009789472
0.02,0.013043635,0.006956365
0.02,0.013889898,0.006110102
0.02,0.020463422,-0.0004634224
0.03,0.006503634,0.023496365
0.04,0.0208407,0.019159298
0.01,0.029448468,-0.019448468
0.01,0.0,0.01
0.01,0.0,0.01
0.01,0.0007196814,0.009280318
0.03,0.00081612915,0.02918387
0.1,0.024862148,0.07513785
0.18,0.09720651,0.0827935
0.15,0.18267599,-0.03267598
0.22,0.14453678,0.07546322
0.2,0.22821173,-0.028211728
0.12,0.18783596,-0.067835964
0.02,0.10782324,-0.08782324
0.09,0.0,0.09
0.13,0.0743842,0.055615798
0.08,0.12423668,-0.044236682
0.12,0.065950036,0.05404996
0.17,0.110919535,0.059080467
0.13,0.16474897,-0.03474897
0.1,0.116773054,-0.016773053
0.02,0.085748404,-0.06574841
0.01,0.0,0.01
0.06,0.0,0.06
0.02,0.058001548,-0.03800155
0.01,0.010952767,-0.0009527672
0.01,0.0,0.01
0.02,0.005549915,0.014450084
0.03,0.008970767,0.021029232
0.01,0.017028026,-0.0070280265
0.01,0.0,0.01
0.08,0.0,0.08
0.14,0.082227975,0.057772025
0.1,0.15149628,-0.051496275
0.07,0.09869952,-0.028699517
0.02,0.058533184,-0.038533185
0.01,0.0,0.01
0.01,0.0,0.01
0.01,0.0,0.01
0.09,0.002084177,0.08791582
0.65,0.12169665,0.5283033
0.55,0.64913416,-0.09913415
0.55,0.54055536,0.009444654
0.43,0.5345112,-0.1045112
0.08,0.40288705,-0.32288706
0.03,0.05153858,-0.02153858
0.01,0.0060231686,0.003976831
0.26,0.0,0.26
0.58,0.26376244,0.31623754
0.58,0.58782184,-0.007821858
0.55,0.56315875,-0.013158739
0.6,0.52018124,0.079818785
0.97,0.57858074,0.3914193
0.97,0.9718015,-0.0018014908
0.98,0.9195225,0.060477495
0.98,0.9358376,0.044162393
0.97,0.91346157,0.056538463
0.96,0.91165006,0.048349917
0.82,0.90192723,-0.08192724
0.57,0.7413032,-0.17130321
0.06,0.4994911,-0.4394911
0.01,0.0065661743,0.0034338254
0.01,0.0,0.01
0.01,0.0,0.01
0.01,0.0,0.01
0.02,0.007884756,0.012115244
0.01,0.027534466,-0.017534466
0.04,0.019139702,0.020860298
0.08,0.038650855,0.041349143
0.14,0.08404994,0.05595006
0.2,0.14781916,0.05218084
0.22,0.20302686,0.016973138
0.26,0.21476972,0.04523027
0.27,0.25845587,0.011544138
0.26,0.26058036,-0.0005803704
0.12,0.24658369,-0.1265837
0.08,0.10543381,-0.025433809
0.14,0.06613039,0.07386961
0.27,0.13508888,0.13491113
0.19,0.267559,-0.077558994
0.41,0.19484226,0.21515773
0.27,0.40336266,-0.13336265
0.15,0.25577614,-0.10577613
0.14,0.12942043,0.010579571
0.19,0.1284346,0.0615654
0.05,0.17686456,-0.12686457
0.01,0.02542007,-0.01542007
0.02,0.0,0.02
0.01,0.017673273,-0.007673273
0.05,0.0,0.05
0.01,0.044130396,-0.034130394
0.03,0.0,0.03
0.06,0.028341345,0.031658653
0.05,0.058420286,-0.008420285
0.06,0.049075745,0.010924254
0.05,0.05801165,-0.00801165
0.02,0.04653541,-0.02653541
0.01,0.0103070885,-0.00030708872
0.01,0.0,0.01
0.03,0.0,0.03
0.01,0.020830918,-0.010830918
0.01,0.0,0.01
0.01,0.005084552,0.004915448
0.01,0.0,0.01
0.01,0.0007030368,0.009296963
0.01,0.010021754,-2.1753833e-05
0.01,0.0054608397,0.00453916
0.01,0.006916743,0.003083257
0.01,0.0,0.01
0.01,0.0,0.01
0.01,0.0013024621,0.008697538
0.01,0.0023625232,0.0076374765
0.01,0.006902229,0.0030977707
0.01,0.008481439,0.0015185606
0.01,0.007506229,0.0024937708
0.02,0.0019685365,0.018031463
0.03,0.014605846,0.015394153
0.01,0.027219806,-0.017219806
0.01,0.0029142871,0.0070857126
0.01,0.0,0.01
0.01,0.0,0.01
0.01,0.0,0.01
0.04,0.006363608,0.03363639
0.03,0.053645834,-0.023645835
0.01,0.0264651,-0.0164651
0.01,0.0,0.01
0.0,0.0,0.0
0.01,0.0,0.01
0.02,0.004082095,0.015917905
0.13,0.02200773,0.10799226
0.04,0.13165183,-0.091651835
0.02,0.031550083,-0.011550084
0.1,0.031246625,0.06875338
0.1,0.09312966,0.0068703443
0.11,0.09097871,0.019021288
0.15,0.09867273,0.051327273
0.14,0.14203833,-0.0020383298
0.18,0.13240093,0.047599077
0.2,0.16695556,0.033044443
0.33,0.18581936,0.14418066
0.31,0.3239999,-0.013999909
0.53,0.29814574,0.23185423
0.51,0.5264652,-0.016465187
0.57,0.48273376,0.08726624
0.47,0.5481707,-0.07817069
0.52,0.43641904,0.08358094
0.53,0.5056977,0.024302244
0.46,0.50881493,-0.048814923
0.54,0.42761973,0.112380296
0.48,0.5255426,-0.045542628
0.32,0.44525087,-0.12525088
0.19,0.28357005,-0.09357005
0.17,0.1730883,-0.0030882955
0.21,0.15466987,0.055330127
0.21,0.19471148,0.015288517
0.24,0.19661087,0.043389127
0.18,0.22733751,-0.047337502
0.13,0.15814881,-0.028148815
0.15,0.109437704,0.040562302
0.16,0.13177834,0.028221652
0.15,0.14701296,0.002987042
0.14,0.1337515,0.006248504
0.13,0.12587559,0.004124403
0.1,0.115565464,-0.015565462
0.13,0.08572884,0.044271156
0.16,0.119685486,0.04031451
0.16,0.15123728,0.008762717
0.14,0.1476886,-0.007688597
0.12,0.12877493,-0.008774929
0.1,0.10598823,-0.0059882253
0.08,0.087574676,-0.0075746775
0.1,0.06346357,0.036536433
0.11,0.08941682,0.020583183
0.11,0.104369834,0.0056301653
0.05,0.09847551,-0.048475508
0.03,0.032307796,-0.0023077969
0.03,0.0076943636,0.022305636
0.02,0.020568218,-0.00056821853
0.01,0.011155095,-0.0011550952
0.01,0.0,0.01
0.01,0.0050073564,0.0049926434
0.05,0.032366686,0.017633315
0.13,0.044667725,0.085332274
0.11,0.12667333,-0.016673326
0.09,0.101497,-0.011496998
0.1,0.08627695,0.013723053
0.08,0.09588976,-0.015889764
0.16,0.06598105,0.09401894
0.14,0.15535223,-0.015352234
0.15,0.13305809,0.01694192
0.19,0.1412247,0.0487753
0.19,0.18384056,0.0061594397
0.21,0.17769405,0.03230594
0.22,0.20174228,0.018257722
0.23,0.20764366,0.022356346
0.21,0.21968752,-0.009687528
0.15,0.19904101,-0.049041003
0.14,0.13586272,0.0041372776
0.12,0.12928817,-0.009288169
0.11,0.10858294,0.0014170557
0.07,0.09350632,-0.023506321
0.09,0.052660193,0.03733981
0.07,0.07737037,-0.0073703676
0.05,0.056016225,-0.0060162246
0.03,0.033758204,-0.003758205
0.01,0.012917221,-0.0029172208
0.04,0.0,0.04
0.04,0.031217389,0.00878261
0.05,0.033137925,0.016862076
0.06,0.043953072,0.016046926
0.07,0.05451823,0.01548177
0.08,0.06366755,0.016332448
0.06,0.074489,-0.014488999
0.04,0.0478791,-0.007879101
0.04,0.026837524,0.013162475
0.05,0.030935917,0.019064084
0.02,0.04216993,-0.022169929
0.01,0.007982116,0.0020178836
0.0,0.0,0.0
0.01,0.0,0.01
0.01,0.0,0.01
0.01,0.0,0.01
0.01,0.0,0.01
0.01,0.0,0.01
0.01,0.0,0.01
0.01,0.0,0.01
0.01,0.0,0.01
0.01,0.00069419295,0.009305807
0.05,0.010080576,0.039919425
0.06,0.058818333,0.0011816658
0.05,0.06637607,-0.016376067
0.11,0.05215806,0.057841938
0.12,0.11047024,0.0095297545
0.14,0.12430865,0.015691347
0.15,0.13745013,0.012549877
0.13,0.14675781,-0.016757816
0.14,0.124834046,0.015165955
0.16,0.13565615,0.024343848
0.11,0.15142667,-0.041426674
0.17,0.1015751,0.0684249
0.19,0.16229457,0.027705431
0.09,0.18322945,-0.09322944
0.09,0.07944934,0.010550663
0.12,0.0770237,0.042976297
0.07,0.10979636,-0.03979636
0.15,0.063488364,0.08651164
0.28,0.14423463,0.13576537
0.51,0.27236855,0.23763144
0.6,0.5046952,0.09530485
0.63,0.5896466,0.040353417
0.72,0.6059077,0.11409235
0.81,0.6977484,0.11225158
0.81,0.77674365,0.033256352
0.78,0.7734562,0.0065437555
0.83,0.7330047,0.096995294
0.82,0.80817425,0.01182574
0.87,0.7613815,0.1086185
0.79,0.82953525,-0.039535224
0.71,0.73316884,-0.023168862
0.65,0.66060877,-0.010608792
0.78,0.6166514,0.16334856
0.75,0.75833046,-0.008330464
0.69,0.6938052,-0.0038052201
0.81,0.64580226,0.16419774
0.79,0.7806537,0.009346306
0.67,0.73579764,-0.06579763
0.66,0.6168196,0.043180406
0.76,0.6307372,0.1292628
0.75,0.741452,0.008548021
0.61,0.6999227,-0.08992267
0.53,0.55464935,-0.024649382
0.5,0.50086844,-0.0008684397
0.47,0.46924028,0.0007597208
0.31,0.44034886,-0.13034886
0.35,0.26787764,0.082122356
0.39,0.3347723,0.055227697
0.25,0.36766794,-0.11766794
0.29,0.22368968,0.06631032
0.3,0.26951355,0.030486465
0.23,0.27966115,-0.049661145
0.24,0.21226679,0.027733207
0.21,0.22293201,-0.012932017
0.21,0.18860199,0.021398008
0.13,0.19889897,-0.068898976
0.13,0.10805843,0.021941565
0.13,0.11332986,0.016670138
0.09,0.116068006,-0.026068002
0.08,0.08267682,-0.0026768222
0.08,0.06315993,0.01684007
0.06,0.06407648,-0.0040764846
0.05,0.039435606,0.010564394
0.03,0.03244119,-0.002441192
0.03,0.008967731,0.021032268
0.03,0.0149737075,0.015026292
0.01,0.01665597,-0.0066559706
0.0,0.0,0.0
0.01,0.0,0.01
0.01,0.0,0.01
0.01,0.0,0.01
0.01,0.0,0.01
0.01,0.0,0.01
0.01,0.0025438666,0.007456133
0.01,0.0034669042,0.0065330956
0.01,0.0,0.01
0.01,0.0,0.01
0.01,0.0,0.01
0.01,0.0,0.01
0.01,0.0010295063,0.008970493
0.01,0.004418522,0.0055814777
0.01,0.0047908053,0.0052091945
0.01,0.0032257251,0.0067742746
0.0,0.0053631365,-0.0053631365
0.01,0.0,0.01
0.01,0.0028207116,0.007179288
0.01,0.010145236,-0.00014523603
0.0,0.0,0.0
0.01,0.0,0.01
0.01,0.0,0.01
0.01,0.0,0.01
0.01,0.009345438,0.00065456145
0.0,0.0011518002,-0.0011518002
0.01,0.0,0.01
0.03,0.006369725,0.023630274
0.08,0.02905247,0.05094753
0.04,0.084005564,-0.044005565
0.01,0.03679677,-0.026796771
0.01,0.0,0.01
0.01,0.0,0.01
0.01,0.0,0.01
0.01,0.0,0.01
0.01,0.0,0.01
0.01,0.0,0.01
0.01,0.0,0.01
0.01,0.0,0.01
0.01,0.0035800748,0.006419925
0.01,0.014746193,-0.004746193
0.01,0.0122579,-0.0022579003
0.01,0.0016113184,0.008388681
0.01,0.0063265376,0.0036734622
0.01,0.0020331368,0.007966863
0.01,0.0071206763,0.0028793234
0.01,0.01568538,-0.0056853797
0.02,0.013350606,0.0066493936
0.01,0.017194144,-0.0071941447
0.01,4.4882298e-05,0.0099551175
0.01,0.0,0.01
0.01,0.0,0.01
0.03,0.0003061518,0.029693848
0.05,0.029402934,0.020597067
0.05,0.04576947,0.004230529
0.05,0.054991532,-0.0049915314
0.06,0.047380395,0.012619603
0.03,0.04948636,-0.019486362
0.01,0.016030304,-0.0060303044
0.01,0.0,0.01
0.01,0.0,0.01
0.01,0.0,0.01
0.01,0.0,0.01
0.01,0.0,0.01
0.01,0.0031721909,0.006827809
0.0,0.016435925,-0.016435925
0.01,0.0,0.01
0.01,0.0,0.01
0.01,0.0,0.01
0.02,0.0024478063,0.017552193
0.09,0.021729864,0.06827014
0.22,0.10157573,0.11842427
0.14,0.23718305,-0.09718305
0.04,0.15263289,-0.11263289
0.04,0.022717431,0.017282568
0.07,0.03274444,0.03725556
0.04,0.06207243,-0.02207243
0.05,0.031449605,0.018550396
0.01,0.041583195,-0.031583197
0.0,0.0,0.0
0.03,0.0,0.03
0.02,0.021429658,-0.0014296584
0.01,0.014311418,-0.004311418
0.01,0.0016119033,0.0083880965
0.02,0.00095304474,0.019046955
0.01,0.012126923,-0.0021269228
0.01,0.0033692308,0.006630769
0.01,0.0007835999,0.0092164
0.01,0.00039509684,0.009604903
0.02,0.0012664944,0.018733505
0.01,0.013865292,-0.0038652923
0.01,0.0,0.01
0.0,0.0,0.0
0.01,0.0,0.01
0.01,0.0,0.01
0.01,0.0,0.01
0.01,0.0,0.01
0.0,0.0036985353,-0.0036985353
0.01,0.006120015,0.0038799848
0.01,0.0,0.01
0.07,0.0017717928,0.06822821
0.08,0.07882355,0.0011764467
0.06,0.08787954,-0.02787954
0.08,0.058971047,0.02102895
0.11,0.07847265,0.031527348
0.09,0.10823587,-0.01823587
0.08,0.08298713,-0.0029871315
0.1,0.072515085,0.027484916
0.09,0.09144274,-0.0014427379
0.1,0.0775709,0.022429101
0.13,0.09322496,0.036775038
0.12,0.12692729,-0.006927289
0.15,0.111709416,0.03829059
0.15,0.13834064,0.011659369
0.15,0.14197375,0.008026257
0.15,0.14037512,0.0096248835
0.13,0.1428838,-0.012883812
0.21,0.11679324,0.093206756
0.24,0.19800296,0.04199703
0.2,0.22754645,-0.02754645
0.26,0.18643165,0.073568344
0.15,0.24702707,-0.09702706
0.2,0.1340444,0.06595561
0.31,0.19197072,0.11802928
0.29,0.29515204,-0.0051520467
0.29,0.28032127,0.009678721
0.27,0.2662019,0.0037980974
0.31,0.25714758,0.052852422
0.43,0.29978532,0.13021469
0.35,0.41493312,-0.06493312
0.57,0.32882255,0.24117744
0.61,0.57305694,0.036943078
0.76,0.5807724,0.17922759
0.8,0.73375463,0.06624538
0.91,0.7602463,0.14975375
0.88,0.8684851,0.011514902
0.96,0.8207363,0.13926369
0.97,0.9247234,0.04527664
0.93,0.9276155,0.0023844838
0.97,0.8697387,0.10026133
0.97,0.92647004,0.043529987
0.95,0.90673923,0.043260753
0.95,0.87490666,0.07509333
0.97,0.9012754,0.06872463
0.97,0.9223726,0.04762745
0.97,0.9337232,0.036276817
0.97,0.8940073,0.0759927
0.97,0.91378057,0.05621946
0.97,0.91932404,0.05067599
0.94,0.894773,0.04522699
0.81,0.85770786,-0.047707856
0.74,0.7229755,0.017024517
0.41,0.6872965,-0.2772965
0.36,0.31403777,0.045962244
0.48,0.34178573,0.13821426
0.61,0.46371248,0.14628753
0.44,0.5842341,-0.14423412
0.46,0.37972027,0.08027974
0.52,0.43976378,0.0802362
0.69,0.500424,0.18957597
0.95,0.67071664,0.27928334
0.92,0.94570243,-0.025702417
0.95,0.8363341,0.11366588
0.97,0.8980249,0.07197511
0.97,0.9286853,0.04131472
0.97,0.91986585,0.050134182
0.97,0.914431,0.055569053
0.97,0.9195261,0.05047393
0.97,0.91051567,0.059484363
0.81,0.89835536,-0.08835536
0.78,0.71854913,0.06145084
0.61,0.74513805,-0.13513803
0.51,0.5349226,-0.02492261
0.43,0.4703994,-0.040399402
0.29,0.39314228,-0.10314229
0.18,0.2539251,-0.07392511
0.12,0.15272015,-0.032720156
0.14,0.09902781,0.040972188
0.31,0.12532008,0.18467993
0.37,0.3061153,0.063884705
0.39,0.35420206,0.035797924
0.48,0.3740174,0.1059826
0.58,0.46343184,0.11656815
0.57,0.5637044,0.0062956214
0.47,0.55023587,-0.08023587
0.47,0.44424635,0.025753647
0.33,0.45310357,-0.12310356
0.5,0.30302733,0.19697267
0.62,0.50533175,0.11466825
0.63,0.6032704,0.026729584
0.62,0.59642196,0.023578048
0.64,0.5843556,0.055644393
0.67,0.61673856,0.05326146
0.7,0.64091015,0.05908984
0.64,0.66690254,-0.026902556
0.54,0.60499835,-0.06499833
0.97,0.5073478,0.4626522
0.97,0.98725474,-0.01725471
0.98,0.88918114,0.09081888
0.98,0.910504,0.069496036
0.97,0.92661405,0.043385983
0.97,0.912307,0.057693005
0.97,0.9202516,0.04974842
0.97,0.9161235,0.05387652
0.97,0.9103459,0.059654117
0.95,0.9040153,0.045984685
0.97,0.88235366,0.087646365
0.86,0.91119516,-0.051195145
0.8,0.78062975,0.019370258
0.66,0.7459388,-0.08593875
0.84,0.6005484,0.23945159
0.93,0.8231448,0.10685521
0.96,0.8688806,0.09111935
0.97,0.8941506,0.075849414
0.95,0.91318107,0.03681892
0.97,0.8877089,0.082291126
0.96,0.9174521,0.04254788
0.81,0.8947251,-0.08472508
0.91,0.72879326,0.18120676
0.83,0.8804021,-0.050402105
0.89,0.7586894,0.13131058
0.95,0.84681153,0.103188455
0.97,0.9040526,0.06594741
0.97,0.9088881,0.061111927
0.94,0.9089595,0.03104049
0.9,0.8706572,0.02934277
0.84,0.8301761,0.009823859
0.82,0.77997315,0.040026844
0.83,0.76622903,0.06377095
0.82,0.77871156,0.041288435
0.88,0.7662637,0.11373627
0.89,0.8357202,0.054279804
0.79,0.8322426,-0.042242587
0.72,0.7266892,-0.006689191
0.58,0.6721759,-0.0921759
0.57,0.5349102,0.03508979
0.64,0.5540271,0.085972905
0.51,0.61653924,-0.10653925
0.54,0.46534535,0.07465467
0.41,0.5201771,-0.11017713
0.5,0.38389605,0.11610395
0.45,0.48402706,-0.03402707
0.55,0.42926687,0.12073314
0.47,0.52874684,-0.058746845
0.38,0.44327495,-0.06327495
0.36,0.357604,0.0023960173
0.33,0.34004775,-0.010047734
0.27,0.30781928,-0.037819266
0.25,0.24973649,0.00026351213
0.32,0.24040592,0.079594076
0.26,0.30721074,-0.047210753
0.21,0.24787255,-0.037872553
0.23,0.18893294,0.041067064
0.2,0.21129839,-0.011298388
0.29,0.18502955,0.10497044
0.21,0.28254944,-0.07254945
0.33,0.19720106,0.13279895
0.28,0.31211397,-0.03211397
0.29,0.27260745,0.017392546
0.29,0.27230054,0.01769945
0.36,0.28490174,0.075098276
0.45,0.34485498,0.10514501
0.56,0.43544194,0.12455806
0.44,0.53834546,-0.09834546
0.51,0.40934673,0.10065326
0.42,0.50569844,-0.085698456
0.54,0.3938018,0.14619821
0.55,0.5284308,0.021569192
0.64,0.5245472,0.11545277
0.73,0.61701965,0.112980366
0.72,0.70485556,0.015144467
0.73,0.66911566,0.060884356
0.73,0.69928825,0.03071177
0.53,0.6951908,-0.16519082
0.53,0.47056356,0.05943641
0.49,0.51801383,-0.028013825
0.52,0.4573055,0.06269449
0.64,0.50441873,0.13558125
0.65,0.6245196,0.02548039
0.57,0.6130655,-0.04306549
0.61,0.52988446,0.08011556
0.62,0.5882368,0.031763196
0.64,0.59177434,0.04822564
0.65,0.61052656,0.039473414
0.69,0.6243006,0.0656994
0.57,0.6603097,-0.09030968
0.58,0.5234442,0.056555808
0.73,0.5585593,0.17144072
0.72,0.7120172,0.00798285
0.65,0.66917336,-0.019173384
0.81,0.60881233,0.20118767
0.76,0.79127514,-0.031275153
0.82,0.7038157,0.116184294
0.55,0.7888404,-0.2388404
0.72,0.47195208,0.24804795
0.75,0.7250031,0.024996877
0.81,0.7048352,0.105164826
0.76,0.76892936,-0.008929372
0.81,0.70421815,0.10578185
0.69,0.77506864,-0.08506864
0.63,0.6293478,0.000652194
0.61,0.59288156,0.017118454
0.64,0.58387077,0.056129217
0.65,0.61125267,0.03874731
0.53,0.617928,-0.08792806
0.63,0.47447965,0.15552035
0.69,0.6226083,0.06739169
0.67,0.66087997,0.009120047
0.67,0.63089406,0.03910595
0.73,0.6360805,0.093919516
0.73,0.70451546,0.025484562
0.75,0.6949043,0.055095673
0.81,0.70992005,0.10007995
0.76,0.7801595,-0.020159483
0.73,0.7064165,0.023583531
0.67,0.6906228,-0.02062279
0.8,0.63384914,0.16615087
0.83,0.7816279,0.04837209
0.73,0.77687,-0.046869993
0.69,0.6716783,0.018321693
0.59,0.6550863,-0.065086305
0.64,0.5454258,0.09457421
0.62,0.62367475,-0.0036747456
0.55,0.5852295,-0.035229504
0.56,0.5146649,0.045335114
0.62,0.5309534,0.0890466
0.64,0.592908,0.04709196
0.62,0.60775447,0.012245536
0.56,0.5893204,-0.029320419
0.55,0.5228219,0.027178109
0.56,0.52418005,0.035819948
0.48,0.5387709,-0.058770925
0.38,0.4486216,-0.068621606
0.38,0.35451654,0.02548346
0.47,0.3623294,0.107670605
0.48,0.45436633,0.025633663
0.45,0.45413518,-0.0041351914
0.4,0.426667,-0.026666999
0.4,0.38098982,0.019010186
0.37,0.38112822,-0.011128217
0.44,0.35077682,0.089223176
0.47,0.43010527,0.03989473
0.42,0.45119873,-0.03119874
0.35,0.39976248,-0.049762487
0.23,0.3320073,-0.102007285
0.08,0.22413704,-0.14413704
0.02,0.048572008,-0.028572008
0.01,0.0,0.01
0.01,0.0,0.01
0.01,0.0,0.01
0.01,0.007941391,0.0020586085
0.01,0.014862772,-0.0048627723
0.0,0.001624167,-0.001624167
0.01,0.0,0.01
0.01,0.0,0.01
0.01,0.0,0.01
0.01,0.0,0.01
0.01,0.0,0.01
0.01,0.002407128,0.007592872
0.01,0.007371437,0.002628563
0.01,0.0018724147,0.008127585
0.01,0.0,0.01
0.01,0.00015972182,0.009840278
0.01,0.0,0.01
0.01,0.0,0.01
0.01,0.008370627,0.0016293731
0.01,0.0022586845,0.0077413153
0.01,0.0,0.01
0.01,0.0005399063,0.009460093
0.01,0.0,0.01
0.01,0.0,0.01
0.01,0.0055549536,0.004445046
0.01,0.007016599,0.0029834006
0.01,0.0071630497,0.0028369501
0.01,0.0060317963,0.0039682034
0.01,0.0032121502,0.0067878496
0.01,0.0031917132,0.0068082865
0.01,6.136298e-05,0.009938637
0.01,0.0028798096,0.00712019
0.01,0.0,0.01
0.01,0.00323195,0.0067680497
0.01,0.00039221533,0.009607784
0.01,0.000622822,0.009377178
0.01,0.0,0.01
0.01,0.0,0.01
0.01,0.0,0.01
0.01,0.0028853752,0.0071146246
0.01,0.0015469976,0.008453002
0.01,0.0,0.01
0.01,0.00078942627,0.0092105735
0.01,0.0,0.01
0.01,0.0,0.01
0.01,0.0,0.01
0.03,0.017053932,0.012946067
0.01,0.035039984,-0.025039984
0.06,0.0039611384,0.05603886
0.1,0.068845116,0.031154886
0.1,0.10297747,-0.002977468
0.17,0.101867735,0.06813227
0.16,0.16950959,-0.009509593
0.17,0.15690207,0.013097927
0.15,0.16790347,-0.017903462
0.14,0.14151393,-0.0015139282
0.11,0.13215208,-0.022152081
0.13,0.09470637,0.035293624
0.12,0.11784786,0.0021521375
0.11,0.10846762,0.0015323758
0.06,0.10011889,-0.04011889
0.08,0.042395372,0.037604626
0.07,0.07299505,-0.0029950514
0.01,0.05679519,-0.04679519
0.03,0.0,0.03
0.04,0.019064095,0.020935904
0.02,0.02863139,-0.00863139
0.05,0.008805476,0.041194525
0.02,0.040042922,-0.020042922
0.03,0.012707934,0.017292066
0.01,0.019390766,-0.009390766
0.01,0.0,0.01
0.0,0.00041718036,-0.00041718036
0.01,0.0,0.01
0.03,0.0,0.03
0.01,0.02807061,-0.01807061
0.01,0.0,0.01
0.01,0.0,0.01
0.01,0.0,0.01
0.0,0.0,0.0
0.01,0.0,0.01
0.01,0.0005409904,0.009459009
0.01,0.0,0.01
0.01,0.0,0.01
0.01,0.0,0.01
0.01,0.0,0.01
0.0,0.002061464,-0.002061464
0.01,0.0,0.01
0.0,0.0,0.0
0.01,0.0,0.01
0.01,0.0,0.01
0.01,0.0018457398,0.00815426
0.01,0.00442319,0.00557681
0.01,0.005101461,0.004898539
0.01,0.0,0.01
0.01,0.0,0.01
0.01,0.0,0.01
0.01,0.0,0.01
0.01,0.0027073883,0.0072926115
0.01,0.0018611774,0.008138822
0.01,0.0074783787,0.002521621
0.01,0.0,0.01
0.01,0.0,0.01
0.01,0.0,0.01
0.01,0.0,0.01
0.01,0.0,0.01
0.01,0.0,0.01
0.01,0.0,0.01
0.01,0.0,0.01
0.01,0.0007088836,0.009291116
0.01,0.0007320456,0.009267954
0.01,0.0015976466,0.008402353
0.01,0.0,0.01
0.01,0.0010390859,0.008960914
0.01,0.0011891406,0.008810859
0.0,0.013316475,-0.013316475
0.01,0.010144547,-0.00014454685
0.01,0.0,0.01
0.01,0.001024045,0.008975955
0.01,0.0,0.01
0.01,0.0,0.01
0.01,0.0,0.01
0.01,0.009136438,0.0008635614
0.06,0.026496992,0.033503007
0.07,0.067687236,0.0023127645
0.15,0.07567699,0.07432301
0.15,0.15795623,-0.007956222
0.16,0.15306556,0.006934434
0.15,0.15865651,-0.008656502
0.12,0.1447918,-0.0247918
0.1,0.11126429,-0.011264287
0.1,0.08751655,0.012483448
0.09,0.089822,0.00017800182
0.09,0.07747354,0.01252646
0.09,0.07659581,0.013404191
0.09,0.08217461,0.007825397
0.11,0.07763932,0.03236068
0.11,0.10188384,0.008116156
0.1,0.10643957,-0.0064395666
0.04,0.09232627,-0.05232627
0.01,0.021226533,-0.011226533
0.01,0.0,0.01
0.0,0.0,0.0
0.01,0.0,0.01
0.01,0.0,0.01
0.01,0.0,0.01
0.01,0.0,0.01
0.01,0.0,0.01
0.01,0.006870169,0.0031298306
0.0,0.016282693,-0.016282693
0.01,2.8710812e-05,0.009971289
0.01,0.00081859156,0.009181408
0.01,0.0,0.01
0.01,0.0,0.01
0.01,0.0,0.01
0.01,0.004643824,0.005356176
0.01,0.018480849,-0.008480849
0.02,0.016602702,0.003397297
0.01,0.0326258,-0.022625802
0.04,0.0045280904,0.03547191
0.06,0.04985827,0.01014173
0.04,0.05713104,-0.017131042
0.06,0.030970793,0.029029205
0.13,0.046194326,0.083805665
0.14,0.12648088,0.013519123
0.12,0.1409335,-0.020933501
0.08,0.115365535,-0.035365537
0.09,0.07544489,0.0145551115
0.07,0.077184476,-0.0071844757
0.02,0.058117263,-0.038117263
0.01,0.0019335672,0.008066433
0.04,0.0,0.04
0.09,0.026254486,0.06374551
0.17,0.087293684,0.08270632
0.1,0.16714823,-0.06714823
0.11,0.097467616,0.012532383
0.08,0.10494532,-0.024945319
0.07,0.07111356,-0.0011135563
0.03,0.06299655,-0.03299655
0.02,0.018518098,0.0014819019
0.09,0.0,0.09
0.14,0.09952203,0.04047797
0.07,0.14294857,-0.07294857
0.01,0.06665641,-0.056656413
0.01,0.0,0.01
0.06,0.0,0.06
0.09,0.05159542,0.038404584
0.08,0.08824923,-0.008249231
0.15,0.07705045,0.07294956
0.23,0.1492326,0.08076741
0.21,0.22842783,-0.018427834
0.25,0.20408574,0.045914263
0.3,0.24224526,0.057754755
0.25,0.29190534,-0.041905344
0.26,0.23699397,0.023006022
0.15,0.24834284,-0.098342836
0.17,0.13121003,0.038789973
0.09,0.16037303,-0.07037303
0.01,0.06588063,-0.05588063
0.01,0.0,0.01
0.05,0.0,0.05
0.12,0.040199768,0.07980023
0.38,0.118213594,0.2617864
0.75,0.37347063,0.37652937
0.74,0.7513269,-0.011326909
0.85,0.69685864,0.15314138
0.95,0.82050264,0.12949735
0.89,0.90705717,-0.01705718
0.68,0.8305336,-0.15053362
0.35,0.62136924,-0.27136925
0.58,0.3022423,0.27775767
0.69,0.6089225,0.081077516
0.79,0.65801954,0.13198048
0.58,0.75327504,-0.17327505
0.38,0.5062697,-0.1262697
0.6,0.34731779,0.25268224
0.48,0.60388505,-0.123885065
0.42,0.43253922,-0.012539238
0.34,0.39376923,-0.05376923
0.18,0.3144814,-0.1344814
0.15,0.15325716,-0.0032571554
0.15,0.13602781,0.013972193
0.12,0.13600954,-0.016009547
0.1,0.10634953,-0.0063495263
0.07,0.08387634,-0.013876341
0.09,0.054759257,0.035240747
0.11,0.079232484,0.030767515
0.11,0.10289134,0.0071086586
0.16,0.102853715,0.05714628
0.19,0.15426302,0.035736978
0.29,0.18441781,0.10558218
0.31,0.2813411,0.028658897
0.33,0.29791692,0.032083094
0.5,0.31741992,0.18258008
0.56,0.48421887,0.07578114
0.61,0.5427811,0.0672189
0.59,0.5867175,0.0032824874
0.62,0.566952,0.053048015
0.84,0.59826624,0.24173373
0.8,0.8206413,-0.020641267
0.88,0.7445717,0.13542831
0.91,0.8436099,0.0663901
0.92,0.8568033,0.06319672
0.93,0.8748473,0.055152714
0.95,0.8681607,0.08183926
0.97,0.90803826,0.06196177
0.97,0.9263871,0.043612957
0.97,0.90471435,0.06528568
0.97,0.9078622,0.062137842
0.97,0.9150312,0.054968834
0.97,0.933136,0.036864042
0.97,0.9246795,0.04532051
0.97,0.92537093,0.044629097
0.97,0.93132997,0.038670063
0.97,0.9103162,0.0596838
0.97,0.89880145,0.07119858
0.97,0.89504945,0.074950576
0.97,0.9050156,0.06498444
0.97,0.90025437,0.06974566
0.97,0.8981848,0.07181525
0.97,0.89502954,0.074970484
0.93,0.89735234,0.03264767
0.83,0.8588033,-0.028803289
0.88,0.7610676,0.11893237
0.96,0.83767974,0.122320235
0.97,0.913888,0.05611205
0.92,0.8895656,0.03043443
0.88,0.8477819,0.0322181
0.85,0.8240174,0.025982618
0.68,0.79178154,-0.11178154
0.36,0.62120485,-0.26120484
0.24,0.30225092,-0.062250927
0.15,0.22801465,-0.07801464
0.09,0.13112408,-0.041124076
0.08,0.07314144,0.0068585575
0.02,0.06616314,-0.046163138
0.02,0.0,0.02
0.01,0.013121359,-0.0031213593
0.01,0.0,0.01
0.01,0.0,0.01
0.01,0.0,0.01
0.01,0.0019694008,0.008030599
0.02,0.011341164,0.008658836
0.06,0.036742657,0.023257341
0.13,0.069180936,0.06081906
0.37,0.13837005,0.23162995
0.52,0.37346748,0.1465325
0.32,0.52247095,-0.20247096
0.09,0.3151215,-0.2251215
0.01,0.070279256,-0.060279258
0.01,0.0,0.01
0.07,0.0,0.07
0.19,0.074617974,0.11538202
0.16,0.19098294,-0.030982941
0.26,0.16704303,0.09295696
0.32,0.25128105,0.06871894
0.23,0.31050667,-0.08050667
0.17,0.21706413,-0.047064126
0.09,0.15837306,-0.068373054
0.2,0.07639063,0.12360937
0.27,0.18772975,0.082270265
0.24,0.26436362,-0.024363622
0.19,0.233574,-0.043574005
0.2,0.17951638,0.020483628
0.2,0.19139922,0.008600786
0.24,0.1933356,0.046664402
0.2,0.23127472,-0.03127472
0.18,0.19698001,-0.016980007
0.22,0.16953948,0.050460517
0.22,0.20905797,0.010942027
0.22,0.20876592,0.011234075
0.21,0.20728454,0.0027154535
0.2,0.1995414,0.00045859814
0.19,0.19052638,-0.0005263835
0.08,0.18214771,-0.10214771
0.01,0.06231452,-0.05231452
0.01,0.0,0.01
0.0,0.0,0.0
0.01,0.0,0.01
0.0,0.00074604154,-0.00074604154
0.01,0.0,0.01
0.02,0.0077295434,0.012270456
0.01,0.016343027,-0.0063430276
0.01,0.002666276,0.007333724
0.0,0.0,0.0
0.01,0.0,0.01
0.01,0.012511674,-0.0025116745
0.01,0.003940873,0.006059127
0.01,0.0032008365,0.0067991633
0.01,0.0,0.01
0.0,0.0,0.0
0.01,0.0,0.01
0.01,0.003690403,0.006309597
0.01,0.0,0.01
0.01,0.0,0.01
0.01,0.0,0.01
0.01,0.0025008917,0.007499108
0.01,0.0,0.01
0.01,0.0,0.01
0.01,0.00081431866,0.009185681
0.01,0.006184686,0.0038153138
0.01,0.0,0.01
0.01,0.002131313,0.007868687
0.01,0.0,0.01
0.01,0.0,0.01
0.01,0.0,0.01
0.0,0.0086007975,-0.0086007975
0.01,0.0,0.01
0.01,0.0,0.01
0.01,0.0,0.01
0.01,0.0,0.01
0.01,0.0,0.01
0.01,0.0,0.01
0.01,0.0,0.01
0.01,0.0011325143,0.008867485
0.01,0.0014174655,0.008582534
0.01,0.0009520352,0.009047965
0.01,0.0022472292,0.0077527706
0.01,0.00029610097,0.009703899
0.01,0.0,0.01
0.01,0.0,0.01
0.01,0.013553645,-0.0035536457
0.0,0.0041965283,-0.0041965283
0.01,0.0,0.01
0.0,0.007412426,-0.007412426
0.01,0.0,0.01
0.01,0.0,0.01
0.01,0.0,0.01
0.01,0.0,0.01
0.01,0.016126655,-0.0061266553
0.03,0.016365588,0.013634412
0.06,0.027058262,0.032941736
0.06,0.056050584,0.003949415
0.14,0.055470597,0.0845294
0.29,0.13964991,0.15035008
0.3,0.28640646,0.0135935545
0.33,0.3014599,0.028540105
0.27,0.32051,-0.05050999
0.28,0.25926936,0.020730644
0.54,0.27026916,0.26973087
0.5,0.5315927,-0.031592727
0.45,0.4743202,-0.024320215
0.29,0.4252656,-0.13526562
0.24,0.26415265,-0.024152651
0.18,0.22929198,-0.04929197
0.14,0.16686146,-0.026861459
0.12,0.12347071,-0.0034707114
0.13,0.10502723,0.024972767
0.15,0.11709769,0.032902315
0.14,0.13705234,0.0029476583
0.09,0.12581962,-0.03581962
0.13,0.0762167,0.053783298
0.18,0.11751126,0.06248875
0.21,0.17085171,0.039148286
0.27,0.20609821,0.0639018
0.35,0.25935674,0.09064326
0.43,0.33638838,0.09361163
0.41,0.4241012,-0.014101207
0.38,0.40274963,-0.022749633
0.41,0.35797915,0.052020848
0.36,0.3963947,-0.036394686
0.33,0.34442556,-0.014425546
0.42,0.31798846,0.10201153
0.46,0.40858838,0.05141163
0.53,0.44186726,0.08813271
0.49,0.51527476,-0.025274754
0.45,0.46252084,-0.01252085
0.43,0.42318943,0.0068105757
0.52,0.4093411,0.110658884
0.51,0.50421166,0.0057883263
0.49,0.48119357,0.008806437
0.44,0.46481296,-0.024812967
0.42,0.4179291,0.002070874
0.42,0.40032855,0.01967144
0.45,0.39863527,0.05136472
0.45,0.4304903,0.019509703
0.51,0.42657986,0.08342013
0.43,0.4925955,-0.06259549
0.36,0.4061235,-0.046123475
0.31,0.33810332,-0.028103322
0.3,0.29471537,0.005284637
0.25,0.2837324,-0.033732414
0.24,0.23468482,0.0053151697
0.21,0.22567025,-0.015670255
0.18,0.1964955,-0.016495496
0.16,0.16841216,-0.008412167
0.15,0.14423865,0.005761355
0.19,0.13995461,0.050045386
0.17,0.17747462,-0.007474616
0.09,0.16232136,-0.072321355
0.01,0.07470226,-0.064702265
0.02,0.0,0.02
0.01,0.005178634,0.0048213657
0.0,0.0,0.0
0.01,0.0,0.01
0.01,0.0,0.01
0.01,0.0,0.01
0.01,0.0,0.01
0.01,0.0,0.01
0.01,0.0,0.01
0.01,0.0,0.01
0.01,0.0,0.01
0.01,0.0,0.01
0.01,1.1539087e-05,0.009988461
0.01,0.0,0.01
0.01,0.0,0.01
0.01,0.0063327216,0.0036672782
0.01,0.0055451896,0.00445481
0.01,0.003966367,0.006033633
0.01,0.009142742,0.0008572582
0.02,0.015339956,0.004660044
0.08,0.023363788,0.05663621
0.16,0.08059481,0.07940519
0.23,0.16429316,0.06570685
0.41,0.23051286,0.17948714
0.63,0.40644655,0.22355345
0.53,0.62541556,-0.09541559
0.51,0.5118766,-0.0018765926
0.4,0.4921365,-0.0921365
0.32,0.38599667,-0.06599668
0.36,0.309774,0.050226003
0.3,0.35297778,-0.05297777
0.29,0.2818711,0.008128881
0.2,0.27875498,-0.07875498
0.22,0.18459406,0.035405934
0.23,0.20655523,0.023444772
0.21,0.21724087,-0.0072408766
0.12,0.19963108,-0.07963108
0.1,0.10314773,-0.0031477287
0.1,0.08439615,0.015603848
0.15,0.08917529,0.060824715
0.17,0.14142282,0.028577179
0.28,0.16167909,0.11832091
0.42,0.27327356,0.14672643
0.54,0.41145006,0.12854996
0.51,0.5269033,-0.016903281
0.5,0.49038705,0.009612948
0.64,0.48177907,0.15822092
0.68,0.6175076,0.06249243
0.39,0.6519072,-0.26190722
0.29,0.3502048,-0.060204804
0.25,0.27730826,-0.027308255
0.19,0.24092272,-0.05092272
0.11,0.18183433,-0.071834326
0.11,0.0973029,0.012697101
0.04,0.09535571,-0.055355713
0.03,0.016901948,0.013098052
0.09,0.01675852,0.07324149
0.13,0.0830785,0.04692149
0.26,0.12931073,0.13068926
0.55,0.24886945,0.30113056
0.44,0.54605067,-0.10605067
0.61,0.42658097,0.18341905
0.77,0.5935426,0.1764574
0.83,0.74741626,0.082583725
0.88,0.78978753,0.090212464
0.68,0.84053195,-0.16053194
0.6,0.6244743,-0.024474263
0.44,0.5758153,-0.13581532
0.27,0.4052759,-0.1352759
0.2,0.2491612,-0.049161196
0.22,0.19103676,0.028963238
0.13,0.20761596,-0.07761596
0.05,0.11482805,-0.06482805
0.13,0.028257597,0.1017424
0.09,0.121818386,-0.031818382
0.06,0.08123116,-0.021231163
0.09,0.04779907,0.042200934
0.05,0.082293585,-0.032293584
0.03,0.04038285,-0.010382852
0.06,0.018539831,0.041460168
0.2,0.04924077,0.15075924
0.56,0.19271934,0.36728066
0.58,0.554296,0.025703967
0.41,0.5663711,-0.15637109
0.28,0.39317244,-0.11317244
0.17,0.26704103,-0.097041026
0.08,0.1661618,-0.08616181
0.11,0.06985943,0.04014057
0.22,0.10132055,0.11867945
0.21,0.21215734,-0.0021573454
0.14,0.20223352,-0.062233523
0.13,0.13220331,-0.0022033155
0.09,0.121862486,-0.031862482
0.09,0.08099122,0.00900878
0.07,0.079937264,-0.009937264
0.05,0.0608591,-0.010859098
0.06,0.03747735,0.022522647
0.08,0.048359945,0.031640053
0.11,0.071243145,0.038756855
0.17,0.110108785,0.059891216
0.24,0.16982836,0.07017164
0.23,0.2359792,-0.0059791952
0.25,0.22182627,0.02817373
0.3,0.24167372,0.05832629
0.35,0.29506058,0.05493942
0.41,0.33470315,0.07529685
0.49,0.3979734,0.09202662
0.53,0.4807501,0.049249858
0.53,0.50935066,0.020649314
0.51,0.5075921,0.0024079084
0.53,0.48808944,0.04191053
0.52,0.50812364,0.011876345
0.55,0.501479,0.048520982
0.62,0.53234625,0.087653756
0.5,0.60049665,-0.10049665
0.38,0.46332517,-0.08332518
0.41,0.3660948,0.0439052
0.28,0.39899275,-0.118992746
0.25,0.26161686,-0.011616856
0.21,0.2328411,-0.02284111
0.18,0.19292077,-0.012920767
0.13,0.16698551,-0.036985517
0.1,0.11863669,-0.018636689
0.1,0.088771045,0.011228956
0.13,0.08528606,0.044713937
0.11,0.122131236,-0.0121312365
0.08,0.10219069,-0.02219069
0.06,0.06882721,-0.008827213
0.05,0.044522736,0.0054772645
0.01,0.039115388,-0.029115388
0.01,0.0,0.01
0.01,0.0,0.01
0.01,0.0,0.01
0.01,0.0,0.01
0.01,0.0,0.01
0.01,0.0,0.01
0.01,0.0,0.01
0.01,0.0,0.01
0.01,0.0,0.01
0.01,0.004463434,0.0055365656
0.01,0.000660127,0.009339873
0.01,0.0,0.01
0.01,0.0038342103,0.0061657894
0.01,0.009641362,0.00035863742
0.0,0.009597946,-0.009597946
0.01,0.0021612495,0.00783875
0.01,0.0,0.01
0.02,0.015120074,0.0048799254
0.03,0.02975126,0.0002487395
0.04,0.033683397,0.006316602
0.04,0.043978084,-0.003978085
0.01,0.04320357,-0.033203572
0.01,0.0,0.01
0.03,0.0,0.03
0.05,0.023594659,0.026405342
0.04,0.05624987,-0.016249873
0.01,0.043007214,-0.033007212
0.01,0.0120875165,-0.0020875167
0.01,0.0,0.01
0.01,0.0,0.01
0.02,0.004138101,0.015861899
0.04,0.020656828,0.019343171
0.03,0.03166586,-0.0016658623
0.02,0.027090397,-0.007090397
0.01,0.01085883,-0.0008588303
0.01,0.0,0.01
0.03,0.00567051,0.02432949
0.03,0.0322445,-0.0022445004
0.03,0.03870474,-0.008704742
0.02,0.025010794,-0.005010795
0.02,0.011775795,0.008224204
0.04,0.006941151,0.03305885
0.02,0.031960037,-0.011960037
0.02,0.0114665255,0.008533474
0.01,0.011460528,-0.001460528
0.01,0.0037411451,0.0062588546
0.0,0.0,0.0
0.01,0.0,0.01
0.01,0.0001998134,0.009800186
0.01,0.0075304992,0.0024695005
0.01,0.0042245947,0.005775405
0.03,0.000915112,0.029084887
0.06,0.029093273,0.030906726
0.07,0.06517718,0.0048228204
0.05,0.075274006,-0.025274005
0.07,0.050717685,0.019282315
0.1,0.069547065,0.030452937
0.15,0.09438916,0.055610843
0.16,0.14946127,0.010538727
0.11,0.15549219,-0.045492187
0.13,0.105425276,0.02457472
0.13,0.11892101,0.011078984
0.13,0.12902717,0.0009728223
0.15,0.12411098,0.025889024
0.1,0.13957894,-0.039578937
0.1,0.0904991,0.009500898
0.13,0.08772589,0.042274103
0.11,0.11786708,-0.007867083
0.11,0.10031465,0.009685352
0.09,0.099894114,-0.00989411
0.09,0.0786884,0.011311606
0.04,0.07786784,-0.037867844
0.08,0.028779514,0.051220484
0.06,0.06979902,-0.009799022
0.02,0.051079117,-0.031079117
0.01,0.0088483095,0.0011516903
0.01,0.0,0.01
0.01,0.0,0.01
0.01,0.0,0.01
0.01,0.0,0.01
0.01,0.0,0.01
0.01,0.0,0.01
0.01,0.0046376847,0.005362315
0.01,0.0132190585,-0.0032190587
0.01,0.006279692,0.0037203077
0.0,0.0,0.0
0.01,0.0,0.01
0.01,0.001317393,0.008682607
0.05,0.013404433,0.036595568
0.13,0.048218638,0.08178136
0.05,0.12993751,-0.07993752
0.06,0.04527991,0.01472009
0.07,0.05387189,0.016128112
0.11,0.06428389,0.045716107
0.23,0.10393419,0.12606582
0.5,0.22246467,0.27753532
0.62,0.49285188,0.12714812
0.53,0.6070607,-0.0770607
0.68,0.5065747,0.17342532
0.83,0.6599767,0.17002326
0.94,0.8020052,0.13799483
0.98,0.91400874,0.06599128
0.98,1.0,-0.01999998
0.97,0.9717766,-0.001776576
0.97,0.92584026,0.04415977
0.98,0.9051666,0.07483339
0.93,0.9017707,0.028229296
0.83,0.8460623,-0.01606232
0.72,0.7411556,-0.021155596
0.7,0.6644089,0.035591066
0.57,0.6615782,-0.091578186
0.47,0.5165547,-0.046554714
0.32,0.4326295,-0.1126295
0.27,0.28744683,-0.017446816
0.33,0.25177103,0.07822898
0.36,0.31541616,0.044583857
0.36,0.33885106,0.02114895
0.21,0.33874065,-0.12874065
0.19,0.18788613,0.0021138638
0.11,0.1767346,-0.0667346
0.09,0.097339734,-0.007339731
0.08,0.08054631,-0.0005463138
0.07,0.07024533,-0.00024533272
0.05,0.063928574,-0.013928574
0.06,0.04079301,0.01920699
0.05,0.046966966,0.0030330345
0.02,0.040206093,-0.020206094
0.02,0.011417136,0.008582864
0.03,0.0096651055,0.020334894
0.03,0.014735557,0.015264442
0.01,0.015424427,-0.005424427
0.02,0.0,0.02
0.01,0.0127120875,-0.0027120877
0.01,0.0028995164,0.0071004834
0.0,0.0,0.0
0.01,0.0,0.01
0.04,0.0,0.04
0.03,0.041434877,-0.011434877
0.01,0.035531577,-0.025531577
0.01,0.0,0.01
0.01,0.0,0.01
0.01,0.0,0.01
0.01,0.0,0.01
0.01,0.0,0.01
0.01,0.0023126025,0.0076873973
0.01,0.004413033,0.005586967
0.07,0.024361245,0.045638755
0.08,0.088754654,-0.008754656
0.09,0.09582838,-0.005828373
0.11,0.10143672,0.00856328
0.12,0.11290185,0.007098146
0.11,0.12552235,-0.015522346
0.11,0.117837496,-0.007837497
0.12,0.10184832,0.018151678
0.16,0.11684902,0.043150976
0.15,0.15194428,-0.0019442737
0.12,0.14516816,-0.025168158
0.09,0.11505426,-0.025054254
0.06,0.07666409,-0.016664091
0.13,0.04139811,0.08860189
0.11,0.12157006,-0.011570059
0.08,0.10831934,-0.028319344
0.07,0.069350794,0.00064920634
0.02,0.057485558,-0.03748556
0.03,0.0068508685,0.02314913
0.04,0.016103089,0.02389691
0.04,0.027844533,0.012155466
0.03,0.035786096,-0.0057860967
0.06,0.02547349,0.03452651
0.02,0.05280493,-0.03280493
0.01,0.010674469,-0.0006744694
0.01,0.018457111,-0.008457111
0.11,0.021304667,0.08869533
0.12,0.11318664,0.006813355
0.14,0.11904949,0.020950511
0.14,0.13391703,0.006082967
0.07,0.13432199,-0.06432199
0.09,0.063985944,0.02601406
0.09,0.07504949,0.014950514
0.17,0.08053548,0.08946452
0.33,0.15822378,0.17177624
0.43,0.318044,0.111956
0.28,0.42346653,-0.14346653
0.34,0.28373215,0.056267858
0.32,0.3347259,-0.014725894
0.35,0.31252533,0.037474662
0.32,0.34405833,-0.024058342
0.25,0.3077939,-0.057793885
0.28,0.238563,0.041437
0.48,0.27011186,0.20988813
0.45,0.47043416,-0.020434171
0.35,0.43632945,-0.08632946
0.38,0.3358981,0.044101894
0.39,0.36999282,0.020007163
0.55,0.38178965,0.16821036
0.38,0.53645897,-0.15645897
0.29,0.35479864,-0.06479865
0.33,0.28233695,0.047663063
0.39,0.32254338,0.0674566
0.33,0.37988797,-0.049887955
0.34,0.31781134,0.022188663
0.32,0.3234549,-0.0034548938
0.25,0.31309986,-0.06309986
0.24,0.23507848,0.004921511
0.22,0.22743416,-0.0074341595
0.17,0.21242152,-0.04242152
0.17,0.15742631,0.012573689
0.18,0.16069812,0.019301891
0.2,0.17227969,0.027720317
0.18,0.18775034,-0.0077503324
0.14,0.1689644,-0.0289644
0.1,0.128571,-0.028571002
0.06,0.085111246,-0.025111247
0.01,0.043544754,-0.033544756
0.01,0.0,0.01
0.01,0.0,0.01
0.01,0.0,0.01
0.01,0.0,0.01
0.01,0.004787255,0.0052127447
0.0,0.0,0.0
0.01,0.0,0.01
0.01,0.0,0.01
0.01,0.0026601478,0.007339852
0.01,0.011362556,-0.0013625566
0.01,0.0026557893,0.0073442105
0.07,0.0070229396,0.06297706
0.01,0.07757338,-0.06757338
0.06,0.0,0.06
0.04,0.06410779,-0.024107791
0.17,0.047569282,0.12243072
0.14,0.16939184,-0.02939184
0.17,0.13090971,0.03909029
0.18,0.15535563,0.024644375
0.24,0.17595819,0.06404181
0.27,0.22722733,0.04277268
0.28,0.25995746,0.020042539
0.34,0.2668736,0.073126405
0.4,0.3321012,0.06789881
0.34,0.3898103,-0.04981029
0.43,0.3204649,0.1095351
0.62,0.41734648,0.20265353
0.53,0.60022867,-0.070228696
0.51,0.49837568,0.011624306
0.59,0.4884158,0.10158417
0.59,0.57044363,0.019556344
0.59,0.5674856,0.022514403
0.52,0.5592747,-0.039274693
0.63,0.4871479,0.1428521
0.46,0.6169574,-0.15695742
0.51,0.41212955,0.09787044
0.57,0.49763715,0.07236284
0.54,0.5509628,-0.010962784
0.56,0.5101467,0.049853325
0.57,0.5337627,0.0362373
0.58,0.5421325,0.037867486
0.45,0.55849326,-0.10849327
0.5,0.40937534,0.09062466
0.47,0.4835786,-0.013578594
0.47,0.44747522,0.022524774
0.57,0.4485108,0.1214892
0.65,0.55880785,0.091192126
0.61,0.627267,-0.017266989
0.56,0.5754019,-0.0154019
0.54,0.5344982,0.0055018067
0.56,0.51876354,0.04123646
0.49,0.5391643,-0.049164295
0.38,0.46055967,-0.08055967
0.26,0.3544435,-0.0944435
0.17,0.24317965,-0.07317965
0.13,0.15863377,-0.028633773
0.11,0.11702135,-0.0070213526
0.07,0.09336248,-0.02336248
0.07,0.054146323,0.015853677
0.09,0.06375942,0.026240587
0.06,0.0790959,-0.019095901
0.05,0.049411066,0.00058893487
0.06,0.041571006,0.018428992
0.03,0.053677987,-0.023677988
0.01,0.024453003,-0.014453003
0.01,3.067404e-05,0.009969326
0.0,0.0,0.0
0.01,0.0,0.01
0.01,0.0,0.01
0.01,0.0,0.01
0.01,0.0,0.01
0.01,0.0,0.01
0.01,0.0,0.01
0.01,0.0,0.01
0.01,0.0,0.01
0.01,0.0,0.01
0.01,0.0,0.01
0.01,0.0,0.01
0.01,0.0,0.01
0.01,0.0,0.01
0.01,0.0,0.01
0.01,0.0,0.01
0.01,0.0043250956,0.005674904
0.01,0.0041620806,0.005837919
0.01,8.059479e-05,0.009919405
0.01,0.0,0.01
0.01,0.0001779981,0.009822002
0.01,0.0,0.01
0.01,0.0,0.01
0.01,0.0,0.01
0.01,0.0,0.01
0.01,0.00237358,0.00762642
0.01,0.0022685528,0.007731447
0.01,0.0023155548,0.007684445
0.01,0.0007178299,0.00928217
0.01,0.006590983,0.0034090169
0.01,0.011461576,-0.0014615767
0.01,0.0065317117,0.003468288
0.01,0.003117077,0.0068829227
0.01,0.0,0.01
0.01,0.0,0.01
0.01,0.0,0.01
0.01,0.0039352328,0.006064767
0.01,0.0,0.01
0.01,0.017988903,-0.007988904
0.0,0.010529643,-0.010529643
0.01,0.010367401,-0.00036740117
0.01,0.0066551957,0.003344804
0.02,0.012762699,0.0072373003
0.06,0.035459563,0.024540436
0.17,0.06257431,0.10742569
0.27,0.17715433,0.09284568
0.17,0.26920623,-0.099206224
0.09,0.17734596,-0.08734596
0.12,0.094528995,0.025471002
0.08,0.11461122,-0.034611225
0.12,0.07069877,0.04930123
0.1,0.11527783,-0.015277825
0.08,0.09383242,-0.01383242
0.04,0.07503022,-0.035030223
0.14,0.02606472,0.11393528
0.18,0.123523965,0.05647604
0.13,0.17311105,-0.043111056
0.07,0.13274355,-0.06274355
0.06,0.06323114,-0.0032311417
0.07,0.0510435,0.018956501
0.11,0.062245216,0.047754783
0.16,0.10106657,0.05893343
0.23,0.15994953,0.07005048
0.37,0.22668368,0.14331633
0.36,0.35792127,0.0020787418
0.34,0.3527379,-0.0127379
0.33,0.33155534,-0.0015553236
0.3,0.3194614,-0.019461393
0.36,0.29310194,0.06689808
0.37,0.35108602,0.018913984
0.39,0.35521886,0.03478113
0.41,0.37265235,0.037347645
0.35,0.39118156,-0.041181564
0.43,0.33573404,0.09426597
0.44,0.41786107,0.022138923
0.45,0.42223385,0.027766138
0.42,0.43226072,-0.012260735
0.5,0.39980033,0.10019967
0.38,0.4822618,-0.10226181
0.48,0.35226527,0.12773472
0.5,0.4744777,0.025522292
0.42,0.47876438,-0.058764398
0.43,0.39048764,0.039512366
0.6,0.41419372,0.1858063
0.73,0.59051013,0.13948989
0.67,0.69557905,-0.025579035
0.51,0.63066304,-0.12066305
0.64,0.4715519,0.16844809
0.73,0.6370332,0.092966795
0.77,0.70269394,0.06730604
0.65,0.73121977,-0.08121979
0.66,0.59601164,0.06398839
0.76,0.6411171,0.118882895
0.73,0.7332673,-0.0032672882
0.69,0.6872294,0.0027706027
0.66,0.6455444,0.0144556165
0.61,0.62714696,-0.017146945
0.63,0.57377446,0.05622554
0.7,0.6060842,0.09391576
0.66,0.67192626,-0.011926234
0.61,0.62182367,-0.011823654
0.68,0.57029545,0.109704554
0.7,0.6593895,0.040610492
0.76,0.66116524,0.09883475
0.77,0.72703624,0.042963743
0.78,0.7277932,0.052206755
0.79,0.7347815,0.055218518
0.75,0.7487508,0.0012491941
0.8,0.7029846,0.09701544
0.8,0.7704742,0.029525816
0.85,0.74893284,0.101067185
0.88,0.81357825,0.06642175
0.77,0.83124506,-0.061245084
0.85,0.70412815,0.14587188
0.88,0.8218428,0.058157206
0.78,0.8257077,-0.045707703
0.87,0.7121892,0.1578108
0.9,0.8398069,0.06019306
0.92,0.8434621,0.07653791
0.87,0.8670585,0.0029414892
0.96,0.7977985,0.16220146
0.97,0.93549275,0.034507275
0.97,0.90850353,0.061496496
0.96,0.9230405,0.03695947
0.91,0.8955122,0.014487803
0.89,0.84470654,0.04529345
0.94,0.8374839,0.102516115
0.96,0.888597,0.07140297
0.97,0.8969581,0.073041916
0.96,0.90696347,0.05303651
0.94,0.8805238,0.059476197
0.94,0.8820195,0.057980478
0.97,0.88085425,0.08914578
0.96,0.92602146,0.03397852
0.95,0.8865055,0.0634945
0.95,0.88880193,0.061198056
0.93,0.884336,0.045664012
0.97,0.8633168,0.106683254
0.95,0.92293334,0.027066648
0.95,0.87833476,0.07166523
0.93,0.8901441,0.039855897
0.9,0.8599365,0.0400635
0.78,0.833761,-0.053761005
0.72,0.70627844,0.013721585
0.74,0.6760081,0.063991904
0.75,0.7002752,0.049724817
0.82,0.70467997,0.11532003
0.88,0.78147435,0.09852564
0.88,0.83634233,0.04365766
0.88,0.820294,0.059705973
0.84,0.8306004,0.009399593
0.87,0.7759048,0.09409523
0.75,0.82788503,-0.07788503
0.76,0.6722498,0.0877502
0.81,0.73327875,0.07672125
0.76,0.7655388,-0.005538821
0.82,0.7201278,0.09987217
0.87,0.79652023,0.07347977
0.9,0.83124316,0.06875682
0.95,0.83729994,0.112700045
0.97,0.90538764,0.06461239
0.96,0.90678036,0.053219616
0.97,0.8733289,0.096671104
0.97,0.90723443,0.0627656
0.84,0.902917,-0.06291705
0.73,0.75869143,-0.028691411
0.6,0.6802802,-0.080280185
0.61,0.55232215,0.057677865
0.73,0.5887619,0.1412381
0.78,0.6988921,0.081107855
0.75,0.7372377,0.012762308
0.68,0.69451797,-0.014517963
0.72,0.6315479,0.0884521
0.72,0.68924,0.03076005
0.94,0.67834866,0.26165134
0.9,0.92891383,-0.028913856
0.97,0.8356241,0.13437593
0.97,0.93019104,0.03980899
0.97,0.9085839,0.06141615
0.97,0.9277458,0.04225421
0.91,0.90673566,0.0032643676
0.88,0.8364241,0.043575883
0.93,0.8288399,0.10116011
0.97,0.8819549,0.08804512
0.97,0.9157368,0.054263234
0.97,0.90796494,0.062035084
0.97,0.91360605,0.05639398
0.97,0.90651786,0.063482165
0.97,0.90027416,0.06972587
0.97,0.927907,0.04209304
0.97,0.9153174,0.054682612
0.97,0.9008775,0.06912255
0.97,0.89827824,0.07172179
0.85,0.91011035,-0.06011033
0.61,0.7603227,-0.15032268
0.58,0.5431254,0.036874592
0.71,0.5564908,0.1535092
0.76,0.6947367,0.06526327
0.93,0.7165636,0.21343642
0.95,0.9058697,0.044130266
0.97,0.88768256,0.08231747
0.97,0.91672516,0.05327487
0.96,0.9173145,0.04268545
0.97,0.91136813,0.058631897
0.97,0.9246242,0.045375824
0.97,0.93752456,0.03247547
0.97,0.930125,0.03987503
0.97,0.93164206,0.038357973
0.97,0.9243494,0.0456506
0.97,0.91298854,0.057011485
0.95,0.9093528,0.04064721
0.95,0.86873794,0.08126205
0.92,0.86828935,0.051710665
0.93,0.86330485,0.06669515
0.96,0.86612713,0.093872845
0.97,0.91228414,0.057715893
0.94,0.90263236,0.037367642
0.97,0.8646828,0.105317235
0.96,0.9308245,0.02917546
0.96,0.8937303,0.066269696
0.84,0.90064585,-0.06064588
0.75,0.7443992,0.00560081
0.91,0.69303584,0.21696419
0.94,0.8953264,0.04467362
0.96,0.8649721,0.095027864
0.96,0.9097643,0.05023569
0.96,0.88602865,0.07397133
0.96,0.9059156,0.05408436
0.91,0.8991239,0.010876119
0.87,0.83506346,0.034936547
0.84,0.81212425,0.027875721
0.93,0.7803805,0.14961952
0.93,0.8885511,0.04144889
0.95,0.8654119,0.08458811
0.94,0.89442897,0.04557103
0.95,0.8715744,0.078425586
0.95,0.8938415,0.056158483
0.93,0.8866885,0.043311536
0.93,0.8670397,0.06296033
0.94,0.8727789,0.067221105
0.93,0.8863884,0.043611586
0.89,0.85897386,0.031026125
0.83,0.82755256,0.0024474263
0.93,0.76639783,0.16360217
0.95,0.8900503,0.059949696
0.88,0.8870168,-0.007016778
0.8,0.80699885,-0.006998837
0.82,0.7411046,0.07889539
0.79,0.7721461,0.017853916
0.65,0.7315507,-0.08155072
0.6,0.5787809,0.021219134
0.52,0.5686028,-0.04860282
0.55,0.4740705,0.07592952
0.62,0.5312295,0.08877051
0.55,0.5905659,-0.040565908
0.39,0.4984502,-0.108450204
0.14,0.34234104,-0.20234104
0.07,0.09573746,-0.025737457
0.07,0.04757921,0.02242079
0.13,0.055899,0.07410099
0.2,0.124081776,0.07591823
0.19,0.19677922,-0.0067792237
0.13,0.17402446,-0.044024467
0.07,0.114085905,-0.044085905
0.01,0.052384112,-0.04238411
0.01,0.0,0.01
0.01,0.0,0.01
0.01,0.0,0.01
0.07,0.00093762577,0.069062375
0.15,0.07232343,0.07767658
0.22,0.15842925,0.06157075
0.25,0.23274197,0.017258033
0.14,0.25463128,-0.11463128
0.12,0.12931871,-0.009318717
0.13,0.11053833,0.019461662
0.25,0.121245414,0.12875459
0.19,0.2421793,-0.052179307
0.28,0.17175236,0.10824764
0.42,0.26569474,0.15430525
0.45,0.40845978,0.041540205
0.53,0.43067276,0.09932721
0.6,0.51621747,0.08378255
0.6,0.5871786,0.012821436
0.5,0.5719321,-0.07193208
0.53,0.46804085,0.061959118
0.7,0.5200021,0.17999786
0.81,0.6939014,0.11609858
0.91,0.7717465,0.13825351
0.98,0.8736056,0.10639441
0.97,0.93908143,0.030918598
0.97,0.8968735,0.073126554
0.97,0.9247112,0.0452888
0.97,0.9271002,0.042899847
0.97,0.92572546,0.04427457
0.97,0.936183,0.033817053
0.97,0.90927625,0.06072378
0.97,0.9282588,0.041741252
0.97,0.9066123,0.06338775
0.97,0.90862143,0.0613786
0.97,0.9159951,0.054004908
0.97,0.9093182,0.06068182
0.97,0.8950434,0.074956656
0.97,0.8884306,0.08156943
0.97,0.89313865,0.07686138
0.93,0.90056694,0.029433072
0.92,0.8495898,0.07041019
0.92,0.8729402,0.047059834
0.94,0.85106504,0.08893496
0.97,0.8922224,0.077777624
0.97,0.9164047,0.053595304
0.91,0.9077629,0.0022371411
0.6,0.82380676,-0.22380674
0.67,0.48694086,0.18305916
0.78,0.66919875,0.11080122
0.63,0.7549348,-0.12493479
0.73,0.5442083,0.18579173
0.83,0.7191497,0.110850275
0.96,0.7919136,0.16808635
0.88,0.91556525,-0.035565257
0.84,0.79599464,0.044005334
0.88,0.79913247,0.08086753
0.81,0.85405755,-0.044057548
0.69,0.7375226,-0.047522604
0.71,0.6346123,0.07538766
0.91,0.68165493,0.2283451
0.97,0.88730586,0.08269417
0.97,0.9057636,0.0642364
0.97,0.9065939,0.06340611
0.97,0.92104006,0.04895997
0.97,0.900504,0.069496036
0.97,0.93225276,0.037747264
0.97,0.9214498,0.04855025
0.97,0.9082067,0.061793327
0.96,0.8940046,0.065995395
0.97,0.887046,0.08295405
0.97,0.91787636,0.052123666
0.97,0.90516746,0.06483257
0.91,0.90568316,0.0043168664
0.73,0.82914734,-0.09914732
0.5,0.65266716,-0.15266716
0.41,0.4384927,-0.02849269
0.46,0.3876085,0.07239151
0.59,0.4452479,0.14475209
0.64,0.5744101,0.065589905
0.62,0.6006967,0.019303322
0.55,0.5787796,-0.028779566
0.68,0.5141841,0.16581589
0.68,0.66327655,0.016723454
0.63,0.64784825,-0.017848253
0.54,0.587636,-0.047635972
0.53,0.5040795,0.02592045
0.5,0.513414,-0.013414025
0.73,0.47972664,0.25027338
0.69,0.7144635,-0.024463475
0.83,0.6447134,0.18528658
0.82,0.7985716,0.021428406
0.83,0.76800966,0.06199032
0.71,0.78520346,-0.07520348
0.35,0.65738,-0.30738
0.22,0.29177853,-0.071778536
0.28,0.21370226,0.06629774
0.42,0.27838466,0.14161533
0.45,0.41163778,0.038362205
0.3,0.42571872,-0.12571871
0.5,0.27260914,0.22739086
0.75,0.48781115,0.26218885
0.64,0.73186934,-0.091869354
0.76,0.5909376,0.16906238
0.75,0.74300194,0.006998062
0.86,0.70803165,0.15196836
0.78,0.82517457,-0.0451746
0.71,0.7186812,-0.008681238
0.75,0.6777693,0.0722307
0.83,0.71938705,0.11061293
0.83,0.7966,0.0334
0.75,0.7791356,-0.029135585
0.69,0.69199276,-0.001992762
0.59,0.6496117,-0.059611738
0.37,0.5548178,-0.18481779
0.16,0.3336636,-0.17366362
0.5,0.13789198,0.36210802
0.75,0.5177895,0.23221052
0.77,0.72084415,0.04915583
0.84,0.71811295,0.12188703
0.84,0.79474485,0.045255125
0.91,0.7877606,0.12223941
0.86,0.8709316,-0.010931611
0.5,0.80199873,-0.30199873
0.41,0.42337313,-0.0133731365
0.26,0.39902315,-0.13902315
0.47,0.2367972,0.2332028
0.95,0.47363013,0.47636986
0.81,0.94636166,-0.13636166
0.71,0.71587837,-0.005878389
0.45,0.66911113,-0.21911114
0.41,0.39931574,0.010684252
0.19,0.39394715,-0.20394716
0.05,0.16684358,-0.11684358
0.01,0.032146566,-0.022146566
0.01,0.0,0.01
0.01,0.0,0.01
0.01,0.0,0.01
0.01,0.0,0.01
0.01,0.0,0.01
0.01,0.004307676,0.0056923237
0.01,0.006031662,0.0039683376
0.01,0.001456881,0.008543119
0.2,0.0,0.2
0.97,0.21571633,0.75428367
0.98,0.9475212,0.03247881
0.94,0.9729532,-0.032953203
0.64,0.8762435,-0.23624349
0.67,0.579515,0.09048504
0.75,0.66282976,0.08717024
0.97,0.7302979,0.2397021
0.95,0.94477475,0.005225241
0.95,0.8714417,0.078558266
0.95,0.89480484,0.055195153
0.97,0.887987,0.08201301
0.97,0.91980934,0.050190687
0.97,0.9169321,0.053067923
0.97,0.93600845,0.033991575
0.97,0.9419899,0.02801013
0.97,0.93323493,0.0367651
0.97,0.9171876,0.052812457
0.97,0.9346683,0.035331726
0.97,0.94074965,0.029250383
0.97,0.9284421,0.041557908
0.97,0.9202715,0.049728513
0.97,0.9120164,0.057983637
0.96,0.9150654,0.04493457
0.85,0.8684064,-0.018406391
0.68,0.7523134,-0.07231337
0.33,0.61176586,-0.28176585
0.15,0.25801817,-0.10801816
0.01,0.12668738,-0.11668738
0.25,0.0,0.25
0.32,0.23547727,0.084522724
0.14,0.3112593,-0.1712593
0.34,0.12551825,0.21448176
0.34,0.32211372,0.017886281
0.45,0.32677263,0.12322736
0.62,0.43411475,0.18588525
0.11,0.5976895,-0.4876895
0.53,0.084063366,0.44593662
0.01,0.5586716,-0.5486716
0.01,0.084890544,-0.07489055
0.01,0.06087654,-0.050876543
0.01,0.080956265,-0.07095627
0.01,0.032239377,-0.022239378
0.01,0.04411846,-0.03411846
0.73,0.028980665,0.70101935
0.57,0.65015626,-0.08015627
0.81,0.50638366,0.30361634
0.98,0.7641926,0.21580744
0.9,0.9446839,-0.044683933
0.76,0.82828057,-0.06828058
0.58,0.7061925,-0.12619251
0.49,0.54846287,-0.05846286
0.32,0.4756938,-0.1556938
0.49,0.29879004,0.19120997
0.61,0.48378816,0.12621185
0.6,0.59093964,0.009060383
0.45,0.5618895,-0.11188954
0.45,0.4191646,0.03083539
0.39,0.43661422,-0.04661423
0.42,0.37190416,0.048095822
0.41,0.4045697,0.005430311
0.45,0.39031908,0.05968091
0.4,0.43245998,-0.032459974
0.32,0.38216257,-0.062162578
0.32,0.30311775,0.01688224
0.31,0.30927822,0.00072178245
0.4,0.2961361,0.103863895
0.37,0.3875089,-0.017508894
0.42,0.35606354,0.06393644
0.37,0.40493888,-0.03493887
0.33,0.35515395,-0.025153935
0.29,0.31450284,-0.024502844
0.3,0.27973178,0.020268232
0.37,0.29038438,0.07961562
0.35,0.35884622,-0.008846223
0.23,0.33655012,-0.10655011
0.22,0.21729271,0.0027072877
0.24,0.20880002,0.031199977
0.21,0.23082456,-0.020824566
0.25,0.20071828,0.049281716
0.3,0.23951812,0.06048189
0.28,0.28459838,-0.004598379
0.26,0.27032685,-0.010326862
0.23,0.24857101,-0.018571004
0.26,0.22401987,0.03598012
0.27,0.25272268,0.01727733
0.26,0.25881207,0.0011879206
0.24,0.24980247,-0.009802476
0.19,0.22731727,-0.037317276
0.25,0.18543163,0.06456837
0.15,0.23880735,-0.088807344
0.11,0.13949035,-0.029490352
0.14,0.101270884,0.038729116
0.17,0.12764879,0.042351216
0.15,0.16368927,-0.013689265
0.18,0.14114776,0.038852245
0.24,0.1726474,0.06735259
0.26,0.2305606,0.02943939
0.23,0.24971521,-0.019715205
0.19,0.21908444,-0.029084444
0.23,0.18543263,0.044567376
0.21,0.22113132,-0.011131331
0.15,0.19521958,-0.04521957
0.18,0.138842,0.041158006
0.23,0.16524324,0.064756766
0.14,0.22541821,-0.08541821
0.17,0.12637433,0.043625668
0.15,0.15339306,-0.003393054
0.13,0.13873763,-0.008737639
0.21,0.12474711,0.08525288
0.18,0.19652942,-0.016529411
0.16,0.1768724,-0.016872406
0.17,0.14523819,0.02476181
0.21,0.15544865,0.054551348
0.13,0.20146671,-0.071466714
0.14,0.11812352,0.021876484
0.23,0.13274178,0.097258225
0.24,0.21702662,0.022973374
0.23,0.23377657,-0.0037765652
0.34,0.22418624,0.11581376
0.34,0.32658732,0.013412684
0.21,0.32634166,-0.116341665
0.2,0.19788077,0.0021192282
0.27,0.18712565,0.08287436
0.32,0.26258218,0.05741781
0.28,0.30780938,-0.027809381
0.25,0.2654569,-0.015456885
0.19,0.23725334,-0.04725334
0.27,0.17895856,0.091041446
0.24,0.25859344,-0.018593445
0.18,0.22385393,-0.043853924
0.11,0.16890007,-0.058900073
0.2,0.09613272,0.103867285
0.2,0.18964784,0.0103521645
0.19,0.18760718,0.0023928136
0.11,0.17899102,-0.06899102
0.18,0.09713215,0.08286786
0.19,0.16482973,0.025170267
0.2,0.17690484,0.02309516
0.18,0.1942012,-0.014201194
0.14,0.17287508,-0.032875076
0.13,0.13368967,-0.0036896765
0.12,0.11568496,0.004315041
0.11,0.1088337,0.001166299
0.06,0.10294051,-0.04294051
0.03,0.04753274,-0.017532742
0.01,0.010580432,-0.0005804319
0.01,0.0,0.01
0.01,0.0,0.01
0.01,0.0,0.01
0.01,0.0,0.01
0.01,0.0,0.01
0.01,0.0,0.01
0.01,0.002496669,0.0075033307
0.01,0.014919262,-0.0049192626
0.01,0.008055082,0.0019449182
0.01,0.008380186,0.001619814
0.01,0.015678424,-0.0056784246
0.03,0.011881497,0.018118503
0.09,0.03651688,0.053483125
0.16,0.098182544,0.061817452
0.17,0.16378054,0.0062194616
0.29,0.17303783,0.116962165
0.51,0.28136912,0.22863087
0.61,0.49924764,0.110752374
0.72,0.58586395,0.13413608
0.8,0.69286835,0.10713166
0.82,0.7710911,0.04890889
0.88,0.78089666,0.09910333
0.77,0.8431823,-0.073182344
0.81,0.71098363,0.09901637
0.89,0.7862458,0.10375416
0.96,0.8614572,0.09854275
0.96,0.908254,0.05174595
0.96,0.8963109,0.06368905
0.97,0.89577234,0.07422769
0.98,0.9179121,0.062087893
0.98,0.9279444,0.052055597
0.97,0.92908835,0.040911674
0.97,0.91876733,0.051232696
0.97,0.9258275,0.044172525
0.97,0.9139428,0.056057215
0.97,0.9122081,0.05779195
0.97,0.908285,0.061715007
0.97,0.91013706,0.05986297
0.97,0.92374456,0.04625547
0.97,0.9225271,0.047472954
0.97,0.9289589,0.041041136
0.97,0.9171431,0.052856922
0.97,0.9156537,0.054346323
0.97,0.90995073,0.060049295
0.97,0.9134425,0.056557536
0.97,0.90092623,0.069073796
0.97,0.9069332,0.06306684
0.97,0.90629995,0.06370008
0.97,0.912374,0.05762601
0.97,0.9269053,0.043094754
0.97,0.93438566,0.03561437
0.97,0.9178293,0.052170753
0.97,0.9207219,0.04927814
0.97,0.918548,0.05145204
0.97,0.9244281,0.045571923
0.97,0.91893685,0.05106318
0.97,0.9169314,0.053068638
0.97,0.9151268,0.054873228
0.97,0.9067681,0.063231945
0.97,0.9151076,0.05489242
0.97,0.9242642,0.045735836
0.97,0.91427886,0.055721164
0.97,0.92129934,0.04870069
0.97,0.923465,0.046535015
0.97,0.91283727,0.05716276
0.97,0.92833364,0.04166639
0.97,0.9003445,0.06965554
0.97,0.92286634,0.047133684
0.97,0.9162421,0.053757906
0.97,0.9202143,0.049785733
0.97,0.9136113,0.056388736
0.97,0.91022277,0.05977726
0.97,0.92672837,0.04327166
0.97,0.9185554,0.05144465
0.97,0.92528176,0.044718266
0.97,0.9194901,0.05050993
0.97,0.91840196,0.051598072
0.97,0.9119296,0.05807042
0.97,0.9248396,0.045160413
0.97,0.9191339,0.050866127
0.97,0.9310905,0.038909554
0.97,0.90723014,0.06276989
0.97,0.91752064,0.052479386
0.97,0.90620506,0.06379497
0.97,0.90315914,0.06684089
0.97,0.9229517,0.04704833
0.97,0.94134426,0.028655767
0.97,0.9067862,0.063213825
0.97,0.9198667,0.050133348
0.97,0.92805433,0.041945696
0.97,0.9323416,0.037658453
0.97,0.913092,0.05690801
0.97,0.9248066,0.045193434
0.97,0.9144151,0.055584908
0.97,0.9335556,0.036444426
0.97,0.92007124,0.049928784
0.97,0.9247469,0.045253158
0.97,0.90848863,0.061511397
0.97,0.9161813,0.053818703
0.97,0.92392254,0.04607749
0.97,0.9159275,0.0540725
0.97,0.9043883,0.06561172
0.97,0.9290377,0.04096234
0.97,0.9121524,0.05784762
0.97,0.9211359,0.048864126
0.97,0.9130548,0.056945205
0.97,0.90115356,0.068846464
0.97,0.91792893,0.052071095
0.97,0.90880585,0.06119418
0.97,0.91447866,0.05552137
0.97,0.93134964,0.038650393
0.97,0.91674864,0.053251386
0.97,0.9229553,0.047044754
0.97,0.91194034,0.058059692
0.97,0.91456294,0.055437088
0.97,0.89867365,0.071326375
0.97,0.9059458,0.06405425
0.97,0.9080306,0.0619694
0.97,0.89275694,0.07724309
0.97,0.9128914,0.05710864
0.97,0.923666,0.04633403
0.97,0.90278566,0.06721437
0.97,0.91585326,0.054146767
0.97,0.91079223,0.059207797
0.97,0.9058516,0.064148426
0.97,0.9117539,0.058246136
0.96,0.8946918,0.06530815
0.97,0.89096844,0.07903159
0.96,0.9073452,0.052654803
0.88,0.88536704,-0.0053670406
0.89,0.7998284,0.090171576
0.85,0.83857954,0.011420488
0.82,0.7830957,0.036904275
0.68,0.76192164,-0.08192164
0.61,0.61690664,-0.0069066286
0.6,0.56909776,0.030902267
0.26,0.57457817,-0.31457818
0.26,0.1842564,0.075743586
0.31,0.25668836,0.053311646
0.39,0.2936085,0.0963915
0.39,0.3707097,0.019290298
0.32,0.35840145,-0.038401455
0.27,0.2917029,-0.021702886
0.32,0.2535269,0.0664731
0.38,0.3052232,0.0747768
0.3,0.37085512,-0.07085511
0.24,0.2852119,-0.045211896
0.22,0.22509873,-0.0050987303
0.29,0.20532535,0.08467464
0.33,0.27419892,0.055801094
0.46,0.3190706,0.1409294
0.61,0.448155,0.16184503
0.56,0.59556913,-0.03556913
0.22,0.52522445,-0.30522445
0.1,0.17440894,-0.07440894
0.23,0.07985547,0.15014453
0.26,0.23018932,0.029810667
0.22,0.24687701,-0.026877016
0.18,0.20039289,-0.02039288
0.16,0.16724974,-0.0072497427
0.22,0.15011515,0.06988485
0.36,0.22024855,0.13975146
0.42,0.3560023,0.063997686
0.47,0.40634638,0.06365362
0.57,0.4536719,0.11632809
0.55,0.5689348,-0.018934786
0.52,0.5194274,0.0005725622
0.5,0.49615145,0.0038485527
0.44,0.4760352,-0.03603521
0.34,0.4296361,-0.08963609
0.22,0.3251788,-0.1051788
0.26,0.20262082,0.05737917
0.25,0.24721375,0.002786249
0.23,0.23254864,-0.002548635
0.25,0.21682268,0.033177316
0.15,0.22978921,-0.07978921
0.07,0.1336043,-0.0636043
0.18,0.04074777,0.13925225
0.12,0.16467124,-0.044671245
0.18,0.10411047,0.075889535
0.01,0.17418095,-0.16418095
0.01,0.037969004,-0.027969005
0.01,0.07270397,-0.062703975
0.13,0.038907476,0.09109252
0.09,0.08792898,0.002071023
0.1,0.058683686,0.041316316
0.12,0.07398482,0.04601518
0.18,0.10361521,0.0763848
0.17,0.16896936,0.0010306388
0.15,0.16380796,-0.013807952
0.16,0.14312065,0.01687935
0.15,0.15360484,-0.0036048293
0.11,0.1373737,-0.027373701
0.11,0.10142252,0.008577481
0.11,0.105397336,0.004602663
0.09,0.103446975,-0.013446972
0.07,0.083714195,-0.013714194
0.07,0.057004727,0.012995273
0.07,0.059191782,0.010808218
0.05,0.05795399,-0.00795399
0.06,0.03588897,0.024111029
0.04,0.048458632,-0.008458633
0.03,0.033602353,-0.0036023539
0.03,0.022515953,0.0074840467
0.04,0.019538239,0.02046176
0.09,0.028246943,0.06175306
0.23,0.08833164,0.14166836
0.28,0.2269175,0.053082496
0.1,0.2820162,-0.1820162
0.04,0.098380126,-0.058380127
0.03,0.01994726,0.010052739
0.01,0.009806395,0.0001936052
0.01,0.0,0.01
0.01,0.0,0.01
0.01,0.0,0.01
0.01,0.0,0.01
0.01,0.0,0.01
0.01,0.011549769,-0.0015497692
0.01,0.01665318,-0.0066531803
0.01,0.005329367,0.004670633
0.01,0.00910477,0.0008952301
0.01,0.0,0.01
0.01,0.0,0.01
0.01,0.0,0.01
0.01,0.0,0.01
0.01,0.00045523793,0.009544762
0.01,0.014775615,-0.0047756154
0.01,0.008596398,0.0014036018
0.01,0.0,0.01
0.01,0.002945114,0.007054886
0.01,0.0,0.01
0.01,0.0,0.01
0.01,0.0005027987,0.009497201
0.01,0.004109621,0.0058903787
0.01,0.0,0.01
0.01,0.0032751784,0.0067248214
0.01,0.00012960657,0.009870393
0.01,0.0043165535,0.0056834463
0.01,0.0,0.01
0.01,0.0,0.01
0.01,0.0,0.01
0.01,0.0013144091,0.008685591
0.01,0.0076419897,0.00235801
0.01,0.0,0.01
0.01,0.0007411577,0.009258842
0.01,0.0,0.01
0.01,0.0,0.01
0.01,0.0,0.01
0.01,0.0,0.01
0.01,0.0,0.01
0.01,0.0,0.01
0.01,0.0,0.01
0.01,0.005410239,0.0045897607
0.01,0.0054115765,0.0045884233
0.01,0.0,0.01
0.01,0.004958123,0.005041877
0.03,0.00632916,0.02367084
0.03,0.031384908,-0.0013849083
0.03,0.024627626,0.0053723734
0.01,0.02176778,-0.01176778
0.01,4.477799e-05,0.009955222
0.01,0.0,0.01
0.01,0.0,0.01
0.06,0.0,0.06
0.11,0.06218175,0.04781825
0.14,0.11580956,0.02419044
0.15,0.14385062,0.0061493814
0.16,0.15005127,0.0099487305
0.14,0.15460016,-0.014600158
0.14,0.1340569,0.0059431046
0.12,0.1293259,-0.009325899
0.19,0.10659954,0.08340046
0.17,0.18431154,-0.014311537
0.12,0.15736172,-0.03736172
0.08,0.10243559,-0.02243559
0.1,0.0558323,0.0441677
0.19,0.08524499,0.10475501
0.25,0.18026829,0.06973171
0.34,0.24390969,0.09609032
0.29,0.3286515,-0.038651496
0.23,0.27663532,-0.046635315
0.18,0.21463418,-0.034634173
0.16,0.16638383,-0.0063838363
0.18,0.14489523,0.03510478
0.15,0.17169908,-0.02169907
0.14,0.13761115,0.0023888499
0.14,0.124707766,0.015292235
0.12,0.12617144,-0.0061714426
0.13,0.106515124,0.02348487
0.13,0.116411716,0.0135882795
0.1,0.11845854,-0.018458538
0.09,0.089487486,0.000512518
0.14,0.07374198,0.06625802
0.17,0.1336847,0.036315307
0.27,0.16383073,0.10616928
0.22,0.25906745,-0.039067447
0.21,0.20908107,0.0009189248
0.23,0.19741735,0.032582656
0.26,0.21414441,0.04585558
0.29,0.24837458,0.04162541
0.27,0.2722734,-0.0022733808
0.24,0.26349455,-0.023494557
0.22,0.22767034,-0.007670343
0.2,0.20653412,-0.0065341145
0.17,0.18681847,-0.016818464
0.14,0.15657717,-0.01657717
0.13,0.1260911,0.0039089024
0.12,0.116340294,0.0036597028
0.13,0.10477374,0.025226258
0.16,0.11743409,0.042565905
0.2,0.15017024,0.049829766
0.16,0.18812016,-0.02812016
0.3,0.14573476,0.15426525
0.45,0.29217008,0.15782991
0.36,0.435062,-0.07506198
0.57,0.34557155,0.22442845
0.86,0.56478405,0.29521596
0.88,0.84223664,0.037763357
0.93,0.83004963,0.09995037
0.65,0.88261044,-0.23261046
0.55,0.5719569,-0.021956861
0.28,0.535274,-0.25527403
0.04,0.2323054,-0.19230539
0.01,0.03729234,-0.02729234
0.01,0.0040584467,0.005941553
0.02,0.0,0.02
0.08,0.0,0.08
0.14,0.067922585,0.072077416
0.19,0.13582067,0.054179326
0.19,0.1868493,0.0031507015
0.23,0.18142502,0.048574984
0.35,0.22061683,0.12938316
0.37,0.33959755,0.030402452
0.37,0.36579838,0.004201621
0.34,0.35664576,-0.01664576
0.38,0.32486954,0.055130452
0.35,0.36331716,-0.013317168
0.4,0.3283141,0.07168591
0.51,0.38172114,0.12827885
0.48,0.49516055,-0.015160561
0.46,0.45944536,0.000554651
0.3,0.43808752,-0.13808751
0.22,0.27661243,-0.056612432
0.18,0.2068958,-0.026895791
0.14,0.1606051,-0.020605102
0.1,0.124700114,-0.024700113
0.09,0.08670324,0.0032967627
0.09,0.06768019,0.022319816
0.04,0.07336795,-0.033367954
0.01,0.016721074,-0.0067210738
0.06,0.0,0.06
0.09,0.060778882,0.029221121
0.18,0.08102902,0.09897099
0.13,0.17221078,-0.042210788
0.12,0.12553865,-0.00553865
0.49,0.11157956,0.37842044
0.59,0.4726514,0.11734858
0.43,0.5787802,-0.14878017
0.32,0.40794104,-0.08794105
0.16,0.30404332,-0.14404333
0.15,0.14642833,0.0035716742
0.09,0.13671434,-0.046714336
0.05,0.08224125,-0.03224125
0.1,0.0318974,0.0681026
0.14,0.0875085,0.0524915
0.19,0.13748938,0.05251062
0.38,0.1858575,0.19414249
0.48,0.36855486,0.11144513
0.5,0.47145095,0.028549045
0.44,0.4829791,-0.04297909
0.28,0.42200682,-0.14200681
0.23,0.2659459,-0.035945907
0.19,0.21880886,-0.028808862
0.16,0.181483,-0.021483004
0.12,0.15019281,-0.030192815
0.09,0.10264082,-0.012640819
0.11,0.071238875,0.038761124
0.09,0.0957116,-0.0057115927
0.09,0.074474216,0.015525788
0.1,0.07356547,0.026434533
0.12,0.09228642,0.027713574
0.08,0.10856418,-0.028564185
0.12,0.06732075,0.05267925
0.09,0.112098694,-0.02209869
0.04,0.079019904,-0.039019905
0.03,0.024043303,0.0059566963
0.01,0.010004699,-4.6994537e-06
0.01,0.0,0.01
0.01,0.0,0.01
0.01,0.0,0.01
0.01,0.0,0.01
0.01,0.0,0.01
0.01,0.0,0.01
0.01,0.0,0.01
0.01,0.0,0.01
0.01,0.0,0.01
0.01,0.0,0.01
0.01,0.0,0.01
0.01,0.0033158772,0.0066841226
0.01,0.0017448589,0.008255141
0.01,0.0,0.01
0.01,0.0,0.01
0.01,0.0008939989,0.009106001
0.01,0.0061194487,0.003880551
0.01,0.00030611828,0.0096938815
0.01,0.003659051,0.006340949
0.01,0.0037990585,0.0062009413
0.01,0.009002529,0.0009974707
0.01,0.009914186,8.5813925e-05
0.05,0.0019979887,0.048002012
0.05,0.046659157,0.003340844
0.06,0.0454883,0.014511697
0.09,0.059003577,0.030996427
0.08,0.08430134,-0.0043013394
0.07,0.06875725,0.0012427494
0.08,0.05725184,0.022748157
0.08,0.06894243,0.011057571
0.06,0.068701506,-0.008701507
0.09,0.050183896,0.039816108
0.09,0.08258626,0.007413745
0.09,0.080947265,0.009052739
0.09,0.0815382,0.008461803
0.07,0.07918414,-0.009184137
0.07,0.05569285,0.014307149
0.07,0.057140555,0.012859445
0.06,0.05838613,0.0016138703
0.06,0.045748197,0.014251802
0.05,0.047541093,0.0024589077
0.05,0.03481685,0.015183151
0.07,0.037778012,0.032221988
0.04,0.064314164,-0.024314165
0.05,0.029903427,0.020096574
0.04,0.037031587,0.002968412
0.01,0.030035693,-0.020035693
0.01,0.0009967312,0.009003269
0.0,0.0,0.0
0.01,0.0,0.01
0.01,0.0,0.01
0.01,0.0,0.01
0.01,0.0,0.01
0.01,0.0,0.01
0.01,0.0,0.01
0.01,0.0,0.01
0.01,0.0,0.01
0.01,0.0,0.01
0.01,0.0043237396,0.00567626
0.01,0.033160564,-0.023160564
0.01,0.025151856,-0.0151518565
0.01,0.0015391931,0.008460807
0.0,0.0,0.0
0.01,0.0,0.01
0.0,0.0,0.0
0.01,0.0,0.01
0.0,0.0007269345,-0.0007269345
0.01,0.0,0.01
0.02,0.0,0.02
0.11,0.02770548,0.08229452
0.1,0.120661125,-0.020661123
0.07,0.11656757,-0.046567567
0.05,0.06183464,-0.01183464
0.07,0.04117208,0.02882792
0.06,0.064086646,-0.004086647
0.08,0.057097025,0.022902973
0.06,0.077186465,-0.017186467
0.09,0.056754123,0.03324588
0.08,0.07712342,0.0028765798
0.13,0.071952544,0.05804745
0.32,0.12905407,0.19094592
0.5,0.32417402,0.17582598
0.58,0.511601,0.06839901
0.52,0.5679369,-0.047936916
0.69,0.51309884,0.17690116
0.62,0.6750097,-0.055009723
0.6,0.5830027,0.016997337
0.47,0.5743325,-0.10433248
0.34,0.44012234,-0.10012233
0.35,0.3016348,0.048365206
0.35,0.33548513,0.0145148635
0.41,0.32755256,0.08244744
0.39,0.3952848,-0.005284816
0.27,0.3614627,-0.0914627
0.33,0.24739747,0.082602546
0.32,0.3227428,-0.0027427971
0.46,0.3069311,0.1530689
0.57,0.4495931,0.120406896
0.46,0.55283105,-0.092831045
0.34,0.4329963,-0.0929963
0.57,0.31935737,0.25064263
0.76,0.5629275,0.1970725
0.6,0.7576227,-0.1576227
0.41,0.56609786,-0.15609786
0.41,0.3731729,0.036827087
0.53,0.38863197,0.141368
0.6,0.5195559,0.0804441
0.6,0.6020361,-0.0020360947
0.72,0.598192,0.12180805
0.42,0.6908783,-0.2708783
0.43,0.33763555,0.09236446
0.89,0.4122423,0.4777577
0.98,0.9121939,0.067806125
0.97,0.93399036,0.03600967
0.67,0.8939792,-0.22397918
0.42,0.576648,-0.15664801
0.4,0.3753974,0.024602592
0.32,0.39093888,-0.070938885
0.22,0.29833665,-0.078336656
0.39,0.19912913,0.19087085
0.82,0.38226318,0.4377368
0.97,0.8165984,0.15340161
0.97,0.9410368,0.028963208
0.98,0.90052783,0.079472184
0.91,0.93416154,-0.024161518
0.97,0.8353878,0.1346122
0.97,0.9449922,0.025007844
0.97,0.921342,0.048658013
0.97,0.90995324,0.060046792
0.97,0.9190365,0.05096352
0.96,0.9201641,0.03983587
0.97,0.9001069,0.06989312
0.97,0.9095241,0.060475945
0.97,0.9028281,0.06717193
0.96,0.9084184,0.05158156
0.93,0.9007226,0.029277384
0.95,0.85675716,0.093242824
0.96,0.9037808,0.05621916
0.94,0.9010501,0.038949907
0.97,0.8683717,0.1016283
0.95,0.9224628,0.027537167
0.96,0.88216436,0.07783562
0.97,0.89809895,0.07190108
0.87,0.89772475,-0.027724743
0.82,0.7924086,0.027591407
0.91,0.7639686,0.14603144
0.89,0.87208533,0.017914653
0.91,0.82246375,0.087536275
0.89,0.85416627,0.035833716
0.89,0.8293021,0.060697913
0.85,0.8309406,0.01905942
0.78,0.7937803,-0.013780355
0.77,0.720294,0.049705982
0.75,0.7234589,0.026541114
0.7,0.7043755,-0.0043755174
0.62,0.6501241,-0.030124068
0.59,0.5728425,0.017157495
0.51,0.5518428,-0.04184282
0.47,0.46957946,0.00042054057
0.43,0.4377154,-0.007715404
0.35,0.39967713,-0.049677134
0.32,0.3191881,0.00081190467
0.28,0.29301846,-0.013018459
0.27,0.25717247,0.012827545
0.26,0.24851935,0.011480644
0.21,0.24089673,-0.030896738
0.16,0.18339479,-0.023394793
0.12,0.14099675,-0.020996757
0.09,0.10417114,-0.014171138
0.07,0.070692286,-0.0006922856
0.08,0.051265825,0.028734174
0.04,0.06901147,-0.029011473
0.03,0.020298004,0.009701995
0.01,0.012295194,-0.0022951942
0.01,0.0,0.01
0.0,0.0,0.0
0.01,0.0,0.01
0.01,0.0,0.01
0.01,0.0,0.01
0.01,0.0,0.01
0.01,0.0,0.01
0.01,0.0,0.01
0.01,0.0,0.01
0.01,0.002896648,0.007103352
0.01,0.005878087,0.0041219126
0.01,0.0030437969,0.006956203
0.01,0.00022267923,0.009777321
0.01,0.0005481541,0.009451846
0.01,0.002359584,0.007640416
0.02,0.006082397,0.013917603
0.02,0.021516982,-0.0015169829
0.02,0.016898036,0.0031019635
0.04,0.013850894,0.026149105
0.03,0.0344968,-0.0044968
0.05,0.029955242,0.020044759
0.07,0.044491686,0.025508314
0.06,0.06942901,-0.0094290115
0.04,0.063489504,-0.023489505
0.04,0.026186246,0.013813753
0.03,0.024072282,0.0059277173
0.02,0.022188477,-0.0021884777
0.01,0.0030856505,0.0069143493
0.01,0.0,0.01
0.01,0.0,0.01
0.01,0.0,0.01
0.0,0.0,0.0
0.02,0.0,0.02
0.06,0.016684283,0.043315716
0.08,0.061063122,0.018936876
0.04,0.09003256,-0.050032564
0.03,0.041107323,-0.011107324
0.04,0.017672736,0.022327263
0.04,0.030847665,0.009152334
0.04,0.029859472,0.010140527
0.01,0.029420223,-0.019420223
0.0,0.00025252625,-0.00025252625
0.01,0.0,0.01
0.01,0.0,0.01
0.01,0.0,0.01
0.01,0.0,0.01
0.01,0.0,0.01
0.01,0.0,0.01
0.01,0.0,0.01
0.01,0.0,0.01
0.01,0.0,0.01
0.01,0.0,0.01
0.01,0.0,0.01
0.01,0.0019013882,0.008098612
0.01,0.0,0.01
0.01,0.0,0.01
0.01,0.004831845,0.005168155
0.01,0.008278251,0.0017217491
0.01,0.009031717,0.00096828304
0.01,0.008695465,0.0013045352
0.01,0.006888613,0.0031113867
0.01,0.0,0.01
0.01,0.0027010776,0.007298922
0.01,0.0011501685,0.008849831
0.01,0.0018899441,0.008110056
0.01,0.0023634806,0.007636519
0.01,0.0,0.01
0.01,0.0,0.01
0.01,0.0,0.01
0.01,0.0001356192,0.009864381
0.01,0.012612868,-0.0026128683
0.01,0.001381021,0.008618979
0.01,0.00096140057,0.009038599
0.01,0.0,0.01
0.0,0.001118727,-0.001118727
0.01,0.004677642,0.0053223576
0.0,0.016391166,-0.016391166
0.01,0.00852672,0.0014732797
0.01,0.0010940135,0.008905986
0.01,0.0,0.01
0.01,0.0,0.01
0.01,0.0,0.01
0.01,0.0,0.01
0.01,0.0,0.01
0.01,0.0,0.01
0.01,0.0004557371,0.009544263
0.01,0.0030481033,0.0069518965
0.01,0.00760781,0.0023921896
0.01,0.0057125576,0.004287442
0.01,0.0041377246,0.005862275
0.01,0.0031079538,0.006892046
0.01,0.0,0.01
0.01,0.0,0.01
0.01,0.00058943033,0.009410569
0.01,0.0032252595,0.0067747403
0.0,0.011182133,-0.011182133
0.01,0.004581634,0.005418366
0.01,0.008183751,0.0018162485
0.01,0.008342195,0.0016578045
0.01,0.00945485,0.00054514967
0.03,0.0092971325,0.020702867
0.04,0.026750632,0.0132493675
0.03,0.035212886,-0.0052128863
0.06,0.02731765,0.032682348
0.05,0.056137957,-0.006137956
0.05,0.04326664,0.0067333616
0.06,0.04519057,0.01480943
0.05,0.055013496,-0.0050134957
0.03,0.04109661,-0.01109661
0.04,0.016305543,0.023694456
0.01,0.029247794,-0.019247795
0.05,0.00676075,0.04323925
0.07,0.041757204,0.028242797
0.08,0.068820864,0.011179134
0.06,0.0781856,-0.018185604
0.07,0.04525823,0.024741769
0.01,0.060071103,-0.050071105
0.05,0.016535271,0.03346473
0.04,0.033728357,0.0062716417
0.06,0.02420887,0.03579113
0.08,0.045080658,0.03491934
0.06,0.07261228,-0.0126122795
0.05,0.051226057,-0.0012260564
0.04,0.03747207,0.0025279298
0.05,0.02858245,0.02141755
0.04,0.040058393,-5.8393925e-05
0.01,0.03040709,-0.02040709
0.04,0.0,0.04
0.01,0.029933821,-0.019933822
0.0,0.005136296,-0.005136296
0.01,0.0,0.01
0.02,0.0,0.02
0.02,0.007414464,0.012585536
0.01,0.010337692,-0.00033769198
0.01,0.0,0.01
0.01,0.0,0.01
0.0,0.0,0.0
0.01,0.0,0.01
0.01,0.0032632127,0.006736787
0.01,0.0,0.01
0.01,0.0,0.01
0.01,0.0,0.01
0.01,0.0,0.01
0.01,0.0,0.01
0.01,0.0,0.01
0.01,0.0023813583,0.0076186415
0.01,0.0,0.01
0.01,0.0,0.01
0.01,0.0023002476,0.007699752
0.01,0.0042727627,0.005727237
0.01,0.0021663941,0.007833606
0.01,0.004635334,0.0053646658
0.01,0.009773377,0.00022662245
0.01,0.008236464,0.0017635357
0.05,0.002542857,0.047457144
0.06,0.042737193,0.017262805
0.05,0.057299465,-0.007299464
0.04,0.046534766,-0.0065347664
0.01,0.03134449,-0.021344488
0.01,0.0,0.01
0.01,0.0,0.01
0.01,0.0,0.01
0.01,0.0,0.01
0.01,0.0,0.01
0.01,0.0021457858,0.007854214
0.02,0.008994438,0.011005562
0.08,0.02212694,0.05787306
0.15,0.08379005,0.06620996
0.22,0.15579264,0.06420736
0.34,0.22222807,0.11777194
0.49,0.33125335,0.15874666
0.58,0.48423064,0.095769346
0.56,0.56918955,-0.009189546
0.51,0.5363561,-0.026356101
0.39,0.48647657,-0.096476585
0.46,0.36716494,0.09283507
0.37,0.4463981,-0.076398104
0.26,0.34259304,-0.08259305
0.2,0.23890129,-0.038901284
0.27,0.18413076,0.08586925
0.54,0.25765225,0.28234777
0.88,0.53972983,0.34027016
0.98,0.8697481,0.1102519
0.98,0.9721633,0.0078366995
0.98,0.96686375,0.013136268
0.98,0.94164884,0.03835118
0.97,0.946802,0.023198009
0.97,0.93807364,0.031926394
0.97,0.91290665,0.057093382
0.97,0.9242898,0.045710206
0.97,0.90429795,0.06570208
0.97,0.88970006,0.08029997
0.97,0.89729226,0.07270777
0.85,0.9015176,-0.051517606
0.72,0.75107324,-0.031073213
0.64,0.6510732,-0.011073232
0.54,0.60586023,-0.06586021
0.58,0.48725393,0.09274605
0.67,0.56124866,0.10875136
0.62,0.64171374,-0.021713734
0.63,0.5722811,0.057718873
0.52,0.59519446,-0.07519448
0.59,0.47934166,0.11065832
0.77,0.57875896,0.19124103
0.96,0.7471684,0.21283156
0.98,0.9348527,0.0451473
0.97,0.91216457,0.05783546
0.97,0.93100905,0.038990974
0.97,0.9136689,0.056331158
0.97,0.9145403,0.055459738
0.97,0.9025817,0.06741834
0.97,0.9344851,0.03551495
0.97,0.9218161,0.048183918
0.97,0.90086854,0.06913149
0.96,0.9039993,0.05600065
0.92,0.8867012,0.03329879
0.81,0.8467622,-0.036762178
0.64,0.73686445,-0.09686446
0.52,0.5846888,-0.0646888
0.62,0.48208955,0.13791046
0.61,0.61346257,-0.003462553
0.56,0.57072353,-0.010723531
0.51,0.5218175,-0.011817515
0.41,0.47773072,-0.067730725
0.28,0.38898417,-0.10898417
0.29,0.25957,0.03042999
0.17,0.28043774,-0.110437736
0.06,0.14445399,-0.084453985
0.02,0.03541111,-0.015411109
0.04,0.00021473691,0.039785262
0.08,0.022282496,0.057717502
0.01,0.07296604,-0.06296604
0.01,0.0,0.01
0.0,0.0,0.0
0.01,0.0,0.01
0.01,0.0,0.01
0.01,0.0045721903,0.0054278094
0.0,0.0,0.0
0.01,0.00073702633,0.009262973
0.0,0.0,0.0
0.01,0.0042143725,0.0057856273
0.01,0.0,0.01
0.01,0.0,0.01
0.01,0.0,0.01
0.01,0.0,0.01
0.01,0.009587552,0.00041244738
0.01,0.015790954,-0.0057909545
0.04,0.035674825,0.004325174
0.01,0.041125108,-0.031125108
0.01,0.005581636,0.004418364
0.0,0.0002761893,-0.0002761893
0.02,0.0,0.02
0.04,0.019670304,0.020329695
0.08,0.036360808,0.04363919
0.18,0.07809423,0.10190578
0.23,0.18092185,0.04907815
0.17,0.23414192,-0.064141914
0.28,0.16811737,0.11188263
0.27,0.27280605,-0.0028060377
0.26,0.26948667,-0.009486675
0.33,0.24627227,0.08372775
0.29,0.3159543,-0.025954306
0.26,0.27542874,-0.015428752
0.44,0.25088298,0.18911701
0.41,0.43522838,-0.025228381
0.34,0.386942,-0.046941996
0.28,0.3156638,-0.035663813
0.36,0.26569843,0.09430158
0.23,0.35321212,-0.123212114
0.28,0.20744495,0.07255505
0.28,0.27115214,0.0088478625
0.36,0.26335013,0.096649885
0.37,0.34727618,0.022723824
0.36,0.35056093,0.009439081
0.48,0.33934623,0.14065376
0.76,0.4726422,0.28735778
0.7,0.7476419,-0.047641933
0.82,0.64811957,0.17188042
0.66,0.79000604,-0.13000602
0.74,0.6035838,0.1364162
0.8,0.7242302,0.07576984
0.91,0.7713169,0.13868314
0.83,0.8701894,-0.040189445
0.81,0.7647617,0.045238316
0.87,0.7696943,0.10030568
0.88,0.83353615,0.046463847
0.92,0.8258457,0.0941543
0.86,0.87145853,-0.011458516
0.87,0.78925383,0.080746174
0.76,0.823629,-0.06362903
0.68,0.6983211,-0.018321097
0.83,0.6367152,0.19328481
0.84,0.8113911,0.028608859
0.88,0.7809702,0.09902978
0.86,0.833984,0.026015997
0.8,0.79873145,0.0012685657
0.74,0.74319863,-0.0031986237
0.66,0.6952684,-0.035268366
0.56,0.6141312,-0.05413121
0.6,0.51568353,0.08431649
0.57,0.58498764,-0.0149876475
0.56,0.53481925,0.025180757
0.52,0.52848506,-0.008485079
0.4,0.48750848,-0.08750847
0.39,0.3681219,0.021878093
0.46,0.37316278,0.08683723
0.64,0.44787487,0.19212511
0.6,0.6272001,-0.027200103
0.57,0.5613954,0.008604586
0.65,0.5371039,0.112896085
0.68,0.63454664,0.04545337
0.6,0.65000033,-0.05000031
0.46,0.5635309,-0.10353091
0.44,0.4252644,0.014735609
0.23,0.42574698,-0.19574697
0.07,0.20059839,-0.1305984
0.04,0.046633754,-0.006633755
0.03,0.017288927,0.012711072
0.02,0.014848582,0.005151417
0.11,0.025652088,0.08434791
0.16,0.114138424,0.045861572
0.24,0.15830421,0.08169578
0.27,0.23584352,0.034156486
0.36,0.2656182,0.09438181
0.47,0.34576952,0.124230474
0.52,0.4555927,0.06440729
0.46,0.49876723,-0.03876722
0.34,0.43775335,-0.097753346
0.27,0.32512596,-0.05512595
0.24,0.26222253,-0.022222534
0.23,0.23219651,-0.0021965057
0.23,0.22338131,0.0066186935
0.29,0.21748517,0.07251482
0.35,0.2778856,0.07211441
0.4,0.33193728,0.06806272
0.37,0.38580677,-0.015806764
0.38,0.35424253,0.025757462
0.39,0.3643316,0.025668383
0.39,0.37693202,0.013067961
0.55,0.37977055,0.17022946
0.58,0.5346291,0.045370877
0.59,0.5553684,0.03463155
0.62,0.5679604,0.052039623
0.58,0.595333,-0.015332997
0.42,0.55619586,-0.13619587
0.39,0.3891358,0.00086417794
0.27,0.379155,-0.109155
0.38,0.25393754,0.12606245
0.31,0.36799958,-0.05799958
0.33,0.29154977,0.03845024
0.45,0.31731096,0.13268903
0.44,0.43258083,0.007419169
0.43,0.42134967,0.008650333
0.5,0.41568384,0.084316164
0.46,0.48615268,-0.02615267
0.42,0.44377127,-0.023771286
0.5,0.40217704,0.097822964
0.54,0.49352252,0.046477497
0.57,0.5204749,0.049525082
0.63,0.552701,0.077299
0.76,0.60796463,0.15203536
0.85,0.736308,0.113692045
0.82,0.8095566,0.010443389
0.8,0.76449,0.035510004
0.89,0.7583988,0.13160121
0.93,0.8555229,0.074477136
0.9,0.8788309,0.021169066
0.94,0.8421906,0.097809374
0.95,0.8989308,0.0510692
0.91,0.89966,0.010340035
0.95,0.8400806,0.10991937
0.92,0.9128859,0.0071141124
0.87,0.8525239,0.017476082
0.93,0.8040787,0.12592131
0.93,0.894405,0.035595
0.94,0.86496353,0.075036466
0.9,0.8780465,0.021953464
0.86,0.831599,0.028401017
0.71,0.803097,-0.09309703
0.93,0.6492703,0.2807297
0.93,0.9246615,0.00533849
0.95,0.8556639,0.09433609
0.97,0.89906204,0.07093799
0.97,0.9171207,0.052879333
0.97,0.91448987,0.055510163
0.96,0.91753674,0.042463243
0.96,0.8961015,0.063898504
0.94,0.9023298,0.037670195
0.91,0.87340283,0.036597192
0.96,0.8482795,0.1117205
0.92,0.9153898,0.0046102405
0.97,0.8565544,0.11344564
0.97,0.9635689,0.0064311028
0.97,0.9265895,0.04341054
0.97,0.9243195,0.045680523
0.97,0.94911253,0.020887494
0.97,0.95046484,0.019535184
0.97,0.9237459,0.046254158
0.97,0.91078115,0.059218884
0.97,0.9250299,0.044970155
0.97,0.95513093,0.014869094
0.97,0.8838867,0.08611333
0.97,0.9278376,0.04216242
0.97,0.90794325,0.06205678
0.97,0.91744554,0.05255449
0.97,0.9092729,0.06072712
0.97,0.91657674,0.053423285
0.97,0.93159664,0.03840339
0.97,0.89040923,0.0795908
0.97,0.8943373,0.07566273
0.97,0.9059571,0.064042926
0.97,0.90120995,0.06879008
0.97,0.9058106,0.064189434
0.97,0.9120457,0.05795431
0.97,0.9220935,0.047906518
0.97,0.9230584,0.046941638
0.97,0.92913175,0.040868282
0.97,0.9199761,0.050023913
0.97,0.9314128,0.038587213
0.97,0.8951676,0.07483244
0.97,0.9198587,0.050141335
0.97,0.9151262,0.054873824
0.97,0.92077327,0.04922676
0.97,0.91706395,0.052936077
0.97,0.90323293,0.0667671
0.97,0.94039345,0.02960658
0.97,0.90165687,0.06834316
0.97,0.92716014,0.042839885
0.97,0.90753293,0.0624671
0.97,0.9075904,0.06240964
0.97,0.9162458,0.05375421
0.97,0.9204117,0.049588323
0.97,0.9036226,0.0663774
0.97,0.89957535,0.070424676
0.93,0.9051578,0.024842203
0.96,0.8445407,0.11545926
0.97,0.91207695,0.05792308
0.97,0.92129385,0.048706174
0.96,0.92073965,0.039260328
0.94,0.8860332,0.05396682
0.94,0.8756715,0.06432849
0.94,0.88018274,0.059817255
0.97,0.87882495,0.09117508
0.95,0.91538525,0.03461474
0.97,0.88146627,0.08853376
0.97,0.9264196,0.043580413
0.96,0.91231644,0.047683537
0.96,0.8988497,0.061150253
0.89,0.89341235,-0.003412366
0.89,0.824399,0.06560099
0.89,0.8359257,0.054074287
0.95,0.83279955,0.117200434
0.83,0.8943436,-0.06434363
0.88,0.75871,0.12128997
0.95,0.84156287,0.10843712
0.95,0.9041016,0.045898378
0.96,0.8867297,0.07327026
0.97,0.9044237,0.065576315
0.96,0.9118818,0.048118174
0.97,0.9003631,0.06963694
0.97,0.9092877,0.060712337
0.89,0.91095185,-0.020951867
0.83,0.81860447,0.011395514
0.93,0.77924204,0.15075797
0.98,0.8927313,0.08726871
0.98,0.92640996,0.05359006
0.98,0.9138421,0.06615794
0.97,0.9210237,0.048976302
0.95,0.9107362,0.039263785
0.88,0.87996936,3.0636787e-05
0.75,0.80910337,-0.05910337
0.63,0.6953219,-0.06532192
0.57,0.5875368,-0.017536819
0.56,0.54363525,0.016364753
0.47,0.5408195,-0.07081953
0.46,0.4472965,0.012703508
0.39,0.44395402,-0.053954035
0.39,0.37329206,0.016707927
0.51,0.37641105,0.13358894
0.57,0.4965827,0.073417306
0.49,0.54566264,-0.055662632
0.5,0.47363403,0.026365966
0.64,0.48244944,0.15755054
0.43,0.6172433,-0.18724328
0.5,0.409049,0.090950996
0.55,0.4916527,0.058347315
0.38,0.5330901,-0.15309012
0.26,0.36278608,-0.102786094
0.26,0.25323364,0.006766349
0.36,0.2528208,0.107179224
0.27,0.34976158,-0.079761565
0.18,0.2659437,-0.0859437
0.1,0.1737278,-0.073727794
0.07,0.09408942,-0.024089418
0.03,0.063375756,-0.033375755
0.01,0.015714228,-0.0057142284
0.01,0.0,0.01
0.07,0.0,0.07
0.1,0.07281099,0.027189009
0.08,0.105520345,-0.025520347
0.01,0.0867385,-0.0767385
0.01,0.001712421,0.008287579
0.01,0.0,0.01
0.01,0.0,0.01
0.01,0.0,0.01
0.01,0.0,0.01
0.01,0.0,0.01
0.01,0.002636835,0.007363165
0.01,0.0006617345,0.009338265
0.01,0.001294978,0.008705022
0.01,0.006298825,0.0037011746
0.0,0.025250813,-0.025250813
0.01,0.008690884,0.0013091154
0.01,6.784871e-05,0.009932151
0.01,0.025711913,-0.015711913
0.0,0.028085787,-0.028085787
0.0,0.0069257133,-0.0069257133
0.03,0.011948571,0.018051429
0.13,0.036369253,0.093630746
0.2,0.1279487,0.0720513
0.16,0.2027581,-0.042758107
0.13,0.16810717,-0.03810717
0.14,0.13245547,0.0075445324
0.13,0.1414181,-0.011418104
0.14,0.12905806,0.010941938
0.17,0.1391911,0.030808896
0.18,0.1667636,0.013236403
0.19,0.17837918,0.01162082
0.17,0.18709937,-0.017099366
0.16,0.17031164,-0.010311648
0.16,0.15831111,0.0016888827
0.2,0.15584666,0.044153348
0.23,0.19620916,0.03379084
0.17,0.2245464,-0.0545464
0.16,0.17181864,-0.011818647
0.16,0.15949205,0.0005079508
0.17,0.15661205,0.013387948
0.15,0.16514765,-0.015147641
0.23,0.14491457,0.08508544
0.21,0.21544006,-0.005440071
0.26,0.20729336,0.05270663
0.19,0.25210282,-0.062102824
0.26,0.18185392,0.07814607
0.19,0.25494912,-0.064949125
0.21,0.18278,0.027219996
0.31,0.20285094,0.107149065
0.24,0.30017084,-0.060170844
0.24,0.24041212,-0.00041212142
0.3,0.24019296,0.059807047
0.34,0.29030243,0.049697578
0.41,0.32904494,0.08095506
0.49,0.3963074,0.0936926
0.47,0.47692952,-0.006929517
0.41,0.45159212,-0.04159212
0.55,0.39439026,0.15560976
0.46,0.53886974,-0.07886973
0.57,0.44435441,0.12564558
0.55,0.55404174,-0.0040417314
0.64,0.5330579,0.10694206
0.66,0.6184871,0.041512907
0.75,0.63138425,0.11861575
0.73,0.7214956,0.008504391
0.75,0.68331647,0.06668353
0.76,0.72070146,0.039298534
0.8,0.72435844,0.07564157
0.93,0.7666782,0.1633218
0.89,0.88845074,0.0015492439
0.85,0.8290582,0.020941854
0.89,0.79284143,0.09715855
0.96,0.8520963,0.10790366
0.91,0.9050087,0.0049913526
0.9,0.85142446,0.04857552
0.96,0.8406863,0.11931366
0.97,0.9288449,0.0411551
0.91,0.9072194,0.0027806163
0.95,0.84204936,0.10795063
0.96,0.90756834,0.052431643
0.95,0.9023793,0.047620714
0.96,0.88643765,0.073562324
0.97,0.90012133,0.0698787
0.95,0.9114915,0.038508475
0.95,0.8852103,0.06478971
0.97,0.89064765,0.07935238
0.96,0.9071634,0.052836597
0.96,0.88961446,0.070385516
0.97,0.8966743,0.07332575
0.97,0.9132829,0.056717157
0.96,0.91270816,0.047291815
0.97,0.8944564,0.07554364
0.97,0.90789366,0.06210637
0.94,0.91437817,0.025621831
0.87,0.8692335,0.00076651573
0.77,0.80838513,-0.038385153
0.75,0.7119646,0.038035393
0.83,0.7154738,0.11452621
0.71,0.796528,-0.086528
0.69,0.6392219,0.05077809
0.62,0.6551733,-0.035173297
0.59,0.592286,-0.002286017
0.6,0.56523895,0.03476107
0.57,0.57807493,-0.008074939
0.62,0.5400398,0.07996023
0.58,0.5956744,-0.015674412
0.52,0.5441741,-0.024174094
0.5,0.49170944,0.008290559
0.57,0.47942457,0.09057543
0.53,0.55300546,-0.023005486
0.52,0.50151634,0.018483639
0.51,0.5031587,0.006841302
0.54,0.49388796,0.04611206
0.59,0.5232982,0.06670177
0.47,0.5677786,-0.09777859
0.49,0.44820914,0.041790873
0.29,0.48413002,-0.19413003
0.11,0.27711412,-0.16711412
0.15,0.08502363,0.06497638
0.14,0.14469096,-0.00469096
0.16,0.13050772,0.029492274
0.19,0.15229674,0.03770326
0.08,0.18158017,-0.10158017
0.12,0.07260215,0.047397844
0.12,0.11328213,0.006717868
0.19,0.11598744,0.074012555
0.23,0.18948004,0.040519968
0.25,0.22659725,0.02340275
0.15,0.24838984,-0.098389834
0.17,0.1472912,0.022708803
0.19,0.16292292,0.027077079
0.3,0.18141401,0.118586004
0.33,0.2922555,0.037744522
0.43,0.32280004,0.10719997
0.46,0.42648807,0.033511937
0.34,0.44680342,-0.10680342
0.34,0.33038774,0.009612262
0.22,0.3343052,-0.1143052
0.13,0.2173617,-0.08736171
0.1,0.12726934,-0.027269341
0.14,0.09433292,0.045667082
0.11,0.13081051,-0.020810515
0.13,0.10746384,0.022536159
0.12,0.12762295,-0.00762295
0.12,0.11674662,0.003253378
0.1,0.11421837,-0.014218368
0.09,0.10151946,-0.011519454
0.05,0.0826364,-0.0326364
0.06,0.041436624,0.018563375
0.02,0.055568494,-0.035568494
0.02,0.013939075,0.0060609244
0.03,0.0120464675,0.017953532
0.05,0.016486704,0.033513296
0.05,0.046592455,0.0034075454
0.01,0.05076452,-0.040764518
0.01,0.005123133,0.004876867
0.03,0.0041252337,0.025874766
0.03,0.023806147,0.006193852
0.01,0.028170906,-0.018170906
0.01,0.0031414554,0.0068585444
0.01,0.0,0.01
0.0,0.0,0.0
0.01,0.0,0.01
0.01,0.0,0.01
0.01,0.0,0.01
0.01,0.0,0.01
0.01,0.0,0.01
0.01,0.0,0.01
0.01,0.013879634,-0.0038796347
0.01,0.0014345851,0.008565415
0.01,0.005828578,0.0041714218
0.01,0.005457023,0.0045429766
0.01,0.0,0.01
0.01,0.0,0.01
0.0,0.007681694,-0.007681694
0.01,0.0018668864,0.008133113
0.01,0.009278342,0.00072165765
0.01,0.0,0.01
0.01,0.0,0.01
0.01,0.007832084,0.002167916
0.97,0.008423559,0.96157646
0.96,0.89524734,0.06475264
0.97,0.9730799,-0.0030798912
0.97,0.95566463,0.014335394
0.95,0.9329231,0.01707691
0.97,0.9114299,0.058570147
0.97,0.934005,0.035995007
0.97,0.92396927,0.04603076
0.97,0.91925097,0.050749063
0.97,0.916039,0.05396104
0.97,0.9037533,0.06624675
0.97,0.92980087,0.04019916
0.97,0.90618527,0.06381476
0.97,0.9155437,0.054456353
0.97,0.91117907,0.058820963
0.97,0.9159287,0.054071307
0.97,0.9117991,0.058200955
0.97,0.9126071,0.057392955
0.97,0.91074646,0.059253573
0.97,0.9121101,0.05788994
0.94,0.9027699,0.037230074
0.92,0.8738333,0.046166718
0.81,0.83915484,-0.029154837
0.74,0.7341331,0.005866885
0.62,0.6881019,-0.06810188
0.57,0.57010114,-0.00010114908
0.52,0.53568614,-0.015686154
0.45,0.4862174,-0.03621742
0.27,0.41993845,-0.14993843
0.27,0.24216071,0.027839303
0.45,0.26392043,0.18607956
0.51,0.44348064,0.06651935
0.46,0.48817375,-0.028173745
0.44,0.44014195,-0.00014194846
0.56,0.42263338,0.13736662
0.75,0.5525305,0.19746947
0.78,0.72535825,0.054641724
0.77,0.7364634,0.033536553
0.76,0.73169816,0.028301835
0.75,0.7188461,0.031153917
0.8,0.7092354,0.09076458
0.85,0.76695776,0.083042264
0.88,0.8072821,0.072717905
0.88,0.8353697,0.04463029
0.96,0.82461774,0.13538224
0.98,0.91542137,0.06457865
0.95,0.92580295,0.024197042
0.95,0.8817766,0.06822342
0.96,0.90279853,0.057201445
0.88,0.9008093,-0.020809293
0.87,0.8110057,0.058994293
0.83,0.8261733,0.0038266778
0.92,0.77193177,0.14806825
0.93,0.88049877,0.04950124
0.98,0.8621665,0.117833495
0.98,0.92819,0.051810026
0.91,0.91948915,-0.009489119
0.78,0.8308629,-0.05086291
0.7,0.72036016,-0.020360172
0.71,0.6629852,0.047014773
0.8,0.680673,0.11932701
0.86,0.7650416,0.094958425
0.84,0.8083272,0.031672776
0.77,0.7782359,-0.008235931
0.76,0.71650136,0.043498635
0.82,0.7271234,0.09287661
0.81,0.7886226,0.021377385
0.71,0.76124954,-0.051249564
0.7,0.6578233,0.042176664
0.65,0.6704327,-0.02043271
0.6,0.6143178,-0.014317751
0.55,0.5651659,-0.015165865
0.5,0.5247537,-0.02475369
0.34,0.4733944,-0.13339439
0.35,0.3213996,0.028600395
0.28,0.33951685,-0.059516847
0.08,0.26781866,-0.18781866
0.11,0.06918827,0.040811732
0.14,0.105292246,0.034707755
0.12,0.13896747,-0.018967472
0.1,0.11958319,-0.019583188
0.11,0.0956673,0.014332697
0.14,0.104134806,0.035865195
0.15,0.13823116,0.011768848
0.15,0.14936784,0.00063216686
0.13,0.14896612,-0.018966123
0.09,0.12806815,-0.038068146
0.05,0.08760391,-0.03760391
0.04,0.045125086,-0.0051250868
0.05,0.0326041,0.017395902
0.04,0.04503316,-0.0050331615
0.06,0.03699169,0.02300831
0.08,0.057920896,0.022079103
0.09,0.08203952,0.007960483
0.1,0.09152592,0.008474082
0.11,0.10333278,0.006667219
0.11,0.115589745,-0.005589746
0.12,0.11552832,0.0044716746
0.13,0.12285656,0.007143438
0.13,0.12979284,0.00020715594
0.13,0.1311369,-0.001136899
0.12,0.13296455,-0.012964554
0.1,0.12039876,-0.020398758
0.11,0.1022736,0.007726401
0.14,0.108910844,0.031089157
0.13,0.1364101,-0.006410107
0.09,0.13327621,-0.043276206
0.08,0.09395503,-0.013955034
0.08,0.07579799,0.0042020082
0.04,0.07337871,-0.033378713
0.03,0.04020552,-0.01020552
0.02,0.022269085,-0.0022690855
0.01,0.013089027,-0.0030890275
0.01,0.007850472,0.002149528
0.0,0.0,0.0
0.01,0.0,0.01
0.01,0.0,0.01
0.01,0.0,0.01
0.01,0.0,0.01
0.01,0.0,0.01
0.01,0.0,0.01
0.01,0.0,0.01
0.01,0.0,0.01
0.01,0.0,0.01
0.01,0.0,0.01
0.01,0.0036680698,0.00633193
0.01,0.0,0.01
0.01,0.0033471324,0.0066528674
0.01,0.000552509,0.009447491
0.01,0.0057234,0.0042765997
0.01,0.00045087375,0.009549126
0.01,0.0042308792,0.0057691205
0.01,0.008747011,0.0012529884
0.01,0.00929768,0.00070231967
0.01,0.006071795,0.003928205
0.0,0.009728972,-0.009728972
0.01,0.0021899305,0.0078100692
0.01,0.0,0.01
0.0,0.0,0.0
0.01,0.0,0.01
0.01,0.0,0.01
0.0,0.00592649,-0.00592649
0.01,0.0016142651,0.008385735
0.01,0.0,0.01
0.01,0.0,0.01
0.01,0.01037747,-0.00037747063
0.01,0.0,0.01
0.01,0.0,0.01
0.01,0.0,0.01
0.01,0.0,0.01
0.01,0.0,0.01
0.01,0.0,0.01
0.01,0.0056245215,0.0043754783
0.01,0.0,0.01
0.04,0.0075835027,0.032416496
0.22,0.051734954,0.16826504
0.2,0.2277956,-0.027795598
0.19,0.21921502,-0.029215023
0.17,0.19608773,-0.026087731
0.14,0.16838731,-0.028387308
0.15,0.14152001,0.0084799975
0.11,0.14565615,-0.035656154
0.14,0.10633179,0.033668213
0.21,0.13380192,0.07619807
0.2,0.2027734,-0.0027734041
0.18,0.19708711,-0.017087102
0.14,0.17079228,-0.030792281
0.06,0.13302651,-0.07302651
0.03,0.046608705,-0.016608706
0.04,0.013838191,0.026161809
0.02,0.025437094,-0.0054370947
0.05,0.010653175,0.039346825
0.08,0.044803794,0.035196204
0.07,0.081392184,-0.011392184
0.06,0.071207,-0.011207003
0.07,0.05917577,0.01082423
0.06,0.06909135,-0.009091351
0.06,0.05794345,0.0020565502
0.07,0.054600574,0.015399426
0.09,0.063388534,0.02661147
0.11,0.090500966,0.019499034
0.13,0.1133028,0.016697198
0.14,0.13211212,0.007887885
0.13,0.13809122,-0.008091226
0.11,0.12981524,-0.019815236
0.1,0.104711264,-0.004711263
0.08,0.09838094,-0.01838094
0.07,0.0720903,-0.0020902976
0.07,0.064123854,0.0058761463
0.05,0.06512163,-0.015121628
0.04,0.047974322,-0.007974323
0.02,0.03762959,-0.01762959
0.01,0.0145726055,-0.0045726057
0.02,0.00077943876,0.01922056
0.02,0.013431251,0.0065687485
0.02,0.016670935,0.0033290647
0.01,0.018023528,-0.008023528
0.01,0.011675101,-0.001675101
0.0,0.00481835,-0.00481835
0.01,0.0,0.01
0.0,0.0,0.0
0.01,0.0,0.01
0.01,0.0,0.01
0.01,0.0,0.01
0.01,0.0,0.01
0.01,0.0,0.01
0.01,0.0,0.01
0.01,0.0,0.01
0.01,0.0,0.01
0.01,0.0010779966,0.008922003
0.01,0.0010233484,0.008976651
0.01,0.0028060488,0.007193951
0.01,0.005356269,0.004643731
0.01,0.0073789693,0.0026210304
0.01,0.00030799955,0.009692
0.01,0.0,0.01
0.01,0.0,0.01
0.01,0.0,0.01
0.01,0.0,0.01
0.01,0.0,0.01
0.01,0.0,0.01
0.01,0.0020693839,0.007930616
0.01,0.0051693283,0.0048306715
0.01,0.006191589,0.0038084108
0.01,0.0044640917,0.005535908
0.01,0.0032731872,0.0067268126
0.01,0.0045978054,0.0054021943
0.01,0.0051618554,0.0048381444
0.01,0.0077867806,0.0022132192
0.01,0.016056316,-0.006056316
0.01,0.010005971,-5.9716403e-06
0.01,0.012037532,-0.0020375326
0.0,0.016106889,-0.016106889
0.01,0.009835938,0.00016406178
0.01,0.011713501,-0.0017135013
0.01,0.006061351,0.003938649
0.0,0.01048531,-0.01048531
0.01,0.0019057505,0.008094249
0.01,0.0036121719,0.006387828
0.0,0.008469472,-0.008469472
0.01,0.0076424554,0.0023575444
0.01,0.0,0.01
0.02,0.014070086,0.0059299134
0.03,0.024983346,0.005016653
0.04,0.03446866,0.005531341
0.06,0.04501251,0.014987487
0.03,0.060269676,-0.030269677
0.04,0.028956689,0.01104331
0.01,0.037723824,-0.027723825
0.01,0.0083442405,0.0016557593
0.0,0.0,0.0
0.01,0.0,0.01
0.01,0.0,0.01
0.01,0.0,0.01
0.01,0.015070774,-0.005070774
0.03,0.0069701523,0.023029847
0.07,0.038559407,0.031440593
0.09,0.079982504,0.010017499
0.06,0.09849041,-0.03849041
0.04,0.06330626,-0.023306258
0.08,0.036486614,0.043513384
0.05,0.07787759,-0.027877588
0.04,0.046981752,-0.006981753
0.06,0.035038337,0.024961662
0.11,0.0567398,0.0532602
0.13,0.108487524,0.021512471
0.11,0.12971434,-0.01971434
0.19,0.112162225,0.07783777
0.27,0.1870233,0.082976714
0.39,0.26062447,0.12937552
0.4,0.38200578,0.017994225
0.42,0.38899168,0.031008303
0.38,0.41021055,-0.030210555
0.34,0.36711478,-0.027114779
0.37,0.32840803,0.041591972
0.33,0.3608345,-0.030834496
0.3,0.3214918,-0.021491796
0.34,0.28415322,0.05584678
0.2,0.3277916,-0.1277916
0.21,0.18560055,0.024399444
0.17,0.19944817,-0.029448166
0.1,0.15941712,-0.05941712
0.16,0.080947146,0.07905285
0.13,0.15125664,-0.02125664
0.13,0.12115285,0.008847147
0.06,0.12126717,-0.06126717
0.07,0.044885285,0.025114715
0.04,0.05925134,-0.01925134
0.04,0.028313398,0.011686601
0.01,0.028402884,-0.018402884
0.02,0.0,0.02
0.01,0.009697203,0.00030279718
0.0,0.0,0.0
0.01,0.0,0.01
0.01,0.0,0.01
0.01,0.0,0.01
0.01,0.006063357,0.003936643
0.01,0.0,0.01
0.01,0.0,0.01
0.01,0.0,0.01
0.01,0.0,0.01
0.01,0.0,0.01
0.01,0.0,0.01
0.01,0.010163553,-0.00016355328
0.01,0.0012437794,0.00875622
0.01,0.000617519,0.009382481
0.01,0.0018237252,0.008176275
0.01,0.0052262507,0.004773749
0.15,0.009442836,0.14055717
0.32,0.15905471,0.16094528
0.36,0.33651677,0.023483247
0.36,0.3681793,-0.008179277
0.46,0.35527351,0.10472649
0.52,0.44886342,0.071136564
0.48,0.5095267,-0.02952674
0.39,0.4610324,-0.071032405
0.41,0.37270233,0.037297666
0.42,0.4011883,0.018811673
0.42,0.40925875,0.010741234
0.47,0.40531436,0.06468564
0.51,0.45241746,0.057582527
0.5,0.49059075,0.009409249
0.44,0.47981957,-0.03981957
0.43,0.4169532,0.013046801
0.43,0.41418397,0.015816033
0.39,0.41518262,-0.025182635
0.39,0.36981925,0.020180732
0.51,0.38095245,0.12904754
0.5,0.49273267,0.007267326
0.56,0.47985062,0.08014938
0.58,0.54654694,0.033453047
0.55,0.5604814,-0.010481417
0.57,0.5278162,0.042183816
0.51,0.5495043,-0.03950429
0.52,0.4836058,0.03639418
0.54,0.5061446,0.03385544
0.47,0.52114856,-0.051148564
0.51,0.44558075,0.06441924
0.51,0.49684396,0.013156027
0.53,0.48982158,0.04017839
0.42,0.5143337,-0.09433374
0.27,0.39394227,-0.123942256
0.02,0.25244868,-0.23244868
0.01,0.0,0.01
0.01,0.0,0.01
0.01,0.0,0.01
0.01,0.0,0.01
0.01,0.0018699225,0.008130077
0.01,0.0024140086,0.007585991
0.01,0.0,0.01
0.01,0.0,0.01
0.01,0.0038220473,0.0061779525
0.01,0.0053097457,0.004690254
0.01,3.0245632e-05,0.009969754
0.01,0.0,0.01
0.01,0.0,0.01
0.01,0.0,0.01
0.01,0.0,0.01
0.01,0.0,0.01
0.01,0.005210843,0.004789157
0.01,0.004577119,0.005422881
0.01,0.00027874857,0.009721251
0.01,0.0,0.01
0.01,0.0066163205,0.0033836793
0.01,0.008370716,0.0016292837
0.01,0.007386051,0.0026139487
0.01,0.0,0.01
0.01,0.0,0.01
0.01,0.004908357,0.005091643
0.01,0.009465016,0.00053498335
0.01,0.0,0.01
0.01,0.0011720471,0.008827953
0.01,0.0026523545,0.0073476452
0.01,0.0,0.01
0.01,0.0,0.01
0.01,0.0,0.01
0.01,0.0,0.01
0.01,0.0,0.01
0.04,0.0016863346,0.038313664
0.07,0.06352946,0.0064705387
0.06,0.09730115,-0.03730115
0.09,0.081677586,0.008322418
0.12,0.101135656,0.018864341
0.18,0.12756467,0.05243534
0.2,0.18244535,0.017554656
0.25,0.20326205,0.046737954
0.24,0.24829789,-0.00829789
0.21,0.23778665,-0.027786657
0.2,0.2059277,-0.005927697
0.23,0.19838424,0.031615764
0.19,0.22349223,-0.033492237
0.18,0.19104096,-0.011040956
0.13,0.17792565,-0.04792565
0.22,0.12619287,0.09380713
0.16,0.2092796,-0.0492796
0.11,0.15895393,-0.048953936
0.1,0.107920706,-0.007920705
0.11,0.09428535,0.015714653
0.12,0.106425226,0.013574772
0.13,0.116142884,0.013857111
0.14,0.12460028,0.015399724
0.11,0.13395777,-0.023957774
0.1,0.10411288,-0.004112877
0.11,0.09637971,0.013620287
0.1,0.103066236,-0.0030662343
0.08,0.10015096,-0.02015096
0.07,0.075442985,-0.0054429844
0.07,0.066303656,0.0036963448
0.05,0.06456952,-0.014569517
0.06,0.044418193,0.015581805
0.05,0.052596252,-0.0025962517
0.09,0.04212645,0.047873553
0.12,0.08420986,0.035790138
0.12,0.11768692,0.0023130774
0.12,0.11895441,0.0010455847
0.11,0.11866934,-0.008669339
0.09,0.10558974,-0.015589736
0.09,0.08468248,0.005317524
0.09,0.08054759,0.00945241
0.11,0.08456012,0.02543988
0.11,0.10526975,0.004730247
0.12,0.10489896,0.015101038
0.14,0.1158365,0.0241635
0.17,0.13037139,0.03962861
0.16,0.16094169,-0.0009416938
0.14,0.15310617,-0.013106167
0.21,0.13530537,0.07469462
0.19,0.20062247,-0.010622472
0.17,0.18480742,-0.014807418
0.19,0.16443303,0.025566965
0.28,0.1824801,0.097519904
0.17,0.27017537,-0.100175366
0.19,0.16704412,0.02295588
0.2,0.18499254,0.015007466
0.22,0.1916071,0.028392896
0.28,0.20752688,0.07247312
0.3,0.2701035,0.029896498
0.39,0.28965244,0.10034755
0.39,0.37668502,0.013314962
0.4,0.37329113,0.026708871
0.41,0.3837531,0.026246905
0.46,0.39821392,0.061786085
0.38,0.44653574,-0.06653574
0.4,0.36693862,0.033061385
0.55,0.3894734,0.1605266
0.54,0.53363013,0.006369889
0.57,0.5170872,0.05291277
0.85,0.5546845,0.2953155
0.63,0.8261963,-0.19619632
0.86,0.5677242,0.2922758
0.78,0.8502207,-0.07022071
0.82,0.7182126,0.10178739
0.69,0.7854723,-0.095472276
0.62,0.63902855,-0.019028544
0.62,0.5918342,0.028165817
0.72,0.59857297,0.12142706
0.75,0.6938057,0.056194305
0.72,0.7066852,0.013314843
0.7,0.6724609,0.027539074
0.67,0.66446924,0.0055307746
0.73,0.6391295,0.0908705
0.85,0.70757115,0.14242887
0.94,0.8196331,0.12036687
0.91,0.88722026,0.022779763
0.77,0.8413553,-0.07135534
0.77,0.7101662,0.059833765
0.77,0.73764443,0.032355547
0.88,0.7310746,0.14892542
0.93,0.8480145,0.08198553
0.95,0.8805562,0.06944376
0.97,0.89071536,0.07928467
0.98,0.91471255,0.06528747
0.96,0.92081857,0.03918141
0.95,0.8967744,0.053225577
0.93,0.88449085,0.04550916
0.16,0.87426317,-0.7142632
0.91,0.10697507,0.80302495
0.93,0.96814394,-0.038143933
0.93,0.8373445,0.09265548
0.89,0.8605722,0.029427767
0.75,0.8179536,-0.06795359
0.68,0.6917565,-0.01175648
0.7,0.64112973,0.058870256
0.69,0.6741086,0.015891373
0.63,0.6489556,-0.018955588
0.65,0.59566927,0.054330707
0.68,0.61380315,0.06619686
0.67,0.6490507,0.020949304
0.63,0.63319004,-0.0031900406
0.6,0.59473896,0.0052610636
0.59,0.566923,0.023076952
0.53,0.5641973,-0.03419733
0.47,0.5047609,-0.034760922
0.38,0.44684008,-0.06684008
0.31,0.3583008,-0.048300803
0.28,0.29804072,-0.018040717
0.29,0.272471,0.017528981
0.23,0.28033105,-0.05033104
0.19,0.22039995,-0.030399948
0.19,0.18106982,0.0089301765
0.2,0.1800974,0.019902602
0.17,0.19448027,-0.024480268
0.18,0.16652977,0.0134702325
0.18,0.17480224,0.0051977634
0.13,0.1723173,-0.0423173
0.1,0.12443693,-0.024436928
0.11,0.09424934,0.015750661
0.17,0.102094576,0.067905426
0.1,0.1613018,-0.061301805
0.15,0.10058193,0.049418077
0.27,0.14167364,0.12832637
0.1,0.25375473,-0.15375474
0.11,0.09777491,0.012225091
0.19,0.10209766,0.08790234
0.24,0.18047881,0.059521183
0.02,0.23162067,-0.21162067
0.02,0.01657169,0.0034283102
0.02,0.008743439,0.011256561
0.03,0.006010331,0.023989668
0.07,0.028452799,0.0415472
0.09,0.069449104,0.0205509
0.1,0.09130771,0.008692294
0.11,0.104601204,0.005398795
0.11,0.11521034,-0.00521034
0.11,0.1170476,-0.007047601
0.1,0.10887709,-0.008877091
0.09,0.100349806,-0.010349803
0.06,0.08576426,-0.02576426
0.06,0.058158122,0.0018418767
0.04,0.057473358,-0.017473359
0.03,0.04209691,-0.01209691
0.03,0.029983766,1.6232952e-05
0.05,0.021773595,0.028226405
0.02,0.04742423,-0.027424231
0.02,0.021870334,-0.0018703341
0.02,0.016397506,0.0036024936
0.01,0.013896737,-0.0038967375
0.01,0.009018831,0.0009811688
0.03,0.00872495,0.02127505
0.02,0.026465468,-0.0064654686
0.02,0.021576539,-0.0015765391
0.01,0.01609528,-0.006095281
0.01,0.00707699,0.00292301
0.01,0.0,0.01
0.01,0.0,0.01
0.01,0.00836736,0.0016326401
0.01,0.010371923,-0.00037192367
0.01,0.010046497,-4.649721e-05
0.01,0.0060892887,0.003910711
0.01,0.002462428,0.0075375717
0.01,0.005247958,0.004752042
0.0,0.003478229,-0.003478229
0.01,0.0,0.01
0.01,0.0,0.01
0.01,0.005364705,0.004635295
0.01,0.0002741702,0.00972583
0.01,0.0019146353,0.0080853645
0.01,0.0,0.01
0.01,0.009426784,0.000573216
0.0,0.009979472,-0.009979472
0.01,0.004133448,0.005866552
0.01,0.0028566942,0.0071433056
0.03,0.0021212026,0.027878797
0.04,0.031983383,0.008016616
0.01,0.041471656,-0.031471655
0.01,0.014609262,-0.0046092626
0.01,0.029359542,-0.019359542
0.01,0.001009915,0.008990085
0.01,0.010875784,-0.0008757841
0.01,0.01874445,-0.00874445
0.05,0.000104848295,0.049895152
0.07,0.042373005,0.027626995
0.07,0.06429568,0.005704321
0.07,0.07019105,-0.00019104779
0.07,0.06343099,0.006569013
0.09,0.060527574,0.02947243
0.09,0.084368095,0.005631909
0.1,0.088743694,0.011256307
0.11,0.094268054,0.015731946
0.1,0.108642995,-0.008642994
0.12,0.094285324,0.025714673
0.1,0.113868445,-0.013868444
0.11,0.091027565,0.018972434
0.12,0.10425489,0.01574511
0.15,0.116242275,0.03375773
0.13,0.14391321,-0.013913214
0.16,0.123994626,0.03600537
0.13,0.1520561,-0.022056103
0.16,0.1239702,0.036029793
0.16,0.14905697,0.010943025
0.17,0.15413144,0.01586856
0.2,0.16391431,0.036085695
0.18,0.19233242,-0.01233241
0.16,0.17227507,-0.01227507
0.17,0.1524383,0.017561704
0.16,0.161437,-0.0014370084
0.16,0.15167305,0.008326948
0.16,0.1523999,0.007600099
0.16,0.15220723,0.007792771
0.17,0.15178676,0.018213242
0.17,0.16211072,0.007889286
0.14,0.1612527,-0.021252707
0.12,0.13278864,-0.012788646
0.12,0.11413136,0.005868636
0.13,0.114806645,0.015193351
0.15,0.12333274,0.026667267
0.17,0.14270625,0.027293757
0.23,0.16454604,0.06545396
0.25,0.21982485,0.03017515
0.24,0.24133706,-0.0013370663
0.24,0.23490322,0.0050967783
0.24,0.23349842,0.0065015703
0.19,0.23298976,-0.04298976
0.15,0.18532965,-0.03532964
0.14,0.14648667,-0.006486669
0.13,0.1324209,-0.0024209023
0.12,0.12444858,-0.004448585
0.12,0.11664669,0.0033533052
0.12,0.1125855,0.0074144974
0.1,0.11231409,-0.012314089
0.08,0.09347269,-0.013472691
0.07,0.07493329,-0.00493329
0.06,0.058036946,0.001963053
0.06,0.048070367,0.011929631
0.05,0.049942434,5.756691e-05
0.04,0.041530136,-0.0015301369
0.04,0.031146385,0.008853614
0.02,0.03337665,-0.0133766495
0.01,0.016748585,-0.006748585
0.0,0.0,0.0
0.01,0.0,0.01
0.0,0.0,0.0
0.01,0.0,0.01
0.01,0.0,0.01
0.01,0.0,0.01
0.01,0.0,0.01
0.01,0.008060662,0.0019393377
0.01,0.006019257,0.003980743
0.01,0.0,0.01
0.01,0.0021568723,0.0078431275
0.01,0.0019970462,0.008002954
0.01,0.0,0.01
0.01,0.0,0.01
0.01,0.0,0.01
0.01,0.0,0.01
0.01,0.0064959675,0.0035040323
0.01,0.014862597,-0.004862597
0.01,0.0129896775,-0.0029896777
0.01,0.0069316383,0.0030683614
0.0,0.007154435,-0.007154435
0.01,0.0034726262,0.0065273736
0.0,0.0028049424,-0.0028049424
0.01,0.010036044,-3.6044046e-05
0.01,0.015618671,-0.005618671
0.01,0.019533183,-0.009533184
0.01,0.007626092,0.0023739077
0.01,0.0,0.01
0.01,0.0,0.01
0.01,0.0067615435,0.0032384563
0.01,0.001348339,0.008651661
0.01,0.0,0.01
0.01,0.0,0.01
0.01,0.0,0.01
0.01,0.0,0.01
0.01,0.0,0.01
0.01,0.00037704408,0.009622956
0.01,0.00092384964,0.00907615
0.01,0.0,0.01
0.01,0.0,0.01
0.01,0.0,0.01
0.01,0.0,0.01
0.01,0.0023041181,0.0076958816
0.01,0.0069292076,0.0030707922
0.01,0.010777958,-0.00077795796
0.01,0.006767083,0.0032329168
0.01,0.0015595742,0.008440426
0.01,0.0003347844,0.009665215
0.01,0.0,0.01
0.01,0.0,0.01
0.01,0.006311573,0.0036884267
0.01,0.0073568188,0.002643181
0.01,0.010948271,-0.0009482708
0.01,0.016212326,-0.0062123258
0.0,0.014849212,-0.014849212
0.01,0.013107546,-0.003107546
0.01,0.008891372,0.0011086278
0.02,0.02034159,-0.0003415905
0.01,0.024314243,-0.014314244
0.02,0.011276409,0.0087235905
0.03,0.017747328,0.012252672
0.03,0.029302519,0.0006974805
0.02,0.03244657,-0.012446571
0.06,0.023199063,0.036800936
0.04,0.058303908,-0.018303908
0.03,0.040240325,-0.010240326
0.02,0.02929682,-0.00929682
0.01,0.010606926,-0.00060692616
0.01,0.0,0.01
0.01,0.0,0.01
0.01,0.00761592,0.0023840796
0.01,0.0,0.01
0.01,0.0015658885,0.008434111
0.01,0.0034807175,0.0065192822
0.01,0.0,0.01
0.0,0.0009039901,-0.0009039901
0.01,0.0,0.01
0.01,0.0,0.01
0.01,0.0,0.01
0.01,0.0059055574,0.0040944424
0.01,0.018883016,-0.008883016
0.02,0.0038866773,0.016113322
0.03,0.026224907,0.0037750918
0.01,0.030682895,-0.020682896
0.07,0.0011824742,0.068817526
0.1,0.072627865,0.027372137
0.14,0.10315032,0.036849678
0.13,0.14215097,-0.012150973
0.2,0.13581999,0.06418002
0.25,0.19743569,0.052564308
0.31,0.24699973,0.06300028
0.34,0.29995954,0.040040463
0.37,0.33012345,0.03987655
0.46,0.3634811,0.096518904
0.42,0.4505163,-0.030516326
0.52,0.40890142,0.11109856
0.52,0.50980186,0.010198116
0.54,0.4964324,0.043567628
0.57,0.5220542,0.047945797
0.63,0.55415785,0.07584214
0.74,0.6094936,0.1305064
0.72,0.711496,0.008504033
0.66,0.6788299,-0.018829882
0.63,0.62468183,0.005318165
0.57,0.60136604,-0.03136605
0.53,0.54031193,-0.010311961
0.49,0.5048666,-0.0148665905
0.49,0.46343973,0.026560277
0.63,0.4674068,0.16259319
0.69,0.61436987,0.07563013
0.72,0.6626637,0.05733633
0.81,0.6869508,0.1230492
0.79,0.77391624,0.016083777
0.75,0.73848367,0.011516333
0.63,0.71474195,-0.08474195
0.67,0.5937861,0.076213896
0.72,0.64500403,0.074995995
0.75,0.6895493,0.060450673
0.81,0.71565425,0.09434575
0.74,0.76362216,-0.023622155
0.73,0.6914867,0.038513303
0.75,0.69719136,0.052808642
0.71,0.7093791,0.0006209016
0.63,0.67104685,-0.041046858
0.56,0.5940248,-0.034024775
0.75,0.52802134,0.22197866
0.71,0.7359369,-0.025936902
0.69,0.65992856,0.030071437
0.7,0.65183556,0.048164427
0.7,0.6643952,0.035604775
0.52,0.66329014,-0.14329016
0.55,0.48351267,0.06648734
0.48,0.5349746,-0.054974586
0.6,0.46383274,0.13616729
0.45,0.58741367,-0.13741368
0.64,0.41140828,0.22859171
0.61,0.62997925,-0.019979239
0.57,0.5746188,-0.0046188235
0.49,0.5422534,-0.052253366
0.45,0.4647772,-0.014777213
0.53,0.43549135,0.09450862
0.51,0.51733136,-0.0073313713
0.54,0.4847993,0.055200726
0.51,0.51893336,-0.008933365
0.48,0.48532996,-0.0053299665
0.48,0.45944515,0.02055484
0.44,0.46291578,-0.02291578
0.38,0.42020017,-0.040200174
0.37,0.36170366,0.008296341
0.35,0.36155215,-0.011552155
0.31,0.33659598,-0.02659598
0.26,0.29833397,-0.038333982
0.23,0.2516387,-0.021638706
0.19,0.22115974,-0.031159744
0.12,0.18440232,-0.06440232
0.07,0.114651546,-0.044651546
0.05,0.05506177,-0.005061768
0.02,0.032078277,-0.012078278
0.01,0.0037662573,0.0062337425
0.01,0.0,0.01
0.01,0.0,0.01
0.0,0.0048567075,-0.0048567075
0.01,0.00011124089,0.009888759
0.01,0.0,0.01
0.01,0.0,0.01
0.01,0.0,0.01
0.01,0.009832289,0.0001677107
0.0,0.0117831845,-0.0117831845
0.01,0.0051954463,0.0048045535
0.01,0.0071089193,0.0028910805
0.01,0.0,0.01
0.01,0.011807371,-0.0018073712
0.03,0.023710687,0.0062893126
0.01,0.046555206,-0.03655521
0.03,0.0056933537,0.024306646
0.04,0.038294673,0.0017053261
0.05,0.04972303,0.0002769716
0.03,0.0523022,-0.022302201
0.05,0.031647366,0.018352635
0.13,0.047498673,0.08250132
0.13,0.13293555,-0.0029355586
0.08,0.14305243,-0.06305243
0.07,0.078723006,-0.008723006
0.05,0.06256327,-0.01256327
0.1,0.039162744,0.060837258
0.15,0.09160596,0.058394045
0.25,0.14448637,0.10551363
0.34,0.24060954,0.09939046
0.44,0.3332029,0.1067971
0.66,0.4303866,0.22961342
0.72,0.63642883,0.083571196
0.58,0.69541705,-0.11541706
0.6,0.5501965,0.049803495
0.71,0.58069634,0.12930363
0.64,0.69199324,-0.05199325
0.63,0.6078738,0.022126198
0.62,0.60417664,0.015823364
0.82,0.60078895,0.21921104
0.86,0.7997092,0.060290813
0.72,0.81258464,-0.09258461
0.83,0.67129314,0.15870684
0.73,0.8054142,-0.07541418
0.62,0.6836096,-0.0636096
0.64,0.58685684,0.053143144
0.35,0.6184858,-0.2684858
0.46,0.3150014,0.14499861
0.52,0.46015546,0.059844524
0.63,0.5021894,0.1278106
0.57,0.6054076,-0.035407603
0.6,0.54055977,0.059440255
0.59,0.5762079,0.013792098
0.63,0.5688833,0.061116695
0.61,0.6132678,-0.003267765
0.8,0.57882917,0.22117084
0.68,0.7773421,-0.097342074
0.68,0.63052,0.04948002
0.69,0.6529131,0.037086904
0.63,0.658661,-0.028661013
0.59,0.59661865,-0.0066186786
0.54,0.56642425,-0.02642423
0.51,0.51788557,-0.007885575
0.54,0.48849455,0.051505476
0.58,0.518821,0.061178982
0.5,0.5551975,-0.055197477
0.53,0.46754998,0.06244999
0.42,0.5106158,-0.09061584
0.46,0.3903582,0.0696418
0.39,0.44839445,-0.058394462
0.38,0.36637285,0.013627142
0.3,0.36411068,-0.06411067
0.29,0.28237998,0.007620007
0.22,0.2759832,-0.055983216
0.15,0.20892204,-0.058922037
0.16,0.1351321,0.024867892
0.15,0.15263969,-0.002639681
0.11,0.13857165,-0.02857165
0.09,0.09465457,-0.004654564
0.09,0.07914102,0.010858983
0.11,0.0813004,0.0286996
0.09,0.10147065,-0.011470646
0.1,0.082136914,0.017863087
0.1,0.09048328,0.009516723
0.09,0.09437457,-0.0043745637
0.06,0.080349855,-0.020349856
0.05,0.05093753,-0.0009375289
0.05,0.037126847,0.012873154
0.06,0.03844677,0.02155323
0.05,0.05307169,-0.003071688
0.04,0.039300676,0.00069932267
0.05,0.030805767,0.019194234
0.03,0.03857803,-0.00857803
0.03,0.022260442,0.007739557
0.05,0.018670496,0.031329505
0.04,0.0457328,-0.005732801
0.03,0.034324206,-0.004324207
0.02,0.018180575,0.0018194243
0.01,0.0123304725,-0.0023304727
0.01,0.0,0.01
0.01,0.0,0.01
0.0,0.0,0.0
0.01,0.0,0.01
0.01,0.0,0.01
0.02,0.010969076,0.009030923
0.01,0.019031242,-0.009031242
0.03,0.008226678,0.021773322
0.04,0.030454684,0.009545315
0.04,0.04376412,-0.0037641227
0.05,0.033896532,0.016103469
0.08,0.043306656,0.036693342
0.08,0.0760513,0.003948696
0.07,0.081590354,-0.011590354
0.06,0.06603821,-0.006038215
0.04,0.053921197,-0.0139211975
0.03,0.028691985,0.0013080146
0.03,0.016413778,0.013586221
0.01,0.017684806,-0.0076848064
0.01,0.0006923191,0.009307681
0.01,0.0,0.01
0.01,0.003921099,0.006078901
0.01,0.0065529123,0.0034470875
0.02,0.0,0.02
0.03,0.0154136345,0.014586365
0.03,0.027747098,0.002252901
0.03,0.032859318,-0.0028593186
0.01,0.031283777,-0.021283777
0.01,0.0043550096,0.00564499
0.0,0.0,0.0
0.01,0.0,0.01
0.01,0.0,0.01
0.01,0.0,0.01
0.01,0.0,0.01
0.01,0.0,0.01
0.01,9.403005e-05,0.00990597
0.01,0.0,0.01
0.01,0.001883842,0.008116158
0.01,0.0010954626,0.008904537
0.01,0.0,0.01
0.0,0.0,0.0
0.01,0.0010637939,0.008936206
0.01,0.0,0.01
0.01,0.00011716038,0.009882839
0.01,0.024305448,-0.014305448
0.02,0.031933106,-0.011933107
0.01,0.034196105,-0.024196105
0.01,0.00953358,0.00046641938
0.05,0.011150379,0.038849622
0.06,0.059736542,0.00026345626
0.03,0.06660975,-0.036609747
0.02,0.03042107,-0.010421071
0.01,0.012062531,-0.0020625312
0.01,0.0,0.01
0.01,0.0,0.01
0.01,0.0,0.01
0.01,0.0,0.01
0.01,0.0,0.01
0.01,0.0,0.01
0.01,0.0,0.01
0.01,0.0,0.01
0.01,0.0,0.01
0.01,0.0007062219,0.009293778
0.01,0.0,0.01
0.01,0.008491714,0.0015082862
0.01,0.015753403,-0.0057534035
0.01,0.0076378174,0.0023621824
0.01,0.018127445,-0.008127445
0.04,0.015624784,0.024375215
0.03,0.04549943,-0.01549943
0.03,0.027163759,0.0028362405
0.07,0.027515817,0.042484183
0.1,0.06511775,0.034882255
0.11,0.09674488,0.013255119
0.18,0.12540817,0.054591835
0.19,0.18017335,0.009826645
0.18,0.19723669,-0.01723668
0.35,0.18567747,0.16432253
0.16,0.33735663,-0.17735663
0.05,0.1601578,-0.1101578
0.12,0.042282544,0.07771745
0.11,0.10938042,0.00061958283
0.28,0.107436806,0.1725632
0.12,0.2606514,-0.1406514
0.06,0.12636328,-0.066363275
0.05,0.051924516,-0.0019245148
0.08,0.041175097,0.0388249
0.13,0.072212495,0.0577875
0.08,0.12547925,-0.045479253
0.11,0.0773554,0.0326446
0.19,0.10754809,0.08245191
0.15,0.18450549,-0.034505486
0.11,0.14917995,-0.03917995
0.18,0.105406806,0.0745932
0.22,0.17483455,0.04516545
0.4,0.21706983,0.18293017
0.33,0.38722637,-0.05722636
0.58,0.3214078,0.2585922
0.48,0.5691583,-0.08915833
0.44,0.462717,-0.022716999
0.37,0.42758152,-0.057581514
0.44,0.35643598,0.08356401
0.3,0.43018427,-0.13018426
0.28,0.2865894,-0.0065894127
0.37,0.27264768,0.097352326
0.32,0.35906106,-0.03906107
0.28,0.30748507,-0.027485073
0.43,0.26342452,0.16657549
0.23,0.41894108,-0.18894108
0.21,0.21245764,-0.0024576485
0.2,0.19849414,0.0015058666
0.16,0.19033138,-0.030331388
0.23,0.15060817,0.07939184
0.21,0.21677321,-0.0067732185
0.15,0.196785,-0.046784997
0.1,0.13449295,-0.034492947
0.1,0.08649552,0.013504483
0.08,0.08944887,-0.009448871
0.08,0.070534684,0.009465314
0.1,0.069970846,0.030029155
0.17,0.088728316,0.081271686
0.45,0.16445751,0.2855425
0.23,0.4378942,-0.20789419
0.1,0.22145757,-0.12145757
0.18,0.09141074,0.088589266
0.2,0.1773657,0.022634298
0.27,0.19930911,0.0706909
0.12,0.2610485,-0.14104849
0.07,0.10634762,-0.03634762
0.01,0.0489116,-0.038911603
0.01,0.0,0.01
0.01,0.0,0.01
0.01,0.0,0.01
0.01,0.0,0.01
0.01,0.0007309932,0.009269007
0.01,0.030127332,-0.020127332
0.01,0.0,0.01
0.12,0.00090231,0.11909769
0.11,0.12550569,-0.015505686
0.21,0.11865559,0.0913444
0.14,0.21105157,-0.07105157
0.08,0.14330581,-0.06330581
0.07,0.07201148,-0.002011478
0.02,0.06209239,-0.04209239
0.02,0.0033331215,0.016666878
0.01,0.007897042,0.002102958
0.01,0.0022944845,0.0077055153
0.01,0.0,0.01
0.01,0.0,0.01
0.01,0.0,0.01
0.01,0.0,0.01
0.01,0.0,0.01
0.39,0.008551672,0.38144833
0.68,0.40785655,0.27214345
0.76,0.68675864,0.07324135
0.92,0.7468083,0.17319173
0.79,0.89573073,-0.10573071
0.77,0.73420465,0.03579533
0.55,0.74372053,-0.19372052
0.6,0.503276,0.09672403
0.6,0.5913943,0.008605719
0.59,0.5778792,0.012120783
0.51,0.55969954,-0.049699545
0.39,0.47991988,-0.089919895
0.4,0.35819474,0.041805267
0.46,0.3859753,0.07402471
0.77,0.4446918,0.32530817
0.85,0.750365,0.099635005
0.75,0.8052423,-0.0552423
0.58,0.6884229,-0.108422935
0.33,0.5378084,-0.2078084
0.32,0.29523426,0.02476573
0.32,0.31551743,0.0044825673
0.42,0.31782052,0.10217947
0.5,0.41135868,0.088641316
0.53,0.47910497,0.050895005
0.76,0.5085385,0.2514615
0.83,0.74444807,0.08555192
0.8,0.78973377,0.010266244
0.49,0.75258815,-0.26258814
0.22,0.44389802,-0.22389802
0.04,0.19403633,-0.15403634
0.02,0.011853881,0.008146118
0.01,0.0,0.01
0.0,0.0,0.0
0.1,0.016284423,0.08371558
0.11,0.10229008,0.0077099204
0.06,0.110935085,-0.050935086
0.04,0.056201126,-0.016201127
0.01,0.03656141,-0.026561411
0.03,0.0,0.03
0.04,0.024358008,0.015641991
0.03,0.033342946,-0.003342947
0.01,0.028492074,-0.018492075
0.01,0.0012246892,0.008775311
0.01,0.0009313859,0.009068614
0.01,0.0,0.01
0.01,0.0,0.01
0.01,0.0,0.01
0.0,0.0,0.0
0.01,0.0,0.01
0.01,0.0062924623,0.0037075374
0.03,0.011063948,0.018936051
0.14,0.052431136,0.087568864
0.52,0.1454749,0.37452507
0.55,0.52625775,0.023742259
0.73,0.553125,0.176875
0.54,0.71443427,-0.17443424
0.22,0.5190294,-0.29902938
0.16,0.2000256,-0.040025607
0.12,0.15318747,-0.03318747
0.02,0.10770811,-0.087708116
0.01,0.0,0.01
0.12,0.0,0.12
0.13,0.11271487,0.017285123
0.21,0.1268724,0.08312759
0.29,0.19819437,0.09180562
0.22,0.27861357,-0.05861357
0.26,0.21249476,0.04750523
0.16,0.24961925,-0.08961925
0.25,0.1509757,0.099024296
0.38,0.23956195,0.14043805
0.33,0.3682666,-0.0382666
0.67,0.31879923,0.3512008
0.75,0.65600336,0.093996644
0.62,0.7191447,-0.0991447
0.53,0.57689965,-0.046899676
0.66,0.5038024,0.15619761
0.73,0.6495358,0.080464244
0.66,0.69687355,-0.03687352
0.75,0.62578,0.12422001
0.79,0.7280574,0.061942637
0.83,0.7481202,0.081879795
0.85,0.79670656,0.053293467
0.88,0.80175674,0.078243256
0.91,0.8265183,0.08348173
0.92,0.86232674,0.057673275
0.75,0.8616816,-0.11168158
0.87,0.6839838,0.1860162
0.8,0.85041595,-0.050415933
0.95,0.7342291,0.2157709
0.92,0.91400623,0.0059937835
0.89,0.84279156,0.04720843
0.8,0.83466136,-0.034661353
0.66,0.7466829,-0.086682856
0.71,0.61459494,0.09540504
0.75,0.68834054,0.061659455
0.89,0.71727836,0.17272162
0.87,0.84900665,0.020993352
0.85,0.8005222,0.049477816
0.92,0.7905766,0.12942344
0.87,0.87219393,-0.0021939278
0.77,0.8050945,-0.0350945
0.76,0.7151401,0.044859886
0.77,0.7252296,0.04477036
0.84,0.7296823,0.11031765
0.83,0.8058343,0.02416569
0.83,0.77339625,0.05660373
0.75,0.7762617,-0.026261687
0.85,0.69974434,0.15025568
0.95,0.81880975,0.13119024
0.97,0.9075593,0.062440753
0.94,0.91143954,0.02856046
0.96,0.8721832,0.087816775
0.95,0.9138577,0.03614229
0.97,0.8841436,0.08585644
0.96,0.9211432,0.038856804
0.92,0.89135313,0.028646886
0.93,0.8497971,0.08020288
0.89,0.875334,0.014665961
0.73,0.8208922,-0.090892196
0.65,0.660326,-0.010326028
0.65,0.61304915,0.036950827
0.47,0.61905706,-0.14905706
0.42,0.41776672,0.0022332668
0.53,0.40040222,0.12959775
0.44,0.5135099,-0.07350993
0.42,0.39765462,0.022345364
0.45,0.39420137,0.05579862
0.47,0.429446,0.040553987
0.72,0.44994894,0.2700511
0.9,0.7142974,0.18570256
0.98,0.8631512,0.11684883
0.97,0.9201381,0.049861908
0.96,0.90786684,0.052133143
0.98,0.904564,0.075435996
0.97,0.9314972,0.038502812
0.97,0.92176545,0.048234582
0.97,0.91920877,0.050791264
0.97,0.9110435,0.058956504
0.97,0.9115708,0.05842924
0.97,0.9144386,0.055561423
0.97,0.9228872,0.047112823
0.97,0.90525365,0.06474638
0.97,0.91850865,0.05149138
0.97,0.91072726,0.059272766
0.97,0.90407,0.06593001
0.97,0.90835917,0.06164086
0.97,0.9092895,0.06071055
0.97,0.9039937,0.0660063
0.97,0.89605236,0.07394767
0.97,0.90024364,0.06975639
0.97,0.91037047,0.05962956
0.97,0.90414023,0.065859795
0.97,0.90103066,0.06896937
0.97,0.89508426,0.07491577
0.97,0.9123064,0.0576936
0.97,0.9060925,0.063907504
0.97,0.9102762,0.059723854
0.97,0.9034064,0.06659365
0.97,0.9090611,0.060938954
0.97,0.9026996,0.06730044
0.97,0.9120321,0.0579679
0.85,0.90439904,-0.054399014
0.85,0.7757262,0.074273825
0.85,0.79880035,0.051199675
0.84,0.79226804,0.047731936
0.86,0.78444827,0.07555175
0.92,0.8049897,0.11501032
0.88,0.86048186,0.019518137
0.97,0.81462455,0.15537548
0.97,0.93766594,0.03233409
0.97,0.89825857,0.07174146
0.97,0.9174795,0.052520514
0.97,0.908399,0.061601043
0.97,0.904315,0.065685034
0.97,0.91137385,0.058626175
0.97,0.90470564,0.065294385
0.97,0.91048443,0.059515595
0.97,0.9135529,0.05644715
0.97,0.9085096,0.061490417
0.97,0.9261203,0.043879747
0.97,0.9133574,0.05664265
0.97,0.90957725,0.060422778
0.97,0.9125099,0.05749011
0.97,0.9201963,0.049803734
0.97,0.90172005,0.06827998
0.97,0.9083134,0.061686635
0.97,0.908237,0.06176305
0.97,0.90820146,0.061798573
0.94,0.89481914,0.045180857
0.85,0.86793363,-0.017933607
0.81,0.7836615,0.026338518
0.8,0.7610295,0.03897053
0.83,0.7533587,0.07664126
0.9,0.77604103,0.123958945
0.91,0.8526715,0.057328522
0.95,0.8440186,0.10598141
0.97,0.88872933,0.081270695
0.97,0.9205719,0.049428105
0.97,0.9065794,0.06342065
0.97,0.91493106,0.05506897
0.97,0.9189155,0.05108452
0.97,0.91590166,0.054098368
0.97,0.91680944,0.05319059
0.91,0.9055153,0.004484713
0.86,0.8365357,0.023464322
0.63,0.8093132,-0.17931318
0.19,0.56689656,-0.37689656
0.11,0.12922251,-0.019222513
0.48,0.10281306,0.37718692
0.84,0.4915407,0.34845927
0.98,0.82159626,0.15840375
0.98,0.9234148,0.056585193
0.98,0.91029906,0.06970096
0.97,0.92286193,0.047138095
0.97,0.9133868,0.056613207
0.94,0.91900814,0.020991862
0.85,0.87290585,-0.022905827
0.78,0.7971933,-0.017193317
0.67,0.7334337,-0.06343371
0.79,0.6256436,0.16435641
0.79,0.76678526,0.023214757
0.91,0.74189436,0.16810566
0.93,0.860296,0.069703996
0.92,0.86971736,0.050282657
0.77,0.8577452,-0.08774519
0.76,0.70502865,0.054971337
0.74,0.7281922,0.011807799
0.68,0.7015735,-0.021573484
0.8,0.63718605,0.16281396
0.88,0.77645826,0.10354173
0.72,0.8277612,-0.107761145
0.82,0.6549431,0.16505688
0.81,0.7982094,0.011790574
0.83,0.758821,0.07117897
0.83,0.7795955,0.05040449
0.9,0.7817482,0.1182518
0.86,0.8596364,0.00036358833
0.87,0.79765856,0.07234144
0.95,0.8262173,0.123782694
0.92,0.9034765,0.01652354
0.89,0.8529761,0.037023902
0.94,0.83345544,0.106544554
0.95,0.8889923,0.06100768
0.94,0.89463294,0.045367062
0.96,0.8792516,0.08074838
0.96,0.90340686,0.05659312
0.97,0.905046,0.06495404
0.97,0.90341294,0.06658709
0.96,0.9112755,0.048724473
0.96,0.8982283,0.06177169
0.95,0.8905587,0.05944127
0.94,0.8954358,0.044564188
0.97,0.8744509,0.09554911
0.96,0.91727376,0.04272622
0.97,0.88837004,0.08162999
0.96,0.91436183,0.045638144
0.93,0.89035106,0.03964895
0.94,0.86764574,0.07235426
0.94,0.8836427,0.056357324
0.92,0.87758577,0.042414248
0.91,0.84988904,0.060110986
0.91,0.8543221,0.05567795
0.93,0.8446989,0.0853011
0.82,0.8734026,-0.053402603
0.91,0.7469783,0.16302174
0.88,0.8735037,0.0064963102
0.87,0.809587,0.060413003
0.9,0.8186101,0.081389904
0.87,0.8491291,0.020870924
0.78,0.80418277,-0.024182796
0.56,0.72743464,-0.16743463
0.65,0.50409985,0.14590013
0.53,0.6390412,-0.109041214
0.55,0.48350886,0.06649116
0.56,0.5314839,0.028516114
0.43,0.5312252,-0.1012252
0.46,0.3892497,0.070750296
0.46,0.43999153,0.020008475
0.49,0.43821988,0.051780134
0.5,0.4708141,0.029185891
0.43,0.48350978,-0.05350977
0.17,0.41994587,-0.24994586
0.16,0.15063897,0.009361029
0.34,0.14935754,0.19064246
0.43,0.33043253,0.09956747
0.62,0.4180859,0.2019141
0.78,0.60043275,0.17956722
0.73,0.7560928,-0.026092768
0.65,0.6819025,-0.03190255
0.7,0.6122631,0.087736905
0.98,0.6772553,0.30274475
0.98,0.9754493,0.0045506954
0.98,0.9086188,0.07138121
0.98,0.9195876,0.060412407
0.97,0.93332624,0.036673784
0.93,0.902928,0.027072012
0.93,0.86622477,0.06377524
0.92,0.8769791,0.043020904
0.97,0.86082757,0.10917246
0.97,0.92285144,0.047148585
0.97,0.9125217,0.05747831
0.97,0.9126549,0.057345152
0.97,0.8989457,0.07105434
0.97,0.91031516,0.059684873
0.97,0.9122895,0.05771053
0.97,0.9125457,0.057454348
0.97,0.909711,0.060289025
0.97,0.9144205,0.055579543
0.97,0.9129298,0.057070255
0.97,0.91115,0.05885005
0.97,0.9112066,0.058793426
0.95,0.8978435,0.052156508
0.92,0.8795136,0.040486395
0.89,0.85383534,0.03616464
0.9,0.82807636,0.07192361
0.95,0.84613013,0.103869855
0.93,0.8971387,0.032861292
0.81,0.8643371,-0.054337084
0.7,0.7451656,-0.0451656
0.82,0.6469667,0.1730333
0.84,0.795416,0.044583976
0.97,0.78812134,0.18187869
0.92,0.92457926,-0.004579246
0.78,0.8449038,-0.064903855
0.92,0.71330845,0.20669156
0.97,0.89515996,0.07484007
0.97,0.92106223,0.048937798
0.97,0.9320916,0.037908435
0.97,0.92302155,0.046978474
0.97,0.9372008,0.032799244
0.97,0.9157399,0.054260135
0.97,0.9252635,0.044736505
0.97,0.9111656,0.058834434
0.97,0.9200454,0.049954653
0.97,0.91248906,0.057510972
0.97,0.91504073,0.054959297
0.97,0.92290986,0.047090173
0.97,0.89924335,0.070756674
0.97,0.9129325,0.057067513
0.97,0.90195775,0.06804228
0.97,0.90301716,0.066982865
0.97,0.90705884,0.06294119
0.97,0.9053494,0.064650655
0.92,0.8943361,0.025663912
0.97,0.83959055,0.13040948
0.97,0.9249562,0.045043826
0.97,0.9008491,0.069150925
0.97,0.91551995,0.054480076
0.98,0.91689515,0.06310487
0.97,0.923211,0.04678905
0.98,0.91573656,0.06426346
0.98,0.9249114,0.05508864
0.97,0.9339187,0.036081314
0.97,0.9371499,0.032850146
0.97,0.924829,0.045171022
0.98,0.9199858,0.060014248
0.98,0.9152161,0.06478393
0.97,0.90291953,0.0670805
0.97,0.8960999,0.0739001
0.95,0.90650463,0.043495357
0.97,0.8764628,0.09353721
0.96,0.91372967,0.04627031
0.96,0.89218986,0.06781012
0.96,0.9041568,0.055843174
0.97,0.9006959,0.06930411
0.97,0.9176097,0.052390337
0.97,0.91687596,0.05312407
0.97,0.91492414,0.055075884
0.97,0.92096305,0.04903698
0.97,0.911968,0.058032036
0.97,0.9116999,0.058300138
0.97,0.9198233,0.05017674
0.97,0.90530443,0.0646956
0.97,0.9074192,0.062580824
0.96,0.90714955,0.052850425
0.97,0.8964684,0.07353163
0.97,0.9099319,0.06006813
0.97,0.90993094,0.060069084
0.97,0.92224526,0.047754765
0.97,0.9230616,0.04693842
0.97,0.90249884,0.06750119
0.95,0.90486276,0.045137227
0.94,0.8787755,0.06122452
0.84,0.87424123,-0.03424126
0.97,0.77089846,0.19910157
0.95,0.93235767,0.01764232
0.9,0.87126946,0.028730512
0.87,0.8332622,0.0367378
0.87,0.82159925,0.04840076
0.9,0.8131254,0.086874604
0.85,0.8461938,0.0038062334
0.85,0.78690636,0.06309366
0.82,0.80033004,0.01966995
0.76,0.7636024,-0.0036023855
0.71,0.7116318,-0.0016317964
0.56,0.67105925,-0.11105925
0.61,0.51870406,0.09129596
0.59,0.59724474,-0.0072447658
0.49,0.5630517,-0.07305169
0.61,0.46523812,0.14476189
0.69,0.59229267,0.09770733
0.54,0.6594151,-0.119415104
0.6,0.50256175,0.097438276
0.54,0.5796925,-0.03969246
0.62,0.5151125,0.104887486
0.41,0.601681,-0.191681
0.58,0.37438098,0.205619
0.46,0.5733322,-0.11333218
0.36,0.429251,-0.06925097
0.35,0.34540495,0.0045950413
0.38,0.3401971,0.03980291
0.28,0.37231365,-0.09231365
0.31,0.26708078,0.04291922
0.44,0.29683036,0.14316964
0.31,0.42563838,-0.115638375
0.2,0.2949449,-0.09494491
0.38,0.19114007,0.18885992
0.34,0.36693537,-0.026935369
0.28,0.32855788,-0.048557878
0.2,0.2693885,-0.069388494
0.28,0.19278537,0.087214634
0.31,0.26979408,0.040205926
0.3,0.30391535,-0.0039153397
0.27,0.29407853,-0.024078518
0.22,0.2626626,-0.04266259
0.26,0.21051152,0.04948847
0.29,0.253069,0.03693098
0.5,0.28508663,0.21491337
0.59,0.48708266,0.10291731
0.53,0.56879985,-0.038799882
0.49,0.50616395,-0.016163945
0.51,0.47295988,0.037040114
0.53,0.49716702,0.03283295
0.38,0.5186264,-0.1386264
0.27,0.36611912,-0.096119106
0.25,0.26202732,-0.012027323
0.29,0.25062114,0.03937885
0.32,0.2814576,0.03854239
0.36,0.31219396,0.047806054
0.34,0.34653956,-0.0065395534
0.29,0.326914,-0.03691402
0.28,0.28580323,-0.0058032274
0.25,0.27694297,-0.026942968
0.22,0.24421933,-0.024219334
0.16,0.21435928,-0.054359287
0.13,0.15794872,-0.027948722
0.12,0.12938914,-0.00938914
0.04,0.11608907,-0.07608907
0.03,0.027041208,0.0029587913
0.02,0.021308865,-0.0013088658
0.01,0.00721867,0.0027813297
0.01,0.0,0.01
0.01,0.0,0.01
0.01,0.0,0.01
0.01,0.0,0.01
0.01,0.014740489,-0.0047404896
0.01,0.015297994,-0.0052979942
0.01,0.0057319067,0.004268093
0.01,0.0,0.01
0.01,0.0,0.01
0.01,0.0,0.01
0.01,0.0,0.01
0.01,0.0,0.01
0.01,0.0003874898,0.00961251
0.01,0.0,0.01
0.01,0.0,0.01
0.01,0.0,0.01
0.01,0.0019294396,0.00807056
0.01,0.0044978335,0.005502166
0.01,0.0049992986,0.005000701
0.01,0.0021379814,0.007862018
0.01,0.0,0.01
0.01,0.0,0.01
0.01,0.0037092082,0.0062907916
0.01,0.005276151,0.004723849
0.01,0.0050472673,0.0049527325
0.01,0.0,0.01
0.01,0.0006259568,0.009374043
0.01,0.002453383,0.0075466167
0.01,0.0009271987,0.009072801
0.01,0.0036615282,0.0063384715
0.01,0.0055989698,0.00440103
0.01,0.0053356774,0.0046643224
0.01,0.0022730418,0.007726958
0.01,0.0,0.01
0.01,0.0,0.01
0.01,0.0,0.01
0.01,0.0,0.01
0.01,0.0015307348,0.008469265
0.01,0.005645314,0.0043546855
0.01,0.0028656032,0.0071343966
0.01,0.0035011098,0.00649889
0.01,0.0078267045,0.0021732952
0.01,0.010991052,-0.000991052
0.01,0.014253331,-0.0042533316
0.01,0.01212384,-0.0021238402
0.01,0.0056611784,0.0043388214
0.01,0.006695807,0.0033041928
0.0,0.0223813,-0.0223813
0.0,0.032442823,-0.032442823
0.01,0.024358379,-0.014358379
0.01,0.0018317066,0.008168293
0.01,0.0,0.01
0.01,0.0031280443,0.0068719555
0.01,0.00958211,0.00041789003
0.0,0.001441367,-0.001441367
0.01,0.0,0.01
0.01,0.0,0.01
0.04,0.005429834,0.034570165
0.09,0.05363553,0.036364473
0.17,0.10556638,0.06443362
0.1,0.18362868,-0.08362868
0.05,0.11753743,-0.06753743
0.05,0.05669772,-0.006697718
0.05,0.0474851,0.0025149025
0.13,0.046630245,0.08336975
0.09,0.12533087,-0.03533086
0.11,0.09206998,0.017930016
0.22,0.11280598,0.10719402
0.36,0.21544899,0.14455102
0.42,0.35489473,0.06510526
0.62,0.41696116,0.20303884
0.75,0.6056206,0.14437938
0.95,0.7245531,0.22544688
0.92,0.9161942,0.0038058162
0.94,0.8663995,0.07360047
0.83,0.8950683,-0.065068305
0.91,0.77477443,0.1352256
0.96,0.88278913,0.07721084
0.92,0.9096154,0.010384619
0.96,0.86332226,0.09667772
0.97,0.9158579,0.054142118
0.97,0.91212296,0.057877064
0.93,0.91509163,0.014908373
0.94,0.8568928,0.08310717
0.93,0.89081395,0.03918606
0.9,0.8679445,0.032055497
0.91,0.83931196,0.07068807
0.86,0.8563434,0.0036566257
0.81,0.7926793,0.017320693
0.78,0.7568376,0.023162365
0.73,0.7323054,-0.0023053885
0.65,0.6853068,-0.03530681
0.74,0.6092789,0.13072109
0.72,0.714638,0.005362034
0.62,0.6749817,-0.05498171
0.6,0.5780951,0.021904945
0.57,0.5717106,-0.0017105937
0.54,0.54163134,-0.0016313195
0.55,0.517065,0.032935023
0.52,0.53032434,-0.010324359
0.5,0.495234,0.0047659874
0.45,0.47687858,-0.026878595
0.44,0.43002525,0.009974748
0.4,0.42522606,-0.025226057
0.39,0.37961397,0.01038602
0.33,0.37375435,-0.04375434
0.32,0.31439948,0.005600512
0.27,0.3029503,-0.032950282
0.31,0.2572163,0.052783698
0.37,0.29647863,0.073521376
0.35,0.35717067,-0.007170677
0.28,0.33849427,-0.05849427
0.18,0.2693091,-0.0893091
0.09,0.16735941,-0.07735941
0.04,0.07448528,-0.03448528
0.07,0.018744048,0.051255953
0.16,0.05541652,0.10458347
0.36,0.14901568,0.21098433
0.34,0.34715417,-0.0071541667
0.17,0.33567944,-0.16567944
0.11,0.16832457,-0.058324575
0.1,0.10315347,-0.0031534657
0.1,0.09098654,0.009013459
0.11,0.09362393,0.01637607
0.16,0.10735002,0.052649975
0.16,0.15835929,0.0016407073
0.12,0.15893272,-0.03893272
0.09,0.118695825,-0.028695822
0.11,0.08280112,0.02719888
0.1,0.096519515,0.0034804866
0.07,0.09449923,-0.02449923
0.07,0.056193046,0.013806954
0.18,0.05482674,0.12517327
0.28,0.17248662,0.10751338
0.3,0.2743898,0.025610209
0.35,0.30587396,0.044126034
0.43,0.35026821,0.07973179
0.51,0.4270948,0.0829052
0.44,0.4983441,-0.058344096
0.36,0.42435667,-0.064356655
0.32,0.34656653,-0.026566535
0.26,0.31071088,-0.050710887
0.28,0.251251,0.02874899
0.31,0.27214605,0.037853956
0.17,0.30075812,-0.13075812
0.13,0.1637743,-0.0337743
0.12,0.122436,-0.0024360046
0.15,0.11337504,0.036624968
0.2,0.14211643,0.057883576
0.15,0.194134,-0.04413399
0.12,0.15248549,-0.032485493
0.1,0.11276616,-0.01276616
0.13,0.089306474,0.04069352
0.14,0.12542942,0.014570579
0.12,0.13357228,-0.013572283
0.17,0.112543404,0.057456598
0.19,0.16063061,0.029369384
0.19,0.19076002,-0.0007600188
0.13,0.19165295,-0.06165296
0.13,0.12951931,0.00048068166
0.1,0.1270077,-0.027007692
0.06,0.09515734,-0.03515734
0.04,0.05057833,-0.010578331
0.03,0.028445385,0.0015546139
0.03,0.018526308,0.011473691
0.02,0.01674959,0.003250409
0.04,0.008819863,0.031180136
0.04,0.03564307,0.004356928
0.06,0.041765787,0.018234212
0.02,0.056316625,-0.036316626
0.01,0.012465864,-0.0024658646
0.01,0.0,0.01
0.01,0.0,0.01
0.01,0.0,0.01
0.01,0.0,0.01
0.01,0.0,0.01
0.01,0.0,0.01
0.01,0.0,0.01
0.01,0.0,0.01
0.01,0.0,0.01
0.01,0.0,0.01
0.01,0.0008618571,0.009138143
0.01,0.0008897688,0.009110231
0.01,0.0009340476,0.009065952
0.01,0.0012373533,0.0087626465
0.01,0.0004878845,0.009512115
0.01,0.00792785,0.00207215
0.01,0.008559156,0.0014408436
0.01,0.0043710843,0.0056289155
0.01,0.0,0.01
0.01,0.0,0.01
0.01,0.0062540583,0.0037459414
0.01,0.012256766,-0.002256766
0.01,0.009957083,4.2917207e-05
0.01,0.0030321814,0.0069678184
0.01,0.0,0.01
0.01,0.0,0.01
0.01,0.0,0.01
0.01,0.0,0.01
0.01,0.0,0.01
0.01,0.0,0.01
0.01,0.0,0.01
0.01,0.0024951287,0.007504871
0.01,0.00013000332,0.009869996
0.01,0.0060921926,0.003907807
0.01,0.016199514,-0.0061995145
0.01,0.011480883,-0.001480883
0.0,0.012773046,-0.012773046
0.01,0.0069213584,0.0030786414
0.0,0.0052509345,-0.0052509345
0.01,0.0,0.01
0.02,0.0084345415,0.011565458
0.03,0.028080225,0.0019197743
0.01,0.03339825,-0.023398248
0.02,0.022765975,-0.002765976
0.01,0.0128977485,-0.0028977487
0.05,0.0020597652,0.047940236
0.04,0.049294177,-0.009294178
0.04,0.04182009,-0.0018200912
0.02,0.034623902,-0.014623903
0.03,0.009988487,0.020011513
0.03,0.024739068,0.0052609313
0.03,0.029606413,0.00039358623
0.02,0.019793529,0.00020647049
0.03,0.021109823,0.008890176
0.03,0.020737614,0.009262385
0.01,0.023920573,-0.0139205735
0.0,0.0,0.0
0.01,0.0,0.01
0.01,0.0,0.01
0.01,0.0,0.01
0.01,0.0,0.01
0.01,0.0027419478,0.007258052
0.01,0.0,0.01
0.01,0.0,0.01
0.01,0.0,0.01
0.01,0.0,0.01
0.01,0.0,0.01
0.01,0.0008161515,0.009183848
0.01,0.0,0.01
0.01,0.0,0.01
0.01,0.0,0.01
0.01,0.0,0.01
0.01,0.0,0.01
0.01,0.0,0.01
0.01,0.0,0.01
0.01,0.0,0.01
0.01,0.010033237,-3.323704e-05
0.01,0.010000639,-6.388873e-07
0.01,0.014739335,-0.004739335
0.01,0.010442197,-0.00044219755
0.01,0.0,0.01
0.01,0.0,0.01
0.01,0.0,0.01
0.01,0.001124369,0.008875631
0.01,0.0,0.01
0.01,0.0,0.01
0.01,0.0,0.01
0.01,0.0,0.01
0.01,0.0,0.01
0.01,0.0029667001,0.0070332997
0.01,0.0,0.01
0.01,0.0023166295,0.0076833703
0.01,0.0034666285,0.0065333713
0.01,0.0,0.01
0.01,0.0,0.01
0.01,0.0,0.01
0.01,0.0,0.01
0.01,0.0,0.01
0.01,0.0,0.01
0.01,0.0072603375,0.0027396623
0.01,0.015201453,-0.0052014533
0.01,0.014154922,-0.0041549224
0.01,0.0021010414,0.007898958
0.01,0.0009398144,0.009060185
0.01,0.0033760648,0.006623935
0.01,0.0017026346,0.008297365
0.01,0.0025739092,0.0074260905
0.01,0.0,0.01
0.01,0.002731543,0.0072684567
0.01,0.0006807633,0.0093192365
0.01,0.0,0.01
0.01,0.0,0.01
0.01,0.0,0.01
0.01,0.0043495893,0.0056504104
0.01,0.0026169382,0.0073830616
0.01,0.009788511,0.00021148846
0.01,0.0059006065,0.0040993933
0.01,0.0060325135,0.0039674863
0.01,0.00024110824,0.009758892
0.01,0.0,0.01
0.01,0.0033537596,0.00664624
0.0,0.04371299,-0.04371299
0.01,0.0232936,-0.0132936
0.01,0.006796714,0.0032032859
0.01,0.0,0.01
0.01,0.0,0.01
0.01,0.0,0.01
0.01,0.0,0.01
0.01,0.00055769086,0.009442309
0.01,0.00024805963,0.00975194
0.01,0.0035209656,0.006479034
0.02,0.0031787418,0.016821258
0.02,0.028512672,-0.008512672
0.01,0.026064519,-0.016064519
0.01,0.006278647,0.0037213527
0.01,0.0,0.01
0.01,0.0032321904,0.0067678094
0.01,0.0,0.01
0.01,0.0,0.01
0.01,0.0,0.01
0.01,0.0,0.01
0.0,0.010096854,-0.010096854
0.01,0.009160861,0.0008391384
0.01,0.00068162754,0.009318372
0.0,0.003132198,-0.003132198
0.01,0.0029049069,0.007095093
0.01,0.012107361,-0.0021073613
0.01,0.0,0.01
0.01,0.01164547,-0.00164547
0.01,0.0074787717,0.002521228
0.01,0.0,0.01
0.01,0.0,0.01
0.0,0.0,0.0
0.01,0.0,0.01
0.02,0.008224623,0.011775376
0.03,0.02674048,0.003259519
0.05,0.031109877,0.018890124
0.02,0.05326932,-0.03326932
0.01,0.019586042,-0.009586042
0.02,0.0,0.02
0.04,0.019356143,0.020643856
0.04,0.03952611,0.00047389045
0.04,0.042687103,-0.002687104
0.09,0.03998453,0.050015472
0.11,0.095701516,0.014298484
0.09,0.12356172,-0.033561714
0.11,0.09488495,0.015115052
0.1,0.10854224,-0.00854224
0.06,0.09578188,-0.03578188
0.06,0.053205017,0.0067949817
0.03,0.051750146,-0.021750147
0.05,0.015822135,0.034177866
0.02,0.041567177,-0.021567177
0.02,0.01524727,0.004752729
0.01,0.013184287,-0.0031842869
0.02,0.0,0.02
0.03,0.0137146115,0.016285388
0.01,0.025587533,-0.015587533
0.01,0.0,0.01
0.01,0.0020441283,0.0079558715
0.0,0.0,0.0
0.01,0.0,0.01
0.01,0.0,0.01
0.01,0.0,0.01
0.01,0.0026222728,0.007377727
0.01,0.0013804026,0.008619597
0.01,0.0029118732,0.0070881266
0.01,0.0,0.01
0.01,0.0,0.01
0.01,0.0,0.01
0.01,0.0,0.01
0.01,0.001540944,0.008459056
0.01,0.0024068728,0.007593127
0.01,0.0025351197,0.00746488
0.01,0.0004845336,0.009515466
0.01,0.0013130791,0.008686921
0.01,0.0027610846,0.007238915
0.01,0.001173839,0.008826161
0.01,0.0,0.01
0.01,0.0,0.01
0.01,0.0,0.01
0.01,0.0,0.01
0.01,0.004734233,0.0052657668
0.01,0.0,0.01
0.01,0.0,0.01
0.01,0.0,0.01
0.01,0.0,0.01
0.01,0.0016688034,0.008331196
0.01,0.00943476,0.00056524016
0.01,0.0,0.01
0.01,0.0,0.01
0.01,0.0,0.01
0.01,0.0,0.01
0.01,0.0,0.01
0.01,0.0,0.01
0.01,0.0,0.01
0.01,0.0,0.01
0.01,0.0,0.01
0.01,0.0014903639,0.008509636
0.01,0.00029038452,0.009709615
0.01,0.0,0.01
0.01,0.0,0.01
0.01,0.0024695434,0.0075304564
0.01,0.0039382074,0.0060617924
0.01,0.0056784786,0.004321521
0.01,0.011487309,-0.0014873091
0.01,0.001472272,0.008527728
0.01,0.0019146688,0.008085331
0.01,0.003736537,0.006263463
0.01,0.0062194876,0.0037805121
0.01,0.0044824593,0.0055175405
0.01,0.0012223199,0.00877768
0.01,0.000535395,0.009464605
0.01,0.0,0.01
0.01,0.0,0.01
0.01,0.0,0.01
0.01,0.0,0.01
0.01,0.0,0.01
0.01,0.0,0.01
0.01,0.0,0.01
0.01,0.003625866,0.0063741338
0.01,0.0037867744,0.0062132254
0.01,0.0026952028,0.007304797
0.01,0.0022589117,0.007741088
0.01,0.0,0.01
0.01,0.0035927072,0.0064072926
0.01,0.0,0.01
0.01,0.0,0.01
0.01,0.0,0.01
0.01,0.0,0.01
0.01,0.0,0.01
0.01,0.0003188867,0.009681113
0.01,0.0,0.01
0.01,0.0,0.01
0.01,0.0014082082,0.008591792
0.01,0.0018283315,0.008171668
0.01,0.004361391,0.0056386087
0.01,0.0036092345,0.0063907653
0.01,0.006955862,0.0030441377
0.0,0.018199444,-0.018199444
0.0,0.002059402,-0.002059402
0.01,0.00011188723,0.009888113
0.01,0.01111706,-0.00111706
0.03,0.012540951,0.017459048
0.02,0.03379645,-0.013796449
0.01,0.016228281,-0.006228281
0.01,0.0,0.01
0.01,0.0,0.01
0.01,0.0,0.01
0.01,0.0012265295,0.00877347
0.01,0.0,0.01
0.01,0.0,0.01
0.01,0.0,0.01
0.01,0.0,0.01
0.01,0.000314869,0.009685131
0.01,0.0,0.01
0.01,0.0068127476,0.0031872522
0.01,0.008070566,0.001929434
0.01,0.0,0.01
0.01,0.006358836,0.003641164
0.01,0.01438779,-0.0043877903
0.02,0.03241585,-0.012415849
0.01,0.03130611,-0.02130611
0.01,0.0,0.01
0.0,0.0,0.0
0.01,0.0,0.01
0.01,0.0,0.01
0.01,0.009334736,0.0006652642
0.02,0.023221381,-0.0032213815
0.01,0.02962764,-0.01962764
0.04,0.012821849,0.02717815
0.02,0.043030117,-0.023030117
0.01,0.024257489,-0.014257489
0.01,0.0,0.01
0.01,0.0,0.01
0.01,0.0,0.01
0.01,0.0,0.01
0.01,0.0,0.01
0.01,0.0052225366,0.004777463
0.01,0.0035380684,0.0064619314
0.01,0.004057415,0.005942585
0.01,0.0061755925,0.0038244072
0.01,0.0027041696,0.00729583
0.01,0.0,0.01
0.01,0.0,0.01
0.01,0.00455755,0.00544245
0.01,0.003249893,0.006750107
0.01,0.004931247,0.005068753
0.06,0.017558495,0.042441502
0.02,0.07339852,-0.053398523
0.02,0.021374129,-0.0013741292
0.01,0.0197681,-0.0097681
0.01,0.011786312,-0.0017863121
0.01,0.00078487024,0.00921513
0.01,0.00079902634,0.009200973
0.01,0.0,0.01
0.01,0.0,0.01
0.01,0.0,0.01
0.01,0.00292827,0.0070717297
0.01,0.0019225106,0.008077489
0.01,0.0042932592,0.0057067405
0.01,0.0007631276,0.009236872
0.01,0.0,0.01
0.01,0.0023816824,0.0076183174
0.01,0.009737242,0.00026275776
0.01,0.014703803,-0.004703803
0.01,0.011722475,-0.0017224755
0.01,0.0040425286,0.005957471
0.01,0.007087253,0.0029127467
0.01,0.0,0.01
0.01,0.0,0.01
0.01,0.0,0.01
0.01,0.0,0.01
0.01,0.0,0.01
0.01,0.0,0.01
0.01,0.0,0.01
0.01,0.006790299,0.0032097008
0.01,0.0032818988,0.006718101
0.01,0.0017526709,0.008247329
0.01,0.0,0.01
0.01,0.00055338815,0.009446612
0.01,0.0,0.01
0.01,0.0,0.01
0.01,0.0,0.01
0.0,0.020006575,-0.020006575
0.01,0.0,0.01
0.01,0.0,0.01
0.09,0.0,0.09
0.02,0.099659264,-0.07965927
0.13,0.022491932,0.10750806
0.37,0.16404395,0.20595606
0.34,0.3669261,-0.0269261
0.34,0.3317674,0.008232594
0.28,0.33202958,-0.05202958
0.31,0.27451602,0.035483986
0.27,0.30214632,-0.032146305
0.37,0.25973135,0.11026865
0.39,0.3602521,0.029747874
0.63,0.37926748,0.2507325
0.66,0.6113113,0.04868871
0.8,0.6319572,0.16804284
0.92,0.7654252,0.15457481
0.96,0.8745378,0.08546215
0.97,0.9128622,0.057137847
0.96,0.9201435,0.039856493
0.96,0.89713037,0.06286961
0.91,0.9146261,-0.0046260953
0.84,0.84580183,-0.0058018565
0.72,0.776682,-0.05668199
0.79,0.66623795,0.12376207
0.74,0.7616557,-0.021655679
0.62,0.6831603,-0.0631603
0.5,0.5709096,-0.07090962
0.51,0.46152017,0.048479825
0.55,0.48787287,0.062127143
0.56,0.5227585,0.03724152
0.65,0.53007305,0.11992693
0.69,0.6226691,0.0673309
0.65,0.66048205,-0.010482073
0.52,0.6134032,-0.09340322
0.62,0.48460892,0.13539109
0.57,0.6092526,-0.03925258
0.43,0.540349,-0.110349
0.37,0.40001488,-0.030014873
0.46,0.35442403,0.10557598
0.56,0.45390317,0.106096834
0.54,0.5453278,-0.005327761
0.52,0.5092274,0.010772586
0.48,0.49325025,-0.013250262
0.4,0.457912,-0.057911992
0.41,0.37798294,0.032017052
0.42,0.3953533,0.0246467
0.39,0.40976176,-0.019761771
0.37,0.37646225,-0.006462246
0.33,0.35218024,-0.02218023
0.34,0.31061926,0.029380739
0.25,0.32684222,-0.07684222
0.18,0.23554334,-0.055543333
0.14,0.16690026,-0.026900262
0.14,0.13092035,0.00907965
0.18,0.12842134,0.05157867
0.19,0.17173035,0.018269643
0.13,0.18071786,-0.05071786
0.04,0.12347233,-0.083472334
0.01,0.015779272,-0.005779272
0.01,0.0,0.01
0.01,0.0,0.01
0.01,0.0026262738,0.007373726
0.01,0.0,0.01
0.01,0.0,0.01
0.01,0.0,0.01
0.01,0.0,0.01
0.01,0.0028577894,0.0071422104
0.01,0.0,0.01
0.01,0.0,0.01
0.01,0.0,0.01
0.01,0.0,0.01
0.01,0.0,0.01
0.01,0.0,0.01
0.01,0.0,0.01
0.01,0.0039867368,0.006013263
0.01,0.0038566645,0.0061433353
0.01,0.011389721,-0.0013897214
0.01,0.0,0.01
0.01,0.0,0.01
0.01,0.004844468,0.0051555317
0.0,0.01276795,-0.01276795
0.01,0.0023902208,0.007609779
0.01,0.0010941196,0.00890588
0.01,2.0205975e-05,0.009979794
0.01,0.007193625,0.0028063748
0.01,0.01301961,-0.0030196104
0.01,0.015121974,-0.0051219743
0.01,0.007834438,0.0021655615
0.01,0.01666706,-0.006667061
0.01,0.0119284205,-0.0019284207
0.04,0.005454965,0.034545034
0.01,0.039336707,-0.029336708
0.01,0.014059018,-0.0040590186
0.01,0.0010774955,0.008922504
0.01,0.0043798685,0.0056201313
0.01,0.0061810873,0.0038189124
0.01,0.0048950575,0.0051049422
0.01,0.0045220405,0.0054779593
0.07,0.004747618,0.06525238
0.17,0.06866497,0.101335034
0.22,0.17080443,0.049195573
0.14,0.22230944,-0.08230944
0.05,0.1471382,-0.097138196
0.03,0.04200432,-0.012004321
0.02,0.012211442,0.0077885576
0.03,0.007925574,0.022074426
0.01,0.020923182,-0.010923183
0.01,0.001994159,0.008005841
0.0,0.0,0.0
0.01,0.0,0.01
0.01,0.004785884,0.0052141156
0.01,0.004109353,0.005890647
0.01,0.013319179,-0.0033191796
0.01,0.011786815,-0.001786815
0.01,0.008738041,0.0012619589
0.05,0.004083518,0.045916483
0.18,0.054266386,0.12573361
0.19,0.18345934,0.006540656
0.21,0.20193651,0.00806348
0.22,0.21574806,0.004251942
0.2,0.22204378,-0.02204378
0.14,0.20073256,-0.06073256
0.15,0.14006843,0.009931579
0.14,0.14651209,-0.0065120906
0.1,0.13560504,-0.035605036
0.1,0.09757215,0.0024278536
0.13,0.09015698,0.039843015
0.19,0.121789366,0.06821063
0.11,0.18352203,-0.07352203
0.1,0.10573514,-0.0057351366
0.11,0.09173391,0.01826609
0.07,0.10539691,-0.03539691
0.13,0.060596265,0.06940373
0.17,0.121022224,0.048977777
0.27,0.16327971,0.1067203
0.43,0.2611233,0.16887671
0.37,0.42063197,-0.05063197
0.3,0.35731894,-0.057318926
0.29,0.2887089,0.0012910962
0.33,0.28410605,0.045893967
0.24,0.31791946,-0.07791947
0.23,0.232019,-0.002019003
0.16,0.21794976,-0.057949767
0.14,0.14273086,-0.0027308613
0.13,0.12523195,0.0047680438
0.16,0.12195503,0.038044967
0.13,0.14425685,-0.01425685
0.11,0.12241912,-0.0124191195
0.07,0.09543361,-0.025433607
0.04,0.054230254,-0.014230255
0.05,0.022743706,0.027256295
0.05,0.034374557,0.015625443
0.02,0.039622575,-0.019622575
0.02,0.006105613,0.013894387
0.01,0.0057677664,0.0042322334
0.01,0.0027210042,0.0072789956
0.01,0.0,0.01
0.01,0.0,0.01
0.01,0.006398376,0.0036016237
0.0,0.0,0.0
0.01,0.0,0.01
0.02,0.0,0.02
0.06,0.015345544,0.044654455
0.06,0.06469115,-0.00469115
0.05,0.064744726,-0.014744725
0.05,0.04789448,0.0021055192
0.08,0.04342533,0.03657467
0.14,0.07759548,0.06240452
0.13,0.14116949,-0.011169493
0.09,0.131504,-0.041503996
0.05,0.08767483,-0.037674826
0.06,0.03805471,0.02194529
0.1,0.048701037,0.051298965
0.16,0.09246376,0.067536235
0.18,0.15726194,0.02273807
0.23,0.17832012,0.05167988
0.25,0.22206944,0.027930558
0.25,0.2433993,0.006600693
0.25,0.24640223,0.0035977662
0.23,0.23832026,-0.008320257
0.22,0.22371668,-0.0037166774
0.23,0.21346825,0.01653175
0.21,0.22061983,-0.010619834
0.15,0.20021388,-0.050213873
0.13,0.1412227,-0.011222705
0.11,0.12167472,-0.011674717
0.08,0.09795725,-0.017957255
0.08,0.06677748,0.013222516
0.06,0.07016912,-0.010169122
0.04,0.0502469,-0.010246903
0.03,0.027183808,0.002816191
0.02,0.016671687,0.0033283122
0.01,0.0079207495,0.0020792503
0.01,0.0005983077,0.009401692
0.01,0.0,0.01
0.01,0.00015489012,0.00984511
0.01,0.0,0.01
0.0,0.0,0.0
0.01,0.0,0.01
0.0,0.0,0.0
0.01,0.0,0.01
0.01,0.0,0.01
0.01,0.0,0.01
0.01,0.0,0.01
0.01,0.0,0.01
0.01,0.0,0.01
0.01,0.0,0.01
0.01,0.0,0.01
0.01,0.0018920563,0.008107943
0.01,0.011112336,-0.0011123363
0.01,0.014539277,-0.0045392774
0.01,0.00039454736,0.009605452
0.01,0.0,0.01
0.01,0.0018544551,0.008145545
0.01,0.0,0.01
0.01,0.0,0.01
0.01,0.0,0.01
0.01,0.0,0.01
0.01,0.0,0.01
0.01,0.0,0.01
0.01,0.0022659637,0.007734036
0.01,0.004049478,0.0059505217
0.01,0.0046995655,0.0053004343
0.01,0.0,0.01
0.01,0.0,0.01
0.01,0.0,0.01
0.01,0.004243739,0.005756261
0.0,0.022528064,-0.022528064
0.01,0.022296261,-0.012296261
0.02,0.025298633,-0.005298633
0.01,0.027034443,-0.017034443
0.01,0.014964052,-0.004964052
0.02,0.029276721,-0.009276722
0.05,0.04610168,0.0038983226
0.02,0.03652718,-0.01652718
0.05,0.0059356913,0.04406431
0.06,0.03891301,0.021086987
0.05,0.059650376,-0.009650376
0.03,0.04738497,-0.01738497
0.01,0.02085032,-0.01085032
0.01,0.0,0.01
0.01,0.0,0.01
0.02,0.0,0.02
0.03,0.019665308,0.010334691
0.01,0.03572066,-0.025720662
0.0,0.0022852588,-0.0022852588
0.01,0.0,0.01
0.01,0.0,0.01
0.02,0.0,0.02
0.04,0.02736523,0.012634769
0.04,0.05116692,-0.011166923
0.01,0.054515757,-0.04451576
0.01,0.0052611567,0.004738843
0.01,0.0,0.01
0.01,0.0,0.01
0.0,0.00092189386,-0.00092189386
0.01,0.0,0.01
0.01,0.0,0.01
0.01,0.0,0.01
0.01,0.0,0.01
0.01,0.00015979633,0.009840203
0.01,0.0055611916,0.004438808
0.01,0.006575223,0.0034247767
0.01,0.0025526658,0.007447334
0.01,0.0,0.01
0.01,0.00385442,0.0061455797
0.01,0.008485917,0.0015140828
0.01,0.00023119524,0.009768805
0.01,0.0,0.01
0.01,0.0,0.01
0.01,0.0069860946,0.0030139051
0.01,0.004726395,0.0052736048
0.01,0.01868141,-0.008681411
0.01,0.014493689,-0.004493689
0.01,0.0049659833,0.0050340164
0.01,0.0009512529,0.009048747
0.01,0.014473945,-0.004473945
0.01,0.006589059,0.003410941
0.0,0.0,0.0
0.01,0.0,0.01
0.01,0.002405025,0.0075949747
0.01,0.0030224174,0.0069775824
0.01,0.005580377,0.004419623
0.0,0.0,0.0
0.01,0.0,0.01
0.0,0.007242292,-0.007242292
0.01,0.0,0.01
0.01,0.0,0.01
0.01,0.0,0.01
0.01,0.0041594394,0.0058405604
0.01,0.0,0.01
0.0,0.004963305,-0.004963305
0.01,0.0,0.01
0.0,0.0007542856,-0.0007542856
0.01,0.0,0.01
0.01,0.0,0.01
0.01,0.0,0.01
0.01,0.0,0.01
0.01,0.0032010004,0.0067989994
0.01,0.0,0.01
0.01,0.0,0.01
0.01,0.002732616,0.007267384
0.01,0.0,0.01
0.01,0.0,0.01
0.13,0.013512418,0.11648758
0.16,0.14672816,0.013271838
0.11,0.17179242,-0.06179242
0.21,0.1143289,0.095671095
0.16,0.20440428,-0.044404283
0.21,0.15679811,0.053201884
0.26,0.20281425,0.05718574
0.25,0.25570852,-0.0057085156
0.2,0.24095699,-0.04095699
0.27,0.18946578,0.080534235
0.31,0.26045048,0.04954952
0.24,0.2982251,-0.05822511
0.28,0.23037313,0.049626872
0.32,0.2713418,0.048658192
0.28,0.31173822,-0.03173822
0.27,0.26830325,0.0016967654
0.29,0.26179805,0.028201938
0.34,0.28176498,0.05823502
0.38,0.32685536,0.053144634
0.39,0.3673307,0.022669286
0.4,0.37144092,0.028559089
0.35,0.3850234,-0.03502339
0.32,0.3365288,-0.016528815
0.32,0.30728933,0.012710661
0.27,0.30937895,-0.03937894
0.26,0.25614616,0.0038538277
0.25,0.25020665,-0.0002066493
0.22,0.23777679,-0.017776787
0.17,0.20968775,-0.039687753
0.13,0.15927443,-0.029274434
0.11,0.12049846,-0.010498464
0.09,0.09836459,-0.008364588
0.06,0.075589396,-0.015589397
0.04,0.04745261,-0.007452611
0.03,0.024851263,0.0051487368
0.02,0.0173602,0.0026398003
0.01,0.008475818,0.001524182
0.01,0.0,0.01
0.02,0.0033951774,0.016604822
0.03,0.015386209,0.01461379
0.02,0.02670142,-0.006701421
0.03,0.017082512,0.012917487
0.02,0.028497487,-0.008497488
0.01,0.020914517,-0.010914518
0.0,0.0,0.0
0.01,0.0,0.01
0.01,0.0,0.01
0.01,0.0,0.01
0.01,0.0,0.01
0.01,0.0,0.01
0.01,0.0,0.01
0.01,0.0,0.01
0.01,0.0,0.01
0.01,0.0,0.01
0.01,0.0,0.01
0.01,0.0,0.01
0.01,0.0003684219,0.009631578
0.01,0.0037293844,0.0062706154
0.01,0.0003507547,0.009649245
0.01,0.0,0.01
0.01,0.0,0.01
0.01,0.0,0.01
0.01,0.0,0.01
0.01,0.0023127384,0.0076872613
0.01,0.0032141916,0.006785808
0.01,0.0021444336,0.007855566
0.01,0.007976627,0.0020233728
0.01,0.0043004937,0.005699506
0.01,0.0,0.01
0.01,0.0,0.01
0.01,0.0,0.01
0.01,0.0,0.01
0.01,0.008505937,0.0014940631
0.01,0.0067076907,0.0032923091
0.01,0.0,0.01
0.01,0.0,0.01
0.01,0.0,0.01
0.01,0.0005030986,0.009496901
0.01,0.0017955601,0.00820444
0.01,0.0021475032,0.007852497
0.01,0.0,0.01
0.01,0.0,0.01
0.01,0.0012314282,0.008768572
0.01,0.0,0.01
0.01,0.0,0.01
0.01,0.0,0.01
0.01,0.0,0.01
0.01,0.008267498,0.0017325021
0.01,0.012879379,-0.0028793793
0.01,0.009319678,0.0006803218
0.01,0.0041751787,0.005824821
0.06,0.038841948,0.02115805
0.1,0.08231237,0.017687634
0.1,0.12624839,-0.026248388
0.08,0.11651778,-0.036517784
0.09,0.078418024,0.01158198
0.07,0.0860659,-0.016065903
0.05,0.062086966,-0.012086965
0.04,0.036079798,0.003920201
0.01,0.026934013,-0.016934013
0.01,0.0,0.01
0.01,0.0031360611,0.0068639386
0.01,0.008387871,0.0016121287
0.01,0.008968636,0.0010313634
0.01,0.004210241,0.0057897586
0.01,0.011692673,-0.0016926732
0.04,0.008124899,0.0318751
0.05,0.03340628,0.01659372
0.05,0.049832914,0.00016708672
0.01,0.049822856,-0.039822854
0.01,0.0066564307,0.003343569
0.01,0.0012750551,0.008724945
0.01,0.0046871826,0.005312817
0.02,0.0007863082,0.019213691
0.01,0.014819447,-0.004819447
0.0,0.0,0.0
0.01,0.0,0.01
0.01,0.0,0.01
0.02,0.00048791617,0.019512083
0.01,0.018777251,-0.0087772515
0.01,0.0,0.01
0.01,0.004249871,0.005750129
0.01,0.0,0.01
0.0,0.0,0.0
0.01,0.0,0.01
0.01,0.0,0.01
0.01,0.0,0.01
0.01,0.0,0.01
0.01,9.609759e-05,0.009903902
0.0,0.0015470833,-0.0015470833
0.01,0.0,0.01
0.01,0.0,0.01
0.01,0.0,0.01
0.01,0.0,0.01
0.01,0.0,0.01
0.01,0.0,0.01
0.01,0.0,0.01
0.01,0.0,0.01
0.01,0.0,0.01
0.01,0.0,0.01
0.01,0.0019699112,0.008030089
0.01,0.004998397,0.0050016027
0.01,0.0,0.01
0.01,0.005523108,0.004476892
0.01,0.003573142,0.006426858
0.01,0.0048182234,0.0051817764
0.01,0.0077387653,0.0022612344
0.01,0.008864045,0.0011359546
0.01,0.006302558,0.003697442
0.01,0.0121001415,-0.0021001417
0.01,0.054586023,-0.044586025
0.01,0.057378665,-0.047378667
0.01,0.03589242,-0.02589242
0.01,0.025933102,-0.015933102
0.01,0.019902404,-0.009902405
0.01,0.026519202,-0.016519202
0.01,0.031768877,-0.021768877
0.01,0.043483898,-0.0334839
0.01,0.036693115,-0.026693115
0.01,0.034953766,-0.024953766
0.01,0.027026698,-0.017026698
0.01,0.03248768,-0.02248768
0.01,0.03478092,-0.02478092
0.01,0.024006411,-0.014006412
0.01,0.02177756,-0.011777559
0.01,0.028527621,-0.018527621
0.01,0.026601654,-0.016601654
0.01,0.02108081,-0.011080811
0.01,0.023784958,-0.013784958
0.01,0.022359114,-0.012359114
0.01,0.021246746,-0.011246746
0.01,0.013706639,-0.0037066396
0.01,0.018081307,-0.008081308
0.13,0.023707788,0.1062922
0.25,0.10224149,0.14775851
0.23,0.20954143,0.020458579
0.21,0.20596474,0.0040352494
0.2,0.19085115,0.009148851
0.17,0.1831643,-0.013164297
0.15,0.15985866,-0.009858653
0.14,0.13992846,7.1540475e-05
0.16,0.1347706,0.025229394
0.15,0.15811352,-0.008113518
0.12,0.14470956,-0.02470956
0.09,0.10812863,-0.018128626
0.09,0.07534601,0.014653996
0.1,0.07785633,0.02214367
0.05,0.0923085,-0.0423085
0.04,0.03967933,0.00032066926
0.03,0.024638712,0.005361287
0.01,0.0147717,-0.0047717
0.01,0.0,0.01
0.02,0.0,0.02
0.01,0.016997531,-0.0069975313
0.01,0.002353061,0.007646939
0.01,0.0,0.01
0.01,0.0,0.01
0.01,0.0020589847,0.007941015
0.01,0.004910862,0.0050891377
0.01,0.0070510395,0.0029489603
0.01,0.0,0.01
0.01,0.0,0.01
0.01,0.004137099,0.005862901
0.01,0.0,0.01
0.01,0.0,0.01
0.01,0.0,0.01
0.01,0.0,0.01
0.01,0.0011940077,0.008805992
0.01,0.0006020311,0.009397969
0.01,0.0,0.01
0.01,0.0,0.01
0.01,0.0069565643,0.0030434355
0.01,0.0004384108,0.009561589
0.01,0.008648278,0.0013517216
0.01,0.011673074,-0.0016730744
0.01,0.004880283,0.0051197167
0.01,0.0029258002,0.0070741996
0.01,0.004886199,0.005113801
0.01,0.0046512634,0.0053487364
0.01,0.0027313456,0.007268654
0.01,0.001900658,0.008099342
0.01,0.004826959,0.0051730406
0.01,0.0,0.01
0.01,0.0,0.01
0.01,0.0017523132,0.008247687
0.01,0.0065462515,0.0034537483
0.0,0.0067383368,-0.0067383368
0.01,0.0,0.01
0.01,0.0028031264,0.0071968734
0.01,0.017317265,-0.0073172655
0.01,0.01874993,-0.00874993
0.0,0.01062711,-0.01062711
0.01,0.002514176,0.0074858237
0.01,0.013203066,-0.003203066
0.01,0.0,0.01
0.01,0.0,0.01
0.01,0.0,0.01
0.01,0.0,0.01
0.01,0.0,0.01
0.01,0.0,0.01
0.01,0.00030691922,0.009693081
0.01,0.0009179488,0.009082051
0.01,0.0037360806,0.006263919
0.01,0.009742618,0.00025738217
0.01,0.019103263,-0.009103263
0.02,0.010789471,0.009210529
0.02,0.021650549,-0.0016505495
0.06,0.023953974,0.036046024
0.19,0.07275705,0.11724295
0.16,0.19835626,-0.03835626
0.13,0.17798023,-0.047980234
0.13,0.1360018,-0.0060018003
0.12,0.12765941,-0.007659413
0.08,0.113054745,-0.033054747
0.07,0.07403241,-0.0040324107
0.07,0.058324996,0.011675004
0.05,0.058798853,-0.008798853
0.05,0.041687466,0.008312535
0.08,0.043917473,0.036082525
0.08,0.07610968,0.0038903207
0.07,0.075077474,-0.005077474
0.08,0.06048588,0.019514117
0.07,0.07412664,-0.004126638
0.03,0.06515648,-0.03515648
0.07,0.019885264,0.050114736
0.06,0.06302134,-0.0030213408
0.11,0.053134166,0.056865834
0.15,0.10383242,0.046167582
0.18,0.1487937,0.03120631
0.27,0.1746399,0.095360115
0.23,0.26551658,-0.035516575
0.24,0.22570214,0.014297858
0.27,0.22933862,0.040661395
0.29,0.2600085,0.029991478
0.3,0.28339958,0.01660043
0.27,0.2879825,-0.017982483
0.23,0.26076862,-0.030768618
0.21,0.21901025,-0.009010255
0.18,0.19618756,-0.016187549
0.23,0.16807882,0.06192118
0.22,0.21992058,7.942319e-05
0.19,0.20539966,-0.015399665
0.15,0.17653337,-0.026533365
0.13,0.13792902,-0.007929027
0.12,0.114670634,0.005329363
0.1,0.106871754,-0.0068717524
0.11,0.087290816,0.022709183
0.11,0.09807277,0.011927232
0.09,0.10257712,-0.0125771165
0.09,0.07748783,0.012512177
0.1,0.07849891,0.021501094
0.1,0.091772,0.008228004
0.09,0.08828755,0.0017124563
0.1,0.07954603,0.020453975
0.13,0.08923516,0.04076484
0.12,0.1200917,-9.1701746e-05
0.17,0.11413226,0.05586774
0.19,0.16611996,0.023880035
0.22,0.18511863,0.03488137
0.14,0.21765746,-0.07765746
0.06,0.12409246,-0.06409246
0.01,0.040818844,-0.030818844
0.01,0.0,0.01
0.01,0.0,0.01
0.01,0.0,0.01
0.01,0.0,0.01
0.01,0.0,0.01
0.01,0.0,0.01
0.01,0.0,0.01
0.01,0.0,0.01
0.01,0.0,0.01
0.01,0.0,0.01
0.01,0.0,0.01
0.01,0.0004755035,0.009524496
0.01,0.00454784,0.00545216
0.0,0.003877785,-0.003877785
0.01,0.0,0.01
0.0,0.006209962,-0.006209962
0.01,0.0,0.01
0.02,0.007074993,0.012925006
0.04,0.023669269,0.01633073
0.01,0.04338207,-0.033382073
0.01,0.009257577,0.0007424224
0.03,0.0075311475,0.022468852
0.09,0.036800887,0.053199116
0.16,0.10310089,0.056899108
0.3,0.17864956,0.12135045
0.35,0.3052161,0.04478389
0.36,0.35753527,0.0024647415
0.47,0.35981086,0.11018914
0.28,0.457669,-0.17766899
0.48,0.25272182,0.22727817
0.72,0.47287434,0.24712569
0.93,0.7204112,0.20958883
0.87,0.8954061,-0.025406122
0.68,0.8065828,-0.1265828
0.68,0.622772,0.05722803
0.63,0.65734494,-0.027344942
0.67,0.5993657,0.070634305
0.96,0.6429881,0.3170119
0.97,0.9509238,0.019076228
0.96,0.89279616,0.06720382
0.97,0.8944776,0.07552242
0.97,0.9200671,0.049932957
0.97,0.90170455,0.06829548
0.97,0.90727925,0.062720776
0.97,0.9102498,0.0597502
0.97,0.9248853,0.045114756
0.97,0.91784286,0.052157164
0.97,0.92996335,0.04003668
0.97,0.90574455,0.064255476
0.97,0.9059664,0.06403363
0.97,0.8904582,0.0795418
0.97,0.9147117,0.055288315
0.97,0.923,0.04700005
0.97,0.90178096,0.068219066
0.91,0.9075513,0.0024487376
0.89,0.83395374,0.056046247
0.96,0.8439058,0.11609417
0.93,0.91706026,0.012939751
0.97,0.8559905,0.1140095
0.97,0.91831875,0.05168128
0.97,0.9078809,0.062119126
0.87,0.9120673,-0.04206729
0.8,0.7982267,0.0017732978
0.88,0.7523284,0.1276716
0.86,0.8454492,0.014550805
0.85,0.7955384,0.0544616
0.82,0.79085195,0.029148042
0.93,0.7571994,0.1728006
0.98,0.90320027,0.07679975
0.98,0.9257877,0.05421233
0.97,0.9348296,0.035170436
0.97,0.92393136,0.04606867
0.97,0.91948783,0.050512195
0.97,0.9137956,0.05620444
0.97,0.9270371,0.04296291
0.97,0.89603066,0.073969364
0.96,0.90535533,0.054644644
0.76,0.89733243,-0.13733244
0.85,0.654722,0.19527805
0.94,0.8364099,0.10359007
0.96,0.8837948,0.076205194
0.96,0.88797295,0.07202703
0.92,0.891888,0.028111994
0.96,0.85266507,0.10733491
0.97,0.917122,0.052878022
0.97,0.9124707,0.05752933
0.97,0.92172456,0.04827547
0.96,0.90851045,0.051489532
0.93,0.8932489,0.03675109
0.95,0.86052823,0.08947176
0.97,0.9030334,0.06696665
0.95,0.90436673,0.045633256
0.88,0.884887,-0.004886985
0.97,0.8130976,0.15690243
0.97,0.94809115,0.02190888
0.94,0.8976176,0.04238242
0.97,0.8806938,0.089306235
0.89,0.92448556,-0.03448558
0.94,0.8193244,0.12067562
0.97,0.89004195,0.07995808
0.89,0.9172331,-0.027233124
0.97,0.8126024,0.15739763
0.97,0.9398048,0.030195236
0.97,0.9032445,0.06675553
0.96,0.9108623,0.049137652
0.97,0.8950454,0.07495463
0.97,0.92240036,0.047599673
0.96,0.9137002,0.046299756
0.97,0.8920306,0.07796943
0.97,0.92041445,0.04958558
0.97,0.912526,0.057474017
0.97,0.9161627,0.0538373
0.97,0.9078907,0.06210935
0.97,0.9062822,0.06371784
0.97,0.9052135,0.06478655
0.96,0.9032409,0.05675906
0.92,0.8867078,0.033292234
0.87,0.85207963,0.017920375
0.83,0.8015207,0.028479278
0.78,0.77217185,0.007828116
0.75,0.7267562,0.023243785
0.73,0.7000015,0.02999854
0.71,0.69098556,0.019014418
0.84,0.66435015,0.17564982
0.85,0.8092878,0.040712237
0.93,0.7921505,0.13784951
0.87,0.8883898,-0.018389821
0.93,0.7977873,0.1322127
0.9,0.8913839,0.00861609
0.92,0.83196974,0.08803028
0.83,0.87059426,-0.04059428
0.8,0.7607088,0.039291203
0.65,0.75643504,-0.10643506
0.63,0.5917165,0.038283467
0.51,0.60293806,-0.092938066
0.47,0.46403852,0.0059614778
0.45,0.44246992,0.0075300634
0.55,0.42101735,0.12898266
0.53,0.5339302,-0.003930211
0.41,0.498318,-0.08831799
0.38,0.37138793,0.0086120665
0.35,0.3600055,-0.010005504
0.33,0.32755807,0.0024419427
0.28,0.31651792,-0.036517918
0.28,0.2675928,0.012407213
0.23,0.2636095,-0.033609495
0.16,0.21429788,-0.05429788
0.14,0.14184965,-0.0018496513
0.2,0.12642078,0.07357922
0.17,0.18798272,-0.017982721
0.18,0.15606081,0.023939192
0.24,0.16620038,0.07379961
0.38,0.22737584,0.15262416
0.51,0.3636694,0.1463306
0.49,0.49434388,-0.0043438673
0.33,0.46997106,-0.13997105
0.36,0.30611548,0.053884536
0.37,0.34984598,0.02015403
0.22,0.35937777,-0.13937777
0.19,0.2060327,-0.016032696
0.29,0.18182683,0.10817316
0.22,0.28908065,-0.06908065
0.27,0.21599686,0.05400315
0.08,0.26437634,-0.18437634
0.18,0.03952813,0.14047188
0.33,0.16691425,0.16308576
0.33,0.33243623,-0.0024362206
0.41,0.31759903,0.09240097
0.35,0.38710427,-0.03710428
0.32,0.3312527,-0.011252701
0.25,0.3061632,-0.05616319
0.26,0.23756035,0.022439644
0.39,0.24664581,0.14335418
0.49,0.37564343,0.11435658
0.5,0.4700735,0.029926509
0.41,0.4837955,-0.0737955
0.28,0.38767436,-0.10767436
0.3,0.26756346,0.03243655
0.3,0.28599563,0.0140043795
0.24,0.2886249,-0.048624918
0.24,0.23045179,0.009548202
0.25,0.22789389,0.022106111
0.27,0.2410784,0.028921604
0.16,0.2567049,-0.0967049
0.21,0.15057938,0.059420615
0.13,0.20011213,-0.07011214
0.17,0.12357105,0.04642895
0.26,0.15798877,0.10201122
0.19,0.25035158,-0.06035158
0.17,0.18653704,-0.01653704
0.25,0.16626284,0.083737165
0.24,0.24162208,-0.0016220808
0.46,0.23571475,0.22428526
0.45,0.4476198,0.0023801923
0.35,0.43914893,-0.08914894
0.31,0.33946505,-0.02946505
0.29,0.30623075,-0.016230762
0.23,0.28667808,-0.05667807
0.23,0.22107896,0.008921042
0.32,0.21025273,0.10974726
0.44,0.31218317,0.12781683
0.31,0.43111104,-0.121111035
0.46,0.29445773,0.16554227
0.4,0.45383266,-0.05383265
0.35,0.3772798,-0.027279794
0.44,0.33138207,0.10861793
0.57,0.43169007,0.13830993
0.4,0.55086946,-0.15086946
0.38,0.37128434,0.008715659
0.48,0.363519,0.11648098
0.7,0.46769047,0.23230952
0.9,0.68509316,0.21490681
0.81,0.87785304,-0.06785303
0.65,0.74842083,-0.09842086
0.68,0.6001301,0.079869926
0.44,0.6727574,-0.23275739
0.22,0.39141598,-0.17141598
0.62,0.19783339,0.42216662
0.4,0.62772846,-0.22772846
0.49,0.36001524,0.12998477
0.7,0.46897718,0.2310228
0.74,0.6901014,0.049898624
0.73,0.701684,0.028316021
0.73,0.6856358,0.044364214
0.69,0.7005775,-0.0105775
0.5,0.65147424,-0.15147424
0.43,0.4586244,-0.028624386
0.44,0.41707703,0.022922963
0.45,0.42610055,0.023899436
0.37,0.43349952,-0.06349951
0.17,0.35371748,-0.18371747
0.12,0.15339553,-0.033395536
0.18,0.10917401,0.070825994
0.12,0.17629254,-0.05629254
0.22,0.11586055,0.10413945
0.35,0.20993774,0.14006226
0.59,0.34003624,0.24996373
0.77,0.57631147,0.19368851
0.91,0.7477193,0.16228074
0.8,0.87308645,-0.07308644
0.92,0.7383733,0.18162674
0.86,0.8958186,-0.035818577
0.86,0.80457413,0.055425882
0.68,0.8179238,-0.13792378
0.66,0.6279088,0.0320912
0.6,0.6371528,-0.037152767
0.6,0.56522834,0.03477168
0.54,0.5764419,-0.036441863
0.72,0.5084963,0.21150374
0.89,0.70658207,0.18341792
0.89,0.8551098,0.034890175
0.88,0.8249688,0.05503118
0.92,0.82494235,0.09505767
0.88,0.8754821,0.004517913
0.95,0.82166207,0.12833792
0.96,0.9067993,0.053200662
0.91,0.9072021,0.0027979016
0.93,0.8423848,0.08761519
0.89,0.88800657,0.0019934177
0.77,0.82094765,-0.050947666
0.71,0.7000085,0.009991467
0.79,0.6641791,0.12582093
0.82,0.76335883,0.05664116
0.65,0.7649059,-0.11490595
0.6,0.58149576,0.018504262
0.54,0.5749619,-0.03496188
0.6,0.5011616,0.09883845
0.46,0.57612884,-0.11612883
0.41,0.41300082,-0.0030008256
0.31,0.38459256,-0.07459256
0.24,0.28313133,-0.043131337
0.18,0.22195381,-0.041953802
0.16,0.15893668,0.0010633171
0.17,0.14916888,0.020831123
0.15,0.15388909,-0.0038890839
0.15,0.13347915,0.016520858
0.13,0.13795212,-0.007952124
0.09,0.12088623,-0.030886225
0.01,0.067454435,-0.057454437
0.02,0.0,0.02
0.06,0.00073099136,0.059269007
0.05,0.054078724,-0.0040787235
0.01,0.042733945,-0.032733947
0.02,0.0,0.02
0.05,0.0055826344,0.044417366
0.05,0.045400906,0.0045990944
0.07,0.039649043,0.030350957
0.12,0.06343083,0.056569166
0.24,0.12254043,0.117459565
0.24,0.23505372,0.0049462765
0.3,0.24067056,0.05932945
0.46,0.29602635,0.16397366
0.41,0.4518739,-0.041873902
0.45,0.39978528,0.050214708
0.53,0.4346661,0.095333874
0.49,0.5171982,-0.027198195
0.48,0.46856108,0.011438906
0.22,0.4656514,-0.2456514
0.39,0.1856017,0.20439829
0.31,0.38704684,-0.07704684
0.33,0.29457757,0.035422444
0.28,0.32297966,-0.042979658
0.33,0.2726954,0.05730462
0.3,0.31921825,-0.019218236
0.25,0.28512144,-0.03512144
0.21,0.22821592,-0.018215925
0.21,0.19413015,0.015869841
0.2,0.1963088,0.0036911964
0.25,0.19004495,0.059955046
0.24,0.23353443,0.006465569
0.23,0.2368708,-0.0068707913
0.26,0.22645143,0.033548564
0.34,0.26036575,0.07963425
0.37,0.33022746,0.03977254
0.29,0.3582026,-0.068202615
0.34,0.2822654,0.05773461
0.42,0.32875344,0.091246545
0.44,0.41227797,0.02772203
0.25,0.42224947,-0.17224947
0.17,0.22224548,-0.052245483
0.2,0.15294111,0.047058895
0.28,0.18633476,0.09366524
0.29,0.2667567,0.023243278
0.21,0.2774211,-0.06742109
0.18,0.195519,-0.015518993
0.17,0.16836491,0.0016350895
0.16,0.16286139,-0.0028613955
0.11,0.15716901,-0.047169015
0.09,0.099277586,-0.009277582
0.09,0.077762485,0.012237519
0.15,0.081001,0.06899901
0.31,0.13759392,0.17240608
0.32,0.29584458,0.024155408
0.25,0.31540522,-0.06540522
0.27,0.25203034,0.017969668
0.26,0.26772034,-0.007720351
0.11,0.24983431,-0.13983431
0.02,0.09928669,-0.079286695
0.01,0.0,0.01
0.02,0.0,0.02
0.03,0.017354518,0.012645481
0.02,0.044065498,-0.024065498
0.01,0.011191029,-0.0011910293
0.0,0.0,0.0
0.01,0.0,0.01
0.0,0.0,0.0
0.01,0.0,0.01
0.01,0.0,0.01
0.01,0.0,0.01
0.01,0.0,0.01
0.01,0.0021479875,0.007852012
0.01,0.0,0.01
0.01,0.00046838075,0.009531619
0.0,0.009956114,-0.009956114
0.01,0.02065979,-0.01065979
0.01,0.02259947,-0.01259947
0.01,0.005531244,0.004468756
0.01,0.012243029,-0.002243029
0.01,0.013951533,-0.0039515328
0.01,0.018179446,-0.008179447
0.02,0.021782923,-0.0017829239
0.01,0.033912744,-0.023912745
0.01,0.0,0.01
0.01,0.0,0.01
0.01,0.0,0.01
0.01,0.0,0.01
0.01,0.0036036149,0.006396385
0.0,0.0011118613,-0.0011118613
0.01,0.0,0.01
0.01,0.0,0.01
0.01,0.0,0.01
0.01,0.0,0.01
0.01,0.013690583,-0.0036905836
0.01,0.01307857,-0.0030785706
0.01,0.017656427,-0.007656427
0.01,0.0030025356,0.006997464
0.01,0.0,0.01
0.01,0.0043194927,0.005680507
0.01,0.0026750714,0.0073249284
0.01,0.0,0.01
0.01,0.0,0.01
0.01,0.0,0.01
0.01,0.0,0.01
0.01,0.0,0.01
0.01,0.0004261285,0.009573871
0.01,0.0,0.01
0.01,0.0038082637,0.006191736
0.01,0.0020256266,0.007974373
0.01,0.0,0.01
0.01,0.0,0.01
0.01,0.0033513922,0.0066486076
0.01,0.0056981817,0.004301818
0.01,0.0014933422,0.008506658
0.01,0.0,0.01
0.01,0.0,0.01
0.01,0.0,0.01
0.01,0.0,0.01
0.01,0.0019047037,0.008095296
0.01,0.0,0.01
0.01,0.0,0.01
0.01,0.0,0.01
0.01,0.0032863766,0.006713623
0.01,0.0,0.01
0.01,0.0,0.01
0.01,0.0,0.01
0.01,0.0,0.01
0.01,0.0,0.01
0.01,0.0,0.01
0.01,0.0,0.01
0.01,0.0,0.01
0.01,0.0,0.01
0.01,0.0016530268,0.008346973
0.01,0.00078831613,0.009211684
0.01,0.0,0.01
0.01,0.0,0.01
0.01,0.0,0.01
0.01,0.0,0.01
0.01,0.0,0.01
0.01,0.005260531,0.004739469
0.01,0.009164669,0.00083533116
0.01,0.0037961714,0.0062038284
0.01,0.0,0.01
0.01,0.0007897578,0.009210242
0.01,0.004198935,0.005801065
0.0,0.011779413,-0.011779413
0.01,0.0,0.01
0.01,0.0,0.01
0.01,0.0,0.01
0.01,0.0,0.01
0.01,0.0,0.01
0.01,0.0,0.01
0.01,0.012026355,-0.002026355
0.01,0.011640053,-0.0016400535
0.01,0.0,0.01
0.01,0.0,0.01
0.03,0.0051522516,0.024847748
0.11,0.040159762,0.06984024
0.08,0.11674251,-0.03674251
0.08,0.0875429,-0.0075429007
0.04,0.07691038,-0.036910377
0.04,0.030153431,0.009846568
0.07,0.028900173,0.041099828
0.19,0.06569165,0.12430835
0.2,0.19220234,0.0077976584
0.38,0.20054564,0.17945436
0.52,0.37366918,0.1463308
0.52,0.508904,0.011096001
0.54,0.50433755,0.035662472
0.46,0.52094835,-0.060948342
0.3,0.43977568,-0.13977566
0.3,0.28418732,0.015812695
0.33,0.29288927,0.037110746
0.18,0.32116294,-0.14116293
0.2,0.16144645,0.03855355
0.1,0.1909008,-0.0909008
0.12,0.07964087,0.040359125
0.12,0.10506302,0.014936976
0.18,0.10839361,0.0716064
0.14,0.17453894,-0.03453894
0.09,0.1269393,-0.036939293
0.1,0.07507077,0.024929233
0.1,0.08970903,0.010290973
0.12,0.099627756,0.020372242
0.13,0.11102402,0.018975973
0.07,0.12273309,-0.052733086
0.01,0.06006532,-0.050065324
0.01,0.0,0.01
0.01,0.0,0.01
0.01,0.0,0.01
0.01,0.0,0.01
0.01,0.0,0.01
0.01,0.0,0.01
0.01,0.0,0.01
0.01,0.004991092,0.005008908
0.01,0.00038296357,0.009617036
0.02,0.0018984079,0.018101592
0.16,0.026511483,0.1334885
0.34,0.17135383,0.16864617
0.52,0.3510094,0.16899058
0.72,0.5277579,0.19224215
0.72,0.7152078,0.0047922134
0.64,0.6889607,-0.048960686
0.51,0.6076379,-0.09763789
0.45,0.4842288,-0.0342288
0.46,0.44148597,0.018514037
0.63,0.44564793,0.18435207
0.54,0.6187732,-0.0787732
0.49,0.50214416,-0.012144148
0.38,0.46358672,-0.08358672
0.36,0.3635451,-0.0035450757
0.18,0.34669116,-0.16669115
0.11,0.1577787,-0.047778696
0.08,0.094962716,-0.014962718
0.08,0.06379071,0.01620929
0.08,0.06557711,0.014422886
0.1,0.06589848,0.034101523
0.07,0.09499483,-0.024994828
0.05,0.06162863,-0.011628628
0.04,0.03872096,0.0012790374
0.01,0.026161104,-0.016161105
0.01,0.0,0.01
0.01,0.0,0.01
0.01,0.0,0.01
0.01,0.0,0.01
0.01,0.0006874725,0.009312527
0.02,0.009379631,0.010620369
0.05,0.036281157,0.013718843
0.01,0.056217305,-0.046217307
0.01,0.012413193,-0.0024131928
0.01,0.0057265684,0.0042734314
0.01,0.01093239,-0.00093238987
0.01,0.005993247,0.0040067527
0.01,0.0,0.01
0.01,0.0,0.01
0.01,0.0,0.01
0.01,0.0,0.01
0.01,0.0,0.01
0.01,0.0,0.01
0.01,0.0036417823,0.0063582174
0.02,0.037525162,-0.017525163
0.01,0.036828134,-0.026828134
0.01,0.012400042,-0.0024000425
0.01,0.0,0.01
0.01,0.0,0.01
0.01,0.0,0.01
0.01,0.0019809902,0.00801901
0.01,0.0,0.01
0.01,0.0063185133,0.0036814865
0.01,0.0032966994,0.0067033004
0.04,0.0041301046,0.035869896
0.2,0.055550933,0.14444907
0.26,0.21014792,0.049852073
0.18,0.2725557,-0.0925557
0.34,0.18868159,0.15131842
0.34,0.3349615,0.0050385
0.32,0.3383902,-0.018390208
0.33,0.30737907,0.022620946
0.2,0.317269,-0.117268994
0.24,0.19225731,0.04774268
0.11,0.22822689,-0.118226886
0.16,0.09852776,0.061472237
0.15,0.14904162,0.0009583831
0.24,0.14588535,0.09411465
0.2,0.23173712,-0.03173712
0.17,0.19502518,-0.025025174
0.07,0.16256954,-0.09256954
0.05,0.0561145,-0.006114498
0.04,0.035714228,0.0042857714
0.01,0.026242834,-0.016242834
0.01,0.0,0.01
0.01,0.0,0.01
0.01,0.0,0.01
0.0,0.0,0.0
0.01,0.0,0.01
0.01,0.0,0.01
0.01,0.0,0.01
0.01,0.0,0.01
0.01,0.0058788992,0.0041211005
0.01,0.007170312,0.0028296877
0.01,0.005263172,0.0047368277
0.01,0.0,0.01
0.01,0.0,0.01
0.01,0.0,0.01
0.01,0.0,0.01
0.01,0.0,0.01
0.01,0.0072951205,0.0027048793
0.01,0.0068549775,0.0031450223
0.01,0.0060971305,0.0039028693
0.01,0.0030212682,0.0069787316
0.01,0.00048822165,0.009511778
0.01,0.011791959,-0.0017919596
0.0,0.023153849,-0.023153849
0.01,0.00707246,0.0029275399
0.02,0.005775001,0.014224999
0.01,0.025425192,-0.015425192
0.01,0.0,0.01
0.01,0.0,0.01
0.01,0.0,0.01
0.01,0.0,0.01
0.01,0.0,0.01
0.01,0.0047884323,0.0052115675
0.01,0.0073683746,0.0026316252
0.01,0.0051413067,0.004858693
0.01,0.0,0.01
0.01,0.0,0.01
0.01,2.5149435e-05,0.00997485
0.01,0.005002804,0.0049971957
0.01,0.0047979094,0.0052020904
0.01,0.0026269145,0.0073730852
0.01,0.0,0.01
0.01,0.0,0.01
0.01,0.0,0.01
0.01,0.0,0.01
0.01,0.00942919,0.00057080947
0.01,0.0071748495,0.0028251503
0.01,0.0,0.01
0.01,0.0,0.01
0.01,0.0047021285,0.0052978713
0.01,0.0020076707,0.007992329
0.01,0.003496809,0.006503191
0.06,0.014698299,0.0453017
0.1,0.072056144,0.027943857
0.08,0.118310586,-0.038310587
0.09,0.08603933,0.0039606765
0.11,0.09123552,0.018764481
0.13,0.11379622,0.016203776
0.2,0.13054466,0.06945534
0.14,0.19282529,-0.052825287
0.11,0.1379353,-0.027935296
0.12,0.10603822,0.013961777
0.16,0.11946104,0.04053896
0.1,0.15623634,-0.056236334
0.08,0.094192386,-0.014192387
0.06,0.06695071,-0.00695071
0.13,0.045435797,0.084564194
0.08,0.11986115,-0.03986115
0.1,0.080323726,0.019676276
0.12,0.09461482,0.025385179
0.18,0.117347464,0.06265254
0.27,0.16930014,0.10069987
0.27,0.2582605,0.011739522
0.28,0.2682609,0.011739105
0.14,0.27732995,-0.13732995
0.15,0.13747671,0.0125232935
0.24,0.14612983,0.09387016
0.47,0.2319177,0.2380823
0.63,0.45689186,0.17310813
0.59,0.61549425,-0.025494277
0.5,0.56718516,-0.06718516
0.55,0.48044008,0.06955993
0.61,0.5352409,0.074759126
0.47,0.5984956,-0.1284956
0.4,0.44234353,-0.042343527
0.22,0.3796654,-0.1596654
0.17,0.20911565,-0.039115652
0.26,0.16220672,0.097793266
0.18,0.2534231,-0.07342309
0.31,0.1690902,0.1409098
0.24,0.29601923,-0.05601923
0.29,0.2359615,0.054038495
0.33,0.27782914,0.052170873
0.12,0.3219103,-0.20191029
0.3,0.11521712,0.18478289
0.15,0.28208882,-0.13208881
0.11,0.14801541,-0.03801541
0.06,0.10022035,-0.040220354
0.2,0.049372427,0.15062758
0.12,0.18823388,-0.068233885
0.1,0.123157635,-0.023157634
0.02,0.093380496,-0.0733805
0.01,0.0077185184,0.0022814814
0.03,0.0,0.03
0.09,0.01575403,0.074245974
0.04,0.0867049,-0.046704903
0.01,0.039402436,-0.029402437
0.0,0.0,0.0
0.01,0.0,0.01
0.01,0.0,0.01
0.01,0.0,0.01
0.01,0.0,0.01
0.01,0.0,0.01
0.01,0.0,0.01
0.01,0.015082939,-0.005082939
0.01,0.0065087527,0.003491247
0.02,0.0045411754,0.015458824
0.02,0.025483027,-0.0054830275
0.01,0.03211935,-0.022119349
0.03,0.006528124,0.023471875
0.05,0.0314972,0.018502802
0.05,0.053120792,-0.0031207912
0.06,0.050117336,0.009882662
0.08,0.06328221,0.016717792
0.17,0.07824254,0.09175746
0.15,0.16859181,-0.018591806
0.27,0.15346105,0.11653896
0.23,0.26488954,-0.034889534
0.4,0.22864422,0.17135578
0.49,0.39220348,0.09779653
0.32,0.47836745,-0.15836746
0.33,0.3076481,0.02235192
0.43,0.3205813,0.10941872
0.46,0.42150244,0.038497567
0.67,0.44733188,0.22266814
0.68,0.65066135,0.029338658
0.69,0.651654,0.038345993
0.86,0.66011596,0.19988406
0.85,0.8320501,0.017949939
0.78,0.79470813,-0.014708161
0.71,0.73379743,-0.023797452
0.84,0.6749586,0.16504139
0.87,0.8137913,0.05620873
0.9,0.8174263,0.08257365
0.7,0.8514594,-0.1514594
0.76,0.6325221,0.12747788
0.8,0.7467605,0.053239524
0.75,0.7567717,-0.0067716837
0.67,0.7034849,-0.033484876
0.77,0.6231736,0.14682639
0.61,0.75002337,-0.14002335
0.79,0.5500691,0.23993093
0.61,0.77876925,-0.16876924
0.74,0.5436127,0.19638729
0.7,0.7231569,-0.023156941
0.67,0.6572385,0.012761533
0.56,0.6348227,-0.074822724
0.45,0.5186767,-0.06867671
0.43,0.41830614,0.011693865
0.32,0.41399392,-0.09399393
0.29,0.2924159,-0.0024158955
0.21,0.2770646,-0.0670646
0.07,0.18692438,-0.11692438
0.02,0.04500518,-0.02500518
0.01,0.0,0.01
0.01,0.0,0.01
0.02,0.0,0.02
0.02,0.014831869,0.0051681306
0.01,0.011572454,-0.0015724543
0.01,0.005377259,0.0046227407
0.01,0.0,0.01
0.03,0.0060448404,0.023955159
0.01,0.032927997,-0.022927998
0.01,0.0017888322,0.0082111675
0.01,0.013024926,-0.0030249264
0.03,0.000117234886,0.029882764
0.08,0.02483876,0.055161238
0.13,0.08123654,0.048763454
0.06,0.1318413,-0.0718413
0.02,0.057055227,-0.037055228
0.01,0.007185202,0.0028147977
0.01,0.0,0.01
0.01,0.0,0.01
0.01,0.0,0.01
0.01,0.0045850947,0.005414905
0.01,0.023887374,-0.013887374
0.01,0.015954114,-0.0059541147
0.01,0.015618116,-0.005618116
0.0,0.016312957,-0.016312957
0.01,0.0,0.01
0.01,0.0,0.01
0.01,0.0,0.01
0.01,0.015757289,-0.005757289
0.01,0.009938192,6.1808154e-05
0.01,0.0,0.01
0.04,0.009472363,0.030527636
0.03,0.046977255,-0.016977256
0.08,0.03037944,0.049620558
0.05,0.08001483,-0.030014832
0.09,0.047624193,0.04237581
0.16,0.08980451,0.07019549
0.31,0.16888788,0.14111212
0.17,0.31666297,-0.14666297
0.21,0.17088109,0.0391189
0.18,0.19907397,-0.019073963
0.11,0.17275204,-0.06275204
0.22,0.10369161,0.11630839
0.2,0.20460819,-0.004608184
0.21,0.20368172,0.006318271
0.24,0.2026994,0.0373006
0.29,0.22733358,0.062666416
0.19,0.27783114,-0.08783114
0.27,0.18824399,0.081756026
0.33,0.26172644,0.068273574
0.23,0.3271257,-0.097125694
0.27,0.2194744,0.050525606
0.33,0.2600426,0.069957405
0.38,0.32437095,0.055629045
0.4,0.37233922,0.027660787
0.31,0.38540754,-0.075407535
0.17,0.30713123,-0.13713123
0.08,0.1543938,-0.07439381
0.05,0.06159931,-0.01159931
0.05,0.033168014,0.016831987
0.1,0.038772568,0.061227433
0.02,0.093922436,-0.07392244
0.01,0.011975557,-0.0019755568
0.01,0.0,0.01
0.0,0.0,0.0
0.01,0.0,0.01
0.0,0.0,0.0
0.01,0.0,0.01
0.01,0.005979225,0.0040207747
0.0,0.006373819,-0.006373819
0.01,0.0,0.01
0.01,0.0018212199,0.00817878
0.01,0.011895545,-0.001895545
0.01,0.0105761625,-0.0005761627
0.01,0.0,0.01
0.01,0.0,0.01
0.02,0.0,0.02
0.03,0.024947781,0.005052218
0.01,0.031618513,-0.021618513
0.01,0.006352514,0.0036474857
0.01,0.0,0.01
0.01,0.003970068,0.006029932
0.01,0.004330855,0.005669145
0.0,0.0,0.0
0.01,0.0,0.01
0.01,0.0051382165,0.0048617832
0.01,0.011045273,-0.0010452736
0.01,0.0,0.01
0.01,0.0,0.01
0.01,0.0,0.01
0.04,0.025004674,0.014995325
0.08,0.064518556,0.015481442
0.05,0.09815744,-0.048157442
0.05,0.061452124,-0.0114521235
0.1,0.052972805,0.047027197
0.18,0.09860732,0.08139269
0.25,0.17548949,0.074510515
0.18,0.2486086,-0.0686086
0.19,0.18589813,0.0041018724
0.23,0.1810393,0.0489607
0.15,0.22278032,-0.07278031
0.26,0.15305158,0.106948406
0.23,0.25425148,-0.024251476
0.18,0.22248493,-0.042484924
0.18,0.16864105,0.011358961
0.16,0.17410502,-0.014105022
0.16,0.15499793,0.0050020665
0.14,0.15123713,-0.01123713
0.17,0.13172777,0.03827223
0.17,0.16323552,0.0067644864
0.24,0.15986922,0.08013077
0.32,0.23095477,0.08904523
0.29,0.31195942,-0.021959424
0.25,0.277702,-0.027702004
0.28,0.2432555,0.036744505
0.35,0.26868683,0.08131316
0.42,0.33991653,0.08008346
0.28,0.40678427,-0.12678427
0.34,0.26979238,0.070207626
0.26,0.32101575,-0.061015755
0.33,0.25060892,0.07939109
0.2,0.31848302,-0.11848302
0.19,0.19441369,-0.004413694
0.17,0.18220687,-0.012206867
0.2,0.15882438,0.04117562
0.28,0.18968904,0.09031096
0.19,0.26542485,-0.07542485
0.16,0.18517205,-0.025172055
0.22,0.15149297,0.06850703
0.2,0.20977962,-0.009779617
0.27,0.19226405,0.07773596
0.39,0.2610956,0.12890437
0.45,0.37583062,0.07416937
0.42,0.4362984,-0.016298413
0.54,0.4031632,0.13683683
0.49,0.5289388,-0.03893876
0.62,0.47283646,0.14716354
0.67,0.60566545,0.06433457
0.61,0.64004207,-0.030042052
0.6,0.57787406,0.02212596
0.39,0.57947826,-0.18947828
0.39,0.35320577,0.036794215
0.42,0.38217068,0.03782931
0.32,0.40395975,-0.08395976
0.3,0.29854336,0.0014566481
0.31,0.28510997,0.024890035
0.3,0.29828146,0.0017185509
0.41,0.28605345,0.12394655
0.5,0.39394143,0.10605857
0.4,0.48444423,-0.084444225
0.4,0.3813916,0.018608391
0.37,0.3883712,-0.018371195
0.39,0.35662296,0.03337702
0.39,0.37638763,0.01361236
0.4,0.37454876,0.025451243
0.48,0.3885478,0.09145218
0.47,0.46322033,0.0067796707
0.45,0.45030564,-0.00030565262
0.4,0.43028066,-0.03028065
0.38,0.3839291,-0.0039291084
0.36,0.36336467,-0.0033646524
0.34,0.3481181,-0.008118093
0.38,0.32883033,0.051169664
0.37,0.36636528,0.003634721
0.42,0.35572854,0.06427145
0.49,0.4072012,0.08279881
0.4,0.4731637,-0.07316369
0.31,0.3824244,-0.07242441
0.2,0.29936287,-0.099362865
0.2,0.1923101,0.007689908
0.18,0.18959865,-0.009598643
0.23,0.17268467,0.057315335
0.27,0.21907264,0.05092737
0.24,0.26414374,-0.02414374
0.33,0.23045528,0.099544734
0.4,0.319538,0.08046201
0.41,0.38519052,0.02480948
0.36,0.39574572,-0.03574571
0.27,0.3474466,-0.07744658
0.33,0.2634319,0.06656811
0.39,0.32168952,0.06831047
0.39,0.38047788,0.00952211
0.44,0.37934896,0.060651034
0.46,0.42745757,0.032542437
0.56,0.44406608,0.115933925
0.56,0.5434407,0.016559303
0.5,0.537385,-0.037384987
0.53,0.47561768,0.054382294
0.54,0.5211078,0.018892229
0.45,0.52640235,-0.076402366
0.48,0.42760852,0.05239147
0.5,0.46783295,0.032167047
0.44,0.48507586,-0.045075864
0.36,0.42234066,-0.062340647
0.32,0.346081,-0.026080996
0.31,0.31065348,-0.0006534755
0.24,0.29874396,-0.05874397
0.16,0.23075052,-0.07075052
0.12,0.15113999,-0.031139992
0.09,0.11255267,-0.022552669
0.04,0.07914688,-0.039146878
0.08,0.02717768,0.052822318
0.06,0.07179941,-0.011799414
0.04,0.051354356,-0.011354357
0.05,0.033235054,0.016764946
0.06,0.045143407,0.014856592
0.06,0.056327198,0.003672801
0.02,0.059694834,-0.039694835
0.01,0.017387744,-0.0073877443
0.01,0.0017203,0.0082797
0.0,0.0,0.0
0.01,0.0,0.01
0.01,0.0,0.01
0.01,0.0,0.01
0.01,0.0,0.01
0.01,0.019574845,-0.009574845
0.0,0.023885261,-0.023885261
0.01,0.005171109,0.004828891
0.0,0.009269098,-0.009269098
0.01,0.0,0.01
0.01,0.0,0.01
0.0,0.0,0.0
0.01,0.0,0.01
0.01,0.0,0.01
0.01,0.0,0.01
0.01,0.0,0.01
0.01,0.0019828193,0.0080171805
0.01,0.0,0.01
0.01,0.0129664205,-0.0029664207
0.01,0.007584423,0.002415577
0.01,0.0063224025,0.0036775973
0.01,0.010083497,-8.3496794e-05
0.01,0.0045662895,0.0054337103
0.01,0.0,0.01
0.01,0.001971878,0.008028122
0.01,0.0,0.01
0.03,0.0027646087,0.02723539
0.05,0.046423458,0.0035765432
0.05,0.06998871,-0.019988712
0.03,0.05945871,-0.02945871
0.02,0.03367754,-0.013677541
0.01,0.019447815,-0.009447815
0.01,0.00052670017,0.0094733
0.02,0.0,0.02
0.01,0.020061005,-0.010061005
0.02,0.00886935,0.01113065
0.02,0.014952622,0.005047377
0.02,0.01172176,0.0082782395
0.06,0.024783146,0.035216853
0.08,0.05943521,0.020564787
0.07,0.08304594,-0.013045937
0.1,0.070545435,0.029454567
0.13,0.099056214,0.030943781
0.14,0.12878793,0.011212066
0.12,0.143453,-0.023453005
0.12,0.11928576,0.000714235
0.1,0.1153793,-0.015379302
0.1,0.09450495,0.005495049
0.09,0.09081693,-0.00081692636
0.13,0.07916084,0.050839156
0.19,0.12184262,0.068157375
0.25,0.18332978,0.066670224
0.36,0.24325952,0.116740495
0.35,0.34793568,0.0020643175
0.35,0.34036136,0.009638637
0.54,0.34118327,0.19881675
0.47,0.52537835,-0.055378348
0.54,0.45610073,0.08389929
0.71,0.5273273,0.18267268
0.53,0.6922765,-0.1622765
0.7,0.48640102,0.21359897
0.68,0.69239974,-0.012399733
0.54,0.64173377,-0.101733744
0.67,0.5052909,0.16470909
0.59,0.6619636,-0.07196361
0.65,0.55678535,0.09321463
0.63,0.62811875,0.0018812418
0.59,0.5962826,-0.0062826276
0.56,0.5626352,-0.002635181
0.49,0.53320074,-0.04320073
0.42,0.46143043,-0.041430444
0.43,0.39577076,0.03422925
0.36,0.41025162,-0.050251603
0.32,0.33571196,-0.015711963
0.28,0.30237427,-0.022374272
0.21,0.26291072,-0.05291073
0.23,0.19263238,0.037367627
0.18,0.21715295,-0.037152946
0.2,0.16570166,0.034298345
0.15,0.18954897,-0.039548963
0.01,0.13738698,-0.12738697
0.0,0.0,0.0
0.01,0.0,0.01
0.01,0.0,0.01
0.01,0.0,0.01
0.01,0.0,0.01
0.01,0.0,0.01
0.01,0.0016008355,0.008399164
0.01,0.007913334,0.0020866655
0.01,0.0061350428,0.003864957
0.01,0.0,0.01
0.01,0.0010849368,0.008915063
0.01,0.0,0.01
0.01,0.006942142,0.003057858
0.01,0.013985921,-0.003985921
0.01,0.011083085,-0.0010830853
0.01,0.0016935654,0.008306434
0.01,0.009900358,9.96422e-05
0.05,0.0081665125,0.04183349
0.04,0.05877061,-0.018770609
0.04,0.047306493,-0.007306494
0.05,0.040362354,0.009637646
0.04,0.05592445,-0.01592445
0.07,0.039826266,0.030173734
0.09,0.071070194,0.01892981
0.09,0.09712647,-0.0071264654
0.12,0.093457244,0.026542753
0.11,0.12088003,-0.010880031
0.13,0.11445548,0.015544519
0.12,0.1281882,-0.0081881955
0.1,0.11454685,-0.014546849
0.1,0.08781924,0.0121807605
0.06,0.08985847,-0.029858474
0.06,0.051458023,0.008541975
0.06,0.051387046,0.008612953
0.02,0.055744417,-0.035744417
0.01,0.013899583,-0.0038995836
0.0,0.0,0.0
0.01,0.0,0.01
0.01,0.0,0.01
0.01,0.0,0.01
0.01,0.0,0.01
0.01,0.0,0.01
0.01,0.0,0.01
0.01,0.00023264438,0.009767355
0.01,0.0020299368,0.007970063
0.01,0.0033203717,0.006679628
0.01,0.0006242208,0.009375779
0.01,0.0047855116,0.005214488
0.01,0.03151019,-0.02151019
0.02,0.030033855,-0.010033855
0.06,0.030233815,0.029766183
0.13,0.062186815,0.06781318
0.22,0.13427787,0.08572213
0.14,0.22547555,-0.08547555
0.13,0.14484897,-0.014848977
0.16,0.12638395,0.03361605
0.24,0.15826687,0.08173312
0.31,0.23338552,0.076614484
0.35,0.3058532,0.044146806
0.24,0.3462672,-0.1062672
0.31,0.24419895,0.065801054
0.27,0.30437848,-0.03437847
0.28,0.26196313,0.018036872
0.51,0.2643001,0.24569988
0.61,0.503206,0.106794
0.52,0.59117544,-0.071175456
0.33,0.4901309,-0.16013089
0.42,0.30397528,0.1160247
0.7,0.40859368,0.2914063
0.8,0.68549836,0.114501655
0.82,0.7711791,0.048820913
0.78,0.77355194,0.0064480305
0.76,0.73123753,0.02876246
0.88,0.72883487,0.15116513
0.64,0.8548025,-0.2148025
0.76,0.57671285,0.18328714
0.97,0.75106037,0.21893966
0.8,0.93401074,-0.13401073
0.87,0.72663665,0.14336336
0.56,0.84071994,-0.28071994
0.62,0.490804,0.12919602
0.56,0.61548424,-0.055484235
0.97,0.53007877,0.43992126
0.9,0.98149014,-0.08149016
0.61,0.82202315,-0.21202314
0.67,0.53162897,0.13837105
0.34,0.65347135,-0.31347135
0.25,0.30134612,-0.051346123
0.31,0.24956897,0.060431033
0.14,0.31335473,-0.17335473
0.36,0.12283423,0.23716578
0.36,0.34291354,0.017086476
0.2,0.34613574,-0.14613573
0.21,0.19090462,0.019095376
0.77,0.19784647,0.5721535
0.94,0.7544794,0.18552059
0.95,0.91570604,0.03429395
0.94,0.8905767,0.049423277
0.97,0.8927541,0.07724595
0.97,0.9366833,0.03331673
0.96,0.92991054,0.030089438
0.97,0.9067825,0.06321752
0.97,0.93945146,0.030548573
0.97,0.93283784,0.037162185
0.97,0.9249717,0.04502833
0.97,0.9083909,0.06160915
0.97,0.9226699,0.04733014
0.97,0.92274106,0.047258973
0.97,0.91999686,0.05000317
0.97,0.9269259,0.04307413
0.97,0.9143243,0.055675745
0.97,0.91300905,0.05699098
0.97,0.91137695,0.058623075
0.97,0.9031285,0.066871524
0.97,0.9110763,0.05892372
0.97,0.9141885,0.055811524
0.97,0.9103173,0.059682727
0.97,0.90691435,0.063085675
0.95,0.90579283,0.044207156
0.96,0.87359536,0.08640462
0.97,0.90369976,0.06630027
0.95,0.9122722,0.037727773
0.97,0.8847399,0.08526015
0.91,0.91432333,-0.0043233037
0.97,0.83390176,0.13609827
0.93,0.92281663,0.007183373
0.88,0.8477527,0.032247305
0.82,0.81621754,0.0037824512
0.8,0.7592807,0.04071933
0.82,0.748433,0.071567
0.68,0.77240324,-0.09240323
0.65,0.6141119,0.035888076
0.58,0.6205088,-0.040508807
0.54,0.5426384,-0.0026383996
0.51,0.5046469,0.005353093
0.4,0.47501263,-0.075012624
0.46,0.3675703,0.0924297
0.5,0.44525144,0.054748565
0.53,0.48063883,0.04936114
0.56,0.50457823,0.05542177
0.5,0.5344784,-0.034478426
0.49,0.46099564,0.029004365
0.56,0.46670616,0.093293846
0.35,0.54236555,-0.19236556
0.16,0.31391335,-0.15391335
0.14,0.13468593,0.005314067
0.13,0.12657984,0.0034201592
0.08,0.115577616,-0.035577618
0.12,0.06165374,0.058346257
0.14,0.111221306,0.028778695
0.14,0.13860445,0.0013955534
0.1,0.13283971,-0.032839708
0.08,0.090226054,-0.010226056
0.08,0.06607841,0.013921589
0.05,0.06911655,-0.019116547
0.03,0.038144097,-0.008144097
0.01,0.014705792,-0.0047057923
0.0,0.0,0.0
0.01,0.0,0.01
0.01,0.004304908,0.0056950916
0.01,0.0,0.01
0.02,0.0043668617,0.015633138
0.04,0.029944949,0.01005505
0.03,0.046888977,-0.016888978
0.06,0.036131643,0.023868356
0.08,0.05464903,0.02535097
0.1,0.084848315,0.015151687
0.1,0.10940731,-0.009407312
0.12,0.10066606,0.019333936
0.2,0.11352968,0.08647032
0.23,0.1925551,0.037444904
0.26,0.22405446,0.035945535
0.3,0.25121635,0.04878366
0.35,0.29002422,0.059975773
0.38,0.341126,0.038874
0.39,0.36354408,0.026455909
0.3,0.3780252,-0.07802519
0.19,0.28306004,-0.09306005
0.18,0.17697702,0.0030229837
0.13,0.17358878,-0.043588787
0.08,0.11477934,-0.03477934
0.07,0.05846973,0.011530269
0.07,0.055495415,0.014504585
0.08,0.061614398,0.0183856
0.07,0.07426256,-0.004262559
0.07,0.0635683,0.006431699
0.09,0.06376819,0.02623181
0.11,0.086357504,0.023642495
0.1,0.10771294,-0.007712938
0.18,0.09758851,0.0824115
0.19,0.16899125,0.021008745
0.26,0.18760632,0.07239367
0.43,0.2532834,0.1767166
0.59,0.4177988,0.17220119
0.57,0.5738275,-0.0038275123
0.55,0.550308,-0.0003079772
0.68,0.52917206,0.15082794
0.76,0.6621468,0.097853184
0.75,0.7307601,0.019239902
0.76,0.7126068,0.047393203
0.62,0.7239468,-0.103946805
0.56,0.57515085,-0.015150845
0.6,0.5376885,0.06231153
0.93,0.5850698,0.34493023
0.97,0.93192446,0.038075566
0.98,0.8962616,0.083738446
0.98,0.9214705,0.058529496
0.98,0.92880213,0.051197886
0.98,0.94030154,0.03969848
0.98,0.9537358,0.02626419
0.98,0.9484247,0.031575322
0.97,0.9414357,0.028564334
0.97,0.9148444,0.055155635
0.97,0.9261707,0.04382932
0.97,0.9271858,0.042814255
0.97,0.91870666,0.051293373
0.97,0.9165993,0.053400755
0.97,0.9127692,0.05723083
0.97,0.9102529,0.0597471
0.97,0.91214967,0.05785036
0.97,0.9094167,0.060583353
0.97,0.9057907,0.06420934
0.97,0.89882815,0.07117188
0.97,0.90536547,0.06463456
0.97,0.90772605,0.06227398
0.97,0.90847945,0.061520576
0.97,0.9008008,0.069199204
0.97,0.9067739,0.063226104
0.97,0.91940427,0.05059576
0.97,0.9009224,0.06907761
0.97,0.90657675,0.063423276
0.97,0.90702796,0.06297207
0.97,0.9127394,0.057260633
0.97,0.9064257,0.063574314
0.91,0.8990449,0.010955155
0.92,0.8363296,0.08367044
0.95,0.8724927,0.07750732
0.97,0.9019512,0.068048835
0.97,0.9125991,0.05740094
0.97,0.9140837,0.05591631
0.97,0.9099301,0.06006992
0.97,0.9245411,0.045458913
0.97,0.9193965,0.05060351
0.97,0.90953493,0.060465097
0.97,0.9096997,0.06030035
0.97,0.92309153,0.046908498
0.97,0.9158093,0.054190755
0.97,0.9142939,0.055706143
0.97,0.9125391,0.057460904
0.97,0.9112942,0.058705807
0.97,0.923398,0.04660201
0.97,0.90499544,0.06500459
0.97,0.92947745,0.040522575
0.97,0.924255,0.045745015
0.97,0.9080901,0.061909914
0.97,0.9119587,0.058041334
0.97,0.9460043,0.023995757
0.97,0.92760575,0.04239428
0.97,0.90955234,0.060447693
0.97,0.9232981,0.046701908
0.97,0.9174839,0.052516103
0.97,0.93472624,0.03527379
0.97,0.92782664,0.042173386
0.97,0.9305645,0.039435506
0.96,0.8823699,0.0776301
0.97,0.868073,0.10192704
0.97,0.9084964,0.06150365
0.97,0.909987,0.060013056
0.97,0.9092331,0.060766935
0.97,0.9034065,0.06659353
0.97,0.910166,0.059834003
0.97,0.9078598,0.062140226
0.97,0.90803075,0.06196928
0.97,0.90462136,0.065378666
0.96,0.90852475,0.051475227
0.98,0.8927543,0.0872457
0.97,0.92562914,0.04437089
0.98,0.90638864,0.07361138
0.97,0.9179362,0.052063823
0.96,0.9121119,0.0478881
0.95,0.8874657,0.06253427
0.71,0.8792858,-0.16928583
0.71,0.6267812,0.08321875
0.86,0.69152963,0.16847038
0.95,0.8268217,0.1231783
0.95,0.8988403,0.05115968
0.92,0.8815485,0.038451493
0.84,0.84789157,-0.007891595
0.75,0.7837038,-0.033703804
0.58,0.7008829,-0.12088293
0.54,0.5364213,0.0035787225
0.52,0.52193284,-0.0019328594
0.45,0.501245,-0.051245034
0.47,0.42392477,0.046075225
0.4,0.45346102,-0.053461015
0.24,0.3758094,-0.1358094
0.23,0.22507298,0.0049270242
0.23,0.22523136,0.00476864
0.23,0.22567603,0.0043239743
0.25,0.22349876,0.026501238
0.24,0.24333294,-0.0033329427
0.23,0.23409075,-0.0040907413
0.21,0.22280335,-0.012803361
0.19,0.20589225,-0.015892252
0.17,0.1830067,-0.013006702
0.18,0.16877216,0.011227846
0.19,0.17372234,0.016277656
0.2,0.18566126,0.014338747
0.23,0.19400588,0.035994127
0.28,0.22187075,0.05812925
0.27,0.27574405,-0.00574404
0.21,0.2639797,-0.05397971
0.17,0.204472,-0.034472004
0.14,0.16628325,-0.02628325
0.15,0.13715744,0.012842566
0.1,0.14477555,-0.044775553
0.09,0.096475884,-0.0064758807
0.08,0.085301995,-0.005301997
0.04,0.07198548,-0.031985484
0.03,0.034519374,-0.004519375
0.03,0.024325453,0.0056745466
0.02,0.022670299,-0.0026702993
0.01,0.014828041,-0.0048280414
0.01,0.004826138,0.005173862
0.0,0.0,0.0
0.01,0.0,0.01
0.01,0.0,0.01
0.02,0.0,0.02
0.06,0.0381843,0.021815699
0.06,0.07414412,-0.014144119
0.09,0.07674758,0.013252422
0.07,0.101412416,-0.031412415
0.06,0.08207465,-0.022074651
0.18,0.062490907,0.1175091
0.34,0.16924718,0.17075282
0.57,0.33161318,0.23838681
0.76,0.55427146,0.20572853
0.67,0.74243724,-0.07243723
0.48,0.6441263,-0.1641263
0.38,0.46176636,-0.08176637
0.3,0.3704523,-0.0704523
0.32,0.293398,0.026602
0.34,0.3134078,0.026592195
0.32,0.33098736,-0.010987371
0.28,0.30718306,-0.027183056
0.46,0.27631804,0.18368196
0.55,0.4499525,0.1000475
0.6,0.53051734,0.069482684
0.9,0.5721785,0.3278215
0.98,0.87265074,0.10734928
0.98,0.9623616,0.017638445
0.98,0.9173832,0.062616825
0.97,0.93552506,0.03447497
0.97,0.91346884,0.05653119
0.43,0.9323747,-0.5023747
0.46,0.3392332,0.12076682
0.69,0.4694775,0.2205225
0.97,0.69274294,0.27725708
0.98,0.94456506,0.03543496
0.98,0.9227122,0.057287812
0.98,0.92928636,0.05071366
0.98,0.94229436,0.03770566
0.98,0.94376993,0.036230087
0.98,0.9252316,0.054768443
0.98,0.9206327,0.0593673
0.97,0.9131391,0.056860924
0.97,0.9152087,0.05479133
0.97,0.9006293,0.06937075
0.97,0.8989346,0.071065426
0.97,0.9061085,0.06389153
0.98,0.9131465,0.06685352
0.98,0.9250864,0.05491364
0.97,0.9252014,0.044798613
0.97,0.90698195,0.06301808
0.97,0.9175416,0.052458405
0.98,0.9051677,0.07483232
0.97,0.930071,0.039929032
0.94,0.90525436,0.034745634
0.91,0.869871,0.040129006
0.86,0.8457929,0.014207125
0.89,0.8017503,0.08824968
0.88,0.8431393,0.036860704
0.79,0.82323015,-0.033230126
0.9,0.73058355,0.16941643
0.97,0.87087345,0.09912658
0.95,0.9189186,0.031081378
0.92,0.8862746,0.03372544
0.97,0.86885893,0.101141095
0.97,0.9256042,0.044395804
0.97,0.91795576,0.052044272
0.96,0.908479,0.051521003
0.97,0.90368867,0.06631136
0.95,0.9156158,0.03438419
0.94,0.8858888,0.054111183
0.95,0.8853878,0.06461221
0.97,0.8903643,0.07963574
0.97,0.9125972,0.05740285
0.97,0.9151652,0.054834843
0.97,0.90543437,0.06456566
0.97,0.91436934,0.055630684
0.97,0.9053906,0.06460941
0.95,0.9137081,0.036291897
0.97,0.88355136,0.08644867
0.96,0.91595674,0.044043243
0.97,0.8954549,0.074545145
0.96,0.9155487,0.044451296
0.96,0.88990736,0.07009262
0.97,0.90040267,0.06959736
0.96,0.9044956,0.05550438
0.92,0.8995315,0.020468533
0.91,0.8439647,0.06603533
0.94,0.85560703,0.084392965
0.91,0.8852892,0.024710834
0.87,0.8428439,0.027156115
0.79,0.80316126,-0.013161242
0.82,0.73648214,0.08351785
0.72,0.7756916,-0.0556916
0.64,0.6652266,-0.025226593
0.61,0.6023916,0.0076084137
0.56,0.58360946,-0.02360946
0.44,0.52941585,-0.08941585
0.39,0.40518594,-0.015185952
0.32,0.37121603,-0.051216036
0.37,0.3007534,0.06924659
0.3,0.36191556,-0.061915547
0.34,0.2834069,0.05659309
0.25,0.32456383,-0.07456383
0.23,0.23372485,-0.0037248433
0.08,0.21608464,-0.13608465
0.01,0.05826292,-0.048262917
0.06,0.0,0.06
0.04,0.053855628,-0.013855629
0.06,0.032936953,0.027063046
0.11,0.048240665,0.061759334
0.17,0.10558018,0.06441982
0.21,0.16857348,0.04142651
0.27,0.20758435,0.06241566
0.42,0.26307747,0.15692252
0.51,0.40937153,0.100628465
0.46,0.50034654,-0.040346533
0.51,0.4488219,0.06117809
0.45,0.50836706,-0.058367074
0.32,0.44404748,-0.12404749
0.27,0.30992356,-0.03992355
0.16,0.2539858,-0.093985796
0.13,0.14263351,-0.012633517
0.08,0.11444761,-0.03444761
0.01,0.101301394,-0.0913014
0.01,0.054589577,-0.04458958
0.22,0.029173844,0.19082615
0.37,0.18997765,0.18002236
0.24,0.33441606,-0.09441607
0.13,0.22946285,-0.09946285
0.01,0.12299302,-0.112993024
0.01,0.01203616,-0.0020361599
0.08,0.009090189,0.07090981
0.09,0.06943126,0.020568743
0.05,0.08530174,-0.03530174
0.02,0.036555223,-0.016555224
0.01,0.0017302372,0.008269763
0.01,0.001907628,0.008092372
0.01,0.0053945836,0.004605416
0.01,0.0,0.01
0.01,0.0,0.01
0.06,0.005008854,0.054991145
0.07,0.06344899,0.0065510124
0.09,0.076913774,0.01308623
0.09,0.092594914,-0.0025949106
0.06,0.09363337,-0.03363337
0.04,0.0632606,-0.0232606
0.01,0.037387446,-0.027387446
0.0,0.0024854355,-0.0024854355
0.01,0.0,0.01
0.01,0.0,0.01
0.01,0.01248553,-0.0024855305
0.01,0.0057369247,0.004263075
0.06,0.00446184,0.05553816
0.05,0.05755227,-0.00755227
0.04,0.04950417,-0.009504169
0.02,0.036091257,-0.016091257
0.01,0.013268929,-0.0032689292
0.01,0.0,0.01
0.01,0.0,0.01
0.01,0.0,0.01
0.04,0.00569514,0.034304857
0.04,0.050279617,-0.010279618
0.18,0.052401446,0.12759855
0.13,0.17803232,-0.04803233
0.06,0.14382067,-0.08382067
0.03,0.066404566,-0.036404565
0.01,0.016970653,-0.0069706533
0.01,0.0,0.01
0.01,0.0,0.01
0.03,0.0043057464,0.025694253
0.02,0.029325351,-0.009325352
0.03,0.019360434,0.010639565
0.02,0.032669213,-0.012669213
0.01,0.019073714,-0.009073714
0.01,0.0049705356,0.005029464
0.03,0.0148135945,0.015186405
0.01,0.027645597,-0.017645597
0.01,0.00723375,0.0027662497
0.01,0.0,0.01
0.01,0.0,0.01
0.0,0.0010615326,-0.0010615326
0.01,0.0,0.01
0.01,0.0,0.01
0.01,0.0,0.01
0.0,0.013332384,-0.013332384
0.01,0.0014245398,0.00857546
0.0,0.006189745,-0.006189745
0.01,0.0,0.01
0.0,0.028111083,-0.028111083
0.01,0.009685257,0.00031474233
0.01,0.0,0.01
0.01,0.0,0.01
0.02,0.0035065617,0.016493438
0.06,0.025086464,0.034913532
0.11,0.06954931,0.040450692
0.14,0.12656197,0.013438031
0.11,0.15279302,-0.04279302
0.03,0.11632699,-0.08632699
0.05,0.025605999,0.024394002
0.05,0.044069443,0.005930558
0.05,0.048429437,0.0015705638
0.04,0.044032052,-0.004032053
0.01,0.033685982,-0.023685982
0.04,0.0,0.04
0.03,0.04620233,-0.016202332
0.02,0.025401123,-0.0054011233
0.02,0.01900762,0.0009923801
0.06,0.019025285,0.040974714
0.07,0.054814156,0.015185844
0.14,0.07091607,0.06908393
0.14,0.1419267,-0.0019267052
0.14,0.14557193,-0.0055719316
0.15,0.14076743,0.009232581
0.22,0.1480617,0.071938306
0.14,0.21506861,-0.07506861
0.17,0.13831714,0.031682864
0.15,0.16123652,-0.011236519
0.15,0.13857524,0.011424765
0.11,0.14248213,-0.032482132
0.23,0.10416408,0.12583593
0.14,0.22153942,-0.08153942
0.12,0.13843688,-0.018436886
0.16,0.11067184,0.049328156
0.27,0.15057126,0.119428754
0.3,0.25823954,0.041760474
0.4,0.29669234,0.103307664
0.39,0.38851994,0.0014800429
0.36,0.37661776,-0.016617745
0.32,0.3464686,-0.026468605
0.42,0.30915904,0.11084095
0.48,0.40810236,0.071897626
0.55,0.46906972,0.08093029
0.59,0.5326716,0.057328403
0.51,0.5649791,-0.054979086
0.43,0.48356465,-0.053564638
0.44,0.4107059,0.029294103
0.41,0.42330903,-0.013309032
0.37,0.3938206,-0.023820609
0.34,0.35250148,-0.012501478
0.35,0.32953802,0.020461977
0.28,0.33747014,-0.057470143
0.23,0.2625569,-0.032556906
0.24,0.21777199,0.022228003
0.19,0.2270079,-0.037007898
0.2,0.17876163,0.021238372
0.2,0.1856381,0.014361903
0.25,0.18835673,0.061643273
0.28,0.24023025,0.039769754
0.33,0.26901245,0.060987562
0.38,0.3165901,0.063409895
0.45,0.36384216,0.08615783
0.5,0.4356654,0.0643346
0.46,0.483111,-0.023110986
0.55,0.44195303,0.10804698
0.67,0.54367507,0.12632495
0.7,0.65249586,0.047504127
0.74,0.67143834,0.06856167
0.8,0.7111423,0.08885771
0.71,0.76256406,-0.052564085
0.78,0.65900886,0.12099111
0.87,0.75839615,0.111603856
0.74,0.82536733,-0.08536732
0.72,0.6791903,0.04080975
0.66,0.68335295,-0.023352921
0.56,0.6190442,-0.059044182
0.52,0.52356625,-0.003566265
0.48,0.50383335,-0.023833364
0.46,0.4564719,0.0035281181
0.45,0.4431518,0.0068481863
0.35,0.43189105,-0.08189106
0.38,0.33144698,0.04855302
0.37,0.3659527,0.0040473044
0.3,0.3564137,-0.05641368
0.24,0.28332558,-0.043325588
0.1,0.22554936,-0.12554935
0.04,0.09044455,-0.05044455
0.04,0.020926438,0.01907356
0.02,0.028304074,-0.008304074
0.03,0.0093519725,0.020648027
0.06,0.015271928,0.04472807
0.05,0.05873794,-0.00873794
0.03,0.052780546,-0.022780547
0.01,0.031830575,-0.021830576
0.01,0.0,0.01
0.01,0.0016252659,0.008374734
0.0,0.0,0.0
0.01,0.0,0.01
0.01,0.0,0.01
0.01,0.0,0.01
0.0,0.018212883,-0.018212883
0.0,0.010826711,-0.010826711
0.02,0.0024192445,0.017580755
0.04,0.029520238,0.010479761
0.02,0.051963948,-0.03196395
0.01,0.021139055,-0.011139056
0.01,0.0,0.01
0.01,0.0,0.01
0.01,0.0,0.01
0.01,0.0,0.01
0.01,0.008824607,0.0011753924
0.03,0.0009560492,0.02904395
0.05,0.039231874,0.010768127
0.01,0.06776339,-0.05776339
0.03,0.0,0.03
0.11,0.027702238,0.08229776
0.06,0.11885576,-0.05885576
0.06,0.07096586,-0.010965858
0.16,0.060496718,0.09950328
0.27,0.15860572,0.111394286
0.34,0.26839733,0.07160267
0.39,0.342073,0.047926992
0.54,0.38459176,0.15540826
0.53,0.5210177,0.008982301
0.65,0.5137905,0.13620949
0.85,0.6259836,0.22401643
0.81,0.8235198,-0.013519824
0.82,0.7685888,0.05141121
0.92,0.7862314,0.13376862
0.94,0.88438714,0.055612862
0.98,0.89268494,0.08731508
0.98,0.93957245,0.040427566
0.97,0.9276855,0.04231453
0.98,0.9224998,0.057500243
0.97,0.92349386,0.046506166
0.97,0.9274459,0.04255414
0.97,0.92557025,0.04442978
0.97,0.92606044,0.04393959
0.97,0.92029846,0.04970157
0.97,0.9181609,0.051839113
0.97,0.9216584,0.048341632
0.97,0.9136349,0.056365132
0.97,0.916384,0.053616047
0.97,0.92376864,0.04623139
0.97,0.9170232,0.052976847
0.97,0.9139056,0.056094408
0.97,0.9223875,0.047612548
0.97,0.92056847,0.049431562
0.97,0.9198185,0.050181508
0.97,0.9424764,0.027523637
0.97,0.9229435,0.047056556
0.97,0.9316807,0.03831935
0.97,0.92348826,0.04651177
0.97,0.92188907,0.048110962
0.97,0.91541266,0.054587364
0.97,0.9105021,0.059497952
0.97,0.90655565,0.063444376
0.97,0.9009999,0.069000125
0.97,0.90371954,0.066280484
0.97,0.9087081,0.061291933
0.97,0.9032432,0.066756845
0.97,0.90195644,0.06804359
0.97,0.91164136,0.05835867
0.97,0.9091883,0.060811758
0.97,0.91111565,0.058884382
0.97,0.9190475,0.050952554
0.97,0.9339466,0.03605342
0.97,0.91232705,0.057672977
0.97,0.9223701,0.047629952
0.97,0.90352523,0.066474795
0.97,0.9147061,0.055293918
0.97,0.9206462,0.049353838
0.97,0.9158982,0.054101825
0.97,0.9170511,0.05294895
0.97,0.9075705,0.062429547
0.97,0.9153429,0.0546571
0.97,0.89999354,0.07000649
0.97,0.9226531,0.04734695
0.97,0.9217974,0.048202634
0.97,0.91482687,0.05517316
0.97,0.930655,0.039345026
0.97,0.90970707,0.06029296
0.97,0.9038224,0.06617761
0.98,0.8986076,0.08139241
0.97,0.9162836,0.05371642
0.92,0.89933074,0.020669281
0.95,0.85080767,0.09919232
0.97,0.89782894,0.07217109
0.97,0.90949905,0.06050098
0.97,0.92255807,0.04744196
0.97,0.9167582,0.05324185
0.97,0.927722,0.04227805
0.97,0.91216207,0.057837963
0.97,0.9023782,0.06762183
0.97,0.91739523,0.052604795
0.97,0.91516805,0.05483198
0.97,0.91890776,0.051092267
0.97,0.91595006,0.05404997
0.97,0.91266584,0.057334185
0.97,0.9086925,0.06130755
0.97,0.934036,0.035964012
0.97,0.9077605,0.062239528
0.97,0.9129894,0.05701065
0.97,0.91002476,0.059975266
0.98,0.89855623,0.08144379
0.97,0.91324127,0.05675876
0.97,0.90232134,0.06767869
0.97,0.9040408,0.065959215
0.97,0.9135134,0.056486607
0.97,0.9133189,0.056681156
0.97,0.8984004,0.0715996
0.94,0.91134036,0.028659642
0.81,0.86952674,-0.05952674
0.67,0.7349793,-0.064979255
0.68,0.62289727,0.05710274
0.75,0.6550244,0.09497559
0.75,0.7161758,0.033824205
0.7,0.7041614,-0.0041614175
0.59,0.6529107,-0.062910736
0.6,0.55188787,0.048112154
0.61,0.5805415,0.029458523
0.48,0.58742344,-0.107423455
0.43,0.44931206,-0.019312054
0.51,0.41430858,0.09569141
0.44,0.50438154,-0.06438154
0.59,0.41946504,0.17053494
0.67,0.5750556,0.09494442
0.6,0.63940287,-0.039402843
0.51,0.5691035,-0.05910349
0.49,0.48779976,0.0022002459
0.51,0.47532684,0.034673154
0.6,0.50026643,0.09973359
0.59,0.57984114,0.010158837
0.43,0.5651463,-0.13514632
0.32,0.41309413,-0.09309414
0.44,0.31200513,0.12799487
0.61,0.43102518,0.17897484
0.72,0.59103477,0.12896526
0.71,0.6896006,0.020399392
0.85,0.6733477,0.17665231
0.94,0.8156729,0.12432712
0.91,0.89487076,0.015129268
0.92,0.851302,0.06869799
0.91,0.8706596,0.039340436
0.98,0.8606498,0.119350195
0.98,0.9469907,0.03300929
0.98,0.95277154,0.027228475
0.98,0.9503883,0.029611707
0.98,0.9126605,0.06733954
0.98,0.9312618,0.04873824
0.98,0.9321748,0.047825217
0.97,0.9280915,0.041908503
0.97,0.9070436,0.06295645
0.97,0.9001818,0.06981826
0.97,0.9219744,0.048025608
0.97,0.9186865,0.05131352
0.97,0.8960459,0.073954105
0.98,0.9025909,0.07740915
0.98,0.9328915,0.04710853
0.97,0.9038302,0.06616986
0.8,0.90346086,-0.10346085
0.79,0.71932006,0.07067996
0.89,0.747941,0.14205897
0.77,0.8508707,-0.08087075
0.77,0.696875,0.073125005
0.72,0.72846043,-0.0084604025
0.9,0.6747298,0.22527015
0.97,0.87011814,0.09988189
0.98,0.92150533,0.058494687
0.97,0.92622733,0.043772697
0.97,0.92791295,0.042087078
0.96,0.9024216,0.057578385
0.97,0.89400005,0.075999975
0.97,0.9198915,0.050108552
0.94,0.90139246,0.038607538
0.83,0.88424695,-0.054246962
0.9,0.7609395,0.1390605
0.8,0.85471475,-0.05471474
0.79,0.7325883,0.05741173
0.67,0.7498785,-0.07987851
0.69,0.624398,0.065602005
0.7,0.65691113,0.043088853
0.87,0.67164993,0.19835007
0.77,0.8308021,-0.060802102
0.72,0.70873725,0.0112627745
0.81,0.6739814,0.13601857
0.88,0.7827771,0.097222924
0.84,0.83061755,0.009382427
0.92,0.78562725,0.13437277
0.97,0.8738322,0.0961678
0.97,0.91495836,0.05504167
0.98,0.91298103,0.067018986
0.98,0.9386296,0.04137039
0.98,0.93927824,0.040721774
0.98,0.9205965,0.05940354
0.98,0.93195057,0.04804945
0.98,0.9296082,0.050391793
0.96,0.92298543,0.037014544
0.98,0.8975445,0.082455516
0.97,0.92696095,0.043039083
0.97,0.9232565,0.046743512
0.98,0.92254853,0.057451487
0.98,0.9252286,0.054771423
0.98,0.92217994,0.05782008
0.98,0.92131805,0.058681965
0.97,0.917099,0.05290103
0.97,0.9056008,0.06439924
0.98,0.92348635,0.056513667
0.98,0.9248345,0.05516553
0.98,0.92207444,0.057925582
0.98,0.92538166,0.05461836
0.98,0.91841173,0.061588287
0.98,0.91869354,0.061306477
0.98,0.9182335,0.061766505
0.98,0.9258275,0.054172516
0.97,0.92540514,0.044594884
0.98,0.90944374,0.07055628
0.98,0.9289844,0.051015615
0.97,0.9194548,0.050545216
0.98,0.9100518,0.0699482
0.98,0.9222809,0.05771911
0.98,0.92466843,0.055331588
0.98,0.9349612,0.04503882
0.98,0.93790317,0.042096853
0.98,0.93293357,0.04706645
0.98,0.91129494,0.06870508
0.98,0.9205067,0.059493303
0.98,0.9239222,0.056077838
0.98,0.91100895,0.068991065
0.98,0.93121374,0.048786283
0.97,0.927614,0.042386055
0.98,0.9134182,0.066581845
0.98,0.93096817,0.049031854
0.98,0.9157939,0.06420612
0.98,0.93546367,0.044536352
0.98,0.93769133,0.04230869
0.98,0.93017006,0.04982996
0.98,0.90505564,0.07494438
0.96,0.9090196,0.05098039
0.94,0.88610435,0.053895652
0.92,0.8758335,0.044166505
0.98,0.8686702,0.111329794
0.97,0.9406059,0.02939415
0.97,0.9066776,0.063322425
0.91,0.92720413,-0.017204106
0.94,0.8268714,0.1131286
0.93,0.8972608,0.032739222
0.97,0.86361206,0.10638797
0.94,0.9188652,0.021134794
0.97,0.8749,0.095100045
0.96,0.92351854,0.03648144
0.93,0.90680265,0.023197353
0.82,0.8658514,-0.04585141
0.75,0.75882304,-0.008823037
0.89,0.70487225,0.18512774
0.94,0.86470485,0.07529515
0.86,0.8816656,-0.021665573
0.89,0.79656816,0.09343183
0.86,0.8445034,0.015496612
0.77,0.8074566,-0.03745663
0.74,0.71323526,0.02676475
0.72,0.7049544,0.015045643
0.77,0.68505025,0.08494973
0.83,0.740615,0.08938497
0.83,0.78966546,0.040334523
0.79,0.7837534,0.0062466264
0.71,0.7469195,-0.036919534
0.54,0.6666744,-0.12667435
0.59,0.5058204,0.08417958
0.52,0.5754099,-0.05540991
0.4,0.49803224,-0.098032236
0.47,0.3884602,0.08153981
0.47,0.46264496,0.0073550344
0.41,0.45688668,-0.046886683
0.47,0.40464187,0.06535813
0.36,0.4610583,-0.101058275
0.36,0.35285303,0.0071469843
0.42,0.3605378,0.05946219
0.39,0.4118943,-0.021894306
0.34,0.3833143,-0.043314308
0.25,0.33646202,-0.08646202
0.23,0.25182107,-0.021821067
0.28,0.22995755,0.05004245
0.26,0.27413028,-0.014130294
0.23,0.26343787,-0.033437863
0.29,0.23337644,0.05662355
0.39,0.28630355,0.103696436
0.34,0.38379404,-0.043794036
0.26,0.3422539,-0.0822539
0.23,0.26325017,-0.033250168
0.26,0.23018211,0.02981788
0.23,0.26072907,-0.03072907
0.29,0.2275961,0.062403888
0.27,0.2860552,-0.016055197
0.23,0.2704615,-0.040461496
0.18,0.2307966,-0.0507966
0.14,0.18276629,-0.042766288
0.13,0.14369771,-0.013697714
0.1,0.13300505,-0.03300505
0.11,0.106219165,0.0037808344
0.12,0.10787848,0.012121521
0.15,0.12175314,0.028246865
0.15,0.15084188,-0.0008418709
0.2,0.15371937,0.046280637
0.2,0.19981207,0.00018793344
0.15,0.20246096,-0.052460954
0.13,0.15373431,-0.023734316
0.18,0.13158627,0.04841374
0.17,0.175006,-0.0050060004
0.12,0.17323823,-0.053238235
0.12,0.12808678,-0.008086778
0.11,0.12173229,-0.011732288
0.1,0.11529364,-0.015293635
0.13,0.10533437,0.024665624
0.12,0.12996197,-0.00996197
0.12,0.12465873,-0.0046587363
0.11,0.12193129,-0.011931293
0.08,0.11328364,-0.033283643
0.06,0.08462927,-0.024629269
0.06,0.06543584,-0.005435843
0.08,0.064868286,0.015131712
0.08,0.08246045,-0.00246045
0.06,0.084041886,-0.024041887
0.04,0.068876624,-0.028876625
0.04,0.04307595,-0.0030759498
0.05,0.042446356,0.0075536445
0.02,0.0503734,-0.030373402
0.0,0.025376286,-0.025376286
0.01,0.0,0.01
0.01,0.0,0.01
0.01,0.0,0.01
0.01,0.0,0.01
0.01,0.0,0.01
0.01,0.0,0.01
0.01,0.0,0.01
0.01,0.0069660638,0.003033936
0.01,0.008202132,0.0017978679
0.01,0.01344974,-0.00344974
0.01,0.018070355,-0.008070355
0.01,0.0095754415,0.0004245583
0.01,0.008764828,0.0012351722
0.01,0.009543903,0.0004560966
0.01,0.01099759,-0.0009975899
0.01,0.011257239,-0.0012572389
0.01,0.01657265,-0.0065726507
0.04,0.03128568,0.008714318
0.09,0.060760602,0.029239401
0.1,0.10289444,-0.0028944388
0.12,0.11479765,0.0052023456
0.11,0.12989013,-0.01989013
0.08,0.12157372,-0.04157372
0.08,0.085110836,-0.0051108375
0.1,0.08075294,0.019247063
0.15,0.10097346,0.04902655
0.17,0.14659458,0.023405418
0.18,0.17076008,0.009239927
0.21,0.1826674,0.027332589
0.32,0.20830582,0.11169417
0.36,0.30728266,0.052717358
0.49,0.35462078,0.13537923
0.55,0.47662818,0.07337183
0.47,0.5366863,-0.0666863
0.66,0.45998254,0.20001748
0.64,0.63816094,0.0018390417
0.77,0.61451733,0.15548265
0.83,0.7438816,0.0861184
0.88,0.78938234,0.09061766
0.81,0.8379899,-0.027989924
0.91,0.76109564,0.14890438
0.92,0.8793272,0.04067284
0.94,0.8684182,0.07158178
0.97,0.89579237,0.07420766
0.97,0.9210391,0.048960924
0.93,0.91138506,0.018614948
0.97,0.86760485,0.10239518
0.97,0.93118703,0.038812995
0.92,0.90732396,0.01267606
0.93,0.8573843,0.07261568
0.95,0.88042355,0.06957644
0.84,0.8994218,-0.059421837
0.92,0.7732134,0.14678663
0.88,0.87809634,0.0019036531
0.86,0.81510115,0.044898868
0.89,0.8078691,0.08213091
0.93,0.8420429,0.087957084
0.89,0.87537134,0.014628649
0.93,0.834329,0.095671
0.93,0.87925315,0.050746858
0.92,0.869967,0.050033033
0.94,0.86380816,0.07619184
0.97,0.8899232,0.08007681
0.96,0.92125785,0.038742125
0.97,0.9056808,0.06431925
0.97,0.91767085,0.052329183
0.97,0.91488874,0.05511129
0.96,0.90920746,0.050792515
0.97,0.90248907,0.06751096
0.98,0.9091917,0.07080829
0.97,0.926237,0.04376304
0.97,0.9162818,0.05371821
0.97,0.91182494,0.058175087
0.97,0.8956591,0.07434094
0.96,0.9205241,0.03947586
0.92,0.892764,0.027236044
0.84,0.8503369,-0.0103369355
0.74,0.780444,-0.040444016
0.65,0.6895852,-0.039585233
0.65,0.6150378,0.034962177
0.57,0.62109077,-0.051090777
0.62,0.5394764,0.08052361
0.62,0.59841156,0.021588445
0.62,0.590094,0.029906034
0.51,0.5907414,-0.080741405
0.4,0.48775688,-0.08775687
0.56,0.38615933,0.17384067
0.6,0.5511508,0.048849225
0.49,0.57911074,-0.08911073
0.69,0.46820578,0.22179422
0.66,0.66820633,-0.008206308
0.48,0.6277696,-0.1477696
0.5,0.4603341,0.039665908
0.58,0.4896706,0.09032938
0.72,0.56481147,0.15518856
0.78,0.6919817,0.0880183
0.69,0.7555144,-0.065514386
0.48,0.6617857,-0.18178573
0.44,0.4584038,-0.018403798
0.52,0.4415447,0.07845527
0.37,0.5114547,-0.1414547
0.32,0.35123417,-0.031234175
0.38,0.31704974,0.06295025
0.46,0.36905745,0.09094256
0.53,0.44755542,0.08244455
0.45,0.511178,-0.06117803
0.36,0.43351758,-0.07351756
0.29,0.36057326,-0.07057327
0.22,0.2910592,-0.0710592
0.2,0.2218113,-0.021811292
0.22,0.2030719,0.016928092
0.25,0.22624421,0.023755789
0.25,0.24803615,0.0019638538
0.3,0.24485672,0.055143297
0.38,0.29202178,0.087978214
0.3,0.37627965,-0.07627964
0.36,0.3019223,0.058077723
0.36,0.34986958,0.010130435
0.56,0.35050312,0.20949689
0.53,0.5402423,-0.010242343
0.49,0.520332,-0.03033197
0.44,0.47621724,-0.036217242
0.44,0.43223676,0.0077632368
0.43,0.43321964,-0.0032196343
0.42,0.42722806,-0.0072280765
0.46,0.41553685,0.044463158
0.46,0.44494745,0.015052557
0.51,0.45040578,0.059594214
0.36,0.4934298,-0.1334298
0.23,0.35790992,-0.12790991
0.23,0.23259327,-0.002593264
0.22,0.2362576,-0.016257599
0.27,0.22220095,0.047799066
0.18,0.26411504,-0.08411503
0.2,0.18711083,0.012889177
0.24,0.2016257,0.03837429
0.22,0.23707269,-0.017072693
0.31,0.2233347,0.0866653
0.31,0.30103847,0.008961529
0.27,0.3054485,-0.03544849
0.37,0.27027282,0.09972718
0.45,0.36201304,0.087986946
0.44,0.4382014,0.0017986
0.36,0.43447092,-0.07447091
0.27,0.36026433,-0.09026432
0.4,0.27521452,0.12478548
0.37,0.38667002,-0.016670018
0.53,0.37093124,0.15906873
0.94,0.5082415,0.43175852
0.98,0.90588903,0.074110985
0.97,0.9455975,0.0244025
0.87,0.91545045,-0.04545045
0.96,0.8127464,0.14725357
0.98,0.9229543,0.0570457
0.98,0.93212533,0.04787469
0.98,0.94062376,0.03937626
0.98,0.9359982,0.044001818
0.98,0.92087936,0.059120655
0.97,0.93906355,0.03093648
0.97,0.90735245,0.06264758
0.97,0.90823054,0.061769485
0.97,0.92798233,0.0420177
0.98,0.93186736,0.048132658
0.98,0.9241451,0.055854917
0.98,0.9352056,0.04479444
0.97,0.93260944,0.03739059
0.97,0.92383623,0.046163797
0.98,0.93764675,0.042353272
0.98,0.93578315,0.04421687
0.98,0.9351436,0.04485643
0.98,0.9206394,0.059360623
0.98,0.94324756,0.036752462
0.98,0.92729485,0.05270517
0.98,0.92233956,0.05766046
0.98,0.93403375,0.045966268
0.98,0.92333007,0.05666995
0.98,0.9274565,0.05254352
0.97,0.945153,0.02484703
0.98,0.90724766,0.07275236
0.98,0.9206133,0.05938673
0.98,0.9212967,0.058703303
0.97,0.9135952,0.05640483
0.98,0.91334414,0.066655874
0.97,0.9257963,0.04420376
0.97,0.91520953,0.054790497
0.97,0.9275998,0.04240024
0.97,0.910463,0.059537053
0.97,0.9104624,0.05953765
0.98,0.9201771,0.059822917
0.97,0.9319457,0.038054347
0.97,0.91323435,0.056765676
0.98,0.9248812,0.0551188
0.97,0.9275646,0.042435408
0.97,0.9132457,0.05675435
0.97,0.9095695,0.060430527
0.97,0.9106126,0.059387445
0.97,0.90986204,0.060137987
0.97,0.9185957,0.051404357
0.98,0.8984916,0.0815084
0.98,0.9278009,0.052199125
0.98,0.9150306,0.06496942
0.97,0.9152988,0.05470121
0.97,0.9123447,0.057655334
0.97,0.91014826,0.059851766
0.97,0.926291,0.04370904
0.97,0.917753,0.052247047
0.98,0.9062929,0.073707104
0.97,0.91679204,0.053207994
0.97,0.9038179,0.06618214
0.97,0.91091216,0.059087873
0.97,0.91462994,0.055370092
0.94,0.9056392,0.034360826
0.89,0.86485195,0.025148034
0.83,0.82455635,0.0054436326
0.65,0.7676028,-0.117602825
0.64,0.5907229,0.049277067
0.84,0.6183419,0.22165805
0.72,0.81208646,-0.092086434
0.65,0.6560199,-0.00601995
0.68,0.6123483,0.06765169
0.77,0.65082157,0.119178414
0.87,0.737978,0.13202202
0.86,0.8268386,0.0331614
0.9,0.8050587,0.09494126
0.83,0.84877956,-0.018779576
0.84,0.7759944,0.06400555
0.94,0.80074716,0.13925284
0.98,0.89957094,0.08042908
0.97,0.92411876,0.04588127
0.97,0.9277483,0.042251706
0.97,0.9149401,0.05505991
0.97,0.9106878,0.059312224
0.97,0.9259684,0.04403162
0.97,0.9011313,0.06886876
0.97,0.9081348,0.06186521
0.97,0.9181137,0.05188632
0.97,0.90260637,0.06739366
0.91,0.90693605,0.0030639768
0.62,0.83437073,-0.21437073
0.84,0.54526913,0.29473084
0.63,0.8390583,-0.20905828
0.69,0.5610664,0.12893361
0.55,0.6663121,-0.11631209
0.47,0.52552307,-0.055523068
0.43,0.45035234,-0.020352334
0.43,0.40834853,0.021651477
0.48,0.4166551,0.063344896
0.43,0.46473676,-0.034736753
0.4,0.4118736,-0.011873603
0.47,0.3780511,0.0919489
0.51,0.44893086,0.06106913
0.6,0.49252695,0.107473075
0.61,0.5797168,0.030283213
0.68,0.5865605,0.09343952
0.7,0.6617948,0.038205206
0.71,0.66910374,0.040896237
0.79,0.6847248,0.10527521
0.87,0.7649629,0.10503709
0.96,0.83517337,0.12482661
0.75,0.9336618,-0.18366182
0.66,0.66078186,-0.0007818341
0.69,0.61660135,0.07339865
0.74,0.66419125,0.07580876
0.6,0.70647967,-0.106479645
0.77,0.55606246,0.21393752
0.9,0.7510358,0.14896417
0.86,0.85958576,0.00041425228
0.65,0.80683005,-0.15683007
0.49,0.5998349,-0.10983491
0.6,0.4713963,0.12860373
0.64,0.6008496,0.039150357
0.68,0.62040734,0.059592664
0.6,0.65105844,-0.05105841
0.64,0.5653205,0.074679494
0.67,0.62676764,0.04323238
0.69,0.6408384,0.049161613
0.86,0.6635033,0.19649673
0.93,0.8281213,0.1018787
0.92,0.87176025,0.048239768
0.83,0.8606068,-0.030606806
0.94,0.7704705,0.1695295
0.89,0.9020792,-0.012079239
0.72,0.8329184,-0.11291838
0.63,0.67209494,-0.042094946
0.65,0.5998951,0.050104856
0.79,0.64095175,0.14904827
0.71,0.75973415,-0.049734175
0.57,0.65265644,-0.08265644
0.61,0.5265852,0.08341479
0.59,0.5862467,0.0037532449
0.86,0.5726025,0.2873975
0.97,0.8437755,0.12622452
0.98,0.91645277,0.06354725
0.98,0.9112146,0.06878543
0.98,0.9310521,0.04894793
0.98,0.9470271,0.03297293
0.97,0.92431796,0.045682073
0.98,0.9125562,0.06744385
0.98,0.923628,0.056372046
0.88,0.9420264,-0.06202638
0.89,0.794459,0.095541
0.97,0.8400259,0.12997413
0.97,0.9237814,0.046218634
0.97,0.9193201,0.050679922
0.97,0.9079925,0.062007546
0.97,0.9159913,0.054008722
0.95,0.9047688,0.045231164
0.95,0.8835803,0.06641966
0.96,0.8978442,0.062155783
0.97,0.912876,0.05712402
0.97,0.9140364,0.055963635
0.97,0.9190991,0.050900936
0.97,0.9097338,0.060266256
0.97,0.9143909,0.055609107
0.96,0.91226685,0.047733128
0.9,0.8940139,0.0059860945
0.97,0.8287164,0.14128363
0.93,0.926998,0.003001988
0.96,0.853686,0.106314
0.89,0.9069407,-0.016940713
0.9,0.82002306,0.07997692
0.89,0.8475696,0.0424304
0.95,0.8393868,0.11061317
0.89,0.9021586,-0.012158632
0.81,0.8253554,-0.015355408
0.74,0.74967563,-0.009675622
0.77,0.6979996,0.072000384
0.69,0.7336252,-0.043625176
0.61,0.641891,-0.03189099
0.5,0.5748259,-0.07482588
0.42,0.47273457,-0.052734584
0.4,0.4071505,-0.007150501
0.34,0.3859448,-0.04594481
0.27,0.32775155,-0.057751536
0.35,0.25950205,0.09049794
0.38,0.3400729,0.039927095
0.35,0.36354092,-0.013540924
0.29,0.3368884,-0.04688841
0.47,0.2826112,0.18738881
0.47,0.45630273,0.013697267
0.51,0.45673877,0.05326122
0.53,0.49270517,0.037294805
0.46,0.5175829,-0.057582885
0.52,0.44812188,0.071878105
0.54,0.50370264,0.03629738
0.57,0.52331734,0.046682656
0.49,0.5495136,-0.05951357
0.41,0.4720916,-0.06209159
0.37,0.39355633,-0.023556322
0.27,0.36311826,-0.09311825
0.23,0.2622,-0.032199994
0.31,0.22323096,0.086769044
0.28,0.29857928,-0.018579274
0.25,0.26860163,-0.018601626
0.26,0.23967704,0.020322949
0.18,0.24936981,-0.06936981
0.19,0.17639947,0.013600528
0.39,0.17946091,0.21053907
0.3,0.3729687,-0.07296869
0.27,0.29768285,-0.02768284
0.31,0.26144952,0.048550487
0.28,0.2990105,-0.019010484
0.23,0.27291185,-0.042911842
0.21,0.2280497,-0.018049702
0.27,0.2052815,0.064718515
0.24,0.25785452,-0.017854527
0.32,0.23422793,0.08577207
0.22,0.30772343,-0.087723434
0.18,0.2167385,-0.0367385
0.16,0.17540735,-0.015407354
0.13,0.15643936,-0.026439369
0.07,0.1269292,-0.056929193
0.05,0.06305126,-0.01305126
0.09,0.033346612,0.05665339
0.13,0.080369785,0.04963021
0.1,0.12727353,-0.027273528
0.13,0.10060654,0.029393457
0.17,0.13367553,0.03632447
0.16,0.17294335,-0.012943357
0.13,0.16634049,-0.03634049
0.1,0.1333531,-0.033353098
0.07,0.09831238,-0.028312378
0.07,0.059337113,0.010662887
0.1,0.059760433,0.04023957
0.09,0.101175785,-0.0111757815
0.1,0.0921425,0.0078575015
0.1,0.09773417,0.0022658333
0.07,0.09512043,-0.02512043
0.06,0.06366404,-0.0036640428
0.07,0.052417748,0.017582253
0.06,0.06853531,-0.008535314
0.07,0.060419895,0.009580106
0.07,0.06973158,0.00026842207
0.07,0.069114715,0.00088528544
0.05,0.069513135,-0.019513134
0.07,0.046760306,0.023239695
0.07,0.06677741,0.0032225922
0.06,0.0737495,-0.013749499
0.07,0.06514227,0.004857734
0.07,0.0646406,0.005359404
0.15,0.06374271,0.086257294
0.11,0.1422056,-0.032205597
0.05,0.121182024,-0.07118203
0.01,0.045908384,-0.035908386
0.01,0.0,0.01
0.01,0.0,0.01
0.01,0.0,0.01
0.01,0.0,0.01
0.01,0.0,0.01
0.01,0.0,0.01
0.01,0.018772813,-0.008772813
0.02,0.025044505,-0.005044505
0.02,0.031498954,-0.011498954
0.01,0.029468205,-0.019468205
0.02,0.017393678,0.0026063211
0.03,0.023793377,0.0062066223
0.05,0.029056411,0.02094359
0.05,0.048929714,0.0010702871
0.06,0.051781364,0.008218635
0.07,0.05858325,0.011416752
0.05,0.0744108,-0.024410803
0.05,0.05158351,-0.0015835091
0.03,0.0433206,-0.013320601
0.01,0.034111097,-0.024111098
0.01,0.0012587607,0.008741239
0.03,0.012643747,0.017356252
0.02,0.03295285,-0.012952849
0.02,0.0216525,-0.0016524997
0.02,0.01936496,0.00063503906
0.02,0.016537685,0.0034623146
0.03,0.018595472,0.011404527
0.02,0.026162354,-0.0061623547
0.02,0.018212393,0.0017876066
0.01,0.02114842,-0.011148421
0.01,0.006034363,0.0039656367
0.01,0.00024176762,0.009758232
0.01,0.0,0.01
0.01,0.0,0.01
0.01,0.0,0.01
0.01,0.0,0.01
0.01,0.0012531038,0.008746896
0.01,0.012292009,-0.002292009
0.01,0.010244824,-0.00024482422
0.01,0.013183806,-0.0031838063
0.01,0.027290016,-0.017290017
0.01,0.021831157,-0.011831157
0.02,0.0,0.02
0.07,0.028946005,0.041053995
0.07,0.08752884,-0.01752884
0.07,0.07604967,-0.0060496703
0.07,0.06752983,0.002470173
0.07,0.07493308,-0.0049330816
0.19,0.074860096,0.1151399
0.32,0.18681931,0.13318068
0.29,0.3168414,-0.026841402
0.01,0.2958887,-0.2858887
0.01,0.06379429,-0.053794295
0.07,0.02809823,0.04190177
0.14,0.064692006,0.075307995
0.23,0.12554206,0.104457945
0.3,0.221358,0.07864201
0.32,0.28787893,0.032121062
0.29,0.31074694,-0.020746946
0.37,0.28841552,0.08158448
0.42,0.35967645,0.060323536
0.5,0.41072008,0.08927992
0.6,0.48662984,0.11337018
0.65,0.5773922,0.072607756
0.7,0.6311778,0.068822205
0.63,0.6734358,-0.043435812
0.56,0.6028198,-0.042819798
0.55,0.5394721,0.010527909
0.62,0.53421557,0.085784435
0.67,0.59890497,0.07109505
0.7,0.64289296,0.05710703
0.73,0.6745076,0.0554924
0.73,0.6923586,0.037641406
0.83,0.69323015,0.13676983
0.94,0.7931316,0.14686841
0.92,0.89410985,0.025890172
0.96,0.8584447,0.10155529
0.96,0.91830325,0.041696727
0.93,0.9011644,0.028835595
0.98,0.8780557,0.10194433
0.91,0.9370278,-0.027027786
0.92,0.83408606,0.085913956
0.94,0.86371136,0.07628864
0.94,0.8821329,0.05786711
0.8,0.879128,-0.07912797
0.84,0.7287935,0.11120647
0.75,0.80910015,-0.05910015
0.67,0.6851655,-0.015165508
0.72,0.63234425,0.08765578
0.72,0.69011056,0.029889464
0.88,0.67809737,0.20190263
0.87,0.850049,0.019950986
0.94,0.80709934,0.13290066
0.98,0.8895711,0.09042895
0.97,0.9294572,0.04054284
0.97,0.91179323,0.058206797
0.97,0.92449534,0.04550469
0.97,0.92351604,0.046483994
0.97,0.9273807,0.042619348
0.97,0.9183637,0.05163634
0.97,0.9081831,0.06181693
0.96,0.90726995,0.052730024
0.73,0.88764226,-0.15764225
0.52,0.6437638,-0.1237638
0.55,0.46980458,0.08019543
0.72,0.53967214,0.18032789
0.91,0.7096815,0.20031852
0.84,0.87351406,-0.033514082
0.42,0.7704321,-0.35043213
0.09,0.33785352,-0.24785352
0.21,0.06701137,0.14298862
0.48,0.2077452,0.2722548
0.46,0.48283455,-0.02283454
0.59,0.44453296,0.14546701
0.43,0.5674478,-0.13744777
0.14,0.40970692,-0.2697069
0.12,0.12380021,-0.0038002133
0.23,0.11451958,0.11548042
0.33,0.22465111,0.1053489
0.22,0.33035678,-0.11035678
0.18,0.2185246,-0.038524598
0.09,0.17964244,-0.089642435
0.03,0.08274671,-0.052746706
0.03,0.012503624,0.017496375
0.11,0.024498265,0.08550173
0.17,0.11447048,0.05552952
0.19,0.17051297,0.019487023
0.18,0.19179982,-0.011799812
0.09,0.18501896,-0.09501895
0.07,0.08863862,-0.018638618
0.06,0.06054851,-0.00054851174
0.07,0.04655525,0.02344475
0.08,0.06184519,0.018154807
0.08,0.07808198,0.0019180179
0.05,0.08259787,-0.032597866
0.03,0.050346278,-0.020346278
0.04,0.028744143,0.011255857
0.03,0.02659138,0.0034086201
0.02,0.028171558,-0.008171558
0.02,0.01528383,0.004716169
0.02,0.013262335,0.0067376643
0.01,0.011949079,-0.0019490793
0.01,0.0,0.01
0.03,0.0,0.03
0.05,0.027642064,0.022357937
0.06,0.05138076,0.008619238
0.05,0.05872939,-0.008729391
0.05,0.047977228,0.002022773
0.04,0.045317803,-0.0053178035
0.03,0.043033432,-0.013033433
0.02,0.027570982,-0.007570982
0.01,0.020699497,-0.010699498
0.01,0.00028013997,0.00971986
0.02,0.0,0.02
0.03,0.0151194,0.014880599
0.04,0.028255714,0.011744285
0.04,0.038020346,0.0019796528
0.05,0.042633653,0.007366348
0.03,0.049917083,-0.019917084
0.01,0.029660992,-0.019660993
0.01,0.0015349053,0.0084650945
0.01,0.0,0.01
0.01,0.0,0.01
0.01,0.00424394,0.0057560597
0.01,0.017488912,-0.007488912
0.01,0.010589261,-0.00058926083
0.01,0.01771976,-0.0077197608
0.03,0.02245287,0.007547129
0.03,0.055483,-0.025483
0.01,0.05209804,-0.042098038
0.01,0.015980236,-0.0059802365
0.01,0.01767736,-0.0076773595
0.01,0.011624176,-0.0016241763
0.01,0.015952557,-0.0059525575
0.01,0.01605216,-0.0060521606
0.01,0.018808559,-0.008808559
0.01,0.015878271,-0.0058782715
0.01,0.026541691,-0.016541691
0.01,0.0013640374,0.008635962
0.01,0.0018939506,0.008106049
0.01,0.0,0.01
0.01,0.0,0.01
0.01,0.0,0.01
0.01,0.0,0.01
0.01,0.0,0.01
0.01,0.058230132,-0.048230134
0.01,0.067241795,-0.057241797
0.01,0.06023772,-0.050237723
0.01,0.04132219,-0.03132219
0.01,0.03404597,-0.024045968
0.11,0.010360312,0.099639684
0.12,0.087186806,0.03281319
0.09,0.103473686,-0.013473682
0.11,0.08520958,0.024790421
0.11,0.105500855,0.004499145
0.19,0.10458611,0.08541389
0.33,0.18604416,0.14395586
0.25,0.320116,-0.07011601
0.25,0.25408286,-0.0040828586
0.17,0.24347496,-0.07347496
0.13,0.1729899,-0.04298991
0.22,0.1253861,0.094613895
0.34,0.21390364,0.12609637
0.41,0.33017045,0.079829544
0.35,0.4003413,-0.050341308
0.36,0.3400422,0.01995781
0.52,0.35342672,0.16657326
0.73,0.5062593,0.2237407
0.82,0.70575106,0.11424893
0.64,0.78573835,-0.14573836
0.78,0.5979693,0.18203068
0.65,0.75891995,-0.10891998
0.43,0.61782,-0.18782002
0.31,0.40208408,-0.09208408
0.35,0.29884586,0.051154137
0.44,0.34425429,0.09574571
0.39,0.4297311,-0.039731115
0.34,0.3688216,-0.028821588
0.42,0.32690504,0.093094945
0.69,0.40843537,0.28156462
0.56,0.67033195,-0.11033195
0.65,0.52493703,0.12506294
0.65,0.624887,0.025112987
0.68,0.622897,0.05710298
0.76,0.6538733,0.106126666
0.69,0.7350782,-0.045078218
0.79,0.64820015,0.14179987
0.85,0.7603637,0.089636326
0.64,0.81138504,-0.17138505
0.65,0.5828986,0.06710136
0.42,0.63098633,-0.21098635
0.39,0.39057013,-0.00057014823
0.33,0.3821943,-0.052194297
0.32,0.3187417,0.0012582839
0.28,0.30712497,-0.027124971
0.26,0.26896816,-0.008968174
0.35,0.248665,0.10133499
0.41,0.33715823,0.07284176
0.44,0.39620572,0.043794274
0.34,0.4283289,-0.0883289
0.33,0.3289254,0.0010746121
0.35,0.32395566,0.026044339
0.39,0.34425503,0.045744956
0.43,0.37791288,0.05208713
0.42,0.42177725,-0.0017772615
0.46,0.4125089,0.047491103
0.46,0.44808185,0.011918157
0.42,0.4454499,-0.025449902
0.47,0.40692183,0.063078165
0.52,0.46018514,0.05981484
0.65,0.5101038,0.13989615
0.62,0.62870073,-0.008700728
0.63,0.59318864,0.03681135
0.6,0.6035694,-0.0035693645
0.59,0.5783664,0.011633575
0.55,0.56852794,-0.018527925
0.43,0.52960753,-0.09960753
0.38,0.4174454,-0.037445396
0.35,0.37090883,-0.020908833
0.4,0.3403829,0.059617102
0.37,0.38887537,-0.01887536
0.38,0.36166096,0.018339038
0.34,0.37076804,-0.030768037
0.41,0.32687953,0.083120465
0.42,0.40115362,0.018846363
0.35,0.40901163,-0.05901164
0.25,0.3425165,-0.09251651
0.25,0.24498053,0.005019471
0.21,0.2447972,-0.034797207
0.18,0.20771566,-0.027715653
0.2,0.1808036,0.019196406
0.16,0.19559428,-0.035594285
0.14,0.15581779,-0.015817791
0.15,0.14241491,0.0075850934
0.17,0.14818022,0.021819785
0.17,0.16584302,0.004156977
0.17,0.16920573,0.0007942766
0.2,0.17108628,0.028913721
0.23,0.19110668,0.038893327
0.21,0.22576433,-0.01576434
0.22,0.20759723,0.012402773
0.2,0.21910122,-0.019101217
0.16,0.2004484,-0.040448397
0.12,0.15751398,-0.03751398
0.06,0.12100984,-0.061009843
0.01,0.050973672,-0.04097367
0.01,0.0,0.01
0.01,0.0,0.01
0.01,0.0,0.01
0.01,0.0,0.01
0.01,0.005497407,0.0045025926
0.01,0.008267656,0.0017323438
0.01,0.0025642943,0.0074357055
0.01,0.0,0.01
0.01,0.002733346,0.0072666537
0.01,0.0052872896,0.00471271
0.01,0.0033248886,0.006675111
0.01,0.023697011,-0.013697011
0.04,0.03722015,0.0027798489
0.02,0.06037268,-0.04037268
0.01,0.043762386,-0.033762388
0.03,0.027008336,0.0029916633
0.02,0.035676304,-0.015676305
0.04,0.023088492,0.016911507
0.07,0.034786284,0.035213716
0.08,0.06950252,0.010497481
0.12,0.08241618,0.03758382
0.24,0.11743243,0.122567564
0.36,0.23969316,0.12030685
0.52,0.3590106,0.16098937
0.51,0.50571424,0.004285753
0.33,0.50235885,-0.17235884
0.24,0.33431873,-0.09431873
0.24,0.24025735,-0.00025735795
0.21,0.23306352,-0.023063526
0.2,0.2095176,-0.009517595
0.23,0.20148113,0.02851887
0.2,0.226184,-0.026183993
0.19,0.19438705,-0.004387051
0.2,0.18837239,0.0116276145
0.14,0.19470617,-0.05470617
0.3,0.14119025,0.15880977
0.34,0.28214487,0.05785513
0.27,0.33807147,-0.068071455
0.3,0.27432102,0.025678992
0.28,0.29811645,-0.018116444
0.41,0.28054443,0.12945557
0.86,0.39569053,0.46430948
0.93,0.82765853,0.10234147
0.93,0.89093184,0.039068162
0.94,0.87909913,0.060900867
0.93,0.8946326,0.03536743
0.91,0.8840786,0.025921404
0.97,0.8713633,0.09863675
0.98,0.9471717,0.03282833
0.97,0.9371735,0.032826543
0.98,0.90577996,0.07422006
0.97,0.9393307,0.030669332
0.97,0.935747,0.034253
0.97,0.9045061,0.06549394
0.97,0.93258464,0.037415385
0.97,0.9027301,0.06726992
0.97,0.91905546,0.050944567
0.97,0.9202086,0.049791455
0.97,0.9149929,0.0550071
0.97,0.91073954,0.059260488
0.97,0.92681587,0.04318416
0.97,0.9200002,0.049999833
0.96,0.90931964,0.05068034
0.97,0.8868408,0.08315921
0.97,0.9301503,0.03984976
0.97,0.91491985,0.055080175
0.97,0.91109467,0.058905363
0.97,0.9139359,0.05606413
0.97,0.9097438,0.060256243
0.97,0.9200405,0.04995954
0.97,0.91266716,0.057332873
0.97,0.9098941,0.06010592
0.97,0.912097,0.05790305
0.97,0.90276885,0.06723118
0.97,0.9112959,0.058704138
0.97,0.90987563,0.060124397
0.96,0.90452874,0.05547124
0.96,0.89549124,0.064508736
0.97,0.89981174,0.070188284
0.97,0.90977025,0.06022978
0.97,0.9087261,0.061273932
0.96,0.91605484,0.043945134
0.97,0.8929509,0.077049136
0.95,0.9105426,0.03945738
0.97,0.87969804,0.09030199
0.97,0.9187802,0.05121982
0.97,0.9017364,0.06826365
0.97,0.91224253,0.057757497
0.97,0.9158695,0.054130554
0.97,0.9152708,0.054729223
0.97,0.89795387,0.07204616
0.97,0.9067242,0.063275814
0.97,0.9145045,0.0554955
0.97,0.9109943,0.059005737
0.97,0.90720975,0.062790275
0.97,0.91215634,0.057843685
0.97,0.91256225,0.057437778
0.97,0.9091438,0.060856223
0.97,0.9061445,0.06385553
0.93,0.9018947,0.028105319
0.95,0.85623884,0.093761146
0.92,0.8927641,0.027235925
0.75,0.85383177,-0.10383177
0.76,0.6768011,0.083198905
0.69,0.72780013,-0.037800133
0.88,0.64380705,0.23619294
0.85,0.8570032,-0.007003188
0.93,0.7863648,0.14363521
0.97,0.88784957,0.08215046
0.97,0.9096199,0.0603801
0.82,0.9166298,-0.0966298
0.7,0.7444235,-0.04442352
0.74,0.6499727,0.09002733
0.54,0.72348714,-0.18348712
0.65,0.48704645,0.16295353
0.85,0.63748753,0.2125125
0.76,0.8256023,-0.0656023
0.52,0.70026934,-0.18026936
0.92,0.46313757,0.45686245
0.98,0.9302379,0.04976213
0.97,0.9184818,0.0515182
0.82,0.9017978,-0.08179778
0.92,0.7528446,0.16715544
0.94,0.89442337,0.045576632
0.91,0.8789121,0.031087935
0.68,0.8610506,-0.1810506
0.88,0.6033013,0.2766987
0.92,0.8749542,0.045045793
0.83,0.8592907,-0.029290736
0.8,0.7577627,0.04223734
0.86,0.7571447,0.102855325
0.47,0.8264054,-0.3564054
0.66,0.3916075,0.26839253
0.35,0.6665375,-0.31653753
0.59,0.30323416,0.2867658
0.33,0.5845213,-0.25452128
0.32,0.2973548,0.022645205
0.32,0.3052778,0.014722198
0.46,0.31426397,0.14573604
0.56,0.44821092,0.11178908
0.56,0.5416964,0.018303573
0.55,0.52909374,0.02090627
0.44,0.53212845,-0.092128456
0.47,0.42013577,0.049864233
0.47,0.45811206,0.011887938
0.29,0.45803377,-0.16803378
0.34,0.29314616,0.04685384
0.33,0.33850238,-0.008502364
0.49,0.32983634,0.16016367
0.66,0.47130167,0.18869835
0.59,0.62979364,-0.03979367
0.54,0.5652077,-0.025207698
0.64,0.5225574,0.11744261
0.59,0.6198752,-0.029875219
0.46,0.56187344,-0.10187343
0.56,0.45254484,0.107455164
0.56,0.5537443,0.0062556863
0.58,0.5398649,0.040135086
0.56,0.56039596,-0.00039595366
0.85,0.539896,0.310104
0.87,0.8341527,0.035847306
0.71,0.80750096,-0.09750098
0.83,0.65900433,0.17099565
0.62,0.79915726,-0.17915726
0.53,0.57411826,-0.044118285
0.66,0.5140396,0.14596045
0.42,0.6486771,-0.22867712
0.47,0.39750934,0.07249066
0.48,0.46035174,0.019648254
0.36,0.4661444,-0.1061444
0.16,0.3496864,-0.18968642
0.08,0.15677524,-0.07677524
0.1,0.0782171,0.021782905
0.08,0.094915,-0.014915004
0.17,0.0750097,0.0949903
0.31,0.16275203,0.14724797
0.38,0.29539868,0.08460131
0.26,0.37102437,-0.11102438
0.3,0.27042505,0.02957496
0.34,0.30123666,0.038763344
0.41,0.33274612,0.07725388
0.71,0.39808503,0.31191495
0.88,0.685884,0.194116
0.83,0.8478285,-0.017828524
0.63,0.7852386,-0.15523863
0.66,0.5904311,0.06956893
0.82,0.6478175,0.1721825
0.97,0.79387236,0.17612767
0.97,0.9387814,0.031218648
0.8,0.90175295,-0.10175294
0.72,0.7326002,-0.0126001835
0.56,0.6906656,-0.1306656
0.47,0.535184,-0.06518403
0.58,0.45573053,0.124269456
0.51,0.56830835,-0.058308363
0.79,0.485843,0.30415702
0.97,0.7762716,0.19372845
0.96,0.9397515,0.020248473
0.98,0.9099479,0.07005215
0.98,0.9429511,0.037048936
0.98,0.92373013,0.056269884
0.97,0.9282515,0.041748524
0.97,0.9073043,0.06269574
0.97,0.914008,0.055992007
0.95,0.91520333,0.034796655
0.96,0.88036525,0.079634726
0.86,0.89279747,-0.032797456
0.66,0.7911093,-0.1311093
0.53,0.59876,-0.06876004
0.61,0.5039504,0.1060496
0.55,0.59642553,-0.04642552
0.56,0.5194212,0.040578783
0.5,0.5368947,-0.03689468
0.68,0.4723953,0.2076047
0.65,0.6621735,-0.012173533
0.67,0.61237943,0.057620585
0.62,0.63802195,-0.018021941
0.72,0.5914247,0.12857533
0.7,0.69337845,0.0066215396
0.67,0.66621447,0.0037855506
0.56,0.6403724,-0.08037239
0.43,0.5284294,-0.09842938
0.36,0.41237044,-0.05237043
0.28,0.34238288,-0.062382877
0.23,0.26877254,-0.03877254
0.15,0.21954307,-0.06954306
0.11,0.13647225,-0.026472256
0.14,0.09880522,0.04119478
0.11,0.13058951,-0.020589516
0.09,0.10445477,-0.014454767
0.09,0.08187807,0.00812193
0.09,0.08139077,0.008609235
0.05,0.09083103,-0.040831026
0.01,0.05035541,-0.040355407
0.0,0.0065179653,-0.0065179653
0.01,0.0,0.01
0.01,0.0,0.01
0.01,0.0,0.01
0.01,0.0,0.01
0.01,0.0,0.01
0.01,0.020708697,-0.010708697
0.01,0.015201606,-0.005201606
0.01,0.0,0.01
0.01,0.0,0.01
0.01,0.00031594187,0.009684058
0.01,0.0003377609,0.009662239
0.01,0.0,0.01
0.01,0.0,0.01
0.01,0.0,0.01
0.01,0.0,0.01
0.01,0.0017977711,0.008202229
0.01,0.010017149,-1.7149374e-05
0.01,0.012947099,-0.0029470995
0.01,0.0050220937,0.004977906
0.01,0.0,0.01
0.01,0.0010562427,0.008943757
0.0,0.020817267,-0.020817267
0.01,0.011934593,-0.0019345935
0.01,0.014072098,-0.004072098
0.01,0.0,0.01
0.01,0.0,0.01
0.01,0.00017849915,0.009821501
0.01,0.0068069715,0.0031930283
0.01,0.02384812,-0.01384812
0.02,0.006130565,0.013869435
0.05,0.023989603,0.026010398
0.03,0.0675337,-0.0375337
0.02,0.040244374,-0.020244375
0.02,0.025685705,-0.0056857057
0.01,0.011751708,-0.0017517079
0.01,0.0,0.01
0.01,0.0,0.01
0.01,0.0,0.01
0.01,0.0009067394,0.00909326
0.01,0.0,0.01
0.01,0.0,0.01
0.01,0.0,0.01
0.01,0.0,0.01
0.01,0.0,0.01
0.01,0.0,0.01
0.05,0.026875056,0.023124944
0.08,0.08069937,-0.0006993711
0.04,0.10874695,-0.068746954
0.08,0.061426967,0.01857303
0.09,0.0810878,0.008912206
0.03,0.09129932,-0.061299317
0.06,0.025805302,0.034194697
0.03,0.046255715,-0.016255716
0.04,0.0227848,0.0172152
0.05,0.03375109,0.016248912
0.07,0.05522013,0.0147798695
0.1,0.07939543,0.020604573
0.11,0.110956445,-0.00095644593
0.08,0.11560905,-0.03560905
0.06,0.08029476,-0.02029476
0.08,0.054579314,0.025420684
0.06,0.073362134,-0.013362136
0.09,0.05377573,0.036224272
0.22,0.08727859,0.13272141
0.4,0.2196894,0.1803106
0.42,0.3867431,0.03325689
0.38,0.4095665,-0.029566497
0.41,0.37262422,0.037375778
0.38,0.4009789,-0.020978898
0.28,0.3800408,-0.10004079
0.23,0.27791947,-0.047919467
0.2,0.22732243,-0.027322426
0.12,0.19615152,-0.07615153
0.15,0.11730272,0.032697283
0.16,0.14116454,0.018835455
0.15,0.15376416,-0.0037641525
0.17,0.15015213,0.01984787
0.15,0.17219476,-0.022194758
0.15,0.14391759,0.0060824156
0.14,0.14905994,-0.009059936
0.1,0.1451486,-0.045148604
0.1,0.09511313,0.004886873
0.11,0.085655734,0.024344265
0.11,0.09837629,0.01162371
0.1,0.10063417,-0.00063417107
0.12,0.09392142,0.026078574
0.14,0.11793778,0.02206222
0.14,0.14055198,-0.0005519837
0.19,0.14442262,0.045577377
0.22,0.18637842,0.03362158
0.31,0.22225733,0.08774267
0.23,0.3070322,-0.07703219
0.21,0.23532641,-0.025326416
0.22,0.20938902,0.010610983
0.19,0.21966115,-0.029661149
0.11,0.19001591,-0.08001591
0.15,0.109811105,0.0401889
0.11,0.14182787,-0.031827867
0.07,0.10664526,-0.036645256
0.04,0.063149184,-0.023149185
0.04,0.031220961,0.008779038
0.07,0.031169165,0.038830835
0.04,0.06248868,-0.02248868
0.01,0.03764567,-0.027645672
0.04,0.0,0.04
0.02,0.038572673,-0.018572673
0.03,0.021041173,0.008958826
0.1,0.028876878,0.07112312
0.1,0.10071048,-0.0007104799
0.08,0.1071413,-0.027141303
0.04,0.081335515,-0.041335516
0.1,0.03412366,0.06587634
0.06,0.09999051,-0.03999051
0.08,0.061354622,0.018645376
0.08,0.07392861,0.0060713887
0.07,0.076034784,-0.006034784
0.06,0.06334719,-0.003347192
0.13,0.05584973,0.074150264
0.05,0.12506746,-0.07506746
0.07,0.05025318,0.019746821
0.04,0.06499259,-0.024992593
0.03,0.036093555,-0.006093556
0.02,0.019101929,0.00089807063
0.01,0.01027327,-0.00027327053
0.01,0.00022191927,0.0097780805
0.0,0.0,0.0
0.01,0.0,0.01
0.01,0.0,0.01
0.01,0.0,0.01
0.01,0.0,0.01
0.01,0.0,0.01
0.01,0.0,0.01
0.01,0.013017103,-0.0030171033
0.01,0.00973567,0.00026432984
0.04,0.019427456,0.020572543
0.09,0.05037852,0.039621484
0.07,0.10039652,-0.030396521
0.09,0.074324146,0.015675858
0.13,0.093141384,0.03685861
0.18,0.13081372,0.04918629
0.25,0.17663708,0.07336292
0.3,0.24383737,0.05616264
0.48,0.29459846,0.18540153
0.75,0.46769246,0.28230754
0.98,0.72368145,0.25631857
0.98,0.9566815,0.02331853
0.98,0.9258448,0.05415523
0.97,0.92682576,0.043174267
0.93,0.911911,0.018088996
0.77,0.88572586,-0.115725875
0.64,0.704453,-0.064453006
0.39,0.604849,-0.214849
0.49,0.35336193,0.13663808
0.52,0.48308477,0.036915213
0.46,0.503323,-0.04332301
0.31,0.4308237,-0.12082371
0.35,0.28552687,0.06447312
0.47,0.33988124,0.13011876
0.41,0.45404187,-0.044041872
0.31,0.38948137,-0.07948136
0.28,0.29695293,-0.016952932
0.34,0.27274376,0.06725624
0.31,0.3294208,-0.019420803
0.22,0.30140153,-0.08140153
0.23,0.2141057,0.015894309
0.19,0.22795576,-0.03795576
0.18,0.18371804,-0.0037180334
0.12,0.17220391,-0.052203916
0.08,0.11416474,-0.03416474
0.03,0.069571294,-0.039571293
0.08,0.021270134,0.058729865
0.11,0.06731772,0.042682283
0.15,0.108386055,0.04161395
0.17,0.15070459,0.01929541
0.12,0.16653396,-0.046533965
0.1,0.11879125,-0.01879125
0.12,0.09926103,0.020738967
0.13,0.11466938,0.015330613
0.14,0.12190563,0.018094368
0.13,0.13689253,-0.006892532
0.12,0.13041882,-0.010418825
0.14,0.117154874,0.022845127
0.13,0.1339138,-0.003913805
0.13,0.12718974,0.0028102547
0.14,0.123717554,0.016282447
0.11,0.14249763,-0.03249763
0.11,0.108407244,0.0015927553
0.11,0.105810314,0.004189685
0.1,0.10415717,-0.0041571707
0.02,0.097171925,-0.07717192
0.01,0.0051231384,0.0048768613
0.01,0.0,0.01
0.01,0.0,0.01
0.01,0.0,0.01
0.01,0.0,0.01
0.01,0.0,0.01
0.01,0.0,0.01
0.01,0.0,0.01
0.01,0.0,0.01
0.01,0.0017362069,0.008263793
0.01,0.0037378985,0.0062621012
0.01,0.0053660795,0.0046339203
0.01,0.0046291053,0.0053708944
0.01,0.009711839,0.00028816052
0.0,0.009107754,-0.009107754
0.01,0.018310133,-0.008310134
0.01,0.031810876,-0.021810876
0.03,0.029866057,0.00013394281
0.05,0.029222712,0.020777289
0.05,0.04962021,0.00037978962
0.05,0.05191551,-0.0019155107
0.05,0.055945087,-0.0059450865
0.06,0.052753393,0.007246606
0.07,0.06338163,0.006618373
0.08,0.068638444,0.011361554
0.11,0.07788721,0.032112792
0.11,0.112270035,-0.0022700354
0.1,0.11276368,-0.012763679
0.12,0.10559653,0.01440347
0.18,0.11175512,0.06824489
0.29,0.16852385,0.12147614
0.55,0.27459455,0.27540547
0.58,0.52824056,0.05175942
0.48,0.56555045,-0.08555046
0.5,0.46773747,0.032262534
0.53,0.48550937,0.044490606
0.38,0.5145402,-0.1345402
0.31,0.37092963,-0.060929626
0.26,0.3050376,-0.045037597
0.21,0.25466788,-0.044667885
0.24,0.21028376,0.029716238
0.25,0.2390852,0.010914803
0.19,0.25111982,-0.061119825
0.21,0.1862688,0.023731187
0.27,0.20929515,0.060704857
0.31,0.2674024,0.042597592
0.34,0.30559543,0.034404576
0.27,0.3323072,-0.06230718
0.23,0.27207214,-0.042072132
0.22,0.22489575,-0.0048957467
0.16,0.21273151,-0.052731514
0.15,0.15506467,-0.0050646663
0.19,0.14597768,0.04402232
0.16,0.18583351,-0.025833517
0.13,0.15814385,-0.028143853
0.1,0.12532848,-0.02532848
0.12,0.10010305,0.019896947
0.25,0.116324216,0.13367578
0.36,0.24505705,0.11494297
0.58,0.3516825,0.22831747
0.83,0.5634141,0.2665859
0.67,0.80867374,-0.13867372
0.72,0.63414633,0.085853696
0.6,0.68479466,-0.08479464
0.76,0.5774162,0.18258381
0.85,0.7400656,0.10993445
0.93,0.8188989,0.11110109
0.84,0.88119924,-0.041199267
0.84,0.7753371,0.064662874
0.74,0.8029015,-0.0629015
0.72,0.69257295,0.027427077
0.47,0.68607605,-0.21607605
0.53,0.43601114,0.093988836
0.56,0.52460873,0.03539127
0.51,0.54025173,-0.030251741
0.5,0.4806713,0.019328713
0.47,0.4791487,-0.009148687
0.42,0.4454147,-0.025414705
0.5,0.40551266,0.09448734
0.52,0.4826491,0.037350893
0.56,0.501362,0.058637977
0.55,0.5377804,0.012219608
0.52,0.53095996,-0.010959983
0.4,0.49877197,-0.09877196
0.56,0.38163394,0.17836607
0.56,0.5535165,0.0064834952
0.5,0.53726184,-0.037261844
0.53,0.48196277,0.0480372
0.51,0.5105119,-0.0005118847
0.57,0.4945105,0.07548949
0.57,0.55318785,0.016812146
0.5,0.54576576,-0.045765758
0.49,0.47474757,0.015252441
0.47,0.4735653,-0.0035653114
0.43,0.4563004,-0.0263004
0.45,0.41054288,0.039457113
0.41,0.4357011,-0.025701106
0.4,0.39483997,0.0051600337
0.32,0.38139042,-0.06139043
0.33,0.30264473,0.027355283
0.33,0.32057437,0.00942564
0.22,0.31854734,-0.09854734
0.1,0.2129284,-0.1129284
0.09,0.08083904,0.009160966
0.08,0.07817513,0.0018248707
0.08,0.06961115,0.010388851
0.07,0.07054566,-0.0005456582
0.15,0.060916778,0.089083225
0.26,0.13928798,0.12071201
0.31,0.25038022,0.059619784
0.43,0.30110702,0.12889299
0.39,0.41548172,-0.02548173
0.23,0.38914323,-0.15914322
0.14,0.22891346,-0.088913456
0.1,0.13712493,-0.037124924
0.1,0.09753509,0.0024649128
0.13,0.091535635,0.03846436
0.14,0.12536764,0.014632359
0.1,0.13116083,-0.031160824
0.15,0.09175369,0.058246315
0.17,0.1398911,0.030108899
0.19,0.16732052,0.022679478
0.25,0.18459496,0.06540504
0.32,0.24257751,0.077422485
0.34,0.31759343,0.022406578
0.28,0.33600503,-0.05600503
0.21,0.27740255,-0.06740256
0.28,0.20769909,0.07230091
0.18,0.2768718,-0.09687179
0.1,0.17355204,-0.073552035
0.06,0.09251936,-0.03251936
0.02,0.045212574,-0.025212575
0.01,0.010411769,-0.00041176938
0.07,0.0,0.07
0.11,0.0677968,0.042203203
0.09,0.12196359,-0.031963587
0.04,0.089374594,-0.049374595
0.03,0.031708688,-0.0017086882
0.05,0.017077787,0.032922216
0.11,0.046020202,0.0639798
0.1,0.107446924,-0.0074469224
0.05,0.10707846,-0.057078462
0.02,0.055672638,-0.03567264
0.01,0.0071795024,0.0028204974
0.01,0.0,0.01
0.01,0.0,0.01
0.01,0.0,0.01
0.01,0.0,0.01
0.07,0.007778922,0.06222108
0.19,0.08713374,0.102866255
0.16,0.21056129,-0.050561294
0.18,0.18385954,-0.0038595349
0.25,0.19242242,0.05757758
0.24,0.26699603,-0.026996031
0.14,0.25448275,-0.114482746
0.1,0.14735588,-0.047355883
0.1,0.09121069,0.008789308
0.14,0.087402426,0.052597575
0.19,0.13491163,0.05508837
0.23,0.18445683,0.04554318
0.19,0.22871423,-0.03871423
0.2,0.19656736,0.0034326464
0.17,0.19641314,-0.026413143
0.18,0.17249446,0.007505551
0.17,0.17405285,-0.0040528476
0.23,0.16259456,0.06740545
0.18,0.22084773,-0.04084772
0.19,0.1818203,0.008179694
0.12,0.18927023,-0.06927023
0.12,0.1201804,-0.00018040091
0.13,0.11616173,0.013838269
0.2,0.121254444,0.07874556
0.26,0.1906415,0.0693585
0.27,0.2554584,0.014541596
0.22,0.26685894,-0.046858937
0.18,0.22059701,-0.040597007
0.16,0.18428373,-0.024283737
0.19,0.15483794,0.03516206
0.22,0.18121685,0.038783148
0.17,0.20929252,-0.039292514
0.23,0.17095914,0.05904086
0.24,0.2221193,0.017880693
0.19,0.23947135,-0.04947135
0.15,0.19045499,-0.040454984
0.18,0.1501048,0.029895201
0.3,0.17646298,0.123537034
0.27,0.29664347,-0.026643455
0.34,0.2779483,0.062051713
0.34,0.32581198,0.014188021
0.36,0.33359915,0.026400864
0.52,0.3519856,0.16801438
0.65,0.5099108,0.14008915
0.57,0.63870883,-0.06870884
0.57,0.55044854,0.019551456
0.58,0.5532166,0.026783407
0.6,0.56088996,0.039110065
0.27,0.58422315,-0.31422314
0.2,0.254897,-0.054896995
0.13,0.19689137,-0.06689137
0.07,0.12683122,-0.05683122
0.06,0.05615075,0.0038492493
0.08,0.049971316,0.030028682
0.12,0.07438354,0.045616455
0.14,0.1139261,0.026073903
0.08,0.13838436,-0.05838436
0.06,0.08247639,-0.022476394
0.16,0.055661518,0.10433848
0.26,0.1571936,0.10280639
0.32,0.26077318,0.05922681
0.41,0.31689742,0.093102574
0.36,0.4054853,-0.045485288
0.36,0.35789162,0.002108395
0.37,0.35331872,0.016681284
0.45,0.36207786,0.087922126
0.39,0.4387937,-0.048793703
0.36,0.378968,-0.018967986
0.35,0.34820095,0.001799047
0.41,0.33773586,0.072264135
0.41,0.4019241,0.008075893
0.55,0.39921507,0.15078494
0.65,0.5324036,0.11759639
0.69,0.6250372,0.064962804
0.62,0.6620996,-0.042099595
0.55,0.59062326,-0.040623248
0.62,0.531757,0.08824301
0.52,0.60285604,-0.08285606
0.52,0.48921263,0.030787349
0.51,0.5047784,0.0052216053
0.62,0.49553698,0.12446302
0.57,0.60274625,-0.032746255
0.55,0.5419214,0.008078635
0.54,0.53309286,0.006907165
0.49,0.5179296,-0.027929604
0.48,0.46492824,0.01507175
0.44,0.46157345,-0.021573454
0.45,0.42374185,0.02625814
0.43,0.43449834,-0.0044983327
0.41,0.4104872,-0.00048720837
0.39,0.39291748,-0.0029174984
0.36,0.37427756,-0.014277548
0.36,0.34662512,0.013374895
0.3,0.34689662,-0.046896607
0.29,0.2899941,5.90086e-06
0.1,0.2809287,-0.1809287
0.07,0.0838861,-0.013886102
0.1,0.054541618,0.045458384
0.04,0.088936,-0.048936002
0.11,0.024916451,0.085083544
0.07,0.101193495,-0.031193495
0.11,0.066982016,0.043017983
0.2,0.104068205,0.0959318
0.24,0.19735774,0.04264225
0.08,0.2457505,-0.1657505
0.09,0.08114949,0.008850515
0.1,0.084925495,0.015074506
0.06,0.089416526,-0.029416528
0.05,0.050295793,-0.00029579177
0.06,0.039049733,0.020950265
0.1,0.04749749,0.052502513
0.21,0.09863666,0.11136334
0.17,0.20815212,-0.038152114
0.14,0.17597926,-0.035979256
0.11,0.14769673,-0.037696734
0.11,0.109976694,2.3305416e-05
0.11,0.105391465,0.0046085343
0.26,0.10194379,0.1580562
0.33,0.24815744,0.08184257
0.54,0.31757128,0.22242874
0.52,0.5260848,-0.0060847998
0.32,0.505976,-0.18597603
0.57,0.32239798,0.24760202
0.66,0.55536926,0.10463077
0.64,0.645507,-0.0055069923
0.35,0.6043141,-0.2543141
0.15,0.32650885,-0.17650884
0.41,0.14496306,0.26503694
0.36,0.4105235,-0.05052349
0.38,0.36095217,0.019047827
0.26,0.3675355,-0.10753551
0.12,0.25366226,-0.13366225
0.08,0.11108391,-0.031083912
0.12,0.06785561,0.052144386
0.21,0.11107908,0.09892091
0.14,0.20325977,-0.063259766
0.21,0.13964932,0.07035068
0.43,0.19605663,0.23394337
0.37,0.41293114,-0.04293114
0.36,0.3627933,-0.0027932823
0.41,0.35187462,0.058125377
0.34,0.39915204,-0.059152037
0.24,0.3335611,-0.0935611
0.33,0.23766483,0.09233518
0.23,0.31743076,-0.08743076
0.35,0.23078716,0.119212836
0.59,0.33210525,0.25789472
0.57,0.57051146,-0.00051146746
0.31,0.54744744,-0.23744744
0.42,0.29806298,0.12193701
0.9,0.41444936,0.4855506
0.98,0.8987864,0.08121359
0.98,0.9562837,0.02371633
0.98,0.92908454,0.05091548
0.98,0.93870306,0.04129696
0.98,0.93007016,0.049929857
0.98,0.9385195,0.04148054
0.98,0.9221599,0.05784011
0.97,0.941808,0.028192043
0.97,0.9201691,0.049830914
0.97,0.91510844,0.054891586
0.97,0.9099134,0.060086608
0.97,0.90280163,0.067198396
0.97,0.9066471,0.06335294
0.97,0.9171941,0.0528059
0.97,0.9013016,0.068698406
0.97,0.8975711,0.07242894
0.97,0.89772,0.07228005
0.97,0.92174387,0.04825616
0.98,0.9248483,0.0551517
0.97,0.94020164,0.029798388
0.97,0.9216144,0.04838562
0.97,0.917678,0.05232203
0.97,0.91577184,0.054228187
0.97,0.9112494,0.05875063
0.97,0.9088303,0.061169744
0.97,0.8965733,0.07342672
0.97,0.89811385,0.07188618
0.97,0.9057312,0.06426883
0.97,0.9192581,0.05074191
0.97,0.9188627,0.05113733
0.97,0.92576337,0.04423666
0.97,0.91982925,0.05017078
0.97,0.93070555,0.03929448
0.97,0.9192029,0.050797105
0.97,0.930398,0.03960204
0.98,0.9201287,0.059871316
0.97,0.90371704,0.06628299
0.97,0.90009964,0.06990039
0.98,0.90509224,0.07490778
0.97,0.9182122,0.051787853
0.97,0.9113599,0.058640122
0.97,0.93064106,0.039358974
0.98,0.9331702,0.04682982
0.97,0.923949,0.046051025
0.97,0.90580165,0.064198375
0.97,0.93137336,0.03862667
0.97,0.9076649,0.062335134
0.96,0.9281498,0.03185016
0.94,0.870885,0.06911498
0.97,0.8751687,0.09483135
0.97,0.927426,0.042574048
0.93,0.9058157,0.024184287
0.97,0.8535845,0.1164155
0.97,0.9152856,0.05471444
0.97,0.9271562,0.04284382
0.97,0.917871,0.05212903
0.97,0.91604996,0.05395007
0.97,0.93144584,0.03855419
0.97,0.9161737,0.053826332
0.97,0.91903365,0.050966382
0.97,0.90691745,0.063082576
0.97,0.92507875,0.04492128
0.97,0.92579985,0.044200182
0.97,0.9216229,0.048377156
0.97,0.924505,0.045495033
0.97,0.91499424,0.05500579
0.97,0.91320395,0.056796074
0.97,0.9233546,0.046645403
0.97,0.92076576,0.04923427
0.97,0.91510487,0.054895163
0.97,0.90997756,0.060022473
0.97,0.9079819,0.062018156
0.96,0.90449786,0.055502117
0.97,0.8915907,0.078409314
0.97,0.91765106,0.05234897
0.97,0.892035,0.07796502
0.97,0.91605496,0.053945065
0.97,0.8947418,0.075258255
0.95,0.89951134,0.05048865
0.92,0.8680216,0.05197841
0.9,0.8512105,0.0487895
0.96,0.8375031,0.1224969
0.93,0.9060433,0.023956716
0.9,0.861465,0.038535
0.72,0.83976746,-0.11976743
0.8,0.64844084,0.15155917
0.89,0.7804698,0.10953021
0.95,0.84921765,0.100782335
0.91,0.8910364,0.018963635
0.79,0.8357463,-0.045746267
0.75,0.7257829,0.024217129
0.64,0.70785093,-0.06785095
0.46,0.59327805,-0.13327804
0.15,0.4200345,-0.2700345
0.17,0.120025,0.049975
0.2,0.1683633,0.0316367
0.2,0.1874872,0.012512803
0.22,0.18185087,0.038149133
0.21,0.20532906,0.004670933
0.13,0.19720474,-0.06720474
0.06,0.12175526,-0.06175526
0.11,0.04849651,0.06150349
0.21,0.10080364,0.10919635
0.2,0.20561673,-0.0056167245
0.25,0.20101309,0.04898691
0.22,0.24337682,-0.023376822
0.4,0.21942143,0.18057857
0.26,0.40243137,-0.14243138
0.25,0.25778735,-0.007787347
0.26,0.24104333,0.018956661
0.22,0.25076365,-0.030763656
0.19,0.21828197,-0.028281972
0.23,0.18459614,0.045403868
0.21,0.22015393,-0.010153934
0.22,0.20133293,0.018667072
0.2,0.21063605,-0.0106360465
0.19,0.19038153,-0.00038152933
0.08,0.18273157,-0.10273157
0.07,0.07413028,-0.0041302815
0.04,0.056880806,-0.016880807
0.04,0.032134406,0.007865593
0.02,0.028679918,-0.008679919
0.04,0.00771302,0.03228698
0.01,0.033397824,-0.023397824
0.01,0.0011873543,0.008812645
0.01,0.0,0.01
0.01,0.0,0.01
0.01,0.0,0.01
0.01,0.0,0.01
0.01,0.0,0.01
0.01,0.0018587615,0.008141238
0.01,0.0085038915,0.0014961082
0.01,0.011786202,-0.0017862022
0.01,0.008246448,0.0017535519
0.01,0.0,0.01
0.01,0.0,0.01
0.01,0.0,0.01
0.01,0.0,0.01
0.01,0.004748892,0.0052511077
0.01,0.006425347,0.0035746526
0.01,0.010742135,-0.00074213557
0.0,0.01851923,-0.01851923
0.01,0.0,0.01
0.01,0.0,0.01
0.01,0.00015537441,0.009844625
0.01,0.0,0.01
0.01,0.0,0.01
0.01,0.0,0.01
0.01,0.0,0.01
0.01,0.00033458322,0.009665417
0.01,0.00073804334,0.009261956
0.01,0.0047174785,0.0052825212
0.01,0.008470649,0.0015293509
0.01,0.004534345,0.0054656547
0.01,0.0077905785,0.0022094212
0.01,0.014864476,-0.0048644766
0.01,0.012244144,-0.0022441447
0.01,1.5862286e-05,0.0099841375
0.0,0.0,0.0
0.01,0.011048837,-0.0010488369
0.0,0.012577485,-0.012577485
0.01,0.0,0.01
0.0,0.00094721094,-0.00094721094
0.01,0.0029315688,0.007068431
0.01,0.0,0.01
0.01,0.0,0.01
0.01,0.01237094,-0.0023709405
0.01,0.010535199,-0.0005351994
0.01,0.011802029,-0.0018020291
0.01,0.001198452,0.008801548
0.01,0.0,0.01
0.01,0.0,0.01
0.01,0.0,0.01
0.01,0.0,0.01
0.01,0.0,0.01
0.01,0.0059356224,0.0040643774
0.01,0.011260837,-0.0012608375
0.01,0.013572544,-0.003572544
0.01,0.0088407695,0.0011592302
0.01,0.00027324446,0.009726755
0.01,0.0,0.01
0.01,0.011378596,-0.0013785958
0.01,0.013220085,-0.003220085
0.01,0.0087359585,0.0012640413
0.01,0.013675112,-0.0036751125
0.01,0.007519126,0.0024808738
0.01,0.0,0.01
0.01,0.0,0.01
0.01,0.0,0.01
0.01,0.00016190112,0.009838099
0.01,0.0,0.01
0.01,0.0,0.01
0.01,0.0,0.01
0.01,0.0,0.01
0.01,0.0084711015,0.0015288983
0.01,0.010427859,-0.0004278589
0.01,0.0079106875,0.0020893123
0.01,0.00972395,0.0002760496
0.01,0.008594168,0.0014058314
0.01,0.00604409,0.00395591
0.01,0.0049517266,0.005048273
0.01,0.00471282,0.0052871797
0.01,0.0,0.01
0.01,0.002297476,0.007702524
0.01,0.0035391226,0.006460877
0.01,0.0,0.01
0.01,0.005403448,0.004596552
0.01,0.0045088083,0.0054911915
0.01,0.016370408,-0.0063704085
0.04,0.02001898,0.01998102
0.03,0.048645232,-0.018645233
0.01,0.037883487,-0.027883487
0.01,0.009625386,0.00037461333
0.01,0.002499625,0.0075003747
0.01,0.0,0.01
0.01,0.0,0.01
0.01,0.0,0.01
0.01,0.0,0.01
0.0,0.0,0.0
0.01,0.0,0.01
0.0,0.003101863,-0.003101863
0.01,3.5766512e-05,0.009964233
0.01,0.0,0.01
0.0,0.0,0.0
0.01,0.0,0.01
0.01,0.0,0.01
0.02,0.00340214,0.01659786
0.05,0.032152496,0.017847504
0.04,0.05962995,-0.019629952
0.03,0.04857912,-0.01857912
0.03,0.026956018,0.0030439813
0.02,0.026859555,-0.006859556
0.01,0.015577365,-0.005577365
0.04,0.003924366,0.036075633
0.03,0.03549987,-0.0054998714
0.01,0.026225775,-0.016225776
0.01,0.0,0.01
0.01,0.0054898225,0.0045101773
0.01,0.00013017654,0.009869823
0.01,0.007450875,0.0025491249
0.02,0.0025064852,0.017493514
0.02,0.024435062,-0.0044350624
0.02,0.016917277,0.0030827224
0.02,0.014717121,0.005282879
0.02,0.01212579,0.007874209
0.01,0.011580758,-0.001580758
0.02,0.0064346343,0.013565365
0.01,0.013255011,-0.0032550115
0.01,0.007149443,0.0028505567
0.01,0.0,0.01
0.0,0.0,0.0
0.01,0.0,0.01
0.0,0.0,0.0
0.01,0.007833598,0.0021664016
0.0,0.0037087463,-0.0037087463
0.01,0.002024345,0.007975655
0.02,0.010145314,0.0098546855
0.03,0.03639391,-0.0063939113
0.04,0.04198904,-0.0019890405
0.03,0.046313412,-0.016313413
0.01,0.024879556,-0.014879556
0.01,0.010491028,-0.00049102865
0.01,0.000777537,0.009222463
0.02,0.010682888,0.009317111
0.06,0.026423935,0.033576064
0.07,0.065720916,0.0042790845
0.13,0.0715054,0.058494598
0.08,0.12919961,-0.04919961
0.08,0.08523697,-0.0052369684
0.1,0.069107994,0.030892007
0.13,0.09653932,0.033460677
0.13,0.13371745,-0.0037174523
0.13,0.12848702,0.0015129745
0.1,0.1258251,-0.025825106
0.13,0.09337576,0.036624238
0.14,0.12375509,0.01624491
0.18,0.13725695,0.042743057
0.17,0.17543635,-0.005436346
0.25,0.16671255,0.08328745
0.16,0.24013537,-0.080135375
0.15,0.15910015,-0.009100139
0.26,0.14714791,0.11285208
0.22,0.2477744,-0.027774408
0.13,0.21981254,-0.08981255
0.2,0.13641052,0.06358948
0.29,0.18961102,0.100388974
0.25,0.27756342,-0.027563423
0.33,0.25142896,0.07857105
0.45,0.31791344,0.13208655
0.31,0.43755943,-0.12755942
0.33,0.31031546,0.019684553
0.34,0.3177408,0.022259206
0.33,0.32685372,0.0031462908
0.46,0.32160783,0.13839218
0.74,0.44839516,0.29160485
0.86,0.71810806,0.14189196
0.85,0.8482801,0.0017199516
0.93,0.8124939,0.11750609
0.77,0.880502,-0.110502005
0.55,0.71615565,-0.16615564
0.52,0.5112263,0.0087736845
0.57,0.5118182,0.058181822
0.55,0.55323935,-0.0032393336
0.89,0.5274137,0.36258626
0.98,0.86472905,0.11527097
0.9,0.93001926,-0.030019283
0.65,0.8338684,-0.18386841
0.84,0.5968617,0.24313825
0.84,0.83309674,0.006903231
0.53,0.8044181,-0.27441812
0.36,0.46406776,-0.10406774
0.85,0.33912495,0.5108751
0.98,0.87028694,0.10971308
0.84,0.95522606,-0.11522609
0.81,0.7641715,0.04582852
0.98,0.76203847,0.21796155
0.9,0.9436171,-0.04361713
0.77,0.81711507,-0.047115088
0.68,0.7053343,-0.025334299
0.77,0.6385541,0.13144588
0.76,0.7430248,0.016975164
0.67,0.7144698,-0.044469774
0.71,0.6264485,0.08355147
0.65,0.6819445,-0.031944513
0.77,0.6098411,0.16015887
0.39,0.7520462,-0.36204624
0.42,0.35286757,0.06713241
0.25,0.41553974,-0.16553974
0.41,0.24710754,0.16289246
0.51,0.4015176,0.10848239
0.75,0.49296296,0.25703704
0.83,0.7200985,0.10990149
0.75,0.7924979,-0.042497873
0.65,0.7005086,-0.05050862
0.93,0.618945,0.311055
0.94,0.9144473,0.02555269
0.94,0.883078,0.05692202
0.97,0.8973694,0.072630644
0.98,0.92847705,0.05152297
0.98,0.93646836,0.043531656
0.97,0.9437289,0.026271105
0.97,0.9230101,0.046989918
0.97,0.9266547,0.043345332
0.97,0.9156146,0.054385424
0.97,0.92072415,0.049275875
0.97,0.9070195,0.06298053
0.97,0.9206215,0.049378514
0.97,0.91197884,0.058021188
0.97,0.9120115,0.057988524
0.97,0.9247631,0.045236945
0.97,0.9222181,0.047781944
0.97,0.9223342,0.047665834
0.97,0.9185996,0.051400423
0.97,0.91803694,0.05196309
0.97,0.9075985,0.062401533
0.97,0.9119116,0.05808842
0.97,0.9196181,0.0503819
0.97,0.8939643,0.07603574
0.97,0.9193485,0.05065155
0.97,0.91583383,0.054166198
0.97,0.89873874,0.07126129
0.97,0.91541266,0.054587364
0.97,0.8991935,0.0708065
0.97,0.9104824,0.059517622
0.97,0.91884184,0.05115819
0.97,0.90955555,0.060444474
0.97,0.9052259,0.064774156
0.97,0.91096795,0.059032083
0.97,0.9020455,0.06795454
0.94,0.9086207,0.031379282
0.94,0.8751298,0.06487018
0.92,0.87277055,0.04722947
0.7,0.84475946,-0.14475948
0.56,0.62144876,-0.061448753
0.63,0.5171448,0.112855196
0.58,0.61535966,-0.03535968
0.75,0.5295632,0.22043681
0.83,0.7222276,0.10777241
0.98,0.7827349,0.19726515
0.97,0.95465124,0.015348792
0.97,0.9012461,0.06875396
0.97,0.9259479,0.044052124
0.97,0.9088365,0.061163545
0.97,0.92456114,0.045438886
0.97,0.9112444,0.058755636
0.97,0.91740096,0.052599072
0.97,0.9130595,0.056940556
0.97,0.9285668,0.041433215
0.97,0.9158119,0.054188132
0.97,0.91342616,0.056573868
0.95,0.8922287,0.057771266
0.97,0.86931825,0.10068178
0.96,0.91495514,0.04504484
0.96,0.8870224,0.0729776
0.97,0.8904513,0.07954872
0.97,0.9126874,0.057312608
0.96,0.90155053,0.058449447
0.96,0.8956815,0.06431848
0.93,0.9008701,0.029129922
0.92,0.86077857,0.059221447
0.97,0.8479248,0.1220752
0.97,0.908491,0.061509013
0.97,0.89862335,0.07137668
0.92,0.9217899,-0.0017898679
0.97,0.84027505,0.12972498
0.97,0.936012,0.033988
0.97,0.91115093,0.058849096
0.97,0.9234134,0.046586633
0.82,0.9202275,-0.100227535
0.26,0.742849,-0.482849
0.45,0.15902928,0.2909707
0.28,0.46861872,-0.18861872
0.23,0.24536318,-0.015363172
0.42,0.21271516,0.20728482
0.37,0.4029806,-0.03298059
0.36,0.34960508,0.010394931
0.36,0.34144258,0.01855743
0.43,0.34669554,0.083304465
0.46,0.41739324,0.04260677
0.49,0.4467167,0.043283314
0.56,0.48171327,0.07828674
0.62,0.5408288,0.07917118
0.53,0.6020671,-0.07206714
0.38,0.51563036,-0.13563037
0.39,0.3733889,0.0166111
0.52,0.39506343,0.12493655
0.58,0.4992275,0.08077249
0.45,0.56032026,-0.11032027
0.54,0.42314902,0.116851
0.57,0.5188911,0.051108897
0.67,0.55105555,0.118944466
0.56,0.65743494,-0.09743494
0.7,0.525342,0.174658
0.63,0.6827173,-0.052717328
0.76,0.588573,0.17142701
0.54,0.7352953,-0.19529527
0.57,0.49823228,0.07176772
0.42,0.5524739,-0.13247392
0.36,0.39620504,-0.036205024
0.42,0.35071585,0.06928414
0.49,0.41477862,0.07522139
0.45,0.47790557,-0.027905583
0.54,0.44520706,0.09479296
0.71,0.5261636,0.1838364
0.42,0.6844202,-0.26442024
0.47,0.37973538,0.09026462
0.38,0.4556599,-0.0756599
0.5,0.3658737,0.1341263
0.61,0.49279332,0.11720669
0.51,0.5900525,-0.080052495
0.4,0.48447412,-0.08447412
0.3,0.38453758,-0.084537566
0.29,0.28582034,0.0041796565
0.35,0.28084317,0.069156826
0.46,0.33903137,0.12096864
0.5,0.4509895,0.049010485
0.54,0.48450217,0.055497855
0.68,0.52969694,0.15030307
0.71,0.6681869,0.041813076
0.55,0.6770505,-0.12705046
0.6,0.5175978,0.08240223
0.58,0.5803617,-0.0003617406
0.5,0.55422485,-0.05422485
0.43,0.48366505,-0.053665042
0.44,0.41539118,0.02460882
0.45,0.42698738,0.023012608
0.46,0.4310016,0.028998405
0.4,0.44799376,-0.04799375
0.45,0.39698413,0.053015858
0.47,0.44423288,0.025767118
0.45,0.46013322,-0.010133237
0.44,0.44493943,-0.004939437
0.26,0.42552745,-0.16552746
0.37,0.23312509,0.13687491
0.25,0.3526049,-0.102604896
0.14,0.24483624,-0.10483624
0.18,0.12852465,0.05147536
0.22,0.17111358,0.04888642
0.1,0.2131235,-0.1131235
0.06,0.09656973,-0.036569733
0.05,0.05097385,-0.0009738505
0.04,0.044229418,-0.004229419
0.02,0.030738316,-0.010738317
0.02,0.008566719,0.011433281
0.14,0.017330594,0.122669406
0.31,0.13770077,0.17229924
0.33,0.3083413,0.021658719
0.34,0.33563903,0.004360974
0.55,0.3354233,0.21457672
0.42,0.53450537,-0.11450538
0.43,0.41367707,0.01632294
0.39,0.41944048,-0.029440492
0.3,0.38126716,-0.08126715
0.24,0.29400587,-0.054005876
0.16,0.23018232,-0.07018232
0.09,0.14975104,-0.059751034
0.06,0.08164011,-0.02164011
0.04,0.051117208,-0.011117209
0.04,0.022942033,0.017057966
0.04,0.027558822,0.012441177
0.03,0.03318801,-0.0031880122
0.01,0.022977103,-0.012977103
0.01,0.004705839,0.005294161
0.01,0.0011168495,0.00888315
0.01,0.0,0.01
0.0,0.0,0.0
0.01,0.0,0.01
0.01,0.0,0.01
0.01,0.0,0.01
0.01,0.0,0.01
0.01,0.0,0.01
0.01,0.0,0.01
0.01,0.0027017295,0.0072982702
0.01,0.001834007,0.008165993
0.01,0.0015447121,0.008455288
0.01,0.0,0.01
0.01,0.0,0.01
0.01,0.0,0.01
0.01,0.0,0.01
0.01,0.0,0.01
0.01,0.0,0.01
0.01,0.0,0.01
0.01,0.0,0.01
0.01,0.0,0.01
0.01,0.0,0.01
0.01,0.0024164505,0.0075835492
0.01,0.0024139024,0.0075860973
0.01,0.0,0.01
0.01,0.0032012872,0.0067987125
0.01,0.0032926053,0.0067073945
0.01,0.003052337,0.0069476627
0.01,0.0022063367,0.007793663
0.01,0.004484102,0.0055158976
0.01,0.0039859973,0.0060140025
0.01,0.006312385,0.0036876146
0.01,0.010135734,-0.00013573468
0.01,0.003505662,0.0064943377
0.01,0.007941056,0.0020589437
0.01,0.00630009,0.00369991
0.01,0.0,0.01
0.01,0.00043127686,0.009568723
0.01,0.0042191856,0.005780814
0.01,0.000905551,0.009094449
0.01,0.0,0.01
0.01,0.0047550984,0.0052449014
0.01,0.006383661,0.0036163386
0.01,0.00051155314,0.009488447
0.01,0.00565958,0.0043404195
0.02,0.028634725,-0.008634726
0.01,0.032941103,-0.022941103
0.01,0.0,0.01
0.01,0.0,0.01
0.01,0.0,0.01
0.01,0.0007574856,0.009242514
0.01,0.0049001854,0.0050998144
0.01,0.008202158,0.0017978419
0.01,0.00068625435,0.009313745
0.01,0.0077043623,0.0022956375
0.01,0.00024269335,0.009757306
0.03,0.0027597733,0.027240226
0.01,0.03761878,-0.027618779
0.02,0.009601623,0.010398377
0.04,0.03397939,0.0060206093
0.04,0.05063703,-0.01063703
0.04,0.0409495,-0.000949502
0.04,0.031018592,0.008981407
0.02,0.030565456,-0.010565456
0.02,0.012803704,0.007196296
0.01,0.008076392,0.0019236077
0.02,0.0,0.02
0.01,0.019141465,-0.009141466
0.01,0.007040888,0.0029591117
0.01,0.0,0.01
0.01,0.0,0.01
0.01,0.0,0.01
0.0,0.018861897,-0.018861897
0.01,0.013524061,-0.0035240613
0.01,0.0,0.01
0.01,0.0,0.01
0.01,0.0,0.01
0.01,0.0,0.01
0.01,0.0,0.01
0.01,0.0,0.01
0.01,0.0023338888,0.007666111
0.0,0.017607305,-0.017607305
0.01,0.01769235,-0.00769235
0.01,0.006352093,0.0036479067
0.01,0.0,0.01
0.01,0.0,0.01
0.01,0.0,0.01
0.01,0.0,0.01
0.01,0.0,0.01
0.01,0.0,0.01
0.01,0.0011538249,0.008846175
0.01,0.0065942723,0.0034057274
0.01,0.015079953,-0.005079953
0.01,0.019871604,-0.009871604
0.01,0.023669539,-0.013669539
0.01,0.012419442,-0.002419442
0.01,0.0,0.01
0.01,0.0,0.01
0.01,0.0,0.01
0.01,0.0,0.01
0.01,0.0,0.01
0.01,0.0,0.01
0.01,0.0047470666,0.005252933
0.01,0.0034681875,0.0065318123
0.01,0.0030081049,0.006991895
0.01,0.008628052,0.001371948
0.01,0.0077989753,0.0022010244
0.01,0.0052060485,0.0047939513
0.01,0.0009720512,0.009027949
0.01,0.0,0.01
0.01,0.0,0.01
0.01,0.0,0.01
0.01,0.004896328,0.005103672
0.01,0.0066378973,0.0033621024
0.01,0.013578143,-0.0035781432
0.01,0.013388185,-0.003388185
0.01,0.0,0.01
0.01,0.0,0.01
0.01,0.0025924966,0.007407503
0.01,0.0018020235,0.008197976
0.01,0.0029786676,0.007021332
0.01,0.0,0.01
0.01,0.0018112492,0.008188751
0.0,0.0070939027,-0.0070939027
0.01,0.0032345094,0.0067654904
0.0,0.0049913414,-0.0049913414
0.01,0.0025034845,0.0074965153
0.0,0.0058172736,-0.0058172736
0.01,0.0,0.01
0.01,0.0,0.01
0.01,0.0,0.01
0.01,0.0,0.01
0.01,0.0,0.01
0.03,0.012832325,0.017167674
0.03,0.040839262,-0.010839263
0.02,0.041694563,-0.021694563
0.01,0.029413283,-0.019413283
0.01,0.0061461553,0.0038538445
0.0,0.0,0.0
0.01,0.0,0.01
0.02,0.010014154,0.009985846
0.01,0.01725047,-0.007250471
0.02,0.007940091,0.012059908
0.01,0.01829942,-0.00829942
0.01,0.0010275729,0.008972427
0.01,0.0,0.01
0.01,0.0,0.01
0.01,0.0,0.01
0.01,0.00020132959,0.00979867
0.01,0.0019300953,0.0080699045
0.01,0.0,0.01
0.01,0.0,0.01
0.01,0.0,0.01
0.01,0.0,0.01
0.01,0.0,0.01
0.01,0.0,0.01
0.01,0.0,0.01
0.01,0.0,0.01
0.01,0.0,0.01
0.01,0.0,0.01
0.01,0.0,0.01
0.01,0.005106833,0.004893167
0.01,0.007731404,0.0022685956
0.01,0.011116352,-0.0011163522
0.01,0.013295706,-0.0032957066
0.01,0.011077765,-0.0010777656
0.01,0.0,0.01
0.01,0.0,0.01
0.01,0.0,0.01
0.01,0.0,0.01
0.01,0.0,0.01
0.01,0.0,0.01
0.01,0.0,0.01
0.01,0.0,0.01
0.01,0.0,0.01
0.01,0.009936197,6.380305e-05
0.02,0.025019828,-0.0050198287
0.01,0.03825145,-0.028251449
0.01,0.019927815,-0.009927815
0.01,0.011791293,-0.0017912928
0.01,0.011205424,-0.0012054238
0.01,0.008278247,0.0017217528
0.01,0.0052656233,0.0047343764
0.01,0.0,0.01
0.01,0.0,0.01
0.01,0.0,0.01
0.01,0.0,0.01
0.01,0.0,0.01
0.0,0.00608737,-0.00608737
0.01,0.0043982826,0.005601717
0.01,0.017587297,-0.007587297
0.01,0.013440076,-0.0034400765
0.01,0.00089232996,0.00910767
0.01,0.015898075,-0.005898075
0.04,0.016337834,0.023662165
0.05,0.03978656,0.010213442
0.06,0.055050008,0.0049499907
0.07,0.06271474,0.0072852597
0.06,0.077592395,-0.017592397
0.06,0.06795813,-0.007958133
0.07,0.06321573,0.0067842677
0.07,0.066616476,0.0033835247
0.09,0.06706099,0.022939011
0.16,0.081177905,0.07882209
0.2,0.15254687,0.047453135
0.2,0.19743608,0.0025639236
0.17,0.19575885,-0.025758848
0.18,0.16849172,0.011508286
0.21,0.1732926,0.036707386
0.2,0.20950735,-0.009507343
0.2,0.1944842,0.005515799
0.2,0.19808963,0.0019103736
0.22,0.20288745,0.017112553
0.2,0.2166614,-0.01666139
0.21,0.20208386,0.007916138
0.26,0.20700362,0.052996367
0.26,0.25186726,0.008132726
0.25,0.25263584,-0.0026358366
0.19,0.2501785,-0.06017849
0.12,0.19682965,-0.07682965
0.1,0.12147392,-0.021473922
0.12,0.09044574,0.029554255
0.17,0.11547904,0.054520965
0.17,0.17534012,-0.0053401142
0.26,0.16084592,0.09915407
0.3,0.24527468,0.054725334
0.31,0.29372087,0.016279131
0.18,0.30374077,-0.12374076
0.09,0.18057,-0.09057
0.1,0.08193076,0.018069245
0.11,0.092454225,0.017545775
0.12,0.10585552,0.01414448
0.11,0.11690527,-0.0069052726
0.21,0.107316166,0.10268383
0.17,0.19940494,-0.029404938
0.18,0.17416826,0.0058317482
0.17,0.17698947,-0.006989464
0.2,0.17566057,0.024339437
0.16,0.19709453,-0.037094533
0.12,0.15390849,-0.033908494
0.08,0.11923376,-0.03923376
0.08,0.07528446,0.0047155395
0.13,0.07554109,0.05445891
0.14,0.12464878,0.015351221
0.13,0.1454001,-0.015400112
0.14,0.123982616,0.016017385
0.22,0.13136691,0.08863309
0.19,0.20973517,-0.019735172
0.15,0.1889309,-0.038930893
0.16,0.14986078,0.010139212
0.19,0.15568191,0.03431809
0.29,0.18317947,0.106820524
0.31,0.27723184,0.03276816
0.39,0.30496225,0.08503774
0.31,0.38687512,-0.07687512
0.33,0.3075197,0.022480309
0.26,0.3217336,-0.061733603
0.21,0.25431314,-0.044313148
0.12,0.20642076,-0.08642077
0.11,0.114997864,-0.0049978644
0.2,0.10335661,0.096643396
0.3,0.19468454,0.10531548
0.22,0.29041085,-0.07041085
0.1,0.21438791,-0.11438791
0.05,0.096069485,-0.046069484
0.07,0.040981837,0.029018164
0.09,0.06172864,0.028271362
0.24,0.08609044,0.15390956
0.63,0.23490185,0.39509815
0.97,0.61355305,0.35644698
0.94,0.93875325,0.0012467504
0.91,0.89501417,0.014985859
0.93,0.86345863,0.066541374
0.98,0.89483476,0.08516526
0.97,0.9551276,0.014872432
0.95,0.91634893,0.033651054
0.94,0.8931031,0.046896875
0.97,0.8804145,0.08958554
0.96,0.92998743,0.030012548
0.97,0.89663994,0.073360085
0.96,0.8998276,0.06017238
0.94,0.8949939,0.045006096
0.74,0.8734853,-0.13348532
0.72,0.66062844,0.05937159
0.73,0.6884768,0.04152322
0.6,0.68983865,-0.089838624
0.46,0.5531194,-0.09311941
0.49,0.4245728,0.065427214
0.3,0.47967526,-0.17967525
0.36,0.26550564,0.09449437
0.37,0.3498855,0.020114511
0.31,0.35189715,-0.041897148
0.38,0.29399094,0.086009055
0.3,0.36788213,-0.06788212
0.25,0.28412676,-0.03412676
0.32,0.23415193,0.08584806
0.3,0.31177858,-0.011778563
0.26,0.29066038,-0.03066039
0.22,0.24715304,-0.027153045
0.28,0.21277732,0.067222685
0.29,0.2688994,0.02110058
0.25,0.27995718,-0.029957175
0.21,0.23846255,-0.028462559
0.16,0.1983676,-0.0383676
0.13,0.15051724,-0.020517245
0.06,0.11809964,-0.05809964
0.05,0.04596611,0.0040338896
0.05,0.032433454,0.017566547
0.08,0.036713444,0.043286555
0.1,0.07123041,0.02876959
0.05,0.096533254,-0.046533253
0.05,0.044539712,0.0054602884
0.05,0.039371237,0.010628764
0.06,0.04365502,0.01634498
0.06,0.055480372,0.0045196265
0.06,0.05822875,0.0017712489
0.07,0.053761408,0.016238593
0.05,0.06558578,-0.015585776
0.05,0.046773944,0.0032260567
0.03,0.046811488,-0.016811488
0.03,0.022826035,0.0071739648
0.04,0.02381787,0.016182128
0.01,0.036394145,-0.026394146
0.01,0.0052816607,0.004718339
0.01,0.0,0.01
0.01,0.0,0.01
0.01,0.0,0.01
0.01,0.0,0.01
0.01,0.0,0.01
0.02,0.004909046,0.015090954
0.1,0.050102793,0.04989721
0.13,0.1222333,0.007766694
0.13,0.15610056,-0.026100561
0.12,0.148338,-0.028338008
0.1,0.12823395,-0.028233953
0.09,0.0958426,-0.0058425963
0.09,0.08482594,0.005174063
0.08,0.0792349,0.0007651001
0.09,0.06628276,0.023717247
0.07,0.08354258,-0.013542578
0.06,0.066052444,-0.0060524456
0.07,0.057879474,0.012120526
0.03,0.06482604,-0.03482604
0.02,0.025115412,-0.005115412
0.01,0.0055671446,0.004432855
0.01,0.0,0.01
0.0,0.0,0.0
0.01,0.0,0.01
0.01,0.0,0.01
0.01,0.0,0.01
0.01,0.0,0.01
0.01,0.0,0.01
0.01,0.0,0.01
0.01,0.0,0.01
0.01,0.0,0.01
0.01,0.0030696914,0.0069303084
0.0,0.008681737,-0.008681737
0.01,0.020336347,-0.010336347
0.01,0.014168307,-0.0041683074
0.01,0.015179848,-0.0051798485
0.01,0.0,0.01
0.01,0.0,0.01
0.01,0.002597453,0.0074025467
0.01,0.0,0.01
0.01,0.0,0.01
0.01,0.0,0.01
0.01,0.0,0.01
0.01,0.0,0.01
0.01,0.0,0.01
0.01,0.010649575,-0.00064957514
0.0,0.016891666,-0.016891666
0.01,0.0033759214,0.0066240784
0.0,0.010958489,-0.010958489
0.01,0.015030809,-0.005030809
0.03,0.028675327,0.0013246723
0.01,0.042369638,-0.032369636
0.01,0.023830645,-0.013830645
0.01,0.009633213,0.0003667865
0.01,0.0,0.01
0.01,0.0,0.01
0.01,0.0,0.01
0.01,0.0,0.01
0.01,0.019141369,-0.009141369
0.01,0.002455335,0.0075446647
0.01,0.0,0.01
0.01,0.0,0.01
0.17,0.018242888,0.15175712
0.38,0.1965541,0.1834459
0.43,0.38880798,0.041192025
0.44,0.44532648,-0.0053264797
0.57,0.4444085,0.12559149
0.7,0.5609803,0.13901967
0.56,0.68260396,-0.12260395
0.61,0.53746736,0.072532654
0.43,0.59291875,-0.16291875
0.52,0.41538927,0.10461071
0.55,0.5117144,0.038285613
0.6,0.5401536,0.0598464
0.7,0.5812775,0.1187225
0.75,0.6704763,0.07952368
0.69,0.71377015,-0.023770154
0.64,0.64641726,-0.0064172745
0.62,0.612996,0.0070040226
0.64,0.5985817,0.041418314
0.51,0.61653996,-0.106539965
0.34,0.47900784,-0.13900784
0.37,0.32505822,0.044941783
0.32,0.36773923,-0.047739238
0.39,0.30923307,0.08076692
0.37,0.3775029,-0.0075028837
0.31,0.3573692,-0.047369212
0.34,0.2978988,0.042101204
0.29,0.3310977,-0.0410977
0.31,0.28612843,0.02387157
0.36,0.3022587,0.057741314
0.45,0.3537527,0.096247286
0.45,0.43542266,0.014577329
0.5,0.4401874,0.059812605
0.62,0.48835373,0.13164628
0.79,0.5989047,0.1910953
0.75,0.7574495,-0.0074495077
0.51,0.7035227,-0.19352269
0.48,0.478113,0.0018869936
0.68,0.4722346,0.2077654
0.82,0.6713872,0.1486128
0.88,0.78645146,0.09354854
0.82,0.82483053,-0.004830539
0.91,0.7661911,0.1438089
0.8,0.87874186,-0.07874185
0.83,0.73587763,0.09412235
0.71,0.7933295,-0.0833295
0.46,0.65911114,-0.19911113
0.43,0.41872296,0.01127705
0.69,0.4239373,0.2660627
0.86,0.6811389,0.17886114
0.83,0.8170483,0.012951672
0.87,0.7719327,0.09806728
0.77,0.820644,-0.05064404
0.81,0.7153908,0.0946092
0.65,0.77986443,-0.12986445
0.65,0.5966207,0.053379297
0.63,0.6282383,0.0017616749
0.74,0.60337794,0.13662207
0.66,0.7158936,-0.0558936
0.52,0.61509955,-0.09509957
0.46,0.48944223,-0.02944222
0.55,0.44067124,0.10932878
0.49,0.5375562,-0.047556162
0.25,0.46367946,-0.21367946
0.17,0.22560629,-0.05560629
0.54,0.1657259,0.37427413
0.7,0.53544044,0.16455954
0.86,0.6704526,0.18954742
0.96,0.820161,0.139839
0.96,0.91111445,0.048885524
0.98,0.90825975,0.07174027
0.98,0.9254824,0.054517627
0.98,0.93003297,0.04996705
0.97,0.93592215,0.034077883
0.97,0.9043857,0.06561434
0.98,0.9218292,0.058170795
0.5,0.9157698,-0.41576982
0.59,0.4366076,0.15339237
0.95,0.620685,0.329315
0.96,0.91076326,0.049236715
0.95,0.877234,0.072766006
0.48,0.88347805,-0.40347806
0.62,0.4135899,0.20641011
0.98,0.64122605,0.33877397
0.98,0.9598299,0.020170093
0.96,0.8886651,0.0713349
0.79,0.88792455,-0.09792453
0.22,0.7159102,-0.4959102
0.01,0.14242177,-0.13242176
0.02,0.0,0.02
0.04,0.03441696,0.0055830404
0.05,0.04802165,0.001978349
0.03,0.050464783,-0.020464784
0.01,0.027791824,-0.017791824
0.01,0.008856157,0.0011438429
0.01,0.0006322786,0.009367721
0.01,0.0022747964,0.0077252034
0.0,0.009824116,-0.009824116
0.01,0.0,0.01
0.01,0.0,0.01
0.01,0.0,0.01
0.01,0.0,0.01
0.01,0.0,0.01
0.01,0.0025635026,0.007436497
0.13,0.005508203,0.124491796
0.31,0.16477992,0.14522009
0.29,0.33619192,-0.04619193
0.15,0.31150386,-0.16150385
0.14,0.16977839,-0.029778391
0.11,0.1460104,-0.0360104
0.09,0.111003146,-0.021003142
0.11,0.086345404,0.023654595
0.14,0.10596667,0.03403333
0.14,0.13628387,0.003716126
0.12,0.13878043,-0.018780433
0.1,0.120829724,-0.020829722
0.12,0.09451006,0.025489934
0.1,0.11585192,-0.015851915
0.06,0.099810466,-0.039810468
0.08,0.05818738,0.021812618
0.08,0.07360856,0.006391436
0.07,0.07812077,-0.008120768
0.04,0.0677395,-0.027739502
0.08,0.03434593,0.04565407
0.14,0.075762436,0.064237565
0.23,0.13154516,0.09845485
0.21,0.22102173,-0.011021733
0.19,0.20835182,-0.018351823
0.19,0.18686706,0.0031329393
0.34,0.19377844,0.14622156
0.42,0.32780752,0.09219247
0.54,0.41326126,0.12673876
0.59,0.53084517,0.05915481
0.42,0.56916916,-0.14916918
0.34,0.4131939,-0.07319391
0.4,0.32671317,0.07328683
0.33,0.388641,-0.058640987
0.35,0.32987836,0.020121634
0.36,0.34642604,0.013573974
0.45,0.34758857,0.10241142
0.47,0.43643442,0.03356558
0.45,0.45628688,-0.0062868893
0.56,0.44002506,0.11997494
0.84,0.54510355,0.29489642
0.92,0.8088833,0.11111671
0.94,0.8821254,0.05787462
0.91,0.8935411,0.016458929
0.92,0.8554231,0.064576924
0.88,0.87254167,0.007458329
0.97,0.8273337,0.14266634
0.95,0.93010485,0.019895136
0.94,0.89052856,0.049471438
0.85,0.8809335,-0.0309335
0.92,0.7850859,0.1349141
0.98,0.8828262,0.09717381
0.97,0.93948853,0.030511498
0.97,0.896008,0.073992014
0.96,0.92398345,0.036016524
0.97,0.90068793,0.069312096
0.97,0.90767825,0.062321782
0.89,0.9143288,-0.024328828
0.95,0.8152237,0.1347763
0.95,0.90383124,0.046168745
0.97,0.8984313,0.07156873
0.91,0.92926145,-0.01926142
0.87,0.83430624,0.035693765
0.94,0.8095305,0.1304695
0.97,0.9065449,0.063455105
0.97,0.91054773,0.059452295
0.97,0.91464424,0.055355787
0.96,0.917855,0.042144954
0.93,0.9103168,0.019683182
0.97,0.8688837,0.1011163
0.97,0.94509304,0.024906993
0.97,0.91742766,0.05257237
0.97,0.9186603,0.051339746
0.97,0.9261223,0.04387772
0.97,0.9081191,0.061880946
0.97,0.9322332,0.037766814
0.97,0.913466,0.056534052
0.97,0.91198635,0.058013678
0.97,0.90830183,0.0616982
0.97,0.92196023,0.048039794
0.96,0.90842927,0.051570714
0.95,0.892581,0.057419002
0.94,0.88822675,0.05177325
0.97,0.8668139,0.10318613
0.9,0.9211019,-0.021101952
0.88,0.81915677,0.06084323
0.88,0.821468,0.058532
0.87,0.8246696,0.045330405
0.91,0.8134366,0.0965634
0.95,0.8609917,0.08900827
0.9,0.8989252,0.001074791
0.91,0.83044744,0.07955259
0.94,0.8573741,0.082625926
0.93,0.8875251,0.042474926
0.88,0.8653902,0.014609814
0.89,0.82111156,0.068888426
0.75,0.8346889,-0.0846889
0.92,0.6858809,0.23411912
0.89,0.9086162,-0.0186162
0.9,0.8196609,0.080339074
0.96,0.84472823,0.11527175
0.91,0.9059161,0.0040839314
0.81,0.83541906,-0.025419056
0.87,0.7482585,0.12174153
0.96,0.8357899,0.12421006
0.97,0.91325164,0.05674839
0.94,0.9040897,0.03591031
0.9,0.87102747,0.028972507
0.71,0.84695494,-0.13695496
0.41,0.6399424,-0.22994241
0.32,0.36197403,-0.041974038
0.38,0.30805323,0.07194677
0.46,0.37094378,0.08905622
0.46,0.44438455,0.015615463
0.43,0.4424093,-0.0124093
0.4,0.40704218,-0.0070421696
0.26,0.3792465,-0.11924651
0.15,0.24007455,-0.09007454
0.11,0.13909857,-0.02909857
0.11,0.1014725,0.008527502
0.07,0.10194446,-0.03194446
0.06,0.06341332,-0.0034133233
0.09,0.05099208,0.039007924
0.1,0.0832032,0.016796805
0.04,0.098498665,-0.058498666
0.04,0.0366366,0.0033634007
0.08,0.029855665,0.050144333
0.11,0.08058281,0.029417187
0.05,0.11830996,-0.06830996
0.03,0.055562455,-0.025562456
0.03,0.022578813,0.007421186
0.01,0.025726195,-0.015726196
0.01,0.0043635853,0.0056364145
0.0,0.0,0.0
0.01,0.0,0.01
0.0,0.0,0.0
0.01,0.0,0.01
0.01,0.0,0.01
0.01,0.0,0.01
0.01,0.0,0.01
0.01,0.0,0.01
0.01,0.0,0.01
0.01,0.0,0.01
0.01,0.0002100952,0.009789905
0.01,0.0,0.01
0.01,0.0,0.01
0.01,0.0018950328,0.008104967
0.01,0.0022694953,0.0077305045
0.01,0.0039723217,0.006027678
0.01,0.0040700026,0.005929997
0.01,0.011117689,-0.0011176895
0.01,0.029624363,-0.019624364
0.01,0.018429913,-0.008429913
0.01,0.017872581,-0.0078725815
0.01,0.02026656,-0.010266561
0.01,0.010653453,-0.0006534532
0.0,0.005100783,-0.005100783
0.01,0.0,0.01
0.01,0.0,0.01
0.01,0.0,0.01
0.01,0.0,0.01
0.01,0.0,0.01
0.01,0.0,0.01
0.01,0.0,0.01
0.01,0.0,0.01
0.01,0.002705682,0.0072943177
0.01,0.0004154127,0.009584587
0.01,0.0,0.01
0.01,0.0,0.01
0.01,0.0,0.01
0.01,0.005656332,0.004343668
0.01,0.004599441,0.005400559
0.01,0.0141602345,-0.0041602347
0.02,0.038874343,-0.018874343
0.03,0.048793495,-0.018793495
0.01,0.048248637,-0.038248636
0.01,0.020759022,-0.010759022
0.0,0.005615983,-0.005615983
0.01,0.0048720613,0.0051279385
0.01,0.0,0.01
0.01,0.0,0.01
0.01,0.0,0.01
0.01,0.0,0.01
0.01,0.0,0.01
0.01,0.008349391,0.0016506091
0.01,0.011057608,-0.001057608
0.01,0.0,0.01
0.01,0.0,0.01
0.01,0.0,0.01
0.01,0.0057190396,0.00428096
0.01,0.0,0.01
0.01,0.0,0.01
0.01,0.0043268017,0.005673198
0.01,0.006066598,0.003933402
0.01,0.0020883176,0.007911682
0.01,0.0049678534,0.0050321463
0.01,0.018689647,-0.008689648
0.07,0.028905476,0.041094527
0.07,0.09239594,-0.022395939
0.09,0.096015625,-0.006015621
0.12,0.10178521,0.018214785
0.11,0.12774774,-0.017747745
0.18,0.11612362,0.06387639
0.21,0.17724255,0.032757446
0.2,0.20799163,-0.007991627
0.17,0.2026253,-0.032625303
0.12,0.17632931,-0.056329317
0.16,0.12309584,0.036904156
0.21,0.1568435,0.053156495
0.17,0.2064365,-0.0364365
0.12,0.1700688,-0.050068803
0.11,0.118109964,-0.008109964
0.08,0.10804602,-0.02804602
0.07,0.0796666,-0.009666599
0.05,0.065216884,-0.015216883
0.09,0.042470332,0.04752967
0.13,0.085384764,0.04461523
0.16,0.12914936,0.030850634
0.18,0.16512279,0.014877215
0.17,0.17762646,-0.007626459
0.11,0.17264417,-0.06264417
0.11,0.11292565,-0.0029256493
0.08,0.099706635,-0.019706637
0.06,0.07673317,-0.016733173
0.06,0.051161252,0.008838747
0.06,0.049892783,0.0101072155
0.05,0.053184073,-0.0031840727
0.07,0.044045996,0.025954004
0.05,0.06492321,-0.014923211
0.02,0.04681905,-0.02681905
0.03,0.016314197,0.013685802
0.01,0.023565814,-0.013565814
0.01,0.0008050315,0.009194968
0.01,0.0,0.01
0.01,0.0,0.01
0.01,0.0,0.01
0.01,0.0,0.01
0.01,0.0,0.01
0.01,0.0,0.01
0.01,0.0,0.01
0.01,0.0,0.01
0.01,0.0010139048,0.008986095
0.01,0.010772273,-0.00077227317
0.01,0.00868636,0.0013136398
0.01,0.004990924,0.0050090756
0.01,0.006153632,0.0038463678
0.01,0.0,0.01
0.01,0.0,0.01
0.01,0.0,0.01
0.01,0.0,0.01
0.01,0.0,0.01
0.01,0.0,0.01
0.01,0.0,0.01
0.01,0.0,0.01
0.01,0.0,0.01
0.01,0.004075555,0.0059244446
0.01,0.0,0.01
0.01,0.002151534,0.007848466
0.01,0.0013171881,0.008682812
0.01,0.0012379251,0.008762075
0.01,0.0037386585,0.0062613413
0.01,0.004996462,0.005003538
0.01,0.021158077,-0.011158077
0.05,0.023070678,0.026929323
0.1,0.07097662,0.02902338
0.13,0.11996864,0.010031357
0.11,0.14458889,-0.03458889
0.11,0.12865832,-0.018658325
0.21,0.117112555,0.09288744
0.36,0.21068706,0.14931296
0.33,0.3517258,-0.021725774
0.29,0.32562968,-0.03562969
0.26,0.28430894,-0.02430895
0.25,0.25558978,-0.005589783
0.24,0.24442044,-0.0044204444
0.25,0.23987952,0.010120481
0.24,0.24586691,-0.005866915
0.23,0.2355401,-0.0055401027
0.24,0.22479782,0.01520218
0.24,0.23238122,0.00761877
0.26,0.23266841,0.027331576
0.34,0.2554294,0.08457062
0.38,0.33137748,0.04862252
0.44,0.36774787,0.072252125
0.49,0.4276617,0.062338322
0.5,0.47424018,0.025759816
0.51,0.4825257,0.027474284
0.6,0.49682996,0.10317007
0.67,0.5799463,0.09005374
0.73,0.64788544,0.08211458
0.76,0.6934768,0.066523194
0.74,0.72810066,0.011899352
0.77,0.69947064,0.07052934
0.85,0.73577464,0.11422539
0.97,0.8183118,0.15168822
0.98,0.93206024,0.047939777
0.98,0.9184431,0.061556935
0.97,0.9235984,0.04640162
0.98,0.91456914,0.06543088
0.98,0.9290415,0.050958514
0.96,0.93780565,0.022194326
0.97,0.8917471,0.07825291
0.92,0.9116794,0.00832063
0.98,0.8571545,0.12284553
0.97,0.93906105,0.030938983
0.97,0.9080198,0.061980247
0.97,0.91870713,0.051292896
0.93,0.89375985,0.03624016
0.94,0.8633996,0.07660037
0.96,0.8811718,0.078828156
0.96,0.90065706,0.05934292
0.97,0.89730155,0.072698474
0.94,0.9087876,0.03121239
0.95,0.8754084,0.07459158
0.98,0.8920016,0.08799839
0.92,0.93427277,-0.014272749
0.87,0.84842134,0.02157867
0.69,0.809278,-0.11927801
0.39,0.63253736,-0.24253738
0.29,0.3473464,-0.057346404
0.3,0.28592253,0.014077485
0.34,0.29352725,0.046472758
0.39,0.33006808,0.059931904
0.4,0.37704018,0.022959828
0.62,0.38234532,0.23765469
0.58,0.58971107,-0.009711087
0.55,0.5521753,-0.0021752715
0.31,0.5260893,-0.21608931
0.16,0.29452795,-0.13452795
0.2,0.15946397,0.04053603
0.43,0.19267885,0.23732115
0.64,0.42042086,0.21957913
0.72,0.6234014,0.096598625
0.73,0.69120383,0.038796186
0.82,0.6917496,0.12825042
0.8,0.7865834,0.013416588
0.42,0.7582767,-0.3382767
0.05,0.37404415,-0.32404414
0.06,0.041480724,0.018519275
0.05,0.062496707,-0.012496706
0.04,0.04613615,-0.006136149
0.07,0.03773968,0.03226032
0.06,0.0656959,-0.005695898
0.01,0.053253386,-0.043253385
0.02,0.0,0.02
0.04,0.018949838,0.02105016
0.05,0.030685257,0.019314744
0.06,0.050853953,0.009146046
0.01,0.067480475,-0.057480477
0.01,0.0,0.01
0.01,0.0,0.01
0.01,0.0,0.01
0.01,0.0,0.01
0.01,0.0,0.01
0.01,0.004246248,0.005753752
0.01,0.013155121,-0.0031551216
0.01,0.00022027642,0.009779723
0.01,0.0,0.01
0.02,0.00505108,0.014948919
0.01,0.03914086,-0.029140862
0.01,0.016404867,-0.0064048674
0.01,0.022382557,-0.012382558
0.01,0.0059804544,0.0040195454
0.01,0.0,0.01
0.01,0.0037687905,0.0062312093
0.01,0.0037627164,0.0062372833
0.02,0.0,0.02
0.04,0.0249439,0.0150561
0.06,0.044000376,0.015999623
0.07,0.06404014,0.005959861
0.06,0.07331517,-0.013315175
0.05,0.060650818,-0.010650817
0.06,0.050094686,0.009905312
0.07,0.058304455,0.011695545
0.07,0.070112355,-0.000112354755
0.06,0.067640916,-0.007640917
0.06,0.05589153,0.00410847
0.07,0.053420123,0.016579878
0.11,0.06591344,0.04408656
0.11,0.107920706,0.0020792931
0.1,0.11135645,-0.011356451
0.1,0.09907934,0.0009206608
0.13,0.09275839,0.037241608
0.15,0.12388341,0.026116595
0.13,0.14920944,-0.019209445
0.14,0.13084158,0.009158418
0.14,0.13559327,0.0044067353
0.13,0.13844824,-0.008448243
0.12,0.12236214,-0.0023621395
0.13,0.115864694,0.014135301
0.15,0.12314408,0.026855923
0.16,0.14646538,0.01353462
0.11,0.15261424,-0.042614236
0.18,0.10408751,0.0759125
0.27,0.17426337,0.09573664
0.26,0.26013055,-0.00013056397
0.26,0.26331854,-0.0033185482
0.26,0.2572681,0.0027318895
0.25,0.26020887,-0.010208875
0.27,0.23371018,0.036289826
0.27,0.26234066,0.007659346
0.29,0.2609963,0.02900368
0.43,0.27963048,0.15036952
0.78,0.41048458,0.3695154
0.76,0.7493968,0.0106031895
0.7,0.72239196,-0.022391975
0.9,0.6611818,0.23881817
0.97,0.8755126,0.09448743
0.98,0.9265926,0.05340743
0.98,0.95381343,0.026186585
0.98,0.93406856,0.04593146
0.98,0.9229908,0.05700922
0.97,0.9329243,0.037075758
0.97,0.93135035,0.03864968
0.97,0.924191,0.04580903
0.97,0.91924703,0.050752997
0.97,0.91643393,0.0535661
0.97,0.92090666,0.049093366
0.97,0.9276812,0.04231882
0.97,0.9207685,0.04923153
0.97,0.8963647,0.07363534
0.97,0.9147254,0.055274606
0.97,0.90149283,0.068507195
0.97,0.90222037,0.06777966
0.97,0.91279066,0.057209373
0.97,0.9380449,0.031955123
0.97,0.9172356,0.052764416
0.97,0.93326616,0.036733866
0.97,0.92931664,0.04068339
0.97,0.8891587,0.0808413
0.97,0.89841616,0.07158387
0.97,0.9393672,0.030632854
0.97,0.9100219,0.059978127
0.97,0.92075276,0.049247265
0.97,0.90842664,0.061573386
0.97,0.9074136,0.06258643
0.97,0.8997469,0.070253134
0.97,0.8901793,0.07982075
0.97,0.924273,0.045727015
0.97,0.93435764,0.035642385
0.97,0.92203104,0.047968984
0.97,0.92057776,0.049422264
0.97,0.9595903,0.010409713
0.97,0.90936196,0.06063807
0.97,0.89933705,0.070662975
0.97,0.9126071,0.057392955
0.97,0.9192275,0.050772548
0.97,0.8987986,0.07120144
0.97,0.9137043,0.056295753
0.97,0.9020767,0.06792331
0.97,0.9159168,0.054083228
0.97,0.92147386,0.048526168
0.97,0.92293143,0.047068596
0.97,0.91583836,0.054161668
0.97,0.90187144,0.068128586
0.97,0.9113388,0.058661222
0.97,0.9030571,0.06694293
0.97,0.9226661,0.047333956
0.97,0.9029982,0.06700182
0.95,0.91830313,0.031696856
0.96,0.8770689,0.0829311
0.97,0.9155438,0.054456234
0.97,0.92419434,0.045805693
0.97,0.91402876,0.055971265
0.97,0.93801415,0.03198588
0.97,0.9037287,0.066271305
0.97,0.92905354,0.040946484
0.97,0.89499724,0.07500279
0.97,0.92378104,0.04621899
0.97,0.91088057,0.059119463
0.97,0.91130877,0.058691263
0.97,0.91887295,0.051127076
0.97,0.90545714,0.06454289
0.97,0.91828763,0.051712394
0.97,0.89961016,0.07038987
0.97,0.92045856,0.049541473
0.97,0.9025295,0.06747055
0.97,0.8877691,0.082230926
0.97,0.9156097,0.05439031
0.97,0.91185856,0.05814147
0.97,0.9092232,0.06077683
0.97,0.8956548,0.07434523
0.97,0.9059516,0.06404841
0.89,0.9156543,-0.025654316
0.87,0.80946493,0.060535073
0.8,0.819584,-0.019584
0.9,0.73663235,0.16336763
0.97,0.8718941,0.09810591
0.97,0.93545294,0.03454709
0.96,0.89989495,0.060105026
0.97,0.90628684,0.06371319
0.97,0.93036807,0.039631963
0.97,0.92426324,0.04573679
0.97,0.9393573,0.030642748
0.97,0.9273858,0.04261422
0.97,0.9653629,0.004637122
0.97,0.9260707,0.04392934
0.97,0.9283912,0.04160881
0.97,0.9253894,0.04461062
0.97,0.9317198,0.03828025
0.97,0.9471587,0.022841334
0.97,0.92073715,0.04926288
0.97,0.94874024,0.021259785
0.97,0.91657054,0.053429484
0.97,0.9421154,0.027884603
0.97,0.9128685,0.05713153
0.97,0.92295504,0.047044992
0.97,0.9136454,0.056354642
0.97,0.90564203,0.064357996
0.97,0.9384904,0.031509638
0.97,0.9171636,0.05283642
0.97,0.93624187,0.033758163
0.97,0.9361894,0.033810616
0.97,0.929795,0.040205
0.97,0.92708945,0.042910576
0.97,0.93659115,0.03340888
0.97,0.8977413,0.07225871
0.97,0.9284971,0.041502953
0.97,0.93229294,0.03770709
0.97,0.93022037,0.039779663
0.97,0.9152316,0.054768443
0.97,0.9050807,0.06491935
0.97,0.9239403,0.046059728
0.97,0.9309776,0.039022446
0.97,0.90758514,0.062414885
0.97,0.9125563,0.057443738
0.97,0.9138285,0.056171536
0.97,0.90435207,0.06564796
0.97,0.91194665,0.058053374
0.97,0.92119706,0.04880297
0.97,0.91255677,0.05744326
0.97,0.8991244,0.070875645
0.97,0.8987504,0.071249604
0.97,0.9334123,0.036587715
0.97,0.91900563,0.050994396
0.97,0.9064158,0.06358421
0.97,0.92152977,0.04847026
0.97,0.93148994,0.038510084
0.97,0.9162036,0.05379641
0.97,0.8992264,0.0707736
0.97,0.9171829,0.052817106
0.97,0.9134394,0.056560636
0.97,0.8910452,0.078954816
0.97,0.91180706,0.05819297
0.97,0.8976282,0.07237184
0.97,0.93043256,0.03956747
0.97,0.92433584,0.04566419
0.97,0.9105412,0.05945885
0.97,0.91115606,0.05884397
0.86,0.8981055,-0.038105488
0.79,0.75281584,0.03718418
0.78,0.7292559,0.050744057
0.9,0.72933924,0.17066073
0.78,0.8608953,-0.080895305
0.76,0.70140505,0.058594942
0.81,0.71039283,0.09960717
0.93,0.77162576,0.15837425
0.97,0.88979363,0.080206394
0.76,0.918838,-0.15883803
0.38,0.6788366,-0.2988366
0.49,0.32471687,0.16528314
0.26,0.5062276,-0.24622762
0.27,0.23668815,0.03331186
0.24,0.25612965,-0.016129658
0.21,0.22721106,-0.017211065
0.63,0.20411357,0.42588642
0.94,0.6193615,0.32063848
0.84,0.91648436,-0.07648438
0.96,0.7680632,0.19193679
0.91,0.9316101,-0.021610081
0.66,0.8686472,-0.20864719
0.48,0.6095873,-0.12958732
0.36,0.45217925,-0.09217924
0.61,0.34114143,0.26885858
0.64,0.6144874,0.025512576
0.35,0.62363315,-0.27363315
0.38,0.3099152,0.07008478
0.29,0.38226727,-0.092267275
0.26,0.2795759,-0.019575924
0.23,0.24603945,-0.016039446
0.26,0.21570967,0.04429032
0.28,0.24798864,0.03201136
0.27,0.26853806,0.0014619529
0.36,0.2591647,0.10083532
0.25,0.34718645,-0.097186446
0.13,0.24464399,-0.11464399
0.21,0.12909311,0.08090688
0.21,0.21333012,-0.0033301264
0.07,0.20497102,-0.13497102
0.03,0.055611845,-0.025611846
0.1,0.012060057,0.08793995
0.08,0.09251912,-0.012519121
0.07,0.079941854,-0.009941854
0.08,0.062418297,0.017581701
0.09,0.069772735,0.020227268
0.09,0.08720125,0.002798751
0.24,0.09385872,0.14614128
0.12,0.23953387,-0.119533874
0.09,0.12371103,-0.033711024
0.08,0.084539056,-0.0045390576
0.09,0.070531785,0.019468218
0.02,0.082090616,-0.062090617
0.01,0.008241117,0.0017588828
0.01,0.0,0.01
0.12,0.0,0.12
0.52,0.12934142,0.39065856
0.66,0.5149889,0.14501113
0.65,0.6695013,-0.019501328
0.55,0.6330216,-0.08302158
0.37,0.5322392,-0.1622392
0.35,0.36201882,-0.01201883
0.38,0.35061854,0.029381454
0.38,0.3792497,0.00075030327
0.47,0.37060973,0.09939027
0.38,0.45658368,-0.07658368
0.31,0.36506498,-0.055064976
0.27,0.30040294,-0.030402929
0.2,0.26498196,-0.06498195
0.14,0.1964218,-0.0564218
0.18,0.14703377,0.03296624
0.17,0.18704881,-0.017048806
0.13,0.16919489,-0.039194897
0.08,0.1291479,-0.049147904
0.02,0.07721102,-0.057211023
0.01,0.0028173625,0.007182637
0.0,0.0,0.0
0.01,0.0,0.01
0.01,0.0,0.01
0.01,0.0,0.01
0.01,0.0,0.01
0.01,0.0,0.01
0.01,0.0016191285,0.008380871
0.01,0.017594744,-0.0075947437
0.01,0.011373289,-0.0013732892
0.01,0.007884849,0.002115151
0.01,0.0014375113,0.0085624885
0.01,0.0,0.01
0.01,0.0,0.01
0.01,0.0,0.01
0.01,0.0,0.01
0.01,0.0,0.01
0.01,0.0,0.01
0.01,0.025416873,-0.015416874
0.0,0.039669514,-0.039669514
0.01,0.018413357,-0.008413358
0.0,0.010778885,-0.010778885
0.01,0.002144225,0.007855775
0.01,0.0,0.01
0.01,0.0,0.01
0.01,0.0,0.01
0.01,0.0,0.01
0.01,0.0,0.01
0.01,0.0007604696,0.00923953
0.01,0.006387025,0.0036129747
0.01,0.009424999,0.0005750004
0.01,0.016164597,-0.0061645973
0.01,0.016662382,-0.006662382
0.02,0.010708261,0.009291738
0.01,0.02299957,-0.01299957
0.02,0.0,0.02
0.11,0.022999804,0.08700019
0.14,0.1140536,0.025946401
0.17,0.14824598,0.021754026
0.16,0.17847604,-0.01847604
0.21,0.1613048,0.04869519
0.21,0.21122496,-0.0012249649
0.22,0.2113857,0.008614302
0.2,0.2141091,-0.01410909
0.2,0.19284788,0.0071521252
0.24,0.19719346,0.042806536
0.22,0.22861385,-0.008613855
0.17,0.21154131,-0.04154131
0.17,0.16673513,0.0032648742
0.17,0.16229053,0.0077094734
0.19,0.16193976,0.028060243
0.21,0.18232839,0.027671605
0.23,0.1993765,0.03062351
0.22,0.22079045,-0.000790447
0.21,0.21474248,-0.0047424883
0.28,0.20304662,0.07695338
0.35,0.27239394,0.07760605
0.36,0.33647797,0.02352205
0.33,0.34752557,-0.017525554
0.33,0.32123432,0.0087656975
0.37,0.31965658,0.050343424
0.43,0.35687283,0.07312718
0.48,0.4164525,0.06354749
0.5,0.46421966,0.03578034
0.55,0.4818879,0.068112105
0.55,0.53326845,0.01673156
0.59,0.53029275,0.059707224
0.69,0.57296634,0.11703366
0.78,0.6700517,0.10994828
0.8,0.74762714,0.052372873
0.85,0.76015913,0.08984089
0.83,0.8117815,0.018218458
0.79,0.78500617,0.004993856
0.77,0.73963416,0.030365825
0.72,0.73477423,-0.014774203
0.74,0.68568194,0.05431807
0.8,0.7094096,0.09059042
0.82,0.75974405,0.060255945
0.86,0.77242625,0.08757377
0.81,0.8132169,-0.0032169223
0.75,0.7506473,-0.00064730644
0.7,0.7066654,-0.0066654086
0.62,0.66140056,-0.04140055
0.56,0.58160114,-0.02160114
0.46,0.53054667,-0.07054666
0.43,0.43482527,-0.004825264
0.37,0.42097792,-0.050977916
0.26,0.35772505,-0.09772506
0.13,0.24747646,-0.11747646
0.06,0.1190158,-0.0590158
0.09,0.037555493,0.05244451
0.1,0.077097476,0.022902526
0.05,0.092507794,-0.042507794
0.03,0.033962756,-0.003962757
0.01,0.01412347,-0.00412347
0.01,0.0,0.01
0.0,0.0,0.0
0.01,0.0,0.01
0.01,0.0,0.01
0.01,0.018359724,-0.008359725
0.01,0.029312419,-0.019312419
0.01,0.011510262,-0.0015102625
0.02,0.030130794,-0.010130795
0.04,0.038324054,0.0016759448
0.06,0.05075219,0.00924781
0.04,0.07027915,-0.030279152
0.04,0.05170404,-0.011704043
0.03,0.041368,-0.011368001
0.01,0.015743837,-0.005743837
0.01,0.0,0.01
0.0,0.0,0.0
0.01,0.0,0.01
0.01,0.0,0.01
0.01,0.0,0.01
0.01,0.0,0.01
0.01,0.0,0.01
0.01,0.0,0.01
0.0,0.006587466,-0.006587466
0.01,0.020603813,-0.010603813
0.01,0.008179976,0.0018200241
0.01,0.0,0.01
0.01,0.0,0.01
0.01,0.0,0.01
0.0,0.0,0.0
0.01,0.002297528,0.0077024717
0.01,0.00770374,0.0022962596
0.01,0.0,0.01
0.01,0.0,0.01
0.01,0.0,0.01
0.01,0.0,0.01
0.01,0.0053469185,0.0046530813
0.01,0.008409426,0.0015905742
0.01,0.008972716,0.0010272842
0.01,0.0043465532,0.0056534465
0.01,0.0028243866,0.007175613
0.01,0.008189632,0.0018103682
0.01,0.016726237,-0.006726237
0.01,0.015827408,-0.0058274083
0.01,0.0006436184,0.009356381
0.01,0.0048909355,0.0051090643
0.01,0.0022059884,0.0077940114
0.01,0.0029866416,0.007013358
0.01,0.0003006179,0.009699382
0.01,0.0,0.01
0.01,0.0,0.01
0.01,0.005168367,0.0048316326
0.01,0.004641855,0.0053581446
0.01,0.0047520846,0.005247915
0.01,0.0073470473,0.0026529524
0.01,0.00074788556,0.009252114
0.01,0.0,0.01
0.01,0.0017564222,0.008243578
0.01,0.0045046657,0.005495334
0.01,0.0021529067,0.007847093
0.01,0.0,0.01
0.01,0.0,0.01
0.01,0.0,0.01
0.01,0.0049158596,0.00508414
0.01,0.0073065013,0.0026934985
0.01,0.0049700774,0.0050299224
0.01,0.0060992874,0.0039007124
0.01,0.0,0.01
0.01,0.00071850605,0.009281494
0.01,0.006734755,0.003265245
0.01,0.004564505,0.0054354947
0.01,0.0,0.01
0.01,0.0,0.01
0.01,0.0,0.01
0.01,0.0007298887,0.009270111
0.01,0.0,0.01
0.01,0.00060991757,0.009390082
0.01,0.004234597,0.0057654027
0.01,0.0021328367,0.007867163
0.01,0.0022199526,0.007780047
0.01,0.003519617,0.0064803828
0.01,0.0036630873,0.0063369125
0.01,0.0057058074,0.0042941924
0.01,0.0027777664,0.0072222333
0.01,0.0,0.01
0.01,0.0,0.01
0.01,0.0,0.01
0.01,0.0,0.01
0.01,0.0,0.01
0.01,0.00047471747,0.009525282
0.01,0.001736246,0.008263754
0.01,0.0011972431,0.008802757
0.01,0.0006082915,0.009391708
0.01,0.0,0.01
0.01,0.0015232787,0.008476721
0.01,0.0023879744,0.0076120254
0.01,0.00028196722,0.009718033
0.01,0.0017459579,0.008254042
0.01,0.0025407337,0.007459266
0.01,0.0027745478,0.007225452
0.01,0.0,0.01
0.01,8.594245e-06,0.0099914055
0.01,0.0,0.01
0.01,0.0,0.01
0.01,0.00022253767,0.009777462
0.01,0.0,0.01
0.01,0.0016016588,0.008398341
0.01,0.008023594,0.0019764062
0.01,0.0,0.01
0.01,0.0,0.01
0.01,0.004030835,0.005969165
0.01,0.0,0.01
0.01,0.0,0.01
0.01,0.005709879,0.0042901207
0.01,0.011248084,-0.001248084
0.01,0.013505615,-0.0035056155
0.03,0.029999811,1.8812716e-07
0.04,0.05179114,-0.01179114
0.03,0.054863553,-0.024863554
0.03,0.041010562,-0.011010563
0.02,0.0355938,-0.015593801
0.04,0.021194067,0.018805932
0.04,0.03986731,0.00013268739
0.02,0.04315583,-0.02315583
0.03,0.020530283,0.009469716
0.01,0.025382109,-0.015382109
0.02,0.00862525,0.011374749
0.04,0.015032977,0.024967022
0.07,0.039670534,0.030329466
0.06,0.0747201,-0.014720101
0.04,0.060176175,-0.020176176
0.03,0.027345348,0.0026546512
0.04,0.016412042,0.023587957
0.04,0.030725785,0.0092742145
0.01,0.03343315,-0.02343315
0.04,0.00053511,0.03946489
0.11,0.03423434,0.075765654
0.15,0.118610695,0.03138931
0.2,0.16343662,0.03656338
0.26,0.20238873,0.057611257
0.3,0.25775775,0.04224226
0.3,0.30354574,-0.0035457313
0.31,0.29870752,0.011292487
0.35,0.3073948,0.04260519
0.35,0.34069064,0.009309351
0.37,0.34349975,0.026500255
0.29,0.3630297,-0.0730297
0.15,0.2870151,-0.1370151
0.14,0.15119869,-0.011198685
0.15,0.14331214,0.0066878647
0.21,0.14577639,0.0642236
0.23,0.21208736,0.017912641
0.22,0.22954619,-0.0095461905
0.16,0.21690956,-0.05690956
0.1,0.15526274,-0.055262737
0.07,0.08689809,-0.016898088
0.03,0.05166029,-0.021660293
0.01,0.007332422,0.002667578
0.01,0.0,0.01
0.01,0.0,0.01
0.01,0.0,0.01
0.01,0.0007967502,0.00920325
0.01,0.010771792,-0.0007717926
0.01,0.010272518,-0.00027251802
0.01,0.0,0.01
0.01,0.0,0.01
0.01,0.0,0.01
0.01,0.0,0.01
0.01,0.0,0.01
0.01,0.0,0.01
0.01,0.0,0.01
0.01,0.0,0.01
0.01,0.0011539645,0.008846035
0.01,0.0025709122,0.0074290875
0.01,0.00035334937,0.00964665
0.01,0.0,0.01
0.01,0.006538883,0.003461117
0.01,0.005392866,0.0046071336
0.01,0.0054967664,0.0045032334
0.01,0.008382563,0.0016174372
0.01,0.011329912,-0.0013299119
0.01,0.0065026954,0.0034973044
0.01,0.003588114,0.006411886
0.01,0.0059303306,0.004069669
0.01,0.004745815,0.005254185
0.01,0.017057639,-0.007057639
0.01,0.015910886,-0.0059108865
0.01,0.013023471,-0.0030234717
0.01,0.010712132,-0.0007121321
0.01,0.0,0.01
0.01,0.0,0.01
0.01,0.0027849562,0.0072150435
0.01,0.0019073747,0.008092625
0.01,0.0,0.01
0.01,0.0039670505,0.0060329493
0.01,0.0075656828,0.002434317
0.01,0.0065388344,0.0034611654
0.01,0.009747267,0.000252733
0.01,0.0,0.01
0.01,0.0,0.01
0.01,0.010172769,-0.00017276965
0.0,0.020862358,-0.020862358
0.01,0.016211823,-0.006211823
0.01,0.0,0.01
0.01,0.0,0.01
0.01,0.0,0.01
0.01,0.0,0.01
0.01,0.0,0.01
0.01,0.0,0.01
0.01,0.0,0.01
0.01,0.0061696414,0.0038303584
0.01,0.012458026,-0.0024580266
0.01,0.009400986,0.00059901364
0.01,0.0077803396,0.0022196602
0.01,0.0019496344,0.008050365
0.01,0.0,0.01
0.01,0.0023442302,0.0076557696
0.01,0.009608321,0.00039167888
0.01,0.01105207,-0.0010520704
0.01,0.011603089,-0.0016030893
0.01,0.015358981,-0.005358981
0.01,0.020054303,-0.010054303
0.03,0.020188462,0.009811537
0.06,0.038674504,0.021325495
0.12,0.07194833,0.04805167
0.08,0.12684783,-0.046847835
0.06,0.092585966,-0.032585967
0.07,0.062022563,0.007977437
0.11,0.07029295,0.03970705
0.05,0.106880225,-0.056880224
0.07,0.050744407,0.019255593
0.11,0.06535064,0.044649363
0.14,0.11077814,0.029221863
0.16,0.13948257,0.020517424
0.16,0.15959865,0.00040134788
0.14,0.15879071,-0.018790707
0.15,0.14196613,0.008033872
0.16,0.14890867,0.011091322
0.18,0.15567261,0.024327397
0.21,0.17625885,0.033741146
0.19,0.20372893,-0.013728932
0.19,0.18792966,0.0020703375
0.2,0.18683574,0.013164267
0.19,0.19622852,-0.0062285215
0.17,0.1857129,-0.015712902
0.16,0.16777651,-0.0077765137
0.18,0.15546449,0.024535522
0.22,0.17614087,0.043859124
0.25,0.21415913,0.03584087
0.28,0.24341586,0.03658414
0.24,0.27470106,-0.034701064
0.15,0.2405629,-0.090562895
0.08,0.1495218,-0.0695218
0.08,0.0687447,0.011255302
0.11,0.0686059,0.0413941
0.09,0.09975627,-0.009756267
0.13,0.085385956,0.04461404
0.11,0.120277226,-0.010277227
0.09,0.10934493,-0.019344926
0.07,0.08719103,-0.01719103
0.09,0.0632024,0.0267976
0.11,0.08141301,0.028586991
0.1,0.10500476,-0.005004756
0.13,0.09974224,0.030257754
0.03,0.13018534,-0.100185335
0.01,0.02640142,-0.01640142
0.02,0.0,0.02
0.06,0.007781606,0.052218392
0.1,0.057606194,0.042393807
0.07,0.10623868,-0.036238678
0.02,0.09024527,-0.070245266
0.01,0.031246904,-0.021246905
0.01,0.0,0.01
0.01,0.0,0.01
0.01,0.0,0.01
0.01,0.0,0.01
0.04,0.014416475,0.025583524
0.04,0.057660133,-0.017660134
0.03,0.05718978,-0.027189782
0.04,0.041020777,-0.001020778
0.07,0.048435632,0.021564368
0.09,0.07660586,0.013394147
0.08,0.09288556,-0.012885563
0.09,0.08268111,0.0073188916
0.11,0.087585814,0.022414185
0.11,0.11174081,-0.0017408133
0.08,0.11463572,-0.034635723
0.06,0.080625005,-0.020625006
0.05,0.055407878,-0.0054078773
0.07,0.043504734,0.026495267
0.06,0.06386012,-0.0038601197
0.04,0.06030116,-0.02030116
0.04,0.036923632,0.003076367
0.01,0.037822697,-0.027822698
0.01,0.003271941,0.0067280587
0.01,0.0,0.01
0.01,0.0025584996,0.0074415
0.03,0.012346849,0.01765315
0.04,0.033434384,0.0065656155
0.03,0.042424735,-0.012424735
0.02,0.02883832,-0.00883832
0.02,0.021155447,-0.0011554472
0.02,0.021232665,-0.001232665
0.01,0.024049021,-0.0140490215
0.01,0.010485515,-0.00048551522
0.0,0.007505847,-0.007505847
0.01,0.0,0.01
0.0,0.0,0.0
0.01,0.0026277155,0.0073722843
0.01,0.009227231,0.00077276863
0.01,0.009025764,0.00097423606
0.01,0.0007420704,0.009257929
0.0,0.0,0.0
0.01,8.0186874e-05,0.009919813
0.01,0.008677501,0.0013224985
0.01,0.015204964,-0.0052049644
0.0,0.0,0.0
0.0,0.0,0.0
0.01,0.0,0.01
0.0,0.01486983,-0.01486983
0.01,0.012734938,-0.0027349386
0.0,0.008872552,-0.008872552
0.01,2.6248395e-05,0.009973751
0.01,0.0,0.01
0.01,0.0,0.01
0.01,0.0,0.01
0.01,0.0,0.01
0.01,0.010286536,-0.0002865363
0.01,0.01819569,-0.008195691
0.0,0.019162353,-0.019162353
0.01,0.001153972,0.008846028
0.01,0.0,0.01
0.01,0.0,0.01
0.01,0.0,0.01
0.01,0.0,0.01
0.01,0.0,0.01
0.01,0.0,0.01
0.01,0.0,0.01
0.01,0.0008136593,0.0091863405
0.01,0.0017295498,0.00827045
0.01,0.005774826,0.004225174
0.01,0.005567236,0.004432764
0.01,0.0031166542,0.0068833455
0.01,0.008205859,0.0017941408
0.01,0.006195871,0.0038041286
0.01,0.002915172,0.007084828
0.01,0.0031579472,0.0068420526
0.01,0.0023225993,0.0076774005
0.01,0.0004867129,0.009513287
0.01,0.007250216,0.002749784
0.01,0.022186076,-0.0121860765
0.01,0.008308779,0.0016912203
0.01,0.003047727,0.0069522727
0.01,0.00322696,0.0067730397
0.01,0.0,0.01
0.01,0.00016920269,0.009830797
0.01,0.0005937293,0.00940627
0.01,0.0051422026,0.004857797
0.01,0.0019278508,0.008072149
0.01,0.004136782,0.0058632176
0.01,0.016717557,-0.006717557
0.01,0.011023913,-0.0010239128
0.01,0.012513667,-0.0025136676
0.01,0.009472879,0.0005271211
0.01,0.013232257,-0.0032322574
0.0,0.010911413,-0.010911413
0.01,0.013266414,-0.0032664146
0.01,0.010930046,-0.00093004666
0.01,0.015531242,-0.005531242
0.01,0.012711324,-0.002711324
0.01,0.008911308,0.0010886919
0.01,0.0057056453,0.0042943545
0.01,0.0031576864,0.0068423133
0.01,0.011752166,-0.0017521661
0.01,0.0034273714,0.0065726284
0.01,0.005945461,0.004054539
0.01,0.012822941,-0.0028229412
0.01,0.011927757,-0.0019277576
0.01,0.013776304,-0.0037763044
0.01,0.013990015,-0.003990015
0.02,0.001067901,0.018932099
0.02,0.023313332,-0.0033133328
0.02,0.023056846,-0.0030568466
0.03,0.021966279,0.008033721
0.05,0.031436667,0.018563334
0.04,0.055097748,-0.0150977485
0.07,0.043718256,0.026281744
0.13,0.069475904,0.06052409
0.1,0.12952316,-0.029523157
0.11,0.106502645,0.0034973547
0.16,0.1124384,0.047561593
0.18,0.163498,0.016502008
0.19,0.1831859,0.0068140924
0.19,0.19017124,-0.00017124414
0.19,0.18990651,9.3489885e-05
0.17,0.19672556,-0.02672556
0.16,0.16794375,-0.007943749
0.2,0.17152119,0.028478816
0.21,0.19528002,0.014719978
0.2,0.20944433,-0.009444326
0.15,0.1957669,-0.04576689
0.13,0.15056704,-0.020567045
0.13,0.1252439,0.004756093
0.15,0.12546855,0.024531454
0.15,0.15021534,-0.00021533668
0.17,0.14507197,0.024928033
0.15,0.17102565,-0.021025643
0.13,0.14859873,-0.018598735
0.11,0.12944373,-0.019443735
0.09,0.10563299,-0.015632987
0.07,0.090272926,-0.020272925
0.06,0.06907864,-0.0090786405
0.03,0.05998057,-0.029980572
0.01,0.028196111,-0.018196112
0.03,0.0,0.03
0.03,0.01814674,0.011853259
0.06,0.02555522,0.03444478
0.1,0.061252937,0.038747065
0.11,0.11137501,-0.0013750121
0.12,0.12425923,-0.004259236
0.14,0.12998693,0.010013074
0.13,0.14804214,-0.018042147
0.11,0.13079575,-0.020795748
0.07,0.111864716,-0.041864716
0.05,0.07260268,-0.022602681
0.05,0.04828831,0.0017116889
0.02,0.04594457,-0.025944572
0.01,0.024844285,-0.014844285
0.01,0.0,0.01
0.01,0.0,0.01
0.01,0.0,0.01
0.01,0.0,0.01
0.01,0.0,0.01
0.01,0.0,0.01
0.01,0.0,0.01
0.01,0.004546128,0.0054538716
0.01,0.017373921,-0.0073739216
0.01,0.0,0.01
0.01,0.0,0.01
0.01,0.0,0.01
0.01,0.018522123,-0.008522123
0.01,0.014286537,-0.004286537
0.01,0.0098497905,0.0001502093
0.01,0.003727667,0.0062723327
0.01,0.0,0.01
0.01,0.0,0.01
0.01,0.0,0.01
0.01,0.0,0.01
0.01,0.00047301874,0.009526981
0.01,0.0028368682,0.0071631316
0.01,0.010629265,-0.00062926486
0.01,0.019887818,-0.009887818
0.0,0.023927018,-0.023927018
0.01,0.032026984,-0.022026984
0.01,0.011232402,-0.0012324024
0.01,0.00964947,0.00035052933
0.01,0.008292353,0.001707647
0.01,0.026209606,-0.016209606
0.0,0.021967348,-0.021967348
0.0,0.012925584,-0.012925584
0.01,0.002730351,0.007269649
0.01,0.0,0.01
0.01,0.0,0.01
0.01,0.0,0.01
0.01,0.0,0.01
0.01,0.0029901173,0.0070098825
0.01,0.014218373,-0.0042183734
0.01,0.01700773,-0.007007731
0.01,0.019408874,-0.009408874
0.01,0.020146303,-0.010146303
0.02,0.017330835,0.002669165
0.02,0.04333747,-0.023337472
0.01,0.028246764,-0.018246764
0.01,0.01667034,-0.006670341
0.0,0.0,0.0
0.01,0.0,0.01
0.02,0.006068211,0.0139317885
0.05,0.038353086,0.011646915
0.04,0.06647435,-0.02647435
0.01,0.058495954,-0.048495956
0.07,0.021477995,0.048522003
0.08,0.072061665,0.007938333
0.08,0.0871591,-0.007159099
0.06,0.08333939,-0.023339394
0.09,0.057172906,0.032827098
0.07,0.09297342,-0.022973418
0.08,0.08002509,-2.5093555e-05
0.04,0.08390079,-0.043900788
0.04,0.03663164,0.003368359
0.06,0.0331438,0.026856199
0.08,0.060142722,0.019857276
0.11,0.08036711,0.029632889
0.19,0.11676473,0.073235266
0.2,0.18956402,0.010435984
0.28,0.20561142,0.07438858
0.23,0.2758148,-0.045814797
0.2,0.24037826,-0.040378258
0.19,0.21123159,-0.021231592
0.14,0.19476664,-0.05476664
0.11,0.14702535,-0.037025347
0.07,0.11509546,-0.04509546
0.12,0.071363166,0.04863683
0.05,0.115953535,-0.06595354
0.06,0.0531375,0.006862499
0.11,0.06043585,0.04956415
0.14,0.106863804,0.033136196
0.31,0.13990915,0.17009085
0.3,0.30092984,-0.00092983246
0.36,0.30343783,0.056562185
0.65,0.3553323,0.2946677
0.79,0.6250731,0.16492695
0.81,0.7666931,0.043306887
0.94,0.77412915,0.16587085
0.94,0.9063623,0.033637702
0.96,0.8913889,0.068611085
0.97,0.9237188,0.04628122
0.96,0.9247438,0.035256207
0.96,0.90872645,0.051273525
0.97,0.9128581,0.0571419
0.97,0.9156356,0.054364443
0.97,0.92530155,0.044698477
0.97,0.90987504,0.060124993
0.97,0.9151498,0.05485022
0.95,0.91019535,0.039804637
0.95,0.8907758,0.05922419
0.94,0.89295757,0.04704243
0.9,0.88167167,0.018328309
0.91,0.83506083,0.07493919
0.89,0.86730623,0.022693753
0.8,0.8226243,-0.022624314
0.8,0.73770213,0.06229788
0.89,0.75407064,0.13592935
0.78,0.8451923,-0.06519234
0.7,0.708364,-0.008364022
0.65,0.65937054,-0.009370565
0.62,0.6167166,0.0032833815
0.6,0.5908148,0.009185195
0.61,0.5714513,0.038548708
0.51,0.58355176,-0.073551774
0.58,0.47549424,0.10450575
0.51,0.56205106,-0.052051067
0.6,0.48655388,0.113446146
0.69,0.5803641,0.10963589
0.78,0.66609466,0.11390531
0.78,0.7419114,0.03808856
0.68,0.7318162,-0.051816165
0.71,0.6371126,0.07288736
0.6,0.68458116,-0.08458114
0.65,0.57393956,0.076060414
0.74,0.6285373,0.11146271
0.87,0.7140869,0.15591311
0.92,0.82881093,0.09118909
0.9,0.8599782,0.040021777
0.98,0.8347136,0.14528644
0.98,0.9480492,0.03195083
0.98,0.92278254,0.05721748
0.98,0.9201056,0.059894443
0.98,0.9303757,0.049624324
0.97,0.91780233,0.052197695
0.97,0.9231366,0.046863437
0.97,0.9187912,0.051208854
0.97,0.91614544,0.053854585
0.97,0.90959513,0.060404897
0.95,0.9105892,0.03941077
0.93,0.88274276,0.047257245
0.97,0.8738724,0.09612763
0.89,0.917137,-0.027137041
0.94,0.81886137,0.12113863
0.97,0.8910327,0.07896733
0.97,0.9179336,0.052066445
0.97,0.9025568,0.06744325
0.97,0.92666173,0.0433383
0.95,0.9123777,0.037622273
0.82,0.8869014,-0.066901386
0.95,0.7337681,0.21623188
0.96,0.9122311,0.04776889
0.93,0.8936111,0.036388934
0.94,0.8708582,0.069141805
0.69,0.88090277,-0.19090277
0.44,0.6277776,-0.18777758
0.31,0.40476924,-0.09476924
0.74,0.30783385,0.43216616
0.93,0.7328173,0.19718271
0.57,0.890241,-0.32024103
0.73,0.5039674,0.22603261
0.77,0.7109401,0.05905986
0.84,0.73429453,0.10570544
0.6,0.8154136,-0.21541357
0.38,0.55177605,-0.17177606
0.42,0.3590155,0.060984492
0.18,0.42047212,-0.24047211
0.09,0.17431837,-0.08431837
0.17,0.08377383,0.08622617
0.2,0.16258454,0.03741546
0.13,0.19751579,-0.06751579
0.14,0.13072957,0.00927043
0.14,0.13768575,0.0023142546
0.04,0.13499287,-0.09499287
0.05,0.036930617,0.013069384
0.03,0.039551854,-0.009551855
0.01,0.019575223,-0.009575224
0.0,0.0,0.0
0.01,0.0,0.01
0.02,0.015481111,0.004518889
0.01,0.01750007,-0.007500071
0.02,0.00207619,0.01792381
0.04,0.02247555,0.01752445
0.03,0.048487764,-0.018487765
0.04,0.043313883,-0.0033138841
0.05,0.04588796,0.0041120425
0.04,0.05971533,-0.019715331
0.03,0.046877366,-0.016877366
0.01,0.02800883,-0.01800883
0.01,0.0,0.01
0.01,0.0,0.01
0.01,0.0,0.01
0.02,0.007583495,0.012416504
0.05,0.03735552,0.012644481
0.03,0.07323489,-0.043234892
0.03,0.050996765,-0.020996766
0.06,0.04580304,0.014196958
0.08,0.0612033,0.018796697
0.11,0.084008455,0.025991544
0.13,0.11347748,0.016522512
0.12,0.1333858,-0.01338581
0.09,0.1268543,-0.036854297
0.07,0.09431431,-0.024314307
0.05,0.07507936,-0.025079358
0.08,0.053595383,0.026404615
0.14,0.07813354,0.061866462
0.18,0.13546893,0.044531077
0.24,0.18098354,0.05901645
0.2,0.23827358,-0.038273573
0.16,0.21512191,-0.055121914
0.14,0.17395301,-0.03395301
0.15,0.14743517,0.0025648326
0.11,0.15008748,-0.040087476
0.14,0.11345349,0.026546508
0.07,0.14125842,-0.07125842
0.06,0.07399035,-0.013990354
0.05,0.058190648,-0.008190647
0.07,0.049734756,0.020265244
0.09,0.070464544,0.01953546
0.1,0.09167514,0.0083248615
0.08,0.10260988,-0.022609882
0.08,0.087898135,-0.007898137
0.1,0.08452638,0.015473619
0.1,0.10469643,-0.004696429
0.1,0.104978636,-0.0049786344
0.11,0.10413425,0.0058657527
0.09,0.10914937,-0.019149363
0.09,0.09400148,-0.004001476
0.09,0.09089586,-0.0008958578
0.09,0.088923834,0.0010761693
0.08,0.09379047,-0.013790473
0.07,0.07415509,-0.004155092
0.05,0.06780177,-0.017801773
0.04,0.04941605,-0.009416051
0.04,0.041318215,-0.0013182163
0.05,0.038257726,0.011742275
0.06,0.04474913,0.015250869
0.05,0.061104402,-0.011104401
0.04,0.053152014,-0.013152014
0.04,0.041486997,-0.001486998
0.05,0.041249216,0.008750785
0.06,0.050054032,0.009945966
0.08,0.059922654,0.020077344
0.1,0.08020984,0.019790165
0.1,0.10233922,-0.0023392215
0.13,0.10749777,0.022502229
0.07,0.13108276,-0.061082758
0.04,0.0711277,-0.031127699
0.01,0.030992568,-0.020992568
0.01,0.0,0.01
0.01,0.0,0.01
0.01,0.009644629,0.00035537034
0.01,0.0,0.01
0.01,0.0056380257,0.004361974
0.01,0.0013499893,0.00865001
0.01,0.004610501,0.0053894985
0.0,0.009710364,-0.009710364
0.01,0.0,0.01
0.01,0.0,0.01
0.01,0.0,0.01
0.01,0.0,0.01
0.01,0.0,0.01
0.01,0.0,0.01
0.01,0.007828869,0.0021711309
0.01,0.0025540069,0.007445993
0.01,0.0012065489,0.008793451
0.01,3.7740916e-05,0.009962259
0.01,0.0037593618,0.006240638
0.01,0.0,0.01
0.01,0.002871329,0.007128671
0.01,0.0039748047,0.006025195
0.01,0.00533678,0.0046632197
0.01,0.007463973,0.0025360268
0.01,0.008406043,0.0015939567
0.0,0.013279911,-0.013279911
0.01,0.020205466,-0.010205466
0.0,0.02908676,-0.02908676
0.01,0.020998828,-0.010998828
0.01,0.008051494,0.0019485056
0.01,0.0041923746,0.005807625
0.0,0.004801657,-0.004801657
0.02,0.013334144,0.0066658556
0.02,0.029265022,-0.009265022
0.01,0.033222392,-0.023222392
0.01,0.020610169,-0.010610169
0.01,0.012043834,-0.002043834
0.0,0.0054100677,-0.0054100677
0.0,0.0013600476,-0.0013600476
0.01,0.0,0.01
0.01,0.003532676,0.0064673238
0.01,0.0010170396,0.00898296
0.01,0.0,0.01
0.01,0.0,0.01
0.01,0.0,0.01
0.01,0.0,0.01
0.01,0.0,0.01
0.01,0.0,0.01
0.01,0.0,0.01
0.01,0.0010500029,0.008949997
0.01,0.00946711,0.00053288974
0.01,0.012926945,-0.0029269457
0.01,0.010736739,-0.0007367395
0.01,0.011367086,-0.0013670865
0.01,0.014144408,-0.004144408
0.04,0.030542657,0.009457342
0.04,0.06721618,-0.027216181
0.02,0.05995045,-0.03995045
0.05,0.031973347,0.018026654
0.05,0.057093322,-0.0070933215
0.14,0.059024375,0.08097562
0.32,0.14406657,0.17593342
0.25,0.31427655,-0.064276546
0.2,0.2690922,-0.0690922
0.18,0.2103369,-0.030336887
0.18,0.18706623,-0.00706622
0.15,0.18191859,-0.031918585
0.08,0.15534724,-0.075347245
0.05,0.079756185,-0.029756185
0.11,0.039821032,0.07017897
0.15,0.09840956,0.051590443
0.28,0.15241027,0.12758973
0.32,0.27286023,0.047139764
0.3,0.3230973,-0.023097277
0.29,0.30616835,-0.016168356
0.3,0.29502556,0.0049744546
0.28,0.29918668,-0.019186676
0.31,0.2774828,0.032517195
0.3,0.30233046,-0.0023304522
0.37,0.29450783,0.07549217
0.41,0.35765547,0.05234453
0.31,0.3996762,-0.0896762
0.27,0.312235,-0.042234987
0.32,0.27257925,0.04742074
0.35,0.31255352,0.03744647
0.27,0.347817,-0.07781699
0.42,0.2776505,0.14234948
0.39,0.40741813,-0.017418146
0.28,0.3891313,-0.10913131
0.33,0.28265965,0.047340363
0.32,0.32607302,-0.006073028
0.33,0.3212227,0.00877732
0.33,0.32610935,0.0038906634
0.28,0.32942566,-0.04942566
0.43,0.27769667,0.15230334
0.58,0.41469875,0.16530123
0.8,0.559237,0.24076301
0.89,0.7732645,0.11673546
0.85,0.8615582,-0.011558175
0.74,0.8013704,-0.061370373
0.63,0.69723856,-0.06723857
0.54,0.60912025,-0.06912023
0.53,0.52208143,0.007918537
0.5,0.51171917,-0.011719167
0.66,0.4900236,0.16997641
0.55,0.63820267,-0.088202655
0.58,0.5233169,0.056683064
0.67,0.5574341,0.112565935
0.63,0.643062,-0.013062
0.55,0.602685,-0.052684963
0.43,0.53149796,-0.10149795
0.33,0.42108625,-0.09108624
0.45,0.33021367,0.11978632
0.4,0.4453366,-0.045336604
0.24,0.3952835,-0.1552835
0.18,0.24286729,-0.062867284
0.17,0.18255842,-0.0125584155
0.11,0.17115092,-0.061150923
0.09,0.11126171,-0.021261707
0.18,0.0917567,0.088243306
0.22,0.16892326,0.05107674
0.26,0.22037128,0.039628714
0.27,0.25751832,0.012481689
0.27,0.2711183,-0.0011183023
0.27,0.26907682,0.00092318654
0.25,0.2711185,-0.021118492
0.34,0.24910569,0.09089431
0.34,0.33045712,0.009542882
0.32,0.33738452,-0.01738453
0.4,0.3196508,0.08034921
0.3,0.39121833,-0.09121832
0.28,0.29826793,-0.01826793
0.32,0.2788754,0.041124582
0.26,0.3163262,-0.05632621
0.21,0.2574836,-0.047483608
0.2,0.20610523,-0.0061052293
0.21,0.19907936,0.010920629
0.18,0.20331705,-0.023317039
0.12,0.17816253,-0.058162533
0.13,0.11696771,0.013032287
0.12,0.12715128,-0.0071512833
0.14,0.11761093,0.02238907
0.12,0.13716322,-0.017163225
0.11,0.117793426,-0.0077934265
0.11,0.10897127,0.0010287315
0.1,0.10892307,-0.008923069
0.11,0.09531534,0.014684662
0.1,0.10798696,-0.007986955
0.13,0.09599689,0.03400311
0.11,0.12874214,-0.018742144
0.11,0.10729906,0.0027009398
0.17,0.10986617,0.06013383
0.14,0.1667104,-0.026710406
0.1,0.143616,-0.043616004
0.16,0.1016577,0.058342293
0.23,0.15148488,0.07851513
0.23,0.21938562,0.01061438
0.26,0.22957417,0.030425817
0.23,0.2530201,-0.023020104
0.23,0.23090994,-0.0009099394
0.39,0.22608392,0.16391607
0.32,0.3797554,-0.059755415
0.33,0.31541416,0.014585853
0.31,0.3212276,-0.011227608
0.34,0.30342215,0.03657785
0.3,0.33323768,-0.033237666
0.36,0.29460743,0.06539258
0.41,0.3529751,0.057024896
0.53,0.40162203,0.12837794
0.42,0.51225823,-0.092258245
0.35,0.41361925,-0.063619256
0.35,0.34361956,0.006380439
0.38,0.34628335,0.03371665
0.24,0.37149575,-0.13149576
0.22,0.24021006,-0.020210057
0.23,0.21409696,0.01590304
0.09,0.22079,-0.13079
0.2,0.086940005,0.11306
0.25,0.18602632,0.06397368
0.18,0.24145901,-0.061459005
0.31,0.18209311,0.12790689
0.13,0.29972282,-0.16972283
0.13,0.13693053,-0.00693053
0.13,0.12483096,0.005169034
0.16,0.13223913,0.027760863
0.14,0.16397434,-0.023974344
0.22,0.14745225,0.07254775
0.2,0.21679118,-0.01679118
0.28,0.19713688,0.08286312
0.34,0.26648816,0.07351184
0.47,0.33004278,0.13995722
0.45,0.46298352,-0.012983531
0.4,0.44942796,-0.049427956
0.19,0.40041387,-0.21041387
0.15,0.19520822,-0.045208216
0.12,0.15018938,-0.030189388
0.13,0.112074465,0.01792553
0.13,0.12447347,0.0055265278
0.16,0.12966426,0.03033574
0.15,0.15602791,-0.006027907
0.09,0.15057853,-0.060578525
0.11,0.09050679,0.019493207
0.1,0.10800195,-0.008001946
0.06,0.09518775,-0.035187755
0.05,0.055076577,-0.005076576
0.08,0.04144075,0.038559247
0.13,0.07405422,0.055945776
0.18,0.12630323,0.05369678
0.12,0.18120539,-0.061205395
0.14,0.1314114,0.008588597
0.12,0.13831013,-0.018310137
0.15,0.11977689,0.030223116
0.12,0.14236619,-0.022366188
0.12,0.12340882,-0.0034088194
0.16,0.12017822,0.039821774
0.2,0.1618146,0.038185403
0.14,0.20419756,-0.064197555
0.1,0.14669237,-0.046692364
0.04,0.101348,-0.061348
0.04,0.03148795,0.00851205
0.07,0.03307343,0.03692657
0.1,0.061463457,0.038536545
0.1,0.1087725,-0.0087725
0.1,0.11656271,-0.016562708
0.07,0.11480434,-0.044804342
0.06,0.07818517,-0.018185172
0.07,0.05702814,0.012971859
0.09,0.07372731,0.016272694
0.1,0.09018363,0.009816371
0.09,0.10025519,-0.010255188
0.04,0.08561077,-0.04561077
0.07,0.027896803,0.042103197
0.07,0.06418347,0.0058165267
0.1,0.07074614,0.029253863
0.09,0.09626097,-0.0062609687
0.08,0.091477185,-0.011477187
0.08,0.08246175,-0.0024617538
0.07,0.07713516,-0.0071351603
0.09,0.07036248,0.019637525
0.17,0.08807404,0.08192596
0.14,0.16504236,-0.025042355
0.14,0.14787742,-0.007877424
0.22,0.14485765,0.075142354
0.16,0.21300864,-0.053008646
0.12,0.16735697,-0.04735697
0.21,0.12297758,0.08702242
0.17,0.20173928,-0.03173928
0.14,0.17736217,-0.037362173
0.18,0.14530082,0.034699187
0.14,0.17524084,-0.035240844
0.09,0.14351603,-0.05351603
0.05,0.09243621,-0.04243621
0.06,0.04498229,0.015017707
0.06,0.055272173,0.0047278255
0.07,0.056489162,0.013510838
0.08,0.0641088,0.015891202
0.02,0.07567013,-0.05567013
0.01,0.015870549,-0.005870549
0.02,0.0,0.02
0.05,0.01517925,0.03482075
0.04,0.047199145,-0.007199146
0.04,0.038583975,0.0014160238
0.01,0.0376153,-0.0276153
0.0,0.012048764,-0.012048764
0.02,0.0,0.02
0.02,0.020294234,-0.0002942346
0.05,0.0228234,0.0271766
0.04,0.047342397,-0.007342398
0.06,0.04385223,0.01614777
0.05,0.060035154,-0.0100351535
0.03,0.054580525,-0.024580525
0.03,0.031239916,-0.0012399163
0.04,0.027888525,0.012111474
0.06,0.041482046,0.018517952
0.04,0.058173433,-0.018173434
0.04,0.03638148,0.0036185198
0.03,0.039874,-0.009873999
0.04,0.026451264,0.0135487355
0.07,0.035163976,0.034836024
0.06,0.06713879,-0.0071387924
0.07,0.058085773,0.011914227
0.07,0.07055281,-0.0005528107
0.06,0.07259761,-0.012597609
0.06,0.05889825,0.0011017472
0.03,0.060782053,-0.030782053
0.01,0.024618357,-0.014618358
0.01,0.0,0.01
0.01,0.0046338886,0.005366111
0.01,0.016481448,-0.006481448
0.03,0.008477792,0.021522207
0.08,0.027906228,0.05209377
0.12,0.082201615,0.037798382
0.17,0.12610146,0.043898538
0.18,0.1737043,0.006295711
0.18,0.18433037,-0.004330367
0.17,0.17998818,-0.009988174
0.08,0.16999003,-0.089990035
0.19,0.0815593,0.1084407
0.21,0.18383303,0.02616696
0.26,0.21156207,0.048437923
0.28,0.25141865,0.028581351
0.29,0.27318972,0.016810268
0.2,0.2810207,-0.0810207
0.17,0.19902803,-0.029028028
0.15,0.16563532,-0.015635312
0.11,0.1455901,-0.035590097
0.12,0.1069876,0.013012394
0.15,0.11469626,0.03530375
0.11,0.14661428,-0.036614284
0.07,0.11056818,-0.04056818
0.04,0.061643768,-0.021643769
0.02,0.030281547,-0.010281548
0.06,0.01351551,0.04648449
0.04,0.05100941,-0.01100941
0.01,0.039769858,-0.029769858
0.01,0.0,0.01
0.01,0.0,0.01
0.01,0.0,0.01
0.01,0.0,0.01
0.01,0.011853032,-0.001853032
0.07,0.022590537,0.047409464
0.13,0.08781031,0.042189687
0.09,0.15298317,-0.06298317
0.1,0.11220841,-0.01220841
0.15,0.10926708,0.040732928
0.19,0.15196878,0.03803122
0.17,0.18885864,-0.018858641
0.13,0.17943598,-0.049435988
0.07,0.13374665,-0.06374665
0.06,0.074275255,-0.014275257
0.07,0.05523879,0.0147612095
0.08,0.068429805,0.011570193
0.07,0.07905716,-0.009057157
0.08,0.07235051,0.0076494887
0.04,0.081346855,-0.041346855
0.03,0.047690753,-0.017690754
0.05,0.028656907,0.021343093
0.06,0.050231565,0.009768434
0.06,0.060424194,-0.00042419508
0.02,0.06251471,-0.042514708
0.0,0.02216157,-0.02216157
0.01,0.0,0.01
0.01,0.0,0.01
0.01,0.0,0.01
0.02,0.0,0.02
0.01,0.030466622,-0.020466622
0.01,0.03362044,-0.02362044
0.01,0.024421245,-0.014421245
0.01,0.020786658,-0.010786658
0.03,0.022390086,0.007609913
0.02,0.036789056,-0.016789056
0.01,0.022668965,-0.012668965
0.0,0.00018253922,-0.00018253922
0.01,0.0,0.01
0.0,0.0,0.0
0.01,0.0,0.01
0.01,0.017836716,-0.007836716
0.01,0.020714793,-0.010714794
0.0,0.02157376,-0.02157376
0.01,0.0072102454,0.0027897544
0.03,0.008816659,0.02118334
0.03,0.032804668,-0.0028046686
0.04,0.03409382,0.0059061795
0.07,0.037035536,0.032964464
0.08,0.07058846,0.009411536
0.06,0.083634615,-0.023634616
0.02,0.05723853,-0.03723853
0.01,0.018077172,-0.008077173
0.01,0.0,0.01
0.02,0.0029863212,0.017013678
0.01,0.01764138,-0.0076413807
0.01,0.0,0.01
0.01,0.0,0.01
0.01,0.0,0.01
0.01,0.0025529936,0.007447006
0.06,0.030824669,0.02917533
0.08,0.07952614,0.00047385693
0.05,0.10151205,-0.05151205
0.02,0.07046104,-0.050461043
0.01,0.02176632,-0.01176632
0.01,0.0,0.01
0.01,0.0,0.01
0.01,0.0,0.01
0.01,0.0,0.01
0.01,0.0,0.01
0.01,0.0,0.01
0.01,0.0020431392,0.007956861
0.01,0.017504469,-0.007504469
0.01,0.0019932687,0.008006731
0.01,0.0,0.01
0.01,0.0,0.01
0.01,0.0,0.01
0.01,0.0,0.01
0.0,0.0042934194,-0.0042934194
0.01,0.01803556,-0.008035561
0.01,0.02162586,-0.01162586
0.01,0.009311356,0.0006886441
0.01,0.01571836,-0.0057183597
0.01,0.017418647,-0.0074186474
0.01,0.01992992,-0.00992992
0.0,0.014986787,-0.014986787
0.01,0.0043632276,0.005636772
0.01,0.0014813058,0.008518694
0.01,0.0,0.01
0.01,0.0,0.01
0.01,0.0,0.01
0.01,0.0,0.01
0.01,0.0028379448,0.007162055
0.01,0.009419046,0.00058095343
0.01,0.023963282,-0.013963282
0.01,0.011724975,-0.0017249752
0.01,0.0029696077,0.007030392
0.01,0.0,0.01
0.01,0.0,0.01
0.01,0.0,0.01
0.01,0.0,0.01
0.01,0.001792103,0.008207897
0.01,0.0011922009,0.008807799
0.01,0.0026732683,0.0073267315
0.01,0.0069615394,0.0030384604
0.01,0.01836521,-0.00836521
0.01,0.019081097,-0.009081097
0.0,0.014036063,-0.014036063
0.01,0.0035422705,0.0064577293
0.01,0.0017715618,0.008228438
0.01,0.0004143715,0.009585628
0.01,0.0,0.01
0.01,0.0,0.01
0.01,0.0,0.01
0.01,0.008141585,0.0018584151
0.01,0.007952232,0.0020477679
0.01,0.0006948337,0.009305166
0.01,0.0,0.01
0.01,0.0,0.01
0.01,0.0,0.01
0.01,0.0,0.01
0.01,0.004977789,0.005022211
0.01,0.015017286,-0.005017286
0.01,0.004224669,0.0057753306
0.01,0.0,0.01
0.01,0.0,0.01
0.01,0.008134652,0.0018653478
0.01,0.0,0.01
0.01,0.0,0.01
0.03,0.025463775,0.0045362245
0.08,0.047059752,0.032940246
0.1,0.09375397,0.0062460303
0.1,0.11653589,-0.016535886
0.15,0.11239916,0.037600845
0.17,0.15612707,0.013872936
0.21,0.17304572,0.03695427
0.22,0.20828886,0.0117111355
0.2,0.21945769,-0.019457683
0.2,0.19886994,0.0011300594
0.18,0.1989598,-0.01895979
0.16,0.17752941,-0.017529413
0.18,0.15541533,0.02458468
0.21,0.17212167,0.03787832
0.22,0.2027533,0.017246693
0.18,0.21567123,-0.03567122
0.17,0.1795662,-0.009566203
0.16,0.16666785,-0.0066678524
0.14,0.15728372,-0.017283723
0.1,0.1356706,-0.0356706
0.08,0.09567915,-0.01567915
0.07,0.072337806,-0.002337806
0.07,0.06101414,0.008985862
0.05,0.05965613,-0.009656128
0.06,0.04450366,0.01549634
0.07,0.057758804,0.012241196
0.08,0.068184555,0.011815444
0.1,0.07908073,0.02091927
0.1,0.10216345,-0.0021634474
0.14,0.102151796,0.037848204
0.16,0.13974568,0.020254314
0.14,0.1578584,-0.017858401
0.18,0.1372611,0.042738914
0.2,0.17604709,0.023952916
0.18,0.19591963,-0.015919626
0.16,0.17738365,-0.01738365
0.1,0.16185312,-0.06185312
0.05,0.10405347,-0.054053467
0.01,0.036729198,-0.026729198
0.01,0.0,0.01
0.01,0.0,0.01
0.01,0.0,0.01
0.01,0.0,0.01
0.01,0.0,0.01
0.01,0.0,0.01
0.01,0.003989268,0.0060107317
0.01,0.0028697625,0.0071302373
0.01,0.012921318,-0.0029213186
0.01,0.018735927,-0.008735927
0.01,0.006849181,0.0031508189
0.01,0.00539843,0.00460157
0.01,0.0027093254,0.0072906744
0.01,0.0010050256,0.008994974
0.01,0.0058332942,0.0041667055
0.02,0.013817353,0.0061826464
0.01,0.031688467,-0.021688467
0.01,0.0100112315,-1.123175e-05
0.01,0.002362918,0.0076370817
0.01,0.0071212463,0.0028787535
0.01,0.01168043,-0.00168043
0.01,0.005543001,0.004456999
0.01,0.0,0.01
0.01,0.0,0.01
0.01,0.0,0.01
0.01,0.0,0.01
0.01,0.0,0.01
0.01,0.0,0.01
0.01,0.0,0.01
0.01,0.0,0.01
0.01,0.0005298089,0.009470191
0.01,0.0037310831,0.0062689167
0.01,0.0066734534,0.0033265464
0.01,0.0109970365,-0.0009970367
0.01,0.012121012,-0.0021210127
0.01,0.010908511,-0.00090851076
0.01,0.022554522,-0.012554523
0.01,0.024700982,-0.014700983
0.0,0.01884431,-0.01884431
0.01,0.0,0.01
0.05,0.0,0.05
0.03,0.0572737,-0.027273702
0.02,0.03797421,-0.017974209
0.01,0.02631219,-0.01631219
0.01,0.0070163216,0.0029836781
0.01,0.0,0.01
0.01,0.0,0.01
0.02,0.0013998561,0.018600143
0.1,0.025639853,0.07436015
0.12,0.108443886,0.011556111
0.16,0.1361084,0.023891598
0.2,0.17031926,0.029680744
0.15,0.20656207,-0.056562066
0.15,0.16492984,-0.014929831
0.16,0.15480775,0.00519225
0.14,0.16187653,-0.021876529
0.13,0.14122942,-0.011229426
0.15,0.12953405,0.020465955
0.2,0.14460641,0.05539359
0.09,0.19300106,-0.10300106
0.08,0.09886516,-0.01886516
0.09,0.07463443,0.015365571
0.05,0.08954635,-0.039546352
0.06,0.05196711,0.008032888
0.05,0.058079507,-0.008079506
0.08,0.05347458,0.02652542
0.08,0.07857551,0.0014244914
0.07,0.081560984,-0.011560984
0.07,0.07018923,-0.00018922985
0.15,0.07058744,0.079412565
0.36,0.14816594,0.21183407
0.69,0.34848025,0.34151974
0.86,0.6678369,0.19216311
0.85,0.8355812,0.01441884
0.8,0.80853474,-0.0085347295
0.79,0.75967205,0.030327976
0.73,0.7598572,-0.029857159
0.7,0.69564927,0.004350722
0.73,0.67246354,0.057536483
0.67,0.702175,-0.032175004
0.69,0.63774335,0.052256644
0.65,0.6616279,-0.0116279125
0.58,0.6179863,-0.03798634
0.53,0.552542,-0.022542
0.56,0.5113205,0.04867953
0.71,0.54114556,0.16885442
0.72,0.6885822,0.031417847
0.65,0.6814157,-0.0314157
0.53,0.61250365,-0.08250368
0.56,0.50759363,0.05240637
0.47,0.54695976,-0.07695976
0.47,0.44666967,0.02333033
0.38,0.46330556,-0.08330557
0.38,0.36727256,0.012727439
0.39,0.37088165,0.019118339
0.41,0.37946832,0.030531675
0.36,0.39746204,-0.037462026
0.37,0.35097244,0.019027561
0.45,0.3566204,0.09337959
0.5,0.43714762,0.06285238
0.49,0.48537374,0.004626274
0.27,0.47120747,-0.20120746
0.13,0.26222748,-0.13222748
0.07,0.12872198,-0.058721982
0.05,0.059255455,-0.009255454
0.03,0.039954193,-0.009954194
0.0,0.018626228,-0.018626228
0.01,0.0,0.01
0.01,0.0,0.01
0.01,0.0,0.01
0.01,0.0,0.01
0.01,0.0,0.01
0.01,0.0,0.01
0.01,0.0,0.01
0.01,0.0032355152,0.0067644846
0.01,0.008107511,0.0018924884
0.01,0.01594204,-0.005942041
0.01,0.028077323,-0.018077323
0.01,0.022745108,-0.012745108
0.01,0.016310593,-0.0063105933
0.01,0.0,0.01
0.01,0.0,0.01
0.01,0.0011680201,0.00883198
0.01,0.008536797,0.0014632028
0.01,0.0038055237,0.006194476
0.01,0.0,0.01
0.01,0.0027558152,0.0072441846
0.01,0.0013637319,0.008636268
0.01,0.0037778318,0.006222168
0.01,0.0001732707,0.009826729
0.01,0.0014173668,0.008582633
0.01,0.0008516535,0.009148346
0.02,0.01280457,0.00719543
0.07,0.046045974,0.023954026
0.07,0.095576465,-0.025576465
0.06,0.09397586,-0.03397586
0.06,0.07550343,-0.015503433
0.05,0.069327824,-0.019327823
0.05,0.052514248,-0.0025142469
0.08,0.042501733,0.037498266
0.07,0.08000064,-0.010000639
0.07,0.06532367,0.004676327
0.1,0.06559349,0.034406513
0.12,0.09583509,0.024164908
0.09,0.1238841,-0.033884093
0.03,0.091739595,-0.061739594
0.04,0.023957267,0.016042732
0.08,0.038049895,0.041950103
0.08,0.07732762,0.0026723817
0.1,0.081779115,0.018220887
0.14,0.09676557,0.04323443
0.1,0.13852704,-0.038527034
0.1,0.10268668,-0.0026866794
0.08,0.098903276,-0.018903278
0.09,0.07910964,0.010890365
0.12,0.08418339,0.03581661
0.12,0.11387493,0.00612507
0.16,0.1199331,0.040066898
0.14,0.15915295,-0.019152954
0.13,0.13972,-0.009719998
0.13,0.13478015,-0.0047801584
0.22,0.13063587,0.08936413
0.21,0.22026081,-0.01026082
0.25,0.22099775,0.02900225
0.28,0.25201768,0.027982324
0.24,0.27771124,-0.037711248
0.18,0.241268,-0.061267987
0.12,0.18133956,-0.061339565
0.1,0.11908294,-0.019082941
0.12,0.09222319,0.027776808
0.21,0.11529157,0.09470842
0.4,0.20171162,0.19828838
0.51,0.38251576,0.12748423
0.47,0.4983372,-0.02833721
0.3,0.4567112,-0.15671119
0.29,0.29893592,-0.008935928
0.36,0.28711504,0.07288498
0.34,0.3598505,-0.019850492
0.3,0.33698055,-0.03698054
0.33,0.29405674,0.03594327
0.52,0.32897684,0.19102314
0.41,0.50690055,-0.09690055
0.39,0.40076375,-0.010763764
0.3,0.37941858,-0.07941857
0.29,0.2982124,-0.008212417
0.42,0.2842693,0.13573068
0.27,0.40973893,-0.13973892
0.29,0.27735105,0.01264894
0.72,0.2829229,0.43707713
0.98,0.7089989,0.2710011
0.12,0.9867635,-0.8667635
0.07,0.09863089,-0.02863089
0.08,0.05431674,0.025683258
0.05,0.081182465,-0.031182464
0.03,0.04864599,-0.018645993
0.02,0.019784883,0.00021511689
0.05,0.02058241,0.029417591
0.02,0.056253135,-0.036253136
0.02,0.022068571,-0.0020685717
0.0,0.026731,-0.026731
0.01,0.0,0.01
0.0,0.0,0.0
0.03,0.0,0.03
0.11,0.050000057,0.059999943
0.09,0.12178833,-0.031788327
0.06,0.10725644,-0.047256444
0.05,0.0738581,-0.023858096
0.02,0.054087214,-0.034087215
0.0,0.026890881,-0.026890881
0.0,0.0,0.0
0.01,0.0,0.01
0.01,0.0,0.01
0.01,0.0,0.01
0.01,0.0,0.01
0.01,0.0,0.01
0.01,0.0,0.01
0.01,0.0,0.01
0.01,0.0,0.01
0.01,0.0,0.01
0.01,0.0,0.01
0.01,0.0,0.01
0.01,0.0012502186,0.008749781
0.01,0.011781167,-0.0017811675
0.0,0.022021383,-0.022021383
0.01,0.011109736,-0.001109736
0.01,0.0040975474,0.0059024524
0.02,0.021777252,-0.0017772522
0.02,0.036612555,-0.016612556
0.04,0.029121267,0.010878732
0.03,0.04690191,-0.016901912
0.01,0.035796124,-0.025796125
0.01,0.0053179357,0.004682064
0.01,0.0029289983,0.0070710015
0.01,0.0,0.01
0.01,0.0,0.01
0.01,0.0,0.01
0.01,0.0,0.01
0.01,0.0033904258,0.006609574
0.01,0.0,0.01
0.01,0.0,0.01
0.01,0.0,0.01
0.02,0.009034077,0.010965923
0.08,0.03719809,0.04280191
0.04,0.0981838,-0.058183804
0.02,0.060605455,-0.040605456
0.01,0.03375067,-0.023750668
0.0,0.01660923,-0.01660923
0.0,0.0,0.0
0.01,0.00013071857,0.009869281
0.0,0.0101362765,-0.0101362765
0.02,0.0023310445,0.017668955
0.09,0.023375988,0.066624016
0.06,0.097150974,-0.037150975
0.12,0.06930891,0.05069109
0.09,0.12350235,-0.033502348
0.07,0.10186305,-0.03186305
0.02,0.07845786,-0.058457863
0.01,0.024329696,-0.014329696
0.01,0.0,0.01
0.01,0.0,0.01
0.01,0.0,0.01
0.01,0.0,0.01
0.03,0.0,0.03
0.02,0.040641077,-0.020641077
0.01,0.03413059,-0.024130588
0.01,0.014489977,-0.004489977
0.0,0.00060369633,-0.00060369633
0.01,0.0,0.01
0.01,0.0,0.01
0.04,0.0,0.04
0.12,0.046078905,0.07392109
0.06,0.13920906,-0.07920906
0.11,0.08569153,0.024308473
0.07,0.123458944,-0.053458944
0.11,0.08328189,0.02671811
0.05,0.112520926,-0.06252092
0.02,0.0579867,-0.0379867
0.0,0.019665431,-0.019665431
0.0,0.0,0.0
0.01,0.0,0.01
0.01,0.0,0.01
0.01,0.0,0.01
0.01,0.0,0.01
0.01,0.0,0.01
0.01,0.010498334,-0.00049833395
0.01,0.013440572,-0.003440572
0.01,0.0021081492,0.007891851
0.01,0.0,0.01
0.01,0.0,0.01
0.01,0.001974605,0.008025395
0.01,0.000522539,0.009477461
0.01,0.004663229,0.005336771
0.01,0.0,0.01
0.01,0.0015268456,0.008473154
0.01,0.0,0.01
0.01,0.0,0.01
0.01,0.0006653499,0.00933465
0.01,0.011907322,-0.0019073226
0.01,0.00092069805,0.009079302
0.01,0.0,0.01
0.01,0.0008450616,0.009154938
0.01,0.0045890324,0.0054109674
0.01,0.00085466355,0.009145336
0.01,0.0066994205,0.0033005793
0.01,0.0051513053,0.0048486944
0.01,0.020245507,-0.010245508
0.03,0.031334504,-0.0013345052
0.02,0.05596929,-0.03596929
0.04,0.045630276,-0.005630277
0.06,0.053411063,0.006588936
0.12,0.06886097,0.051139027
0.19,0.12328555,0.06671445
0.21,0.19482785,0.015172139
0.23,0.22195427,0.008045733
0.23,0.23340836,-0.0034083575
0.23,0.23059753,-0.00059752166
0.22,0.23387754,-0.013877541
0.16,0.22361745,-0.06361745
0.21,0.16778454,0.04221545
0.09,0.20393771,-0.113937706
0.17,0.0936821,0.0763179
0.15,0.15946355,-0.009463549
0.13,0.15610133,-0.026101336
0.18,0.1363427,0.043657303
0.44,0.18053652,0.2594635
0.75,0.413382,0.336618
0.98,0.7184168,0.2615832
0.79,0.95356643,-0.16356641
0.75,0.7382128,0.011787176
0.69,0.7172431,-0.027243078
0.63,0.6628984,-0.032898426
0.37,0.6090801,-0.23908007
0.49,0.3611475,0.12885252
0.48,0.49033436,-0.0103343725
0.53,0.4704785,0.059521466
0.46,0.5125026,-0.052502602
0.55,0.44508508,0.10491493
0.46,0.5349449,-0.07494488
0.44,0.445822,-0.005822003
0.19,0.42626905,-0.23626906
0.2,0.19040908,0.009590924
0.21,0.19867939,0.011320606
0.39,0.2165213,0.1734787
0.56,0.37938786,0.18061215
0.4,0.5415826,-0.14158258
0.29,0.39441603,-0.10441604
0.27,0.28973654,-0.019736528
0.22,0.26439148,-0.044391483
0.25,0.22253776,0.027462244
0.26,0.24609782,0.013902172
0.11,0.2556773,-0.14567731
0.08,0.115055114,-0.035055116
0.02,0.07532333,-0.05532333
0.01,0.011986723,-0.0019867234
0.01,0.0,0.01
0.01,0.0,0.01
0.01,0.009558782,0.0004412178
0.01,0.00015616417,0.009843836
0.01,0.0,0.01
0.01,0.0,0.01
0.01,0.0035382025,0.0064617973
0.01,0.003471179,0.006528821
0.01,2.939254e-05,0.009970607
0.01,0.014090784,-0.004090784
0.01,0.009628411,0.0003715884
0.0,0.009657472,-0.009657472
0.01,0.0074053407,0.002594659
0.01,0.008147132,0.0018528681
0.01,0.02424815,-0.0142481495
0.01,0.00921407,0.0007859301
0.01,0.007137984,0.0028620157
0.01,0.0,0.01
0.01,0.0,0.01
0.01,0.0,0.01
0.01,0.00054581463,0.009454185
0.06,0.009094356,0.050905645
0.14,0.096907325,0.043092676
0.14,0.1608319,-0.020831898
0.29,0.15699077,0.13300923
0.54,0.28648293,0.2535171
0.56,0.5223626,0.037637413
0.61,0.5525644,0.05743563
0.39,0.58984935,-0.19984937
0.49,0.39274523,0.09725478
0.36,0.47943416,-0.11943415
0.48,0.35480344,0.12519655
0.52,0.4735425,0.04645747
0.7,0.505567,0.19443297
0.65,0.6767652,-0.026765227
0.39,0.61925626,-0.22925627
0.36,0.37172917,-0.011729151
0.29,0.35747567,-0.06747568
0.33,0.29034036,0.03965965
0.35,0.3233941,0.026605904
0.26,0.34378964,-0.08378965
0.22,0.2582321,-0.038232088
0.29,0.2150743,0.07492569
0.67,0.27902165,0.39097837
0.95,0.64235973,0.30764025
0.98,0.91197515,0.068024874
0.98,0.9367199,0.043280125
0.98,0.9265715,0.05342853
0.98,0.93354726,0.04645276
0.97,0.9292445,0.04075551
0.96,0.9232601,0.036739886
0.88,0.90561295,-0.02561295
0.75,0.81634665,-0.066346645
0.86,0.6973771,0.16262293
0.93,0.83787334,0.09212667
0.97,0.87652564,0.09347439
0.97,0.91327274,0.05672729
0.97,0.90916204,0.060837984
0.98,0.9254339,0.054566145
0.98,0.93333423,0.046665788
0.98,0.9226711,0.05732894
0.97,0.91644824,0.053551793
0.97,0.9109732,0.059026837
0.96,0.9029242,0.0570758
0.9,0.8956878,0.0043121576
0.95,0.8345442,0.115455806
0.9,0.90598917,-0.005989194
0.63,0.83002234,-0.20002234
0.83,0.5632639,0.2667361
0.93,0.8223839,0.10761613
0.88,0.8803276,-0.00032758713
0.97,0.81078064,0.15921938
0.97,0.9290364,0.04096365
0.97,0.9048127,0.065187335
0.93,0.9027928,0.027207196
0.92,0.8681829,0.05181712
0.91,0.8640791,0.04592091
0.86,0.85412097,0.0058790445
0.91,0.8034929,0.10650712
0.96,0.863541,0.09645897
0.85,0.90754104,-0.057541013
0.67,0.7795577,-0.10955769
0.46,0.6212801,-0.16128007
0.42,0.4303827,-0.010382712
0.37,0.4176754,-0.0476754
0.29,0.36199144,-0.07199144
0.26,0.28204694,-0.022046953
0.23,0.25831178,-0.028311774
0.21,0.22173125,-0.011731252
0.18,0.20501411,-0.025014102
0.14,0.17523743,-0.03523743
0.17,0.1375852,0.03241481
0.16,0.16471153,-0.0047115386
0.13,0.15993272,-0.029932722
0.12,0.12985313,-0.009853132
0.11,0.118548706,-0.008548707
0.1,0.11000316,-0.010003157
0.14,0.099779226,0.040220775
0.16,0.13494465,0.025055349
0.14,0.15915179,-0.019151792
0.1,0.13994414,-0.039944135
0.09,0.100881666,-0.010881662
0.1,0.08810588,0.011894122
0.09,0.09437606,-0.004376054
0.06,0.09195465,-0.03195465
0.07,0.062676065,0.0073239356
0.04,0.06509793,-0.025097929
0.06,0.035819903,0.024180096
0.05,0.05571117,-0.005711168
0.02,0.051986117,-0.031986117
0.01,0.016794953,-0.0067949537
0.01,0.0055181533,0.0044818465
0.0,0.0,0.0
0.01,0.0,0.01
0.01,0.007600926,0.002399074
0.02,0.0029289164,0.017071083
0.01,0.031998187,-0.021998188
0.01,0.0075226054,0.0024773944
0.01,0.0,0.01
0.01,0.0,0.01
0.01,0.0,0.01
0.01,0.0,0.01
0.01,0.0,0.01
0.01,0.0029302128,0.007069787
0.01,0.006781196,0.0032188036
0.01,0.008101344,0.0018986557
0.01,0.007694494,0.0023055058
0.01,0.0037684552,0.0062315445
0.01,0.009885453,0.00011454709
0.01,0.0048130713,0.0051869284
0.01,0.0130571015,-0.0030571017
0.01,0.035564348,-0.025564348
0.03,0.020951726,0.009048274
0.06,0.035241775,0.024758223
0.09,0.07560118,0.014398821
0.16,0.10430114,0.055698857
0.58,0.16916251,0.41083747
0.98,0.5492382,0.4307618
0.98,0.9257711,0.054228902
0.96,0.94656,0.013439953
0.7,0.90609074,-0.20609075
0.58,0.644186,-0.06418604
0.6,0.56503165,0.034968376
0.8,0.5980903,0.20190972
0.92,0.7780447,0.14195532
0.86,0.8835243,-0.023524284
0.92,0.79415214,0.12584788
0.97,0.8777571,0.092242956
0.98,0.9229857,0.057014346
0.98,0.93424535,0.04575467
0.97,0.9454068,0.024593234
0.97,0.91402483,0.0559752
0.97,0.9276283,0.04237175
0.97,0.9179472,0.052052855
0.97,0.9245256,0.04547441
0.97,0.91139925,0.058600783
0.97,0.9115608,0.058439255
0.97,0.91103363,0.0589664
0.97,0.90864635,0.061353683
0.97,0.92163444,0.048365593
0.97,0.9262991,0.043700933
0.97,0.90125847,0.06874156
0.97,0.9147928,0.055207253
0.96,0.90430653,0.055693448
0.97,0.8958926,0.07410741
0.96,0.9071578,0.0528422
0.95,0.8957211,0.05427891
0.97,0.89208245,0.077917576
0.97,0.9123969,0.05760312
0.97,0.90841174,0.061588287
0.96,0.908973,0.051027
0.97,0.89999676,0.07000327
0.97,0.92436945,0.045630574
0.97,0.9109541,0.05904591
0.95,0.90070903,0.049290955
0.95,0.8832214,0.0667786
0.95,0.8882216,0.061778367
0.93,0.8882123,0.041787684
0.97,0.87022316,0.099776864
0.95,0.9141879,0.03581208
0.93,0.88221014,0.04778987
0.93,0.8681145,0.061885536
0.97,0.8716054,0.09839463
0.97,0.91797876,0.052021265
0.97,0.9125267,0.057473302
0.96,0.91418135,0.045818627
0.93,0.8895111,0.0404889
0.9,0.86666095,0.033339024
0.91,0.84595,0.06405002
0.81,0.85691524,-0.046915233
0.89,0.7481892,0.14181077
0.93,0.856043,0.073957026
0.97,0.86831427,0.10168576
0.96,0.9141954,0.04580456
0.94,0.8929728,0.04702717
0.9,0.87600446,0.023995519
0.92,0.83941007,0.08058995
0.96,0.8708923,0.08910769
0.85,0.91712856,-0.06712854
0.8,0.7765833,0.023416698
0.79,0.75520015,0.034799874
0.85,0.7439033,0.106096745
0.94,0.8042728,0.13572723
0.69,0.8998431,-0.2098431
0.72,0.6144719,0.105528116
0.6,0.69908416,-0.09908414
0.47,0.55567884,-0.085678846
0.43,0.44262993,-0.012629926
0.37,0.41406825,-0.044068247
0.18,0.35738537,-0.17738536
0.2,0.17140386,0.028596148
0.18,0.19956696,-0.019566953
0.13,0.17781505,-0.047815055
0.09,0.12155632,-0.031556316
0.09,0.082879804,0.0071201995
0.08,0.08738686,-0.007386863
0.06,0.079914466,-0.019914467
0.04,0.057133406,-0.017133407
0.03,0.033689883,-0.0036898833
0.01,0.02280308,-0.01280308
0.02,0.004993126,0.015006874
0.25,0.017825313,0.2321747
0.29,0.24818343,0.041816562
0.28,0.30628797,-0.026287973
0.46,0.28230464,0.17769536
0.39,0.4487343,-0.058734328
0.32,0.4052571,-0.08525711
0.32,0.32332057,-0.0033205748
0.62,0.31569943,0.30430058
0.68,0.5960983,0.0839017
0.82,0.655076,0.16492397
0.76,0.786191,-0.026190996
0.71,0.7191254,-0.0091254115
0.78,0.67544687,0.1045531
0.68,0.75173175,-0.071731746
0.59,0.6411909,-0.051190913
0.82,0.56375885,0.25624114
0.97,0.7975422,0.17245781
0.91,0.9282284,-0.018228352
0.86,0.8467717,0.013228297
0.91,0.8090551,0.10094494
0.98,0.87479174,0.10520828
0.97,0.9318216,0.038178444
0.96,0.9116256,0.048374355
0.98,0.90237045,0.077629566
0.98,0.94157994,0.03842008
0.98,0.9565666,0.023433447
0.97,0.95562375,0.014376283
0.98,0.934873,0.045127034
0.98,0.94420886,0.03579116
0.98,0.9365878,0.04341221
0.98,0.92293394,0.057066083
0.98,0.910588,0.06941199
0.97,0.9138982,0.0561018
0.97,0.9081962,0.061803818
0.97,0.9101511,0.059848905
0.98,0.9054841,0.07451594
0.98,0.9223579,0.057642102
0.98,0.91533077,0.06466925
0.94,0.9242079,0.015792072
0.97,0.8736583,0.09634173
0.97,0.90862787,0.06137216
0.97,0.9042597,0.06574035
0.85,0.91961825,-0.069618225
0.77,0.78435767,-0.014357686
0.78,0.7129139,0.0670861
0.72,0.7445532,-0.02455318
0.75,0.6782799,0.07172012
0.49,0.71572673,-0.22572672
0.34,0.47045222,-0.13045222
0.84,0.37333134,0.46666864
0.91,0.8267691,0.08323091
0.96,0.84031034,0.11968964
0.94,0.9029734,0.037026584
0.97,0.8802086,0.08979142
0.96,0.9134195,0.046580493
0.97,0.9113258,0.058674216
0.91,0.9247676,-0.014767587
0.98,0.8464401,0.13355994
0.97,0.94795966,0.022040367
0.9,0.9089296,-0.00892961
0.95,0.8429576,0.10704237
0.95,0.90619767,0.04380232
0.96,0.8890188,0.070981205
0.93,0.90097296,0.029027045
0.94,0.86586154,0.07413846
0.95,0.89097416,0.059025824
0.95,0.8940418,0.05595821
0.95,0.89276683,0.057233155
0.97,0.89603424,0.07396579
0.97,0.92876184,0.04123819
0.94,0.9193381,0.02066189
0.97,0.8772001,0.0927999
0.97,0.9237585,0.04624152
0.97,0.91222835,0.057771683
0.97,0.9270482,0.042951822
0.97,0.91346383,0.056536198
0.97,0.9343097,0.035690308
0.97,0.9111829,0.05881715
0.97,0.91640246,0.05359757
0.97,0.9078287,0.06217134
0.97,0.91998625,0.05001378
0.97,0.9118618,0.05813825
0.98,0.90262103,0.07737899
0.98,0.92046607,0.059533954
0.97,0.9153702,0.054629803
0.97,0.9225099,0.04749012
0.97,0.927261,0.042739034
0.98,0.92794335,0.05205667
0.97,0.9274379,0.042562127
0.98,0.9150604,0.06493962
0.97,0.91871655,0.05128348
0.9,0.89367676,0.0063232183
0.91,0.8242569,0.08574313
0.98,0.859548,0.12045205
0.98,0.9313203,0.04867971
0.98,0.91763425,0.06236577
0.98,0.9399078,0.04009223
0.98,0.94604933,0.033950686
0.98,0.9378891,0.04211092
0.98,0.9439781,0.036021948
0.98,0.93996406,0.040035963
0.98,0.93631697,0.043683052
0.98,0.9205588,0.05944121
0.98,0.93832076,0.041679263
0.98,0.93931615,0.040683866
0.98,0.94466746,0.03533256
0.98,0.8965503,0.08344972
0.98,0.90718794,0.07281208
0.98,0.93208385,0.047916174
0.98,0.9161147,0.06388533
0.98,0.92089796,0.05910206
0.98,0.9341439,0.04585612
0.98,0.941599,0.038401008
0.98,0.93543935,0.04456067
0.98,0.93857324,0.041426778
0.98,0.92376363,0.056236386
0.98,0.8992764,0.08072364
0.98,0.91872907,0.061270952
0.98,0.92595744,0.054042578
0.98,0.9422741,0.037725925
0.98,0.9624604,0.01753962
0.98,0.9369184,0.04308164
0.98,0.928342,0.051658034
0.98,0.931067,0.04893303
0.98,0.92772543,0.052274585
0.98,0.91443586,0.065564156
0.92,0.8970181,0.022981942
0.94,0.842612,0.09738797
0.95,0.8735069,0.076493084
0.93,0.8882445,0.041755497
0.96,0.86604977,0.09395021
0.96,0.9055495,0.054450452
0.92,0.9096147,0.0103853345
0.93,0.8620392,0.0679608
0.49,0.8803772,-0.39037716
0.26,0.4424272,-0.1824272
0.33,0.2663558,0.0636442
0.46,0.34220567,0.117794335
0.46,0.45146316,0.008536845
0.26,0.44363976,-0.18363976
0.32,0.27171135,0.048288643
0.37,0.31794176,0.05205825
0.47,0.36694983,0.10305017
0.4,0.45876446,-0.058764458
0.3,0.3997722,-0.099772185
0.16,0.3103016,-0.1503016
0.15,0.1805057,-0.030505687
0.13,0.15727586,-0.02727586
0.02,0.14104812,-0.12104812
0.03,0.025398461,0.004601538
0.04,0.018982619,0.02101738
0.0,0.04188413,-0.04188413
0.01,0.00093550235,0.009064497
0.0,0.0,0.0
0.01,0.0,0.01
0.01,0.0,0.01
0.0,0.01364124,-0.01364124
0.0,0.033478573,-0.033478573
0.01,0.021575624,-0.011575624
0.01,0.0014882572,0.008511743
0.01,0.0,0.01
0.01,0.0,0.01
0.01,0.0,0.01
0.01,0.0,0.01
0.01,0.0,0.01
0.01,0.018647991,-0.008647991
0.06,0.054229002,0.005770996
0.09,0.10904142,-0.019041419
0.03,0.141184,-0.111184
0.01,0.09869972,-0.08869972
0.01,0.049273152,-0.03927315
0.01,0.0194563,-0.009456301
0.01,0.01480847,-0.0048084706
0.01,0.030641891,-0.020641891
0.01,0.039734147,-0.029734148
0.01,0.033932645,-0.023932645
0.01,0.023086524,-0.013086524
0.01,0.032719962,-0.022719963
0.1,0.039550494,0.060449507
0.86,0.14734732,0.7126527
0.98,0.74956584,0.23043418
0.98,0.92979586,0.050204158
0.98,0.94253683,0.03746319
0.98,0.9448638,0.035136223
0.98,0.95525587,0.024744153
0.98,0.94541323,0.034586787
0.98,0.9634619,0.016538143
0.98,0.9552829,0.024717093
0.98,0.9459144,0.03408563
0.98,0.9396795,0.040320516
0.98,0.95159304,0.028406978
0.98,0.9452704,0.0347296
0.5,0.91772294,-0.41772294
0.01,0.47306183,-0.46306184
0.01,0.10525754,-0.09525754
0.01,0.08939838,-0.07939838
0.01,0.09708335,-0.087083355
0.82,0.15764736,0.6623526
0.98,0.80865264,0.17134738
0.97,0.9422457,0.027754307
0.98,0.8964809,0.0835191
0.98,0.938403,0.04159701
0.98,0.95771194,0.022288084
0.98,0.9314916,0.048508406
0.98,0.95412683,0.025873184
0.98,0.9478837,0.032116294
0.98,0.95982695,0.020173073
0.98,0.9466059,0.0333941
0.97,0.980873,-0.01087296
0.97,0.9297441,0.040255904
0.97,0.94672775,0.023272276
0.97,0.9458611,0.024138927
0.31,0.92927957,-0.61927956
0.01,0.28769326,-0.27769327
0.01,0.111909635,-0.10190964
0.01,0.09941974,-0.089419745
0.01,0.08504369,-0.07504369
0.01,0.078596815,-0.06859682
0.01,0.07944562,-0.069445625
0.47,0.03662018,0.43337983
0.98,0.5064435,0.47355652
0.98,0.94583035,0.034169674
0.98,0.9122399,0.06776011
0.98,0.9014286,0.07857144
0.98,0.90267694,0.07732308
0.98,0.9352261,0.044773936
0.98,0.96960485,0.010395169
0.98,0.9285897,0.051410317
0.98,0.8869858,0.09301424
0.97,0.9126924,0.0573076
0.97,0.92108953,0.0489105
0.97,0.90421736,0.065782666
0.97,0.9156312,0.054368854
0.98,0.9245688,0.055431247
0.97,0.95238066,0.017619371
0.97,0.91970766,0.050292373
0.98,0.9211936,0.05880642
0.97,0.9557364,0.01426363
0.98,0.94976175,0.03023827
0.98,0.9560635,0.02393651
0.98,0.9562721,0.023727894
0.98,0.9583347,0.021665335
0.98,0.9400276,0.039972425
0.97,0.9225551,0.04744494
0.97,0.93801975,0.031980276
0.98,0.9362439,0.043756127
0.98,0.94046783,0.039532185
0.98,0.9326122,0.04738784
0.98,0.9446453,0.035354733
0.98,0.95140254,0.028597474
0.98,0.94948137,0.030518651
0.98,0.9434085,0.03659153
0.97,0.95018363,0.019816399
0.98,0.9341208,0.045879245
0.98,0.9422374,0.037762642
0.98,0.94732,0.032680035
0.98,0.9472482,0.0327518
0.98,0.9356489,0.0443511
0.98,0.953727,0.026273012
0.98,0.9405837,0.039416313
0.98,0.96285975,0.01714027
0.98,0.9671316,0.012868404
0.98,0.96336806,0.01663196
0.98,0.9603412,0.019658804
0.98,0.96333027,0.01666975
0.98,0.9516604,0.028339624
0.98,0.93400407,0.04599595
0.98,0.96031225,0.019687772
0.98,0.9508369,0.029163122
0.98,0.9461638,0.033836246
0.98,0.9431406,0.036859393
0.98,0.95586073,0.024139285
0.98,0.98745227,-0.0074522495
0.98,0.97945,0.00055003166
0.98,0.9645723,0.015427709
0.98,0.96961856,0.01038146
0.98,0.9256499,0.054350138
0.98,0.9489044,0.031095624
0.98,0.92597055,0.054029465
0.98,0.9468968,0.033103228
0.98,0.9382353,0.041764736
0.98,0.9500836,0.029916406
0.98,0.9528556,0.027144432
0.98,0.95044243,0.029557586
0.98,0.94179857,0.03820145
0.98,0.9362465,0.043753505
0.98,0.93399143,0.046008587
0.98,0.9558345,0.024165511
0.98,0.94609404,0.033905983
0.98,0.9493717,0.030628324
0.98,0.9589201,0.021079898
0.98,0.9608835,0.01911652
0.98,0.92333496,0.056665063
0.98,0.91985357,0.06014645
0.98,0.9423046,0.037695408
0.97,0.9606273,0.009372711
0.98,0.9814707,-0.001470685
0.98,0.922788,0.057211995
0.98,0.93728626,0.04271376
0.98,0.9242239,0.05577612
0.98,0.9488722,0.03112781
0.98,0.9446213,0.035378695
0.98,0.8991716,0.08082843
0.98,0.93982875,0.040171266
0.98,0.90850544,0.07149458
0.97,0.9195547,0.05044532
0.97,0.9379277,0.032072306
0.98,0.8826152,0.09738481
0.98,0.9174434,0.062556624
0.97,0.9661679,0.0038321018
0.98,0.8917997,0.08820033
0.98,0.91522217,0.06477785
0.98,0.9440179,0.035982132
0.97,0.91226685,0.05773318
0.98,0.87571406,0.104285955
0.98,0.95214653,0.027853489
0.98,0.9354836,0.044516444
0.98,0.93263423,0.047365785
0.98,0.94173324,0.038266778
0.98,0.9220021,0.057997942
0.98,0.9489325,0.03106749
0.98,0.94764376,0.032356262
0.98,0.9190906,0.06090939
0.98,0.9174266,0.06257343
0.98,0.92433274,0.05566728
0.98,0.92320466,0.05679536
0.98,0.9365579,0.04344213
0.98,0.958104,0.021896005
0.97,0.9476361,0.022363901
0.97,0.9233587,0.04664135
0.98,0.90639484,0.07360518
0.98,0.9157176,0.06428242
0.98,0.9201939,0.05980611
0.98,0.93869734,0.04130268
0.97,0.96430373,0.0056962967
0.98,0.9440534,0.035946608
0.97,0.9622102,0.0077898502
0.97,0.90958536,0.060414672
0.97,0.8929714,0.07702863
0.97,0.880792,0.08920801
0.97,0.9149356,0.05506444
0.97,0.9114411,0.05855894
0.98,0.91029465,0.06970537
0.98,0.91583765,0.06416237
0.98,0.9364438,0.043556213
0.97,0.9421941,0.027805924
0.98,0.92166555,0.05833447
0.98,0.92800176,0.051998258
0.98,0.92855155,0.051448464
0.98,0.92212653,0.057873487
0.97,0.9211649,0.04883516
0.97,0.92354023,0.046459794
0.98,0.9133811,0.06661892
0.98,0.9357587,0.04424131
0.97,0.9045739,0.06542611
0.96,0.8965664,0.06343359
0.98,0.87857234,0.101427674
0.98,0.9366597,0.043340325
0.98,0.9290247,0.050975323
0.97,0.9475328,0.022467256
0.98,0.9299469,0.05005312
0.98,0.9498322,0.030167818
0.98,0.9168134,0.063186646
0.97,0.9459263,0.02407372
0.97,0.9472408,0.0227592
0.97,0.9258238,0.04417622
0.97,0.94620144,0.023798585
0.97,0.9291096,0.040890455
0.97,0.919078,0.050922036
0.97,0.90815413,0.0618459
0.97,0.9523126,0.01768744
0.97,0.93790567,0.03209436
0.98,0.9136393,0.06636071
0.98,0.9284215,0.05157852
0.98,0.90306604,0.07693398
0.98,0.9224901,0.0575099
0.98,0.9361248,0.043875217
0.98,0.9261073,0.05389273
0.98,0.9424635,0.037536502
0.97,0.9388777,0.031122327
0.98,0.9218652,0.058134794
0.97,0.94337976,0.026620269
0.98,0.9232148,0.056785226
0.98,0.9476265,0.032373548
0.98,0.9079163,0.07208371
0.98,0.9252769,0.054723144
0.98,0.8944107,0.08558929
0.98,0.92666864,0.053331375
0.98,0.9291806,0.050819397
0.98,0.95014346,0.029856563
0.98,0.9097092,0.070290804
0.98,0.9085932,0.07140684
0.98,0.9410851,0.03891492
0.98,0.93396914,0.04603088
0.98,0.9349623,0.045037746
0.98,0.93186224,0.048137784
0.98,0.931342,0.048658013
0.98,0.9087182,0.07128179
0.98,0.92145455,0.05854547
0.98,0.91143155,0.06856847
0.98,0.90112567,0.07887435
0.98,0.9294715,0.050528526
0.98,0.9445181,0.03548193
0.97,0.92699265,0.043007374
0.98,0.9436904,0.0363096
0.98,0.9388125,0.041187525
0.98,0.91628623,0.06371379
0.98,0.9021909,0.077809095
0.97,0.9167818,0.053218246
0.92,0.8846655,0.035334527
0.95,0.83829236,0.11170763
0.95,0.89460707,0.05539292
0.96,0.88557494,0.07442504
0.69,0.8925514,-0.20255142
0.6,0.615345,-0.015344977
0.45,0.5732875,-0.1232875
0.22,0.43239036,-0.21239036
0.15,0.21001157,-0.060011566
0.27,0.14988042,0.12011959
0.37,0.26210585,0.10789415
0.24,0.3601124,-0.120112404
0.05,0.23141438,-0.18141438
0.08,0.046764318,0.03323568
0.07,0.071413085,-0.0014130846
0.13,0.066617,0.063383
0.07,0.12733415,-0.057334147
0.01,0.07548298,-0.06548298
0.0,0.00996213,-0.00996213
0.06,0.0,0.06
0.05,0.060963094,-0.0109630935
0.02,0.06704366,-0.047043663
0.01,0.020527676,-0.010527676
0.01,0.0012788512,0.008721149
0.01,0.010041434,-4.143454e-05
0.01,0.0,0.01
0.01,0.0,0.01
0.01,0.0,0.01
0.01,0.0,0.01
0.01,0.0,0.01
0.01,0.022915477,-0.012915477
0.01,0.022655273,-0.012655273
0.02,0.020764723,-0.00076472387
0.05,0.029625539,0.020374462
0.05,0.05671698,-0.006716978
0.01,0.053220145,-0.043220147
0.01,0.0,0.01
0.01,0.0,0.01
0.01,0.0,0.01
0.01,0.0,0.01
0.0,0.0,0.0
0.01,0.01320133,-0.00320133
0.01,0.00032390654,0.009676093
0.01,0.0,0.01
0.01,0.0,0.01
0.01,0.0,0.01
0.01,0.0,0.01
0.08,0.024300287,0.055699714
0.13,0.11640682,0.0135931745
0.06,0.16386552,-0.10386552
0.09,0.08814968,0.0018503219
0.23,0.10185669,0.12814331
0.25,0.22620001,0.023799986
0.14,0.2588204,-0.118820414
0.12,0.14769651,-0.027696513
0.13,0.1327894,-0.002789408
0.12,0.1300522,-0.010052197
0.02,0.11445396,-0.09445396
0.01,0.033753216,-0.023753216
0.01,0.023577984,-0.013577985
0.01,0.015915155,-0.0059151556
0.1,0.028042242,0.07195776
0.17,0.09408272,0.07591728
0.25,0.15763804,0.09236196
0.34,0.23830114,0.10169886
0.46,0.3293929,0.1306071
0.43,0.45037922,-0.020379215
0.37,0.42444226,-0.054442257
0.46,0.3681702,0.09182981
0.24,0.45281446,-0.21281447
0.3,0.23987454,0.06012547
0.55,0.2983494,0.2516506
0.45,0.53516626,-0.085166276
0.48,0.43791428,0.042085707
0.37,0.46349588,-0.093495876
0.34,0.36426228,-0.02426228
0.5,0.33441338,0.16558662
0.43,0.48613682,-0.056136817
0.53,0.41817388,0.11182609
0.42,0.5140579,-0.09405789
0.53,0.40884492,0.12115505
0.48,0.5164648,-0.03646484
0.58,0.46851602,0.11148396
0.47,0.56262684,-0.09262684
0.54,0.4547477,0.085252315
0.48,0.5269692,-0.046969205
0.93,0.4670204,0.4629796
0.89,0.9098002,-0.019800186
0.72,0.8322078,-0.11220777
0.74,0.66256094,0.07743907
0.79,0.7159289,0.07407111
0.78,0.7594007,0.020599246
0.89,0.737865,0.15213501
0.98,0.8599551,0.12004495
0.98,0.9353155,0.04468453
0.98,0.92280674,0.05719328
0.97,0.9323454,0.03765464
0.87,0.90805316,-0.038053155
0.96,0.79589856,0.16410142
0.79,0.93055725,-0.14055723
0.97,0.7098135,0.26018655
0.97,0.948642,0.021358013
0.97,0.9183663,0.051633716
0.95,0.922948,0.027051985
0.97,0.8793067,0.090693355
0.97,0.9294324,0.040567636
0.95,0.911783,0.038217008
0.64,0.87530315,-0.23530316
0.77,0.5617503,0.20824969
0.98,0.76042366,0.21957636
0.98,0.9836011,-0.0036010742
0.97,0.9229598,0.047040224
0.97,0.9450996,0.024900436
0.98,0.93475235,0.045247674
0.97,0.9582553,0.011744738
0.97,0.90138197,0.06861806
0.88,0.89237046,-0.012370467
0.86,0.776631,0.08336902
0.98,0.7934406,0.18655944
0.97,0.9434817,0.026518345
0.97,0.8942468,0.07575321
0.97,0.9106606,0.059339404
0.97,0.9082556,0.06174445
0.98,0.9361875,0.043812513
0.97,0.9324844,0.03751564
0.7,0.89184856,-0.19184858
0.48,0.6065687,-0.1265687
0.3,0.44172633,-0.14172632
0.38,0.28495386,0.09504613
0.41,0.37983292,0.030167073
0.32,0.39667732,-0.07667732
0.28,0.30005494,-0.020054936
0.2,0.2684028,-0.06840281
0.19,0.19440886,-0.004408866
0.26,0.18275023,0.077249765
0.27,0.24868855,0.021311462
0.44,0.26455826,0.17544174
0.31,0.42213857,-0.11213857
0.11,0.30858395,-0.19858395
0.06,0.11980367,-0.05980367
0.06,0.056723803,0.0032761954
0.04,0.054794703,-0.014794704
0.05,0.03349787,0.01650213
0.06,0.043764293,0.016235705
0.02,0.059478004,-0.039478004
0.01,0.00972724,0.00027276017
0.01,0.0,0.01
0.19,0.0,0.19
0.62,0.18874943,0.43125057
0.71,0.59535575,0.11464423
0.78,0.70686364,0.07313633
0.73,0.76433563,-0.034335613
0.67,0.70422447,-0.03422445
0.67,0.6442523,0.025747716
0.86,0.64994144,0.21005857
0.56,0.83637476,-0.27637476
0.72,0.5187498,0.20125026
0.58,0.7133558,-0.1333558
0.69,0.5489104,0.14108962
0.72,0.66722476,0.052775264
0.71,0.6887057,0.021294296
0.57,0.66749954,-0.09749955
0.52,0.5359167,-0.015916705
0.66,0.50715923,0.1528408
0.61,0.6482458,-0.038245797
0.39,0.5770848,-0.1870848
0.29,0.3694661,-0.079466105
0.16,0.28389964,-0.12389964
0.14,0.15966833,-0.019668326
0.21,0.14053679,0.06946321
0.24,0.2044771,0.035522893
0.26,0.23293798,0.027062014
0.33,0.2537583,0.0762417
0.35,0.31555972,0.03444028
0.46,0.34519607,0.11480394
0.59,0.44476482,0.14523515
0.57,0.57202506,-0.0020250678
0.29,0.5514835,-0.26148352
0.24,0.28285834,-0.042858347
0.27,0.23575363,0.034246385
0.2,0.26526994,-0.06526993
0.39,0.2042849,0.18571508
0.66,0.37726125,0.28273878
0.68,0.6373198,0.042680204
0.73,0.64553297,0.08446705
0.82,0.6972108,0.122789204
0.8,0.78697956,0.013020456
0.9,0.757473,0.14252698
0.7,0.8594035,-0.1594035
0.81,0.6493757,0.16062433
0.8,0.7913829,0.008617103
0.71,0.7596979,-0.049697936
0.61,0.6687354,-0.05873537
0.63,0.57979894,0.05020106
0.45,0.60631216,-0.15631217
0.85,0.42656097,0.42343906
0.93,0.8424356,0.08756441
0.91,0.8756826,0.034317434
0.86,0.8484975,0.011502504
0.78,0.80705035,-0.027050376
0.85,0.7320024,0.11799765
0.91,0.8178508,0.0921492
0.91,0.8677546,0.042245448
0.93,0.8511487,0.07885128
0.97,0.8751838,0.09481621
0.98,0.918398,0.061601996
0.95,0.9252418,0.02475816
0.97,0.88432133,0.0856787
0.97,0.9204811,0.049518943
0.97,0.9212501,0.048749924
0.98,0.910373,0.06962705
0.97,0.925753,0.04424703
0.96,0.89999247,0.060007513
0.98,0.8995793,0.08042073
0.98,0.9283583,0.051641703
0.98,0.9407308,0.03926921
0.97,0.919253,0.050747037
0.98,0.90277374,0.07722628
0.98,0.92292655,0.057073474
0.91,0.91300344,-0.0030034184
0.67,0.8364018,-0.1664018
0.49,0.5977669,-0.10776687
0.4,0.45988995,-0.059889942
0.44,0.3906888,0.04931119
0.51,0.43086648,0.07913351
0.32,0.4907845,-0.1707845
0.25,0.29156575,-0.041565746
0.17,0.23610988,-0.06610988
0.09,0.15950778,-0.06950778
0.04,0.07789937,-0.037899368
0.02,0.024705034,-0.004705034
0.01,0.0055463314,0.0044536684
0.01,0.0,0.01
0.04,0.0,0.04
0.03,0.040813513,-0.010813514
0.04,0.03450408,0.005495921
0.03,0.03855871,-0.008558711
0.0,0.03380101,-0.03380101
0.01,0.0,0.01
0.01,0.0,0.01
0.09,0.02112662,0.06887338
0.11,0.09749361,0.012506388
0.13,0.11800842,0.011991575
0.14,0.13728166,0.0027183443
0.18,0.14748189,0.03251812
0.35,0.1776629,0.1723371
0.54,0.33720782,0.2027922
0.66,0.52859414,0.13140589
0.84,0.63581836,0.20418161
0.78,0.8117987,-0.03179872
0.97,0.73264825,0.23735178
0.98,0.93854845,0.041451573
0.98,0.94852936,0.031470656
0.98,0.951736,0.028264046
0.98,0.955202,0.024798036
0.98,0.95339525,0.026604772
0.98,0.94290614,0.037093878
0.97,0.93626094,0.03373909
0.98,0.9214549,0.058545113
0.98,0.90420544,0.07579458
0.97,0.92884505,0.04115498
0.97,0.911535,0.058465004
0.97,0.8967377,0.073262334
0.98,0.9206821,0.059317946
0.97,0.9296094,0.04039061
0.97,0.93427134,0.035728693
0.98,0.9247496,0.055250406
0.98,0.93767226,0.04232776
0.98,0.9023502,0.07764983
0.98,0.9336417,0.046358347
0.98,0.9517591,0.02824092
0.98,0.9363172,0.043682814
0.98,0.9433254,0.03667462
0.98,0.90093184,0.079068184
0.98,0.931878,0.04812205
0.98,0.9094393,0.070560694
0.98,0.92543006,0.05456996
0.98,0.9185288,0.061471224
0.98,0.92572796,0.054272056
0.97,0.92469347,0.045306563
0.98,0.9270725,0.052927494
0.98,0.9221412,0.057858825
0.98,0.9318532,0.048146844
0.97,0.90416765,0.06583238
0.98,0.8960148,0.08398521
0.97,0.92236817,0.04763186
0.97,0.9116254,0.058374643
0.97,0.9001703,0.0698297
0.87,0.91797495,-0.047974944
0.98,0.78841984,0.19158018
0.98,0.9524176,0.027582407
0.97,0.9313972,0.03860283
0.74,0.8985268,-0.15852678
0.86,0.6416595,0.21834052
0.95,0.83779263,0.11220735
0.77,0.8954874,-0.12548745
0.78,0.6878234,0.09217656
0.88,0.7426939,0.1373061
0.45,0.84908736,-0.39908737
0.15,0.37939772,-0.22939771
0.1,0.13014966,-0.030149661
0.14,0.104142144,0.035857856
0.23,0.14589512,0.08410488
0.49,0.22022729,0.2697727
0.09,0.48283345,-0.39283344
0.14,0.08829386,0.051706143
0.1,0.12805472,-0.028054722
0.05,0.10891518,-0.05891518
0.01,0.0580021,-0.0480021
0.01,0.0,0.01
0.01,0.0,0.01
0.01,0.0,0.01
0.01,0.0,0.01
0.01,0.0,0.01
0.03,0.0051956717,0.024804328
0.01,0.04712809,-0.03712809
0.01,0.026298093,-0.016298093
0.03,0.013460498,0.016539501
0.04,0.038494736,0.0015052631
0.06,0.048660204,0.011339795
0.35,0.062615655,0.28738433
0.89,0.3483504,0.5416496
0.94,0.8470266,0.09297341
0.82,0.9171665,-0.09716648
0.88,0.7678815,0.11211848
0.98,0.844484,0.13551605
0.9,0.949497,-0.04949701
0.56,0.83893955,-0.27893955
0.32,0.49999186,-0.17999187
0.3,0.30362907,-0.0036290586
0.44,0.30345997,0.13654003
0.41,0.43338844,-0.023388445
0.37,0.393377,-0.023377001
0.83,0.3539923,0.47600767
0.97,0.81157327,0.15842676
0.98,0.928213,0.05178702
0.98,0.91647196,0.06352806
0.98,0.93944323,0.04055679
0.98,0.93244195,0.04755807
0.98,0.9331455,0.046854496
0.98,0.9194573,0.060542703
0.98,0.9327929,0.047207117
0.98,0.921049,0.05895102
0.97,0.93137956,0.038620472
0.97,0.9409108,0.029089212
0.97,0.93742347,0.03257656
0.97,0.9108702,0.059129834
0.97,0.92898846,0.041011572
0.97,0.9301522,0.03984785
0.97,0.92383134,0.046168685
0.97,0.92238617,0.04761386
0.97,0.9391248,0.030875206
0.97,0.9199896,0.050010443
0.97,0.92522454,0.044775486
0.98,0.9261451,0.053854942
0.98,0.94564116,0.03435886
0.98,0.9258604,0.054139614
0.98,0.94443226,0.03556776
0.97,0.91806066,0.05193937
0.97,0.9182534,0.051746607
0.97,0.91236746,0.057632565
0.98,0.9284047,0.05159533
0.97,0.9194124,0.050587654
0.98,0.90856266,0.07143736
0.98,0.9164622,0.063537836
0.98,0.9291655,0.050834537
0.97,0.9239756,0.04602444
0.97,0.9064034,0.063596606
0.97,0.9189215,0.051078558
0.97,0.9272518,0.042748213
0.97,0.917974,0.052026033
0.97,0.9202262,0.049773812
0.98,0.9177816,0.062218428
0.97,0.93639064,0.03360939
0.98,0.9087455,0.07125449
0.97,0.9319508,0.03804922
0.97,0.9101808,0.05981922
0.98,0.9147457,0.06525433
0.97,0.9375801,0.03241992
0.97,0.93228734,0.037712693
0.97,0.92051184,0.049488187
0.98,0.9192287,0.060771346
0.97,0.9255004,0.044499636
0.97,0.9211494,0.048850656
0.97,0.91025805,0.059741974
0.97,0.9220259,0.04797411
0.97,0.91984177,0.050158262
0.97,0.916682,0.053318024
0.98,0.91736925,0.06263077
0.98,0.9219775,0.0580225
0.97,0.9251411,0.044858932
0.97,0.89982975,0.07017028
0.98,0.9198345,0.060165524
0.98,0.93320453,0.046795487
0.98,0.92473733,0.055262685
0.98,0.91222286,0.06777716
0.98,0.9159013,0.064098716
0.98,0.9208733,0.059126735
0.98,0.916345,0.06365502
0.98,0.9132042,0.066795826
0.98,0.92003393,0.059966087
0.97,0.9103271,0.05967295
0.93,0.9022726,0.027727425
0.88,0.8580209,0.021979094
0.75,0.8191737,-0.06917369
0.59,0.69354737,-0.103547394
0.35,0.5534742,-0.2034742
0.19,0.32715228,-0.13715228
0.14,0.18816912,-0.04816912
0.08,0.14080521,-0.060805216
0.06,0.07586613,-0.015866134
0.04,0.054868862,-0.014868863
0.02,0.033031147,-0.013031147
0.03,0.016594347,0.013405653
0.02,0.027708272,-0.007708272
0.03,0.015618242,0.014381757
0.03,0.033354685,-0.0033546854
0.04,0.032526825,0.0074731745
0.03,0.037862606,-0.007862607
0.01,0.03593988,-0.02593988
0.01,0.00723695,0.0027630497
0.01,0.0,0.01
0.01,0.0,0.01
0.01,0.0,0.01
0.01,0.0,0.01
0.01,0.0,0.01
0.01,0.0,0.01
0.01,0.0052641854,0.0047358144
0.01,0.007457232,0.0025427677
0.01,0.0031527355,0.0068472642
0.01,0.011873962,-0.0018739626
0.01,0.025372647,-0.015372647
0.01,0.043745264,-0.033745266
0.01,0.038381837,-0.028381838
0.0,0.024138689,-0.024138689
0.0,0.010685701,-0.010685701
0.01,0.0,0.01
0.01,0.0,0.01
0.02,0.010945704,0.009054296
0.05,0.022722557,0.027277444
0.08,0.06759326,0.012406737
0.1,0.09072484,0.009275161
0.08,0.108362004,-0.028362006
0.02,0.09500243,-0.07500243
0.01,0.015576452,-0.0055764522
0.0,0.0017328002,-0.0017328002
0.01,0.0,0.01
0.01,0.0,0.01
0.04,0.016564181,0.023435818
0.08,0.04494427,0.035055727
0.16,0.087656215,0.07234378
0.23,0.16386339,0.06613661
0.27,0.2352747,0.03472531
0.29,0.2812394,0.008760601
0.34,0.29291135,0.047088653
0.33,0.33495882,-0.0049588084
0.4,0.32603195,0.07396805
0.37,0.38985825,-0.019858241
0.23,0.3625923,-0.1325923
0.24,0.22951141,0.010488585
0.27,0.23606847,0.03393154
0.63,0.26610017,0.36389983
0.7,0.60385704,0.09614295
0.61,0.67922926,-0.069229245
0.63,0.58502936,0.04497063
0.62,0.6021079,0.017892122
0.76,0.59705687,0.16294312
0.65,0.73057544,-0.080575466
0.77,0.6150124,0.15498757
0.91,0.7420213,0.1679787
0.98,0.881956,0.09804404
0.98,0.9315976,0.04840243
0.98,0.9366132,0.043386817
0.98,0.93362,0.046380043
0.98,0.92479515,0.05520487
0.98,0.93736506,0.042634964
0.97,0.92475235,0.045247674
0.97,0.9110825,0.058917522
0.97,0.9031663,0.066833735
0.97,0.91777694,0.052223086
0.96,0.9138645,0.046135485
0.88,0.8979279,-0.017927885
0.85,0.810838,0.03916204
0.93,0.80197644,0.12802356
0.96,0.88604546,0.07395452
0.97,0.90357924,0.06642079
0.97,0.9178215,0.052178502
0.97,0.9160074,0.05399263
0.97,0.9149338,0.055066228
0.97,0.91260695,0.057393074
0.97,0.9210602,0.048939824
0.97,0.9178581,0.052141905
0.98,0.91641366,0.063586354
0.97,0.93188953,0.038110495
0.95,0.9121144,0.037885606
0.96,0.87734246,0.082657516
0.97,0.9075246,0.062475443
0.97,0.9108093,0.05919075
0.97,0.90334415,0.066655874
0.97,0.91146827,0.05853176
0.96,0.90872395,0.05127603
0.94,0.90028214,0.039717853
0.9,0.86974525,0.030254722
0.95,0.83832264,0.11167735
0.95,0.90381753,0.046182454
0.94,0.88743234,0.05256766
0.97,0.8796227,0.09037733
0.97,0.9195353,0.05046475
0.97,0.9048916,0.06510842
0.95,0.9085405,0.0414595
0.94,0.8806256,0.059374392
0.96,0.8770772,0.08292276
0.96,0.9029342,0.057065785
0.94,0.8972858,0.04271418
0.81,0.87231815,-0.062318146
0.91,0.7474538,0.16254622
0.83,0.88268316,-0.052683175
0.8,0.7583761,0.04162389
0.77,0.75512004,0.014879942
0.71,0.723989,-0.013989031
0.72,0.6650344,0.054965615
0.71,0.6898345,0.020165503
0.84,0.6717558,0.16824418
0.86,0.8075824,0.052417636
0.68,0.80801284,-0.12801284
0.51,0.61842096,-0.10842097
0.49,0.47684368,0.013156325
0.25,0.48334172,-0.23334172
0.01,0.23001471,-0.2200147
0.01,0.0,0.01
0.01,0.014503557,-0.0045035575
0.1,0.04058212,0.05941788
0.12,0.09746984,0.02253016
0.11,0.11308011,-0.0030801073
0.02,0.10844231,-0.08844231
0.01,0.0112040695,-0.0012040697
0.01,0.0,0.01
0.02,0.0,0.02
0.01,0.019773366,-0.009773366
0.01,0.0,0.01
0.01,0.0,0.01
0.01,0.0,0.01
0.01,0.0036810338,0.006318966
0.0,0.021030279,-0.021030279
0.01,0.008311626,0.0016883742
0.02,0.013597436,0.0064025633
0.04,0.041443244,-0.0014432445
0.05,0.057393044,-0.0073930435
0.09,0.058883764,0.03111624
0.07,0.093653835,-0.023653835
0.1,0.08036965,0.01963035
0.15,0.10866161,0.0413384
0.04,0.15407053,-0.11407053
0.0,0.046810746,-0.046810746
0.01,0.0,0.01
0.01,0.0,0.01
0.01,0.0,0.01
0.01,0.0,0.01
0.01,0.008371549,0.001628451
0.01,0.011078374,-0.0010783747
0.01,0.0,0.01
0.01,0.0,0.01
0.01,0.0,0.01
0.0,0.009889541,-0.009889541
0.01,0.012926374,-0.0029263739
0.01,0.024174431,-0.014174432
0.01,0.0,0.01
0.01,0.0,0.01
0.01,0.0,0.01
0.01,0.0,0.01
0.01,0.0,0.01
0.01,0.0,0.01
0.01,2.514571e-05,0.009974854
0.01,0.010979634,-0.000979634
0.01,0.009066071,0.0009339284
0.01,0.014140267,-0.004140267
0.01,0.027903477,-0.017903477
0.03,0.026216729,0.0037832707
0.06,0.046992548,0.013007451
0.08,0.0747201,0.0052798986
0.08,0.09514181,-0.015141815
0.08,0.09512833,-0.015128329
0.18,0.08910386,0.090896145
0.24,0.17687678,0.06312321
0.2,0.24599901,-0.045999005
0.24,0.20595923,0.034040764
0.17,0.23940913,-0.06940913
0.09,0.17674296,-0.08674295
0.03,0.095647976,-0.065647975
0.01,0.018692665,-0.008692665
0.01,0.0,0.01
0.01,0.0,0.01
0.01,0.0,0.01
0.0,0.0,0.0
0.01,0.0,0.01
0.01,0.0,0.01
0.01,0.0,0.01
0.01,0.0,0.01
0.01,0.0,0.01
0.01,0.0,0.01
0.01,0.005056925,0.0049430747
0.0,0.030159343,-0.030159343
0.03,0.017373413,0.0126265865
0.09,0.05974175,0.030258253
0.07,0.11161756,-0.041617557
0.09,0.08911966,0.0008803457
0.14,0.09946709,0.04053291
0.14,0.14400265,-0.0040026456
0.1,0.14847785,-0.04847785
0.11,0.10642333,0.0035766661
0.08,0.11254707,-0.03254707
0.1,0.07980242,0.020197578
0.12,0.101058036,0.018941961
0.11,0.12514438,-0.015144378
0.11,0.10840593,0.0015940666
0.09,0.115302056,-0.025302052
0.13,0.089562446,0.04043755
0.15,0.12799512,0.022004887
0.18,0.15316902,0.026830986
0.14,0.1823433,-0.042343304
0.09,0.14435166,-0.054351658
0.06,0.09221856,-0.032218564
0.03,0.06147492,-0.031474918
0.01,0.027591486,-0.017591486
0.0,0.005282603,-0.005282603
0.01,0.0,0.01
0.01,0.0,0.01
0.01,0.0,0.01
0.01,0.0,0.01
0.01,0.0,0.01
0.01,0.0,0.01
0.01,0.0010499824,0.008950017
0.01,0.0,0.01
0.01,0.0,0.01
0.01,0.0,0.01
0.01,0.003800854,0.0061991457
0.0,0.015536819,-0.015536819
0.01,0.008625003,0.0013749972
0.01,0.0012693629,0.008730637
0.01,0.00768831,0.0023116898
0.01,0.028023629,-0.018023629
0.01,0.02394748,-0.013947479
0.01,0.0032342002,0.0067657996
0.01,0.0,0.01
0.01,0.0,0.01
0.01,0.0,0.01
0.01,0.0,0.01
0.01,0.007287886,0.0027121138
0.01,0.0052261353,0.0047738645
0.01,0.0,0.01
0.01,0.0027522668,0.007247733
0.01,0.0023156889,0.007684311
0.01,0.0005954616,0.009404538
0.01,0.0,0.01
0.01,0.0,0.01
0.01,0.0028583556,0.007141644
0.01,0.0023212284,0.0076787714
0.01,0.0034154113,0.0065845884
0.01,0.007903829,0.0020961706
0.01,0.009166453,0.00083354674
0.01,0.0026552677,0.007344732
0.01,0.0,0.01
0.01,0.0041490104,0.0058509894
0.01,0.007101357,0.0028986428
0.01,0.0063467007,0.003653299
0.01,0.0,0.01
0.01,0.0,0.01
0.01,0.0,0.01
0.01,0.0,0.01
0.01,0.0051207095,0.0048792902
0.01,0.012242835,-0.0022428352
0.09,0.028314177,0.061685827
0.25,0.10580167,0.14419833
0.48,0.2626049,0.2173951
0.51,0.4810271,0.028972894
0.36,0.51591146,-0.15591145
0.13,0.37561932,-0.24561933
0.02,0.14683977,-0.12683977
0.01,0.015111186,-0.005111186
0.01,0.0,0.01
0.07,0.0,0.07
0.11,0.07132541,0.038674593
0.41,0.11980571,0.29019427
0.44,0.40085223,0.039147764
0.5,0.44593635,0.054063648
0.53,0.49226564,0.03773433
0.51,0.5164345,-0.0064345
0.39,0.49694243,-0.106942445
0.36,0.38112223,-0.021122217
0.34,0.3604087,-0.02040869
0.3,0.3370263,-0.037026286
0.25,0.29888782,-0.04888782
0.29,0.24899262,0.04100737
0.36,0.28288755,0.077112466
0.51,0.3542256,0.15577438
0.55,0.49437714,0.055622876
0.61,0.5311166,0.07888341
0.54,0.5889424,-0.048942387
0.59,0.51488245,0.07511753
0.53,0.5728928,-0.042892814
0.49,0.51809144,-0.02809143
0.49,0.4798449,0.010155112
0.44,0.47972652,-0.039726526
0.49,0.43563476,0.054365247
0.6,0.48139563,0.11860439
0.67,0.5830523,0.08694774
0.73,0.6453489,0.08465111
0.89,0.6994076,0.19059241
0.89,0.8460275,0.043972492
0.85,0.8413502,0.008649826
0.72,0.8017267,-0.08172667
0.8,0.6792042,0.12079579
0.93,0.7767391,0.15326089
0.93,0.8922988,0.03770119
0.78,0.8748237,-0.09482372
0.73,0.721333,0.008666992
0.8,0.69586384,0.10413617
0.68,0.7714398,-0.09143978
0.62,0.6334518,-0.013451815
0.5,0.5907953,-0.09079528
0.59,0.4801178,0.109882176
0.54,0.5754535,-0.0354535
0.56,0.51669085,0.043309152
0.57,0.5404904,0.029509604
0.64,0.55046296,0.089537024
0.64,0.61345994,0.026540041
0.58,0.6082852,-0.028285205
0.5,0.55622876,-0.056228757
0.37,0.48347518,-0.11347517
0.31,0.366828,-0.056827992
0.33,0.31161338,0.018386632
0.4,0.32698977,0.073010236
0.37,0.39173403,-0.021734029
0.39,0.36481157,0.025188416
0.4,0.3804702,0.01952982
0.43,0.39373356,0.036266446
0.51,0.42157283,0.088427156
0.51,0.49553305,0.014466941
0.48,0.49152127,-0.01152128
0.5,0.4694357,0.030564308
0.5,0.4906908,0.009309202
0.67,0.48636565,0.18363437
0.7,0.64515114,0.05484885
0.68,0.6698313,0.010168731
0.61,0.6538147,-0.04381466
0.65,0.57853556,0.07146442
0.5,0.63296306,-0.13296306
0.38,0.4800991,-0.10009912
0.36,0.37389436,-0.013894349
0.46,0.35340783,0.10659218
0.43,0.45153248,-0.021532476
0.29,0.41794455,-0.12794456
0.23,0.28660288,-0.05660288
0.19,0.23014285,-0.04014285
0.17,0.1930391,-0.023039103
0.18,0.1741876,0.0058124065
0.22,0.18183166,0.03816834
0.19,0.21548587,-0.025485873
0.17,0.19054529,-0.020545289
0.2,0.17068854,0.029311463
0.22,0.19884488,0.021155119
0.17,0.21634524,-0.046345234
0.13,0.17505921,-0.04505922
0.16,0.1347826,0.025217399
0.17,0.1577681,0.012231901
0.2,0.17071131,0.029288694
0.16,0.19885407,-0.038854077
0.19,0.16889173,0.02110827
0.16,0.18671137,-0.026711375
0.15,0.1647571,-0.014757097
0.14,0.15210314,-0.01210314
0.2,0.14139897,0.058601037
0.27,0.19218835,0.07781166
0.19,0.26199684,-0.07199684
0.14,0.19830477,-0.05830477
0.16,0.14501575,0.01498425
0.17,0.15707596,0.012924045
0.12,0.17276126,-0.052761264
0.13,0.12438734,0.0056126565
0.15,0.13017356,0.019826442
0.14,0.15069942,-0.010699421
0.19,0.14115435,0.04884565
0.25,0.18638319,0.06361681
0.25,0.24627787,0.0037221313
0.28,0.25188568,0.028114319
0.26,0.2773364,-0.017336398
0.39,0.26322222,0.12677777
0.45,0.37429705,0.075702935
0.56,0.44670147,0.113298535
0.84,0.5419631,0.29803687
0.68,0.8086122,-0.12861222
0.76,0.6459106,0.11408937
0.88,0.7318969,0.14810312
0.64,0.8435775,-0.20357752
0.63,0.59819865,0.031801343
0.69,0.6124301,0.0775699
0.8,0.6735573,0.12644273
0.62,0.76649654,-0.14649653
0.7,0.57550275,0.124497235
0.86,0.6727009,0.18729913
0.91,0.83450913,0.07549089
0.8,0.8585049,-0.05850488
0.92,0.74557006,0.17442995
0.93,0.8908534,0.039146602
0.88,0.8742229,0.0057771206
0.9,0.821548,0.07845199
0.77,0.8564998,-0.08649981
0.83,0.71327066,0.11672932
0.97,0.80012727,0.16987276
0.95,0.92991686,0.02008313
0.96,0.88398194,0.076018035
0.96,0.90463924,0.055360734
0.89,0.9036772,-0.013677239
0.93,0.8279232,0.10207683
0.92,0.88536394,0.03463608
0.93,0.86339855,0.066601455
0.97,0.87821364,0.091786385
0.91,0.92109907,-0.0110990405
0.92,0.84180844,0.07819158
0.91,0.8711543,0.038845718
0.97,0.85384965,0.11615038
0.98,0.9156927,0.06430733
0.98,0.9320415,0.047958493
0.97,0.9342221,0.035777926
0.98,0.9142723,0.06572771
0.98,0.9323411,0.04765892
0.98,0.9243101,0.05568993
0.97,0.90457785,0.06542218
0.97,0.90768445,0.062315583
0.95,0.9053056,0.044694364
0.96,0.8821893,0.077810705
0.98,0.90288174,0.07711828
0.97,0.928542,0.04145801
0.98,0.922609,0.057391047
0.97,0.9159602,0.054039836
0.98,0.9180738,0.061926246
0.98,0.9230485,0.056951523
0.98,0.9208715,0.059128523
0.98,0.92373335,0.056266665
0.98,0.920681,0.05931902
0.96,0.9188324,0.041167557
0.89,0.89418805,-0.0041880608
0.85,0.8226887,0.027311325
0.95,0.79456997,0.15543002
0.96,0.90388966,0.056110322
0.97,0.89718807,0.07281196
0.98,0.9131242,0.066875815
0.98,0.9213512,0.058648825
0.98,0.9244641,0.055535913
0.98,0.916824,0.063176036
0.97,0.92626286,0.043737173
0.97,0.91065776,0.059342265
0.9,0.91506803,-0.015068054
0.84,0.8316307,0.008369267
0.73,0.78713727,-0.05713725
0.76,0.68282723,0.077172756
0.72,0.7231008,-0.0031007528
0.71,0.67651415,0.03348583
0.79,0.6759318,0.11406821
0.95,0.74871683,0.20128316
0.98,0.9091209,0.0708791
0.98,0.9316325,0.0483675
0.98,0.91876006,0.061239958
0.98,0.92643726,0.05356276
0.98,0.9424566,0.037543416
0.98,0.9217758,0.0582242
0.98,0.92361355,0.05638647
0.98,0.9300406,0.04995942
0.98,0.9268292,0.0531708
0.98,0.91636944,0.06363058
0.98,0.916188,0.06381202
0.97,0.9184952,0.05150485
0.96,0.896381,0.06361896
0.93,0.9038347,0.026165307
0.94,0.86431265,0.07568735
0.95,0.883847,0.06615299
0.97,0.8904493,0.07955074
0.91,0.9137207,-0.0037207007
0.96,0.84314096,0.11685902
0.98,0.9066024,0.07339764
0.94,0.9200208,0.019979179
0.86,0.88338625,-0.02338624
0.83,0.80314076,0.026859224
0.74,0.7836555,-0.043655515
0.72,0.6950829,0.024917126
0.71,0.6918076,0.01819235
0.62,0.67069757,-0.050697565
0.48,0.5826397,-0.102639705
0.42,0.4602917,-0.040291727
0.32,0.40749672,-0.08749673
0.25,0.30736333,-0.05736333
0.21,0.2485273,-0.03852731
0.14,0.20729035,-0.06729035
0.01,0.141477,-0.131477
0.01,0.0,0.01
0.01,0.0,0.01
0.0,0.01882335,-0.01882335
0.01,0.00087973475,0.009120265
0.01,0.014500808,-0.004500808
0.01,0.004925467,0.0050745327
0.01,0.00222159,0.00777841
0.01,0.0029751547,0.007024845
0.02,0.02399306,-0.0039930604
0.01,0.045506183,-0.03550618
0.01,0.036103513,-0.026103513
0.02,0.029228076,-0.009228077
0.0,0.034956694,-0.034956694
0.0,0.0071318,-0.0071318
0.01,0.0,0.01
0.03,0.004966818,0.025033182
0.04,0.03254474,0.0074552596
0.05,0.046558063,0.0034419373
0.03,0.05720889,-0.027208889
0.02,0.0400711,-0.0200711
0.0,0.026496902,-0.026496902
0.01,0.0002229847,0.009777015
0.01,0.0,0.01
0.01,0.0,0.01
0.01,0.0,0.01
0.02,0.010392547,0.009607453
0.07,0.027264694,0.04273531
0.09,0.07774128,0.012258723
0.11,0.101415865,0.008584134
0.15,0.122358516,0.02764149
0.16,0.15705863,0.00294137
0.19,0.1668396,0.023160398
0.2,0.19370314,0.006296858
0.24,0.20331606,0.036683932
0.27,0.23832735,0.031672657
0.32,0.26844722,0.051552773
0.39,0.31432799,0.075672
0.4,0.3814864,0.01851362
0.33,0.39872584,-0.068725824
0.52,0.33598557,0.18401441
0.56,0.50088143,0.05911857
0.61,0.5442939,0.065706134
0.64,0.588503,0.051496983
0.62,0.61208427,0.007915735
0.72,0.60117376,0.11882627
0.91,0.6903342,0.21966583
0.75,0.8754895,-0.12548947
0.88,0.69842815,0.18157184
0.69,0.8490921,-0.15909213
0.8,0.6447995,0.15520054
0.95,0.77422833,0.17577165
0.94,0.90977573,0.030224264
0.97,0.87991595,0.090084076
0.85,0.91695356,-0.06695354
0.88,0.7910274,0.08897257
0.96,0.8401331,0.11986691
0.97,0.91351044,0.056489587
0.96,0.90936756,0.050632417
0.97,0.90967894,0.060321093
0.97,0.917981,0.052019
0.97,0.90976775,0.06023228
0.97,0.9124572,0.0575428
0.98,0.91454947,0.06545055
0.98,0.9199208,0.060079217
0.97,0.9154799,0.05452013
0.98,0.9178182,0.06218183
0.97,0.92920077,0.04079926
0.97,0.9209403,0.04905975
0.98,0.93404806,0.045951962
0.98,0.94375,0.036249995
0.98,0.92844343,0.051556587
0.98,0.9281297,0.051870346
0.98,0.93240833,0.047591686
0.98,0.91244686,0.06755316
0.98,0.920292,0.059708
0.98,0.9256264,0.054373622
0.98,0.92392576,0.05607426
0.98,0.9318296,0.048170447
0.98,0.9244846,0.05551541
0.98,0.90585446,0.074145555
0.98,0.91299117,0.06700885
0.97,0.91987383,0.050126195
0.96,0.89692676,0.06307322
0.98,0.8844018,0.09559822
0.98,0.92026603,0.059733987
0.97,0.91986346,0.050136566
0.73,0.918823,-0.18882298
0.81,0.64859414,0.16140586
0.9,0.78841937,0.11158061
0.98,0.85340333,0.12659669
0.98,0.93072414,0.049275875
0.97,0.91587543,0.054124594
0.97,0.8995466,0.070453405
0.98,0.9119928,0.06800723
0.97,0.93241465,0.037585378
0.97,0.9098669,0.0601331
0.97,0.9151697,0.054830313
0.97,0.9238373,0.046162724
0.98,0.91697836,0.06302166
0.97,0.9133103,0.05668974
0.97,0.9258164,0.044183612
0.97,0.91725683,0.052743196
0.98,0.91620886,0.063791156
0.97,0.9214957,0.048504353
0.98,0.9109503,0.069049716
0.98,0.9336922,0.046307802
0.98,0.93070805,0.04929197
0.98,0.9020572,0.07794285
0.98,0.9225085,0.05749154
0.98,0.9143903,0.06560969
0.98,0.92106867,0.05893135
0.98,0.90700066,0.07299936
0.93,0.91706157,0.01293844
0.93,0.8548969,0.075103104
0.94,0.8668438,0.07315618
0.97,0.88053954,0.08946049
0.95,0.9166547,0.033345282
0.97,0.88941526,0.080584764
0.98,0.9100449,0.06995511
0.95,0.921975,0.028024971
0.98,0.88591766,0.094082355
0.97,0.938578,0.03142202
0.97,0.89952743,0.0704726
0.96,0.9125519,0.0474481
0.97,0.9026252,0.067374825
0.98,0.91643405,0.06356597
0.98,0.92205787,0.057942152
0.98,0.9187243,0.06127572
0.89,0.9238725,-0.033872485
0.93,0.82285416,0.107145846
0.86,0.88436234,-0.024362326
0.71,0.8003508,-0.09035081
0.68,0.6704838,0.00951618
0.59,0.65530205,-0.065302074
0.39,0.5637696,-0.1737696
0.48,0.37194577,0.10805422
0.65,0.47898448,0.1710155
0.58,0.63563704,-0.05563706
0.52,0.5589576,-0.038957596
0.31,0.50518167,-0.19518167
0.03,0.31509593,-0.28509593
0.06,0.030802175,0.029197823
0.09,0.07142568,0.018574327
0.08,0.09347201,-0.013472013
0.1,0.088915065,0.011084937
0.11,0.11216484,-0.0021648407
0.13,0.12514314,0.0048568547
0.12,0.1475943,-0.027594306
0.07,0.13912818,-0.06912818
0.01,0.09583054,-0.08583054
0.08,0.044715036,0.035284963
0.35,0.095026545,0.25497344
0.32,0.33837053,-0.018370539
0.18,0.33274505,-0.15274504
0.05,0.1943804,-0.1443804
0.07,0.05350038,0.01649962
0.14,0.06038736,0.07961264
0.24,0.142535,0.09746499
0.14,0.23736028,-0.09736028
0.12,0.15846595,-0.038465954
0.1,0.12819695,-0.028196953
0.07,0.10678737,-0.03678737
0.08,0.07425964,0.0057403594
0.07,0.085622765,-0.015622765
0.09,0.07886246,0.011137545
0.1,0.09536511,0.0046348944
0.13,0.110449836,0.01955016
0.21,0.14443597,0.06556402
0.18,0.22187726,-0.041877255
0.25,0.19813585,0.051864147
0.17,0.2537201,-0.0837201
0.1,0.18431714,-0.08431714
0.16,0.113066226,0.04693377
0.16,0.16412741,-0.004127413
0.16,0.17017376,-0.010173768
0.25,0.16892754,0.081072465
0.23,0.25314522,-0.023145214
0.3,0.23855737,0.061442643
0.23,0.3036446,-0.07364459
0.33,0.24398766,0.08601235
0.38,0.3270877,0.052912295
0.29,0.37939575,-0.08939576
0.4,0.29527614,0.10472387
0.39,0.39163145,-0.0016314685
0.42,0.38774106,0.032258928
0.47,0.41526136,0.05473864
0.4,0.46225235,-0.062252343
0.41,0.39710334,0.012896657
0.25,0.39910278,-0.14910278
0.24,0.25931156,-0.019311562
0.21,0.24096194,-0.030961946
0.35,0.21074377,0.13925622
0.31,0.3410732,-0.031073183
0.3,0.31857222,-0.018572211
0.38,0.29667822,0.08332178
0.2,0.37527785,-0.17527784
0.23,0.20899042,0.02100958
0.27,0.22728392,0.042716086
0.22,0.26599908,-0.04599908
0.18,0.225816,-0.04581599
0.16,0.18375516,-0.023755163
0.13,0.16309988,-0.03309989
0.06,0.13425487,-0.07425487
0.01,0.06406471,-0.054064713
0.0,0.0057582986,-0.0057582986
0.01,0.0,0.01
0.01,0.0,0.01
0.01,0.0,0.01
0.01,0.0,0.01
0.01,0.0041058697,0.00589413
0.01,0.010918833,-0.00091883354
0.0,0.017310482,-0.017310482
0.01,0.011685932,-0.0016859323
0.01,0.0,0.01
0.01,0.0,0.01
0.01,0.0,0.01
0.01,0.0,0.01
0.01,0.0,0.01
0.01,0.0046319813,0.0053680185
0.01,0.0012389012,0.008761099
0.01,0.0032842755,0.0067157242
0.01,0.0108221695,-0.0008221697
0.01,0.0017233491,0.008276651
0.01,0.0,0.01
0.01,0.0,0.01
0.01,0.0,0.01
0.01,0.00047348253,0.009526517
0.01,0.008704878,0.0012951214
0.01,0.0051127262,0.0048872735
0.01,0.0051930696,0.00480693
0.01,0.00086938404,0.009130616
0.01,0.0005340725,0.009465927
0.01,0.010913042,-0.0009130426
0.01,0.011169894,-0.0011698939
0.01,0.009746853,0.0002531465
0.01,0.011823997,-0.0018239971
0.0,0.011518482,-0.011518482
0.01,0.0045538116,0.005446188
0.01,0.002040511,0.007959489
0.01,0.0022037309,0.007796269
0.01,0.016131073,-0.0061310735
0.01,0.024938151,-0.014938151
0.02,0.030333154,-0.010333154
0.02,0.04428868,-0.02428868
0.07,0.039621297,0.030378703
0.12,0.08190584,0.038094155
0.12,0.13033238,-0.010332383
0.06,0.13923365,-0.07923365
0.06,0.07518094,-0.015180942
0.02,0.05728588,-0.03728588
0.02,0.019126926,0.00087307394
0.01,0.011965804,-0.001965804
0.01,0.0,0.01
0.1,0.0,0.1
0.08,0.10739128,-0.027391285
0.07,0.099669635,-0.029669635
0.07,0.08291699,-0.01291699
0.07,0.081795186,-0.0117951855
0.11,0.07849022,0.03150978
0.13,0.11711922,0.012880772
0.23,0.13598995,0.094010055
0.33,0.2238112,0.10618882
0.5,0.33075154,0.16924846
0.38,0.48028344,-0.100283444
0.25,0.38495764,-0.13495764
0.15,0.25809574,-0.108095735
0.21,0.15817386,0.051826134
0.27,0.20741665,0.06258336
0.32,0.2688589,0.051141083
0.23,0.3169862,-0.0869862
0.2,0.23208067,-0.032080665
0.61,0.19822574,0.41177428
0.62,0.57871497,0.041285038
0.76,0.60385025,0.15614974
0.76,0.7298149,0.030185103
0.72,0.7195071,0.0004929304
0.96,0.68632686,0.27367312
0.98,0.94812346,0.031876564
0.98,0.9476079,0.032392144
0.98,0.9379308,0.042069197
0.98,0.93394804,0.04605198
0.98,0.9494724,0.030527592
0.98,0.916958,0.063042045
0.98,0.9224553,0.05754471
0.98,0.91539764,0.064602375
0.96,0.9143239,0.045676053
0.84,0.88422525,-0.044225276
0.72,0.7742914,-0.054291368
0.57,0.67467296,-0.10467297
0.45,0.5309391,-0.080939114
0.33,0.43553123,-0.105531216
0.28,0.31862876,-0.038628757
0.26,0.27727178,-0.017271787
0.29,0.25515112,0.03484887
0.31,0.28607252,0.02392748
0.32,0.3002114,0.019788593
0.33,0.31555822,0.014441788
0.41,0.32051712,0.08948287
0.28,0.40036795,-0.120367944
0.3,0.28290215,0.01709786
0.22,0.2929941,-0.07299411
0.25,0.227066,0.022934005
0.3,0.24647531,0.053524703
0.38,0.29542664,0.08457336
0.35,0.37067246,-0.02067247
0.33,0.34844133,-0.01844132
0.35,0.32640445,0.023595542
0.32,0.3462206,-0.02622062
0.34,0.31918702,0.020812988
0.43,0.33355716,0.09644285
0.39,0.42156038,-0.03156039
0.41,0.38845667,0.021543324
0.38,0.39936092,-0.01936093
0.44,0.3749026,0.06509739
0.51,0.4331166,0.076883376
0.49,0.49405992,-0.004059911
0.31,0.47865096,-0.16865095
0.24,0.30999678,-0.06999679
0.34,0.2417576,0.0982424
0.47,0.33494064,0.13505936
0.42,0.45634586,-0.03634587
0.37,0.41280845,-0.042808443
0.26,0.36573687,-0.10573688
0.23,0.26525345,-0.03525345
0.19,0.23208529,-0.04208529
0.31,0.1954624,0.1145376
0.38,0.2994512,0.08054879
0.38,0.3728499,0.007150084
0.38,0.37478706,0.005212933
0.34,0.37440845,-0.03440845
0.31,0.33969566,-0.02969566
0.27,0.3085527,-0.0385527
0.26,0.2681325,-0.008132517
0.31,0.2617536,0.048246413
0.32,0.30426714,0.015732855
0.38,0.31817976,0.06182024
0.33,0.37580267,-0.045802653
0.35,0.33325523,0.016744763
0.56,0.3435888,0.2164112
0.43,0.5408459,-0.110845864
0.72,0.42143324,0.2985668
0.59,0.6997875,-0.109787524
0.48,0.563408,-0.08340803
0.49,0.46339747,0.026602536
0.43,0.4838357,-0.05383569
0.34,0.42501417,-0.085014164
0.28,0.33659658,-0.056596577
0.45,0.28061876,0.16938123
0.41,0.4448509,-0.034850895
0.57,0.40086934,0.16913065
0.45,0.5461688,-0.096168816
0.42,0.43962422,-0.019624233
0.44,0.4088481,0.03115189
0.49,0.43453157,0.05546844
0.44,0.47803256,-0.03803256
0.57,0.43105385,0.13894615
0.62,0.55565274,0.06434727
0.55,0.59569585,-0.04569584
0.56,0.5301237,0.029876292
0.58,0.54131734,0.03868264
0.6,0.5630262,0.036973834
0.64,0.58272564,0.05727434
0.72,0.61526704,0.10473299
0.78,0.68902993,0.09097004
0.82,0.7496532,0.07034677
0.84,0.77723956,0.06276041
0.8,0.7986865,0.0013135076
0.69,0.7625209,-0.07252091
0.67,0.6472329,0.022767127
0.75,0.64008844,0.10991156
0.74,0.7254,0.0146000385
0.68,0.7049422,-0.02494222
0.57,0.6419543,-0.07195431
0.64,0.5423608,0.0976392
0.78,0.6227405,0.15725946
0.64,0.74855745,-0.10855746
0.6,0.60242283,-0.0024228096
0.54,0.5723969,-0.032396853
0.52,0.5232569,-0.003256917
0.61,0.5068854,0.103114605
0.54,0.5880742,-0.048074186
0.51,0.5234257,-0.013425708
0.46,0.4916032,-0.031603187
0.47,0.4501672,0.01983279
0.46,0.45907536,0.00092464685
0.45,0.4509931,-0.0009931028
0.54,0.44091502,0.099085
0.64,0.5251763,0.1148237
0.55,0.62029815,-0.070298135
0.58,0.5257392,0.05426079
0.72,0.5588223,0.16117775
0.65,0.70090675,-0.050906777
0.66,0.6139182,0.04608184
0.6,0.63191247,-0.031912446
0.7,0.57661736,0.12338263
0.63,0.68082595,-0.050825953
0.6,0.59725606,0.0027439594
0.59,0.5809021,0.009097874
0.53,0.57015157,-0.040151596
0.55,0.50991166,0.040088356
0.46,0.53655005,-0.07655004
0.33,0.44590423,-0.11590421
0.34,0.32225797,0.017742038
0.32,0.33473757,-0.014737576
0.19,0.31843454,-0.12843454
0.18,0.18877919,-0.008779183
0.18,0.17664641,0.0033535957
0.14,0.17957735,-0.03957735
0.02,0.14236762,-0.12236762
0.01,0.014795963,-0.004795963
0.01,0.0,0.01
0.01,0.0,0.01
0.01,0.0,0.01
0.01,0.0037812144,0.0062187854
0.01,0.0030893236,0.006910676
0.01,0.019830504,-0.009830505
0.01,0.042168755,-0.032168753
0.02,0.037723616,-0.017723616
0.0,0.033461273,-0.033461273
0.01,0.017892182,-0.007892182
0.02,0.022164686,-0.002164686
0.07,0.03069996,0.03930004
0.07,0.072806954,-0.002806954
0.06,0.07735957,-0.017359573
0.09,0.06254559,0.027454413
0.1,0.08786819,0.01213181
0.13,0.1045442,0.025455795
0.11,0.13339528,-0.023395285
0.18,0.11319812,0.06680189
0.2,0.18218009,0.017819911
0.18,0.20421416,-0.024214149
0.18,0.18459056,-0.004590556
0.17,0.17878944,-0.008789435
0.2,0.17235692,0.027643085
0.17,0.20006031,-0.030060306
0.12,0.17269382,-0.05269382
0.08,0.11969803,-0.039698035
0.08,0.07482073,0.005179271
0.1,0.07972358,0.02027642
0.09,0.10307023,-0.013070226
0.17,0.08853122,0.08146878
0.21,0.16998132,0.040018678
0.15,0.21225178,-0.062251776
0.12,0.15788645,-0.03788645
0.13,0.12158573,0.0084142685
0.16,0.13080065,0.029199347
0.23,0.15843341,0.0715666
0.33,0.22390434,0.10609567
0.67,0.32491976,0.34508026
0.84,0.6493888,0.19061118
0.97,0.8186009,0.15139914
0.88,0.9413167,-0.06131673
0.97,0.8303417,0.13965833
0.98,0.9329531,0.0470469
0.98,0.9395243,0.040475726
0.97,0.93726265,0.032737374
0.98,0.91606915,0.06393087
0.98,0.9445958,0.035404205
0.98,0.9194591,0.060540915
0.97,0.92889607,0.04110396
0.93,0.90766895,0.022331059
0.98,0.8687577,0.111242294
0.98,0.93253005,0.047469974
0.97,0.92373717,0.04626286
0.98,0.91267633,0.067323685
0.98,0.926154,0.053846
0.98,0.9278101,0.052189946
0.98,0.93319285,0.04680717
0.98,0.916474,0.063526034
0.96,0.9266676,0.033332407
0.97,0.8972355,0.072764516
0.97,0.91246736,0.057532668
0.98,0.9125526,0.067447424
0.98,0.9191412,0.060858846
0.97,0.9179152,0.052084804
0.98,0.9116876,0.06831241
0.98,0.93140566,0.048594356
0.98,0.9230418,0.0569582
0.98,0.92463887,0.05536115
0.98,0.92985404,0.050145984
0.98,0.9194108,0.060589194
0.98,0.9202024,0.059797645
0.97,0.9314674,0.038532615
0.98,0.9122355,0.06776452
0.98,0.9237163,0.056283712
0.98,0.918203,0.061797023
0.98,0.92324173,0.056758285
0.98,0.92368793,0.056312084
0.98,0.93654704,0.043452978
0.97,0.906924,0.06307602
0.98,0.90871227,0.07128775
0.98,0.92451656,0.05548346
0.97,0.92888737,0.04111266
0.97,0.918411,0.051589012
0.97,0.9187597,0.051240325
0.97,0.9182427,0.051757336
0.97,0.91767514,0.05232489
0.98,0.9158896,0.0641104
0.98,0.9175484,0.0624516
0.97,0.91380095,0.056199074
0.98,0.8966595,0.083340526
0.98,0.94073665,0.039263368
0.98,0.93786013,0.042139888
0.97,0.9075358,0.062464237
0.86,0.9088905,-0.04889047
0.58,0.78088045,-0.20088047
0.53,0.5189598,0.011040151
0.78,0.51262975,0.26737022
0.83,0.7709316,0.05906838
0.53,0.7807113,-0.25071132
0.25,0.47242305,-0.22242305
0.07,0.23165968,-0.16165969
0.02,0.065009624,-0.045009624
0.07,0.023185752,0.046814248
0.08,0.075213924,0.004786074
0.15,0.08578242,0.06421758
0.2,0.14817715,0.051822856
0.26,0.20388144,0.056118548
0.16,0.26908183,-0.109081835
0.18,0.16121605,0.018783957
0.12,0.17465305,-0.054653056
0.06,0.1276548,-0.0676548
0.05,0.059686113,-0.009686112
0.05,0.039981756,0.010018244
0.07,0.04323492,0.026765082
0.09,0.06234456,0.027655445
0.12,0.09070757,0.029292427
0.13,0.12726384,0.0027361512
0.13,0.14143719,-0.011437193
0.12,0.14112782,-0.021127827
0.11,0.13026612,-0.020266116
0.08,0.11360353,-0.033603534
0.06,0.07854481,-0.018544812
0.02,0.05271648,-0.03271648
0.01,0.00919847,0.00080152974
0.01,0.0,0.01
0.01,0.00030918978,0.00969081
0.01,0.008158999,0.0018410012
0.01,0.010091253,-9.125285e-05
0.01,0.000658432,0.009341568
0.01,0.0,0.01
0.01,0.0,0.01
0.01,0.0,0.01
0.01,0.0,0.01
0.01,0.0,0.01
0.01,0.0,0.01
0.01,4.9674883e-05,0.009950325
0.01,0.008787531,0.0012124684
0.01,0.0027283877,0.007271612
0.01,0.011363074,-0.0013630744
0.01,0.020040987,-0.010040987
0.01,0.023781322,-0.013781322
0.01,0.016943494,-0.006943494
0.0,0.015385548,-0.015385548
0.02,0.02265377,-0.0026537701
0.01,0.036329783,-0.026329784
0.01,0.016746217,-0.0067462176
0.01,0.014950179,-0.004950179
0.01,0.00062185526,0.0093781445
0.0,0.0,0.0
0.01,0.007458316,0.0025416836
0.01,0.00052061863,0.009479381
0.01,0.0,0.01
0.01,0.0,0.01
0.01,0.0,0.01
0.01,0.003944237,0.006055763
0.01,0.003891021,0.0061089788
0.0,0.019900085,-0.019900085
0.01,0.023467168,-0.013467168
0.01,0.030586759,-0.020586759
0.0,0.029981995,-0.029981995
0.01,0.012589822,-0.0025898218
0.0,0.008563371,-0.008563371
0.01,0.0120645,-0.0020645
0.01,0.01809349,-0.008093489
0.02,0.03287507,-0.012875069
0.01,0.03651545,-0.026515448
0.02,0.023441557,-0.0034415573
0.01,0.029550638,-0.019550638
0.0,0.013262462,-0.013262462
0.01,0.0,0.01
0.01,0.0,0.01
0.02,0.007294683,0.012705317
0.03,0.03746541,-0.007465409
0.04,0.05406985,-0.0140698515
0.03,0.058597226,-0.028597226
0.01,0.0484001,-0.0384001
0.01,0.01316946,-0.0031694602
0.01,0.021164633,-0.011164634
0.01,0.018064236,-0.0080642365
0.01,0.002502581,0.0074974187
0.01,0.0,0.01
0.01,0.018099895,-0.008099895
0.01,0.018072158,-0.008072158
0.01,0.014703441,-0.0047034416
0.01,0.0,0.01
0.01,0.0,0.01
0.01,0.0,0.01
0.01,0.0,0.01
0.01,0.006143246,0.003856754
0.01,0.016445633,-0.0064456332
0.01,0.0,0.01
0.01,0.0,0.01
0.01,0.0,0.01
0.01,0.000972772,0.009027228
0.01,0.0040134825,0.0059865173
0.01,0.003939323,0.0060606766
0.01,0.0011415817,0.008858418
0.01,0.0026119053,0.0073880944
0.01,0.0062747747,0.003725225
0.01,0.005333863,0.0046661366
0.01,0.008915491,0.0010845084
0.01,0.011579193,-0.0015791934
0.01,0.009168198,0.00083180144
0.01,0.015183184,-0.0051831845
0.01,0.012775479,-0.002775479
0.01,0.0132916905,-0.0032916907
0.01,0.009133175,0.00086682476
0.01,0.0,0.01
0.01,0.0,0.01
0.01,0.0031874515,0.0068125483
0.01,0.0,0.01
0.01,0.0072949603,0.0027050395
0.01,0.010026712,-2.6712194e-05
0.01,0.009382641,0.00061735883
0.01,0.005640477,0.004359523
0.01,0.001767084,0.008232916
0.01,0.0,0.01
0.01,0.0,0.01
0.01,0.0,0.01
0.01,0.0010663532,0.008933647
0.01,0.0035118014,0.0064881984
0.01,0.0038161203,0.0061838794
0.01,0.0040970184,0.0059029814
0.01,0.0034537204,0.0065462794
0.01,0.0011480041,0.008851996
0.01,0.00067724846,0.009322751
0.01,3.387034e-05,0.009966129
0.01,0.0027305074,0.0072694924
0.01,0.010791894,-0.0007918943
0.01,0.0087284,0.0012715999
0.01,0.0050221086,0.004977891
0.01,0.0042099617,0.005790038
0.01,0.0032043606,0.006795639
0.01,0.012775594,-0.0027755946
0.01,0.013510929,-0.0035109296
0.01,0.00785315,0.0021468494
0.01,0.0026618782,0.0073381215
0.01,0.0,0.01
0.01,0.0,0.01
0.01,0.006861314,0.0031386856
0.01,0.010672869,-0.0006728694
0.01,0.0037811566,0.006218843
0.01,0.0064646676,0.0035353322
0.01,0.0019391179,0.008060882
0.01,0.0031723306,0.006827669
0.01,0.0,0.01
0.01,0.0,0.01
0.01,0.002072297,0.007927703
0.01,0.0115679,-0.0015679002
0.01,0.021398926,-0.011398926
0.01,0.01622371,-0.0062237103
0.01,0.005947657,0.004052343
0.01,0.0040066577,0.005993342
0.01,0.0029255208,0.007074479
0.01,0.0,0.01
0.01,0.0,0.01
0.01,0.011400128,-0.001400128
0.01,0.006247619,0.0037523806
0.01,0.0049016327,0.005098367
0.01,0.010227254,-0.00022725388
0.01,0.01417594,-0.0041759405
0.01,0.017227218,-0.007227218
0.02,0.032321848,-0.012321848
0.03,0.05489713,-0.02489713
0.07,0.059469786,0.010530215
0.1,0.08890663,0.011093371
0.15,0.11538281,0.034617193
0.18,0.15842342,0.021576583
0.16,0.18396752,-0.02396752
0.14,0.17015281,-0.030152813
0.15,0.14538446,0.0046155453
0.2,0.15393811,0.04606189
0.16,0.19825655,-0.038256556
0.18,0.17162067,0.00837934
0.23,0.18145105,0.04854895
0.27,0.22740056,0.042599455
0.25,0.27028412,-0.020284116
0.28,0.25857472,0.021425277
0.41,0.28204626,0.12795374
0.32,0.39904967,-0.07904968
0.53,0.3275098,0.20249018
0.71,0.5064522,0.20354778
0.86,0.6792611,0.18073893
0.85,0.8295125,0.020487547
0.72,0.8027861,-0.08278608
0.9,0.68917525,0.21082473
0.89,0.86831546,0.021684527
0.73,0.83892727,-0.10892725
0.74,0.6879846,0.052015424
0.45,0.71670127,-0.26670128
0.52,0.43434063,0.085659355
0.7,0.51336133,0.18663865
0.66,0.6801357,-0.0201357
0.62,0.6289147,-0.008914709
0.72,0.58739984,0.13260019
0.62,0.69437957,-0.07437956
0.78,0.5878918,0.19210815
0.72,0.7556577,-0.035657644
0.86,0.68150496,0.17849505
0.79,0.8287525,-0.038752496
0.87,0.7419195,0.12808049
0.84,0.83220637,0.0077936053
0.8,0.79839885,0.0016011596
0.87,0.75706065,0.11293936
0.86,0.83064973,0.02935028
0.93,0.816952,0.11304802
0.96,0.88513243,0.07486755
0.97,0.9100028,0.0599972
0.97,0.91473746,0.055262566
0.92,0.9140222,0.0059778094
0.76,0.862344,-0.102344036
0.64,0.7056804,-0.065680385
0.61,0.60882664,0.001173377
0.73,0.59166944,0.13833058
0.58,0.7049049,-0.12490493
0.65,0.54810786,0.10189211
0.78,0.62512803,0.15487194
0.82,0.7472099,0.072790086
0.83,0.77403986,0.05596012
0.71,0.78003,-0.07003003
0.83,0.66441226,0.16558772
0.7,0.8001181,-0.1001181
0.7,0.6597718,0.040228188
0.61,0.6778525,-0.0678525
0.59,0.58322215,0.006777823
0.5,0.57224023,-0.07224023
0.4,0.48532557,-0.08532557
0.42,0.39861408,0.021385908
0.49,0.41611797,0.07388204
0.55,0.48009202,0.06990799
0.43,0.5340415,-0.10404152
0.37,0.4228376,-0.05283758
0.39,0.3674586,0.022541374
0.38,0.3877463,-0.007746309
0.3,0.37861362,-0.07861361
0.32,0.30320913,0.016790867
0.27,0.3169125,-0.04691249
0.23,0.2756568,-0.045656785
0.22,0.23641777,-0.016417772
0.25,0.2222132,0.027786806
0.22,0.2511101,-0.031110108
0.23,0.22604094,0.0039590597
0.22,0.23552582,-0.015525818
0.23,0.22570094,0.0042990595
0.25,0.23132485,0.018675148
0.23,0.24825746,-0.018257454
0.23,0.23287961,-0.0028796047
0.25,0.22935164,0.02064836
0.25,0.2510266,-0.0010266006
0.26,0.24818641,0.011813581
0.28,0.25845107,0.021548927
0.24,0.2783447,-0.038344696
0.27,0.24607873,0.023921281
0.25,0.268771,-0.018770993
0.25,0.2513718,-0.0013718009
0.2,0.24781366,-0.047813654
0.2,0.20557775,-0.005577743
0.22,0.20249996,0.017500043
0.26,0.2204774,0.03952259
0.23,0.25383592,-0.023835912
0.25,0.23497781,0.015022188
0.22,0.246437,-0.026437
0.16,0.22579505,-0.06579505
0.23,0.16862464,0.061375365
0.23,0.22606954,0.0039304644
0.24,0.22832444,0.0116755515
0.27,0.24370408,0.02629593
0.29,0.26940697,0.020593017
0.34,0.28977683,0.05022317
0.38,0.3356533,0.04434669
0.46,0.37467512,0.08532488
0.34,0.44885185,-0.10885185
0.25,0.34246022,-0.092460215
0.36,0.25534707,0.10465294
0.35,0.35252,-0.002519995
0.36,0.35100418,0.008995831
0.25,0.36250982,-0.11250982
0.29,0.27292997,0.017070025
0.28,0.2890345,-0.009034485
0.31,0.2768934,0.033106595
0.18,0.30575016,-0.12575015
0.09,0.18886417,-0.09886417
0.15,0.09640607,0.053593934
0.19,0.14681044,0.043189555
0.2,0.1901142,0.009885803
0.29,0.19936493,0.09063506
0.46,0.2814634,0.1785366
0.47,0.442987,0.027013004
0.46,0.46312445,-0.0031244457
0.49,0.45325643,0.03674358
0.48,0.47743246,0.0025675297
0.49,0.47534284,0.01465717
0.56,0.48292637,0.07707363
0.45,0.5470247,-0.09702474
0.51,0.44582394,0.06417605
0.5,0.49703228,0.0029677153
0.55,0.49805143,0.051948577
0.59,0.5396863,0.05031365
0.53,0.5773084,-0.047308445
0.51,0.51430964,-0.0043096542
0.46,0.49487254,-0.034872532
0.43,0.45477194,-0.024771929
0.47,0.4321088,0.03789121
0.31,0.4685937,-0.15859368
0.26,0.31578258,-0.055782586
0.4,0.2702426,0.1297574
0.47,0.39684454,0.07315546
0.5,0.4558764,0.04412359
0.42,0.48875773,-0.06875774
0.55,0.42200735,0.12799266
0.55,0.5299462,0.020053804
0.52,0.5401372,-0.02013719
0.55,0.5096636,0.04033643
0.47,0.5325172,-0.062517196
0.48,0.46237835,0.017621636
0.54,0.47538427,0.064615756
0.26,0.5380701,-0.2780701
0.26,0.27217135,-0.012171358
0.38,0.27018154,0.10981846
0.34,0.38599843,-0.045998424
0.34,0.34367618,-0.003676176
0.48,0.34382084,0.13617915
0.57,0.4685763,0.10142368
0.37,0.5655799,-0.19557989
0.58,0.37821004,0.20178995
0.73,0.58040464,0.14959538
0.68,0.73984647,-0.05984646
0.65,0.6556537,-0.005653739
0.64,0.62519085,0.014809132
0.64,0.6103846,0.029615402
0.66,0.63182986,0.028170168
0.56,0.6484337,-0.08843368
0.63,0.5336882,0.09631181
0.58,0.6238028,-0.043802798
0.55,0.564088,-0.014087975
0.5,0.5376605,-0.03766048
0.63,0.48743647,0.14256352
0.63,0.61768055,0.012319446
0.68,0.6235069,0.056493104
0.62,0.6726943,-0.05269432
0.64,0.58958244,0.050417542
0.58,0.62848985,-0.04848987
0.55,0.56088257,-0.010882556
0.59,0.53957796,0.050422013
0.6,0.5807862,0.019213796
0.52,0.59323967,-0.073239684
0.56,0.49782577,0.06217423
0.64,0.55406654,0.08593345
0.55,0.6361326,-0.086132586
0.59,0.5303229,0.059677064
0.56,0.5739448,-0.013944805
0.54,0.5501791,-0.010179102
0.39,0.5316782,-0.14167821
0.19,0.3873624,-0.1973624
0.39,0.1969988,0.19300118
0.41,0.3975873,0.012412697
0.53,0.41694623,0.11305374
0.51,0.51938,-0.009379983
0.38,0.50694996,-0.12694997
0.54,0.37739635,0.16260368
0.42,0.5312724,-0.111272424
0.22,0.42010865,-0.20010865
0.15,0.23773238,-0.087732375
0.27,0.16619596,0.10380405
0.31,0.27541244,0.034587562
0.27,0.31410077,-0.04410076
0.27,0.28120878,-0.011208773
0.24,0.28342837,-0.043428376
0.23,0.25642937,-0.02642937
0.17,0.24101947,-0.07101947
0.15,0.18957886,-0.039578855
0.13,0.16220513,-0.032205135
0.17,0.1424889,0.027511105
0.33,0.18242973,0.14757028
0.29,0.33054477,-0.040544778
0.32,0.31306252,0.006937474
0.29,0.32926542,-0.039265424
0.2,0.29978767,-0.09978767
0.32,0.21411942,0.10588057
0.13,0.31691977,-0.18691978
0.14,0.14742263,-0.007422626
0.19,0.14689308,0.043106914
0.24,0.19327018,0.046729818
0.26,0.24372162,0.016278371
0.28,0.2641561,0.015843898
0.24,0.28036496,-0.040364966
0.13,0.24186149,-0.1118615
0.13,0.14282447,-0.012824476
0.13,0.13772805,-0.007728055
0.11,0.13390823,-0.023908228
0.14,0.115742974,0.024257027
0.21,0.13919054,0.070809454
0.25,0.20957941,0.04042059
0.21,0.24994767,-0.039947674
0.24,0.214061,0.025938988
0.2,0.24021742,-0.040217414
0.21,0.2051339,0.0048660934
0.19,0.21044347,-0.02044347
0.27,0.1951521,0.07484791
0.19,0.25784785,-0.06784785
0.13,0.19915947,-0.06915948
0.12,0.13829505,-0.018295057
0.12,0.123900644,-0.0039006472
0.12,0.11953077,0.00046923012
0.14,0.122013494,0.017986506
0.25,0.14247024,0.10752976
0.34,0.23901188,0.10098812
0.47,0.3299591,0.1400409
0.43,0.45978668,-0.029786676
0.3,0.42979124,-0.12979123
0.12,0.30708197,-0.18708196
0.08,0.12569836,-0.04569836
0.13,0.0777612,0.052238792
0.3,0.1276106,0.17238942
0.13,0.29441082,-0.16441083
0.06,0.14396365,-0.08396365
0.09,0.05895922,0.031040784
0.08,0.08204357,-0.002043575
0.22,0.07376945,0.14623055
0.17,0.21363507,-0.04363507
0.09,0.18249974,-0.09249973
0.13,0.0984338,0.031566195
0.29,0.12954316,0.16045684
0.34,0.28053778,0.05946222
0.26,0.3438657,-0.0838657
0.07,0.26946408,-0.19946408
0.14,0.0844018,0.0555982
0.26,0.13325326,0.12674673
0.57,0.24846032,0.32153967
0.6,0.5411757,0.0588243
0.32,0.5774449,-0.25744492
0.44,0.33378503,0.10621497
0.5,0.42220563,0.07779437
0.67,0.4874636,0.18253642
0.67,0.65236616,0.017633855
0.7,0.63810897,0.06189102
0.62,0.6815103,-0.061510324
0.84,0.60281503,0.23718494
0.8,0.8041172,-0.004117191
0.75,0.7561072,-0.006107211
0.7,0.70928395,-0.00928396
0.75,0.66520596,0.084794044
0.93,0.72069526,0.20930475
0.85,0.89326715,-0.04326713
0.72,0.7922505,-0.072250485
0.56,0.6785958,-0.11859578
0.55,0.53603804,0.013961971
0.31,0.5360074,-0.2260074
0.19,0.30064452,-0.11064452
0.26,0.19500093,0.06499906
0.21,0.25590423,-0.045904234
0.08,0.21299365,-0.13299365
0.12,0.084396675,0.035603322
0.26,0.12045267,0.13954732
0.45,0.2495514,0.20044859
0.17,0.4336963,-0.2636963
0.21,0.19166054,0.018339455
0.46,0.20987546,0.25012454
0.41,0.43976113,-0.029761136
0.26,0.41157296,-0.15157297
0.1,0.27329284,-0.17329285
0.33,0.11135072,0.2186493
0.18,0.31342918,-0.13342917
0.14,0.19846386,-0.058463857
0.31,0.14620852,0.16379148
0.68,0.2884581,0.3915419
0.77,0.63710225,0.13289773
0.71,0.7403171,-0.030317128
0.66,0.67352104,-0.013521016
0.68,0.6273165,0.052683532
0.49,0.65418375,-0.16418374
0.49,0.4738231,0.01617691
0.42,0.47883508,-0.05883509
0.45,0.4139627,0.036037296
0.14,0.44455907,-0.30455905
0.27,0.1523034,0.11769661
0.31,0.26408762,0.045912385
0.25,0.30810833,-0.05810833
0.32,0.25975114,0.06024885
0.25,0.31368873,-0.063688725
0.31,0.25526166,0.054738343
0.33,0.30607644,0.023923576
0.32,0.3224337,-0.0024337173
0.33,0.31479925,0.015200764
0.33,0.32838264,0.001617372
0.29,0.3302541,-0.040254116
0.31,0.2909026,0.019097388
0.21,0.3131,-0.10310002
0.14,0.21969661,-0.07969661
0.19,0.14259125,0.047408745
0.24,0.18354979,0.056450203
0.13,0.23377126,-0.10377127
0.14,0.1409212,-0.0009212047
0.07,0.13947783,-0.069477834
0.08,0.07237318,0.0076268166
0.12,0.07593104,0.044068955
0.07,0.11646656,-0.04646656
0.1,0.07074106,0.029258944
0.1,0.10032561,-0.00032560527
0.07,0.103268415,-0.033268414
0.04,0.066840634,-0.026840635
0.01,0.032680526,-0.022680527
0.01,0.008305766,0.0016942341
0.01,0.0036695786,0.006330421
0.02,0.0,0.02
0.06,0.020879675,0.039120324
0.02,0.07073983,-0.05073983
0.01,0.042488925,-0.032488927
0.01,0.008914104,0.001085896
0.01,0.01998543,-0.00998543
0.0,0.0,0.0
0.01,0.0,0.01
0.01,0.0,0.01
0.01,0.0,0.01
0.01,0.009637732,0.00036226772
0.01,0.03202726,-0.02202726
0.01,0.029732628,-0.019732628
0.01,0.035554215,-0.025554216
0.01,0.06415892,-0.05415892
0.01,0.062945865,-0.052945867
0.01,0.040784284,-0.030784285
0.01,0.03135113,-0.02135113
0.01,0.022698112,-0.012698112
0.01,0.006957028,0.0030429717
0.01,0.0,0.01
0.01,0.0,0.01
0.01,0.008125819,0.0018741805
0.01,0.032043446,-0.022043446
0.01,0.0027368069,0.007263193
0.01,0.010734905,-0.0007349048
0.01,0.033343043,-0.023343043
0.01,0.03840868,-0.028408682
0.01,0.026965722,-0.016965723
0.01,0.02342511,-0.01342511
0.01,0.001869183,0.008130817
0.01,0.0,0.01
0.18,0.011092253,0.16890776
0.3,0.16339186,0.13660815
0.38,0.29445317,0.08554682
0.53,0.37553564,0.15446433
0.57,0.51637065,0.05362934
0.62,0.54680085,0.07319915
0.85,0.6006205,0.24937952
0.94,0.8233657,0.11663431
0.98,0.8930329,0.08696711
0.58,0.9510826,-0.3710826
0.01,0.5535319,-0.5435319
0.01,0.10287892,-0.09287892
0.01,0.19469537,-0.18469536
0.01,0.11577912,-0.10577912
0.01,0.10177021,-0.09177021
0.01,0.07308918,-0.063089184
0.01,0.052201495,-0.042201497
0.01,0.06619428,-0.056194283
0.01,0.05245222,-0.042452224
0.01,0.0660015,-0.0560015
0.01,0.08221905,-0.07221905
0.01,0.0058374703,0.0041625295
0.7,0.0,0.7
0.98,0.61230755,0.36769247
0.98,0.9175998,0.06240022
0.98,0.91068614,0.069313884
0.98,0.90522873,0.074771285
0.98,0.94950664,0.030493379
0.98,0.934793,0.045207024
0.98,0.92022634,0.059773684
0.97,0.91259885,0.05740118
0.97,0.90582824,0.06417179
0.97,0.9099095,0.06009054
0.88,0.90788114,-0.027881145
0.91,0.8117368,0.098263204
0.91,0.8674263,0.04257375
0.72,0.8483118,-0.12831175
0.64,0.65446174,-0.014461756
0.59,0.6094434,-0.019443452
0.47,0.5640272,-0.09402719
0.74,0.45285428,0.28714573
0.86,0.7217802,0.13821983
0.91,0.8185673,0.09143275
0.86,0.8495176,0.01048243
0.71,0.80196905,-0.09196907
0.67,0.6637875,0.0062125325
0.51,0.6487349,-0.13873494
0.35,0.4897553,-0.13975531
0.38,0.3397149,0.04028508
0.42,0.37783465,0.04216534
0.36,0.4142401,-0.054240078
0.33,0.34958443,-0.019584417
0.41,0.32090834,0.08909166
0.4,0.39694324,0.0030567646
0.32,0.3906321,-0.0706321
0.29,0.31440514,-0.024405152
0.29,0.28947082,0.00052917004
0.25,0.28932038,-0.03932038
0.22,0.25161904,-0.031619042
0.23,0.22622904,0.0037709624
0.2,0.22875778,-0.02875778
0.17,0.20311007,-0.033110067
0.21,0.17248614,0.037513852
0.26,0.20449692,0.05550307
0.23,0.2548461,-0.024846092
0.21,0.22932993,-0.019329935
0.27,0.21364841,0.056351602
0.27,0.26305112,0.0069488883
0.27,0.26660258,0.003397435
0.26,0.26917988,-0.00917989
0.2,0.2605996,-0.06059961
0.17,0.20665884,-0.03665884
0.15,0.17159587,-0.021595865
0.15,0.15331769,-0.003317684
0.15,0.15253545,-0.0025354475
0.18,0.15217961,0.027820393
0.15,0.17806157,-0.028061569
0.16,0.15495604,0.0050439537
0.2,0.16046324,0.03953676
0.22,0.19761276,0.022387236
0.25,0.21742833,0.032571673
0.21,0.2510719,-0.041071907
0.17,0.21589878,-0.04589878
0.15,0.1738869,-0.02388689
0.12,0.15363935,-0.03363935
0.12,0.122541845,-0.0025418475
0.11,0.116887406,-0.006887406
0.08,0.11074127,-0.030741274
0.04,0.0838844,-0.043884404
0.02,0.039474826,-0.019474827
0.0,0.014868604,-0.014868604
0.01,0.0,0.01
0.0,0.0,0.0
0.01,0.0,0.01
0.01,0.0,0.01
0.01,0.0,0.01
0.03,0.021026053,0.008973947
0.03,0.06050039,-0.030500391
0.08,0.05181194,0.028188057
0.07,0.09275067,-0.022750668
0.09,0.085479274,0.004520729
0.08,0.09788562,-0.017885625
0.1,0.08885476,0.011145242
0.13,0.10483388,0.025166117
0.16,0.13107333,0.02892667
0.18,0.1648176,0.015182406
0.21,0.18527114,0.02472885
0.21,0.21038805,-0.00038805604
0.25,0.21078666,0.039213344
0.2,0.24923274,-0.049232736
0.24,0.20678093,0.03321907
0.18,0.2370654,-0.057065398
0.18,0.18232837,-0.002328366
0.11,0.1813157,-0.071315706
0.13,0.11593734,0.014062658
0.17,0.13259815,0.037401855
0.31,0.17118007,0.13881993
0.29,0.3004023,-0.010402322
0.26,0.29123148,-0.031231493
0.16,0.2674988,-0.107498795
0.19,0.17225356,0.017746434
0.27,0.18762608,0.08237393
0.34,0.26504874,0.07495126
0.32,0.33253706,-0.012537062
0.41,0.32212242,0.08787757
0.62,0.40303499,0.21696502
0.49,0.60013366,-0.11013365
0.6,0.48397347,0.11602655
0.69,0.5783299,0.11167008
0.85,0.6733527,0.1766473
0.94,0.8214104,0.11858958
0.92,0.89750826,0.022491753
0.96,0.86881626,0.09118372
0.98,0.9200375,0.05996251
0.98,0.9373543,0.042645693
0.98,0.93145645,0.048543572
0.92,0.9249476,-0.0049476027
0.98,0.8506597,0.12934029
0.95,0.94229746,0.0077025294
0.89,0.89044845,-0.00044846535
0.97,0.82998073,0.1400193
0.96,0.92698586,0.03301412
0.91,0.8947569,0.015243113
0.87,0.8501415,0.01985848
0.94,0.81208766,0.12791234
0.94,0.89723265,0.042767346
0.89,0.8834908,0.006509185
0.82,0.82993436,-0.009934366
0.9,0.765056,0.13494396
0.82,0.86221945,-0.04221946
0.9,0.75791574,0.14208424
0.89,0.85545635,0.034543633
0.9,0.83132994,0.068670034
0.93,0.8453618,0.08463818
0.9,0.88200283,0.017997146
0.8,0.8444861,-0.044486105
0.9,0.7424362,0.1575638
0.85,0.8595822,-0.009582162
0.96,0.79327416,0.16672581
0.98,0.9225048,0.057495236
0.97,0.9219985,0.048001528
0.96,0.9135001,0.046499908
0.96,0.8979416,0.06205839
0.93,0.90985715,0.020142853
0.78,0.8640696,-0.08406961
0.78,0.71831703,0.06168294
0.96,0.7406671,0.21933287
0.98,0.9216552,0.05834484
0.98,0.92659783,0.053402185
0.97,0.934798,0.035202026
0.93,0.9100512,0.01994878
0.91,0.86468625,0.045313776
0.91,0.8628162,0.04718381
0.92,0.8610387,0.05896133
0.92,0.8648174,0.055182636
0.82,0.85764945,-0.037649453
0.87,0.75340915,0.11659086
0.8,0.83142686,-0.031426847
0.93,0.749653,0.18034703
0.96,0.88932896,0.07067102
0.69,0.89562774,-0.20562774
0.58,0.6142974,-0.034297407
0.48,0.56015635,-0.080156356
0.45,0.45323843,-0.0032384396
0.43,0.44133815,-0.011338145
0.38,0.42100075,-0.041000754
0.29,0.37021586,-0.08021587
0.22,0.28389612,-0.06389612
0.24,0.21563752,0.024362475
0.2,0.23261908,-0.032619074
0.09,0.19582732,-0.10582732
0.08,0.09881915,-0.018819153
0.12,0.07483023,0.04516977
0.14,0.11797611,0.022023894
0.15,0.1376076,0.012392402
0.13,0.14822505,-0.018225059
0.43,0.13400728,0.29599273
0.78,0.40301758,0.3769824
0.36,0.75613344,-0.39613342
0.27,0.3739963,-0.10399628
0.2,0.27385938,-0.07385938
0.11,0.22167397,-0.111673966
0.15,0.13174604,0.018253967
0.28,0.15839688,0.12160312
0.25,0.26701593,-0.017015934
0.2,0.2440348,-0.044034794
0.28,0.19899519,0.08100481
0.38,0.2768934,0.10310659
0.45,0.3708085,0.079191476
0.8,0.43535396,0.36464605
0.94,0.76356673,0.17643327
0.92,0.9047712,0.015228808
0.52,0.8639096,-0.34390962
0.47,0.475561,-0.005560994
0.43,0.46876222,-0.03876221
0.44,0.43269703,0.0073029697
0.44,0.43825755,0.0017424524
0.57,0.430432,0.139568
0.79,0.5493454,0.24065465
0.91,0.7597145,0.15028554
0.98,0.8700744,0.10992563
0.98,0.9416677,0.038332343
0.95,0.93310654,0.016893446
0.83,0.8887466,-0.058746636
0.77,0.77128744,-0.0012874603
0.78,0.73347163,0.04652834
0.71,0.7420894,-0.032089412
0.77,0.6753956,0.09460437
0.87,0.74353266,0.12646735
0.96,0.82579005,0.13420993
0.97,0.91134155,0.05865848
0.97,0.90741336,0.062586665
0.98,0.91995585,0.06004417
0.96,0.93522656,0.024773419
0.94,0.9126843,0.027315676
0.96,0.8844358,0.075564206
0.9,0.92157626,-0.021576285
0.93,0.8626585,0.06734151
0.97,0.8976338,0.07236624
0.94,0.9289284,0.011071622
0.89,0.87706995,0.012930036
0.85,0.8363832,0.0136168
0.89,0.80083585,0.08916414
0.85,0.85317373,-0.003173709
0.87,0.8059641,0.06403589
0.88,0.84305644,0.036943555
0.87,0.84605527,0.023944736
0.85,0.84119,0.008810043
0.84,0.8083919,0.031608045
0.83,0.79880893,0.031191051
0.77,0.78950393,-0.019503951
0.71,0.7209718,-0.010971844
0.68,0.67094696,0.0090530515
0.72,0.6492313,0.070768714
0.67,0.70070136,-0.03070134
0.64,0.63545,0.00454998
0.67,0.613031,0.056968987
0.79,0.64258313,0.14741689
0.76,0.78188753,-0.02188754
0.69,0.7149583,-0.024958313
0.68,0.65112555,0.028874457
0.64,0.6508535,-0.010853529
0.67,0.6130905,0.0569095
0.66,0.65291846,0.0070815682
0.67,0.63680387,0.03319615
0.58,0.6493267,-0.0693267
0.47,0.55171394,-0.081713945
0.7,0.46109,0.23890999
0.74,0.69952095,0.040479064
0.71,0.72186255,-0.011862576
0.8,0.67852247,0.121477544
0.76,0.7748271,-0.014827132
0.74,0.71330285,0.026697159
0.79,0.7066585,0.08334154
0.82,0.7715781,0.04842192
0.86,0.77824175,0.08175826
0.95,0.82464635,0.12535363
0.96,0.91192746,0.048072517
0.98,0.90418816,0.07581186
0.97,0.93690765,0.03309238
0.98,0.91652536,0.063474655
0.89,0.9251715,-0.03517151
0.85,0.82493985,0.025060177
0.66,0.8075739,-0.14757389
0.78,0.6073669,0.17263305
0.98,0.7654208,0.21457922
0.89,0.94790256,-0.057902575
0.87,0.81511533,0.054884672
0.9,0.8133136,0.08668637
0.72,0.8579459,-0.13794589
0.86,0.66449285,0.19550717
0.96,0.84179306,0.11820692
0.96,0.9123701,0.047629893
0.79,0.90700066,-0.11700064
0.85,0.7237884,0.12621164
0.64,0.81995857,-0.17995858
0.79,0.58620536,0.20379466
0.87,0.7759422,0.0940578
0.9,0.8218452,0.0781548
0.91,0.8425064,0.06749362
0.95,0.85890985,0.09109014
0.96,0.9037838,0.05621618
0.88,0.9083648,-0.028364778
0.85,0.81240404,0.037595987
0.87,0.8003558,0.06964421
0.92,0.8205048,0.09949523
0.89,0.86642265,0.023577332
0.92,0.8346791,0.08532089
0.88,0.86861384,0.011386156
0.92,0.82923007,0.09076995
0.82,0.8751215,-0.05512148
0.98,0.7542145,0.2257855
0.98,0.96641505,0.013584971
0.98,0.92698216,0.053017855
0.98,0.94795454,0.032045484
0.97,0.9264498,0.043550253
0.84,0.9021499,-0.062149942
0.58,0.74786043,-0.16786045
0.5,0.5207625,-0.020762503
0.4,0.48489985,-0.08489984
0.36,0.38178164,-0.021781623
0.81,0.34832683,0.46167317
0.98,0.7896774,0.19032264
0.93,0.93247175,-0.002471745
0.9,0.8584902,0.041509748
0.77,0.842777,-0.07277703
0.76,0.7193327,0.040667295
0.66,0.7305918,-0.07059175
0.43,0.6302314,-0.20023137
0.27,0.41191822,-0.14191821
0.2,0.2664886,-0.06648861
0.28,0.19898166,0.08101834
0.57,0.2751353,0.29486468
0.78,0.54760826,0.23239172
0.7,0.75640595,-0.05640596
0.65,0.6557319,-0.0057319403
0.6,0.61766875,-0.017668724
0.33,0.573861,-0.24386099
0.24,0.32481816,-0.08481817
0.2,0.24854238,-0.04854238
0.24,0.20809078,0.031909212
0.15,0.24215893,-0.09215893
0.21,0.1561885,0.05381149
0.34,0.20320454,0.13679546
0.35,0.32584417,0.024155825
0.3,0.34528968,-0.045289665
0.34,0.3024555,0.03754449
0.28,0.33605233,-0.056052327
0.32,0.283443,0.03655699
0.34,0.3169011,0.023098916
0.55,0.336136,0.213864
0.67,0.52753603,0.14246398
0.79,0.6473937,0.14260632
0.49,0.75815797,-0.26815796
0.26,0.46906018,-0.20906019
0.19,0.26274532,-0.07274532
0.11,0.19550504,-0.08550504
0.25,0.115634635,0.13436536
0.19,0.23957907,-0.04957907
0.19,0.19103724,-0.00103724
0.29,0.18887526,0.10112473
0.35,0.28177932,0.068220675
0.39,0.3468121,0.043187886
0.43,0.38258833,0.04741168
0.33,0.41608346,-0.08608344
0.41,0.3313298,0.0786702
0.43,0.39878827,0.031211734
0.33,0.42604953,-0.09604952
0.21,0.34384796,-0.13384797
0.44,0.21810064,0.22189936
0.62,0.42738402,0.19261599
0.47,0.59789634,-0.12789634
0.3,0.45372227,-0.15372226
0.28,0.30793658,-0.027936578
0.23,0.27663228,-0.046632275
0.26,0.22929847,0.030701518
0.43,0.24601594,0.18398407
0.28,0.40921596,-0.12921596
0.21,0.28696737,-0.07696737
0.23,0.20995854,0.020041466
0.17,0.22500272,-0.05500272
0.14,0.17716214,-0.03716214
0.22,0.14167981,0.07832019
0.24,0.21432161,0.025678381
0.35,0.24307686,0.10692313
0.27,0.34412563,-0.07412562
0.27,0.2829308,-0.012930781
0.31,0.27220327,0.037796736
0.46,0.31032574,0.14967427
0.45,0.44778165,0.0022183359
0.61,0.4476307,0.16236931
0.33,0.58353186,-0.25353184
0.42,0.33098054,0.08901945
0.47,0.40481663,0.06518337
0.5,0.45843646,0.04156354
0.68,0.4847663,0.1952337
0.75,0.65199983,0.09800017
0.56,0.7203269,-0.1603269
0.41,0.53459895,-0.12459895
0.54,0.40403253,0.1359675
0.73,0.5298573,0.20014274
0.93,0.69955707,0.23044294
0.9,0.89222634,0.007773638
0.65,0.84982693,-0.19982696
0.68,0.5965271,0.08347291
0.86,0.6595781,0.20042193
0.98,0.83357215,0.14642787
0.89,0.93799055,-0.04799056
0.43,0.8219689,-0.3919689
0.19,0.38265374,-0.19265375
0.32,0.19544092,0.124559075
0.38,0.3342952,0.045704782
0.3,0.37518683,-0.07518682
0.27,0.29767415,-0.027674139
0.2,0.26582462,-0.06582461
0.29,0.2040943,0.085905686
0.41,0.2785591,0.13144091
0.31,0.3965768,-0.08657679
0.16,0.31360075,-0.15360075
0.15,0.16786961,-0.017869607
0.24,0.15038916,0.08961083
0.26,0.2378951,0.02210489
0.1,0.25817043,-0.15817043
0.38,0.11401038,0.2659896
0.52,0.35994083,0.16005915
0.54,0.50747514,0.032524884
0.77,0.52803826,0.24196172
0.65,0.74432015,-0.09432018
0.65,0.6200454,0.029954553
0.82,0.6255219,0.1944781
0.66,0.79240334,-0.13240331
0.47,0.6203356,-0.15033558
0.49,0.44838098,0.041619033
0.57,0.48832104,0.08167896
0.53,0.55744135,-0.027441382
0.54,0.5117672,0.028232813
0.58,0.5172684,0.062731564
0.7,0.5588486,0.14115137
0.87,0.67717147,0.19282854
0.75,0.8308197,-0.080819726
0.61,0.6979474,-0.08794737
0.95,0.58138967,0.36861032
0.83,0.94165933,-0.11165935
0.93,0.7631346,0.16686541
0.93,0.88603663,0.043963373
0.94,0.8749893,0.06501073
0.96,0.8884003,0.07159966
0.94,0.90799665,0.032003343
0.95,0.8781792,0.071820796
0.97,0.8975873,0.07241273
0.93,0.9201052,0.009894788
0.95,0.8684437,0.08155626
0.96,0.89299,0.067009985
0.95,0.90943086,0.040569127
0.97,0.88298726,0.08701277
0.98,0.91755867,0.06244135
0.97,0.9215183,0.048481703
0.98,0.9072747,0.072725296
0.97,0.92729735,0.042702675
0.97,0.9138266,0.056173444
0.97,0.9138297,0.056170344
0.97,0.92414296,0.045857072
0.97,0.94301367,0.02698636
0.97,0.9173609,0.052639127
0.97,0.9054483,0.06455171
0.98,0.9093864,0.07061362
0.97,0.92135835,0.04864168
0.98,0.9185951,0.061404943
0.98,0.93830013,0.041699886
0.97,0.94328666,0.026713371
0.98,0.9579865,0.022013545
0.97,0.948231,0.021769047
0.97,0.9343561,0.035643935
0.97,0.9225286,0.047471404
0.98,0.8949512,0.085048795
0.98,0.9052124,0.07478762
0.98,0.9262428,0.05375719
0.97,0.91211927,0.05788076
0.97,0.9144664,0.055533648
0.97,0.95040154,0.019598484
0.97,0.9308692,0.039130807
0.97,0.9218081,0.048191905
0.97,0.91087246,0.05912757
0.97,0.9025781,0.06742191
0.97,0.9106003,0.059399724
0.98,0.9231665,0.056833506
0.98,0.90219855,0.077801466
0.97,0.9135803,0.05641973
0.97,0.91855764,0.051442385
0.97,0.9127822,0.057217836
0.97,0.9100499,0.059950113
0.97,0.91678476,0.053215265
0.97,0.9214308,0.048569202
0.97,0.90825236,0.06174767
0.97,0.9383317,0.031668305
0.97,0.93077564,0.039224386
0.97,0.9145044,0.05549562
0.98,0.91177607,0.06822395
0.98,0.9278867,0.052113295
0.98,0.91684604,0.06315398
0.98,0.8921429,0.08785713
0.98,0.92203736,0.057962656
0.98,0.9305922,0.04940784
0.98,0.9302293,0.049770713
0.98,0.9118192,0.0681808
0.98,0.91067207,0.06932795
0.98,0.9386468,0.041353226
0.98,0.93252635,0.04747367
0.98,0.92659664,0.053403378
0.98,0.92530584,0.054694176
0.98,0.9250692,0.054930806
0.98,0.92112815,0.058871865
0.98,0.9245862,0.055413842
0.98,0.9125782,0.067421794
0.98,0.921033,0.058966994
0.98,0.9298849,0.05011511
0.98,0.9327588,0.04724121
0.98,0.9326161,0.047383904
0.98,0.9334973,0.04650271
0.98,0.92104685,0.058953166
0.98,0.92603207,0.053967953
0.98,0.92724144,0.052758574
0.98,0.93512213,0.044877887
0.98,0.94255793,0.037442088
0.98,0.9343637,0.045636296
0.98,0.9270092,0.052990794
0.98,0.92021906,0.059780955
0.98,0.91504455,0.06495547
0.98,0.90449107,0.07550895
0.97,0.9085227,0.061477304
0.97,0.9058517,0.06414831
0.98,0.9026737,0.0773263
0.98,0.93082213,0.049177885
0.98,0.9132247,0.06677532
0.98,0.92676353,0.053236485
0.98,0.91763985,0.062360168
0.98,0.92904127,0.050958753
0.98,0.926671,0.05332899
0.97,0.919562,0.050438046
0.97,0.9137143,0.05628574
0.97,0.92061496,0.04938507
0.97,0.91401374,0.055986285
0.97,0.9041289,0.06587112
0.98,0.9066366,0.07336342
0.98,0.92921996,0.050780058
0.97,0.9295504,0.04044962
0.8,0.9071591,-0.10715908
0.61,0.70903337,-0.099033356
0.84,0.565945,0.27405494
0.87,0.8275199,0.04248011
0.98,0.8160914,0.1639086
0.95,0.9322232,0.017776787
0.95,0.8813467,0.068653286
0.91,0.8908795,0.019120514
0.97,0.8494482,0.120551825
0.98,0.9432851,0.03671491
0.91,0.93721616,-0.027216136
0.86,0.83234286,0.027657151
0.98,0.79993176,0.18006825
0.97,0.9568964,0.013103604
0.97,0.9041394,0.06586063
0.96,0.9039258,0.056074202
0.81,0.89603007,-0.086030066
0.87,0.74260306,0.12739694
0.97,0.8365716,0.13342845
0.98,0.9345014,0.04549861
0.98,0.9390787,0.04092133
0.98,0.9499068,0.030093193
0.98,0.93837667,0.041623354
0.97,0.92468035,0.045319676
0.97,0.905589,0.064411044
0.97,0.9172796,0.052720428
0.97,0.9279034,0.042096615
0.97,0.922719,0.047281027
0.97,0.9084612,0.061538815
0.97,0.8987031,0.07129693
0.97,0.9028417,0.06715834
0.92,0.89629936,0.023700655
0.96,0.83930695,0.12069303
0.97,0.91033995,0.059660077
0.97,0.9101701,0.05982995
0.97,0.9125202,0.05747986
0.97,0.9170792,0.05292082
0.97,0.90974414,0.060255885
0.97,0.9197197,0.050280333
0.97,0.9237983,0.046201706
0.97,0.90929914,0.060700893
0.97,0.9079459,0.062054157
0.97,0.90865505,0.06134498
0.97,0.9053428,0.06465721
0.97,0.9145254,0.05547464
0.97,0.918797,0.051203012
0.97,0.9301964,0.039803624
0.97,0.9063667,0.06363332
0.97,0.9303614,0.03963864
0.97,0.8961941,0.07380593
0.97,0.91172194,0.058278084
0.97,0.91912436,0.050875664
0.97,0.9100821,0.059917927
0.97,0.9453106,0.024689436
0.97,0.93096745,0.03903258
0.97,0.90192246,0.068077564
0.97,0.9421797,0.027820349
0.97,0.90838635,0.06161368
0.97,0.90333915,0.06666088
0.9,0.90824175,-0.008241773
0.95,0.7938248,0.1561752
0.95,0.90282726,0.047172725
0.97,0.8912003,0.078799725
0.97,0.90243435,0.06756568
0.96,0.91848564,0.041514337
0.97,0.8876537,0.08234632
0.97,0.92277443,0.047225595
0.95,0.9021604,0.047839582
0.89,0.8700671,0.019932866
0.97,0.8163842,0.15361583
0.97,0.9338434,0.036156654
0.79,0.90167785,-0.111677825
0.54,0.7101984,-0.17019838
0.39,0.49172622,-0.101726234
0.32,0.37520534,-0.055205345
0.74,0.31170598,0.42829403
0.91,0.7310928,0.17890722
0.94,0.8626615,0.07733852
0.8,0.874537,-0.07453698
0.8,0.7323773,0.06762272
0.63,0.76714134,-0.13714135
0.88,0.5867505,0.2932495
0.75,0.8661041,-0.116104126
0.74,0.6830188,0.056981206
0.89,0.70768404,0.18231595
0.51,0.8553463,-0.34534633
0.54,0.45151868,0.08848134
0.65,0.53364336,0.11635661
0.89,0.63339233,0.25660765
0.96,0.8613107,0.09868926
0.91,0.91004086,-4.082918e-05
0.98,0.8505658,0.12943423
0.91,0.941926,-0.031925976
0.69,0.8372941,-0.1472941
0.4,0.62954247,-0.22954246
0.42,0.36937985,0.05062014
0.2,0.41665405,-0.21665405
0.42,0.19355074,0.22644925
0.43,0.41358235,0.016417652
0.38,0.41880703,-0.038807034
0.43,0.36541608,0.06458393
0.29,0.41528547,-0.12528548
0.21,0.28048772,-0.07048772
0.17,0.20533654,-0.03533654
0.15,0.17021956,-0.02021955
0.16,0.14761555,0.0123844445
0.17,0.15680188,0.013198122
0.15,0.1658645,-0.015864491
0.11,0.14597338,-0.035973385
0.13,0.10035671,0.029643282
0.12,0.12577726,-0.005777262
0.07,0.11648427,-0.04648427
0.03,0.06577304,-0.03577304
0.01,0.018917765,-0.008917766
0.01,0.0,0.01
0.01,0.0070025437,0.0029974561
0.01,0.0,0.01
0.01,0.0,0.01
0.01,0.0,0.01
0.01,0.0,0.01
0.01,0.007377371,0.0026226286
0.01,0.012747671,-0.0027476717
0.01,0.0054704826,0.004529517
0.01,0.0,0.01
0.01,0.0,0.01
0.01,0.0,0.01
0.01,0.0,0.01
0.01,0.0,0.01
0.01,0.0056314506,0.004368549
0.01,0.015175877,-0.0051758774
0.01,0.016473038,-0.0064730383
0.01,0.013284173,-0.003284173
0.01,0.036902234,-0.026902234
0.01,0.046068907,-0.03606891
0.01,0.0723868,-0.062386803
0.01,0.089022405,-0.07902241
0.01,0.07124056,-0.06124056
0.01,0.057089254,-0.047089256
0.01,0.03840892,-0.02840892
0.01,0.027942907,-0.017942907
0.01,0.005987566,0.004012434
0.01,0.019081868,-0.009081868
0.01,0.032667983,-0.022667984
0.01,0.0707065,-0.060706504
0.01,0.13463487,-0.12463487
0.01,0.10616858,-0.096168585
0.01,0.08968529,-0.07968529
0.01,0.050772365,-0.040772364
0.01,0.017563738,-0.007563738
0.01,0.012014411,-0.0020144116
0.01,0.0,0.01
0.04,0.0,0.04
0.16,0.022675712,0.13732429
0.14,0.11340503,0.026594974
0.17,0.117546834,0.052453168
0.17,0.1537349,0.01626511
0.14,0.16159242,-0.021592423
0.1,0.13368276,-0.033682756
0.06,0.09656781,-0.03656781
0.05,0.05519432,-0.0051943175
0.07,0.038616136,0.031383865
0.14,0.06262197,0.07737803
0.13,0.13816005,-0.008160055
0.08,0.13247776,-0.052477762
0.06,0.08256558,-0.022565585
0.04,0.05762099,-0.017620992
0.06,0.038966503,0.021033496
0.11,0.054385077,0.055614922
0.1,0.10747873,-0.007478729
0.16,0.09789519,0.062104806
0.33,0.15175234,0.17824768
0.38,0.32338616,0.056613833
0.3,0.37854162,-0.07854161
0.51,0.2999376,0.21006238
0.6,0.49718186,0.10281816
0.35,0.5864663,-0.23646632
0.24,0.34010518,-0.10010518
0.17,0.23689765,-0.066897646
0.18,0.17150688,0.008493125
0.15,0.17842335,-0.02842334
0.1,0.1434188,-0.043418802
0.06,0.09423195,-0.03423195
0.07,0.04800753,0.021992471
0.05,0.05863119,-0.008631188
0.02,0.048858713,-0.028858714
0.0,0.010658555,-0.010658555
0.01,0.0,0.01
0.01,0.0,0.01
0.01,0.0015804991,0.008419501
0.0,0.0042963475,-0.0042963475
0.01,0.009360433,0.00063956715
0.0,0.0030101351,-0.0030101351
0.01,0.0,0.01
0.0,0.0,0.0
0.01,0.0078544095,0.0021455903
0.0,0.0036934353,-0.0036934353
0.01,0.0055405125,0.0044594873
0.04,0.014401708,0.025598291
0.04,0.042973068,-0.0029730685
0.03,0.044162814,-0.014162814
0.05,0.030043498,0.019956503
0.05,0.048006598,0.0019934028
0.07,0.046649415,0.023350585
0.08,0.06669748,0.01330252
0.09,0.07859198,0.011408024
0.12,0.09002835,0.029971644
0.09,0.12244547,-0.032445468
0.01,0.0895772,-0.0795772
0.01,0.0,0.01
0.01,0.0,0.01
0.01,0.0,0.01
0.01,0.0,0.01
0.02,0.0,0.02
0.02,0.029920487,-0.009920487
0.01,0.028593175,-0.018593175
0.01,0.014647972,-0.004647972
0.02,0.010075457,0.009924542
0.02,0.0322041,-0.012204099
0.03,0.026883226,0.0031167734
0.02,0.040577117,-0.020577118
0.01,0.03483912,-0.02483912
0.04,0.008911295,0.031088704
0.04,0.028978512,0.011021487
0.01,0.03502104,-0.02502104
0.02,0.0030152202,0.01698478
0.01,0.015637789,-0.005637789
0.01,0.007292643,0.0027073566
0.0,0.0,0.0
0.01,0.0,0.01
0.0,0.0,0.0
0.01,0.0,0.01
0.01,0.0,0.01
0.01,0.0,0.01
0.01,0.0026365668,0.007363433
0.01,0.00376115,0.00623885
0.01,0.0021092966,0.007890703
0.01,0.009594569,0.0004054308
0.01,0.02684515,-0.01684515
0.02,0.037060995,-0.017060995
0.03,0.035809185,-0.005809186
0.01,0.04054627,-0.030546268
0.01,0.002482403,0.0075175967
0.01,0.0,0.01
0.01,0.0,0.01
0.1,0.006391788,0.093608215
0.23,0.10437016,0.12562984
0.22,0.23977292,-0.019772917
0.1,0.24186748,-0.14186749
0.15,0.12456676,0.025433242
0.18,0.15608172,0.023918286
0.19,0.18185192,0.008148074
0.35,0.18700291,0.16299708
0.38,0.3331473,0.046852708
0.9,0.37280595,0.527194
0.98,0.8705274,0.10947263
0.98,0.97177815,0.008221865
0.96,0.9411715,0.018828452
0.98,0.89515233,0.08484769
0.98,0.9611485,0.018851519
0.98,0.9405682,0.03943181
0.98,0.9339876,0.0460124
0.98,0.924808,0.055191994
0.98,0.9165962,0.063403845
0.98,0.9363512,0.04364884
0.98,0.9201727,0.059827328
0.98,0.91769075,0.062309265
0.98,0.9368484,0.043151617
0.98,0.91151595,0.06848407
0.97,0.9064492,0.06355083
0.97,0.896811,0.07318902
0.98,0.9142163,0.06578374
0.97,0.9154576,0.054542422
0.98,0.905787,0.07421303
0.98,0.93376505,0.046234965
0.98,0.92251956,0.057480454
0.98,0.9244075,0.055592537
0.97,0.9172982,0.05270183
0.97,0.9053148,0.064685225
0.92,0.9060247,0.013975322
0.92,0.8467747,0.07322532
0.93,0.86781955,0.06218046
0.86,0.8778024,-0.017802358
0.87,0.79461396,0.07538605
0.82,0.8257246,-0.005724609
0.77,0.76009166,0.0099083185
0.64,0.7240695,-0.08406949
0.64,0.59604955,0.04395044
0.64,0.6191448,0.020855188
0.63,0.6083691,0.021630883
0.57,0.5976939,-0.027693927
0.54,0.54598415,-0.0059841275
0.49,0.52207744,-0.03207743
0.46,0.4724772,-0.012477189
0.43,0.4478037,-0.017803699
0.43,0.41899937,0.011000633
0.42,0.42243788,-0.0024378896
0.45,0.40947285,0.040527135
0.42,0.44144616,-0.021446168
0.4,0.4127696,-0.01276958
0.35,0.39095634,-0.04095635
0.38,0.3405622,0.0394378
0.32,0.3724224,-0.052422404
0.3,0.31798488,-0.017984867
0.25,0.29735896,-0.04735896
0.19,0.24839413,-0.058394134
0.13,0.19161046,-0.06161046
0.13,0.12974809,0.00025190413
0.09,0.12965965,-0.03965965
0.07,0.09093438,-0.02093438
0.06,0.06673095,-0.0067309476
0.08,0.05561651,0.024383489
0.08,0.077384174,0.0026158243
0.06,0.08048008,-0.020480078
0.03,0.059546445,-0.029546445
0.04,0.03109653,0.00890347
0.05,0.033717576,0.016282424
0.04,0.049440194,-0.009440195
0.06,0.03881189,0.02118811
0.1,0.05998258,0.040017422
0.07,0.099216,-0.029215999
0.07,0.077197544,-0.007197544
0.07,0.07322176,-0.0032217577
0.05,0.06929027,-0.019290272
0.03,0.046694767,-0.016694767
0.02,0.024660029,-0.004660029
0.01,0.016664524,-0.006664524
0.01,0.008268438,0.0017315615
0.01,0.0019876119,0.008012388
0.01,0.0,0.01
0.01,0.0,0.01
0.01,0.0,0.01
0.01,0.00830112,0.0016988795
0.0,0.009534936,-0.009534936
0.01,0.012401365,-0.002401365
0.01,0.0030669905,0.0069330093
0.01,0.0,0.01
0.01,0.0,0.01
0.01,0.0,0.01
0.01,0.0019562636,0.008043736
0.01,0.0038697906,0.006130209
0.01,0.0044206344,0.0055793654
0.01,0.0030694827,0.006930517
0.01,0.001109656,0.008890344
0.01,0.003988795,0.006011205
0.02,0.012194257,0.0078057423
0.01,0.045285918,-0.03528592
0.02,0.03013017,-0.010130171
0.02,0.027864901,-0.007864902
0.01,0.024107754,-0.014107754
0.03,0.008436749,0.02156325
0.02,0.03540565,-0.015405651
0.04,0.02658122,0.013418779
0.03,0.04317418,-0.013174182
0.01,0.0362851,-0.026285099
0.0,0.0094174,-0.0094174
0.01,0.0,0.01
0.01,0.007552836,0.0024471637
0.05,0.0087408945,0.041259106
0.08,0.05097445,0.029025547
0.05,0.08931737,-0.039317366
0.05,0.059393495,-0.009393495
0.08,0.05166946,0.028330538
0.08,0.074677125,0.0053228736
0.12,0.079300046,0.04069995
0.13,0.12012274,0.009877257
0.1,0.13429739,-0.034297384
0.06,0.10859427,-0.04859427
0.07,0.057544984,0.012455016
0.02,0.065754205,-0.045754205
0.01,0.01860414,-0.008604141
0.02,0.0,0.02
0.11,0.014099842,0.095900156
0.08,0.110268556,-0.030268557
0.01,0.09395543,-0.08395543
0.01,0.004037358,0.005962642
0.01,0.0,0.01
0.01,0.0,0.01
0.01,0.0,0.01
0.01,0.0,0.01
0.01,0.0013810731,0.008618927
0.01,0.010652216,-0.0006522164
0.0,0.013501059,-0.013501059
0.01,0.0076109264,0.0023890734
0.01,0.029848194,-0.019848194
0.01,0.029552868,-0.019552868
0.01,0.012191175,-0.0021911748
0.0,0.014101904,-0.014101904
0.01,0.0019311439,0.008068856
0.0,0.006405819,-0.006405819
0.01,0.0,0.01
0.01,0.0,0.01
0.01,0.0,0.01
0.01,9.119883e-05,0.009908801
0.01,0.0,0.01
0.01,0.0,0.01
0.01,0.0007073842,0.009292616
0.01,0.0,0.01
0.01,0.0015702583,0.0084297415
0.01,0.0034902617,0.006509738
0.01,0.00836014,0.0016398598
0.0,0.012189679,-0.012189679
0.01,0.008624658,0.0013753418
0.0,0.017352413,-0.017352413
0.01,0.02697239,-0.016972391
0.01,0.024520498,-0.014520498
0.02,0.022663612,-0.0026636124
0.01,0.030406933,-0.020406934
0.0,0.0136854965,-0.0136854965
0.01,0.0020655897,0.00793441
0.0,0.0,0.0
0.01,0.0,0.01
0.0,0.0015952885,-0.0015952885
0.01,0.0,0.01
0.01,0.0,0.01
0.01,0.0,0.01
0.01,0.0,0.01
0.01,0.00040806457,0.009591935
0.01,0.0,0.01
0.01,0.0,0.01
0.01,0.0,0.01
0.01,0.0,0.01
0.01,0.0,0.01
0.01,0.0,0.01
0.01,0.0,0.01
0.01,0.00032180175,0.009678198
0.01,0.00091210194,0.009087898
0.01,0.0,0.01
0.01,0.00011325441,0.009886745
0.01,0.0053694807,0.004630519
0.01,0.007821469,0.0021785311
0.01,0.0049165413,0.0050834585
0.01,0.005246222,0.0047537778
0.01,0.0060170516,0.003982948
0.01,0.008831298,0.0011687018
0.01,0.006764043,0.0032359567
0.01,0.01863148,-0.008631481
0.03,0.03570471,-0.0057047103
0.04,0.049373336,-0.009373337
0.06,0.058638856,0.0013611428
0.06,0.074286364,-0.014286365
0.1,0.07257114,0.027428858
0.17,0.106841914,0.06315809
0.25,0.17526796,0.074732035
0.2,0.2528757,-0.052875683
0.29,0.21471603,0.07528396
0.22,0.2844106,-0.0644106
0.3,0.23025987,0.06974015
0.34,0.292425,0.047574997
0.34,0.3366256,0.0033743978
0.36,0.34168014,0.018319875
0.27,0.35613605,-0.08613604
0.33,0.27088127,0.059118748
0.47,0.32505134,0.14494866
0.49,0.4548091,0.03519091
0.63,0.47973147,0.15026852
0.63,0.605585,0.024415016
0.63,0.6073874,0.022612572
0.68,0.60614455,0.07385546
0.73,0.653502,0.07649803
0.76,0.7013551,0.05864489
0.75,0.7292665,0.020733476
0.82,0.7151998,0.104800165
0.95,0.7838249,0.16617507
0.95,0.9197899,0.030210078
0.9,0.89005864,0.0099413395
0.94,0.8474443,0.0925557
0.9,0.8922852,0.0077147484
0.77,0.8471807,-0.07718074
0.79,0.7144791,0.07552093
0.56,0.75650835,-0.19650835
0.68,0.5179286,0.1620714
0.77,0.6691134,0.10088658
0.63,0.7363845,-0.106384516
0.6,0.5822098,0.017790198
0.55,0.5745082,-0.024508178
0.59,0.52586734,0.06413263
0.5,0.5712923,-0.07129228
0.62,0.47876236,0.14123765
0.66,0.599059,0.06094104
0.44,0.63393354,-0.19393355
0.43,0.41722867,0.012771338
0.36,0.41970965,-0.05970964
0.34,0.3544142,-0.014414191
0.37,0.33698228,0.033017725
0.34,0.36234686,-0.022346854
0.38,0.3328723,0.047127694
0.38,0.36809006,0.011909932
0.38,0.37106457,0.008935422
0.39,0.37059963,0.019400358
0.41,0.3814061,0.028593898
0.5,0.40372643,0.09627357
0.47,0.48421973,-0.014219731
0.41,0.45661655,-0.046616554
0.43,0.39922222,0.030777782
0.42,0.42472446,-0.0047244728
0.45,0.4154369,0.034563094
0.47,0.4407771,0.029222906
0.47,0.45928338,0.010716617
0.46,0.46016568,-0.00016567111
0.45,0.45033327,-0.00033327937
0.48,0.4389246,0.04107538
0.49,0.46617597,0.023824036
0.58,0.47782692,0.10217306
0.69,0.5574633,0.13253671
0.63,0.6659703,-0.03597033
0.67,0.6002594,0.06974059
0.67,0.6445488,0.025451243
0.72,0.6421739,0.07782614
0.8,0.6932688,0.106731236
0.88,0.76618147,0.113818526
0.84,0.8414813,-0.0014813542
0.9,0.78527987,0.114720106
0.92,0.8594414,0.060558617
0.97,0.8689916,0.101008415
0.97,0.9160031,0.05399692
0.85,0.91086483,-0.060864806
0.74,0.78733206,-0.04733205
0.64,0.69615257,-0.056152582
0.47,0.6044512,-0.13445118
0.32,0.44631425,-0.12631425
0.32,0.3083832,0.011616796
0.31,0.31790027,-0.007900268
0.35,0.30346856,0.04653144
0.32,0.33782387,-0.017823875
0.29,0.31043,-0.020429999
0.18,0.28399768,-0.10399768
0.22,0.1772494,0.042750597
0.18,0.21463092,-0.03463091
0.23,0.17744674,0.052553266
0.28,0.22375384,0.05624616
0.2,0.27412522,-0.074125215
0.16,0.20346388,-0.043463886
0.13,0.16145605,-0.031456053
0.14,0.1329234,0.007076606
0.15,0.14016405,0.0098359585
0.22,0.15270321,0.06729679
0.28,0.21547762,0.064522386
0.27,0.27233988,-0.0023398697
0.26,0.26689112,-0.0068911314
0.28,0.25624168,0.023758322
0.3,0.2746752,0.025324821
0.32,0.29525265,0.024747342
0.41,0.3174071,0.092592895
0.29,0.4031205,-0.113120496
0.23,0.29171225,-0.06171225
0.12,0.2285372,-0.108537205
0.12,0.12944779,-0.009447791
0.11,0.11620945,-0.006209448
0.12,0.11066149,0.009338506
0.25,0.12078814,0.12921186
0.25,0.23666756,0.013332441
0.21,0.25017217,-0.040172175
0.13,0.2121582,-0.08215821
0.18,0.13889787,0.04110214
0.18,0.17745659,0.0025434196
0.19,0.1797378,0.010262191
0.24,0.18954626,0.050453737
0.29,0.23928453,0.05071546
0.28,0.29114282,-0.01114282
0.26,0.28263804,-0.022638053
0.22,0.26273847,-0.042738467
0.22,0.22422624,-0.0042262375
0.19,0.2272557,-0.037255704
0.13,0.19633362,-0.06633362
0.14,0.13427655,0.0057234466
0.16,0.13624723,0.023752764
0.14,0.15834855,-0.018348545
0.12,0.14225297,-0.02225297
0.14,0.12644944,0.013550565
0.21,0.13961738,0.07038261
0.22,0.2030559,0.016944095
0.31,0.21848047,0.091519535
0.36,0.3020089,0.057991117
0.32,0.36302632,-0.043026328
0.2,0.32363948,-0.12363948
0.27,0.21485701,0.055143
0.24,0.2594538,-0.019453809
0.22,0.23630571,-0.016305715
0.18,0.21736935,-0.03736934
0.21,0.18236247,0.027637526
0.17,0.21214542,-0.042145416
0.11,0.18513685,-0.075136855
0.1,0.11796309,-0.017963089
0.09,0.09266528,-0.0026652738
0.08,0.080344155,-0.00034415722
0.16,0.076974116,0.08302588
0.19,0.15391262,0.03608738
0.14,0.18890229,-0.048902288
0.15,0.14637837,0.0036216378
0.16,0.15454152,0.005458474
0.07,0.16547203,-0.09547203
0.1,0.07658818,0.023411818
0.09,0.094166264,-0.0041662604
0.08,0.09204468,-0.012044683
0.06,0.08214054,-0.022140544
0.04,0.06315871,-0.023158714
0.07,0.03964285,0.030357148
0.06,0.070077494,-0.010077495
0.05,0.061656028,-0.011656027
0.07,0.054055046,0.015944954
0.11,0.07138272,0.038617283
0.2,0.11119717,0.08880283
0.17,0.19909534,-0.029095337
0.26,0.17823295,0.08176704
0.29,0.25362128,0.03637871
0.2,0.28955203,-0.08955203
0.12,0.20667738,-0.08667738
0.1,0.12559526,-0.025595255
0.12,0.099470235,0.020529762
0.14,0.11972917,0.020270832
0.15,0.13686568,0.0131343305
0.17,0.15014315,0.019856855
0.16,0.16813934,-0.008139342
0.16,0.16400671,-0.0040067136
0.16,0.15854816,0.001451835
0.15,0.15892835,-0.008928344
0.18,0.14994073,0.030059278
0.2,0.17707402,0.022925988
0.23,0.19562757,0.034372434
0.24,0.22304471,0.016955286
0.18,0.23457196,-0.054571956
0.15,0.18119946,-0.031199455
0.17,0.15523192,0.014768079
0.17,0.16696928,0.0030307174
0.19,0.1684961,0.021503896
0.24,0.18711135,0.052888647
0.2,0.23418008,-0.034180075
0.27,0.2006727,0.06932731
0.25,0.2605158,-0.010515809
0.19,0.24771671,-0.057716712
0.21,0.18888943,0.021110564
0.23,0.20652482,0.023475185
0.34,0.22312385,0.116876155
0.45,0.32543507,0.124564916
0.58,0.43331632,0.14668366
0.6,0.5586163,0.041383743
0.54,0.5824771,-0.04247707
0.46,0.5224451,-0.062445074
0.47,0.44882396,0.02117604
0.39,0.4579108,-0.06791082
0.33,0.38221028,-0.05221027
0.28,0.32747725,-0.047477245
0.2,0.27735725,-0.07735725
0.22,0.2015228,0.018477201
0.24,0.21632275,0.023677245
0.2,0.240786,-0.040785998
0.36,0.20061174,0.15938827
0.6,0.3362945,0.26370552
0.56,0.5722487,-0.012248695
0.44,0.5404922,-0.10049218
0.45,0.43055543,0.019444555
0.52,0.44148794,0.07851204
0.46,0.5040621,-0.044062108
0.36,0.46013385,-0.100133836
0.32,0.35977423,-0.03977424
0.18,0.3203042,-0.14030418
0.21,0.18357818,0.026421815
0.18,0.20522173,-0.02522172
0.2,0.17662525,0.023374751
0.27,0.19352068,0.07647933
0.2,0.26543236,-0.065432355
0.1,0.20683493,-0.106834926
0.09,0.10648142,-0.016481414
0.09,0.08771311,0.002286896
0.21,0.086002685,0.12399731
0.31,0.20005356,0.109946445
0.28,0.30070886,-0.020708859
0.26,0.2806866,-0.020686597
0.28,0.25722045,0.022779554
0.25,0.28223905,-0.03223905
0.26,0.25524628,0.004753709
0.22,0.25422442,-0.03422442
0.19,0.22486663,-0.03486663
0.15,0.19098327,-0.04098326
0.15,0.14995107,4.8935413e-05
0.13,0.14722641,-0.017226413
0.17,0.13195091,0.038049087
0.16,0.1680285,-0.008028507
0.2,0.163611,0.03638901
0.24,0.19988838,0.040111616
0.43,0.23945686,0.19054314
0.4,0.41333917,-0.013339162
0.29,0.39244428,-0.10244429
0.24,0.2872003,-0.047200307
0.2,0.24326114,-0.04326114
0.18,0.19858234,-0.01858233
0.12,0.18324156,-0.063241564
0.11,0.118356474,-0.008356474
0.21,0.10413476,0.10586523
0.15,0.19839422,-0.048394218
0.12,0.16046095,-0.04046095
0.13,0.13407646,-0.004076466
0.19,0.13985285,0.050147146
0.21,0.18667766,0.023322329
0.2,0.20757243,-0.0075724274
0.21,0.1989203,0.011079699
0.24,0.2035363,0.036463693
0.28,0.2377404,0.042259604
0.3,0.28600535,0.013994664
0.17,0.3056451,-0.1356451
0.18,0.18526214,-0.0052621365
0.19,0.18138416,0.0086158365
0.24,0.18940264,0.050597355
0.21,0.22946316,-0.019463167
0.26,0.21006182,0.049938172
0.29,0.24854735,0.041452646
0.31,0.28106844,0.028931558
0.37,0.30659273,0.06340727
0.38,0.36698893,0.013011068
0.44,0.38044545,0.059554547
0.39,0.43580183,-0.04580185
0.33,0.39915565,-0.06915563
0.38,0.33834964,0.041650355
0.25,0.37069836,-0.12069836
0.23,0.24526556,-0.015265554
0.27,0.22810537,0.041894644
0.3,0.26611787,0.03388214
0.34,0.29257885,0.047421157
0.42,0.3463566,0.07364339
0.44,0.4057955,0.034204483
0.33,0.43237785,-0.10237783
0.4,0.33119628,0.06880373
0.49,0.3895805,0.10041952
0.38,0.471126,-0.091125995
0.15,0.37723786,-0.22723785
0.08,0.15809922,-0.07809922
0.03,0.07949056,-0.049490556
0.01,0.020027056,-0.010027057
0.01,0.0,0.01
0.01,0.00085473247,0.009145267
0.01,0.007838814,0.0021611862
0.07,0.015066007,0.054933995
0.07,0.073233575,-0.0032335743
0.09,0.07867717,0.011322834
0.11,0.09598488,0.014015116
0.11,0.11846101,-0.008461013
0.07,0.11925343,-0.049253426
0.09,0.07543439,0.014565617
0.09,0.09429017,-0.0042901635
0.06,0.09273507,-0.03273507
0.06,0.060103476,-0.00010347739
0.04,0.054723267,-0.014723267
0.01,0.033859693,-0.023859693
0.01,0.0,0.01
0.01,0.0,0.01
0.01,0.0,0.01
0.01,0.0,0.01
0.01,0.0,0.01
0.01,0.0,0.01
0.01,0.0,0.01
0.01,0.0,0.01
0.01,0.0,0.01
0.01,0.0,0.01
0.01,6.297231e-05,0.0099370275
0.01,0.0024857186,0.007514281
0.01,0.0030686557,0.006931344
0.01,0.001392737,0.008607263
0.01,0.0029474385,0.0070525613
0.01,0.014590483,-0.0045904834
0.01,0.012557395,-0.002557395
0.01,0.010289611,-0.00028961152
0.01,0.029845947,-0.019845948
0.04,0.027455559,0.01254444
0.05,0.053660452,-0.0036604516
0.04,0.061209425,-0.021209426
0.04,0.04949708,-0.00949708
0.07,0.044672735,0.025327265
0.09,0.06870709,0.02129291
0.14,0.09127688,0.048723124
0.22,0.1424405,0.0775595
0.33,0.21616662,0.1138334
0.74,0.32155663,0.41844338
0.55,0.70503175,-0.15503174
0.62,0.53959525,0.08040476
0.49,0.5990565,-0.10905647
0.7,0.48162088,0.21837911
0.49,0.6790556,-0.18905556
0.64,0.4708353,0.16916469
0.74,0.62750936,0.112490654
0.71,0.71532273,-0.0053227544
0.63,0.67510176,-0.04510176
0.6,0.5953373,0.004662752
0.5,0.5783975,-0.07839751
0.54,0.48173717,0.058262855
0.63,0.52326775,0.10673225
0.8,0.61206734,0.18793267
0.57,0.7704555,-0.20045549
0.53,0.524088,0.0059119463
0.68,0.51903045,0.16096956
0.73,0.66150093,0.06849909
0.7,0.6950555,0.0049445033
0.68,0.66718256,0.012817442
0.43,0.64668775,-0.21668774
0.43,0.4026761,0.027323902
0.35,0.42718664,-0.077186644
0.33,0.3376785,-0.007678479
0.34,0.32223347,0.017766535
0.33,0.33346602,-0.00346601
0.39,0.32003716,0.06996283
0.37,0.3780292,-0.008029193
0.34,0.35883778,-0.01883778
0.31,0.3313781,-0.0213781
0.36,0.30699202,0.05300799
0.37,0.352631,0.017369002
0.4,0.35978717,0.04021284
0.47,0.39229646,0.077703536
0.6,0.4586732,0.14132681
0.71,0.57725346,0.13274652
0.77,0.6775614,0.09243858
0.82,0.73513174,0.08486825
0.94,0.7814826,0.15851742
0.98,0.9005183,0.07948172
0.96,0.92700946,0.032990515
0.52,0.9038687,-0.3838687
0.1,0.45999083,-0.35999084
0.2,0.08598535,0.114014655
0.31,0.21196759,0.098032415
0.37,0.31239596,0.057604045
0.36,0.3627776,-0.0027775764
0.32,0.34949443,-0.029494435
0.34,0.3093156,0.030684412
0.4,0.32655373,0.073446274
0.36,0.38339606,-0.023396045
0.32,0.35050547,-0.030505478
0.29,0.31439772,-0.02439773
0.27,0.2877576,-0.017757595
0.27,0.26935327,0.0006467402
0.28,0.26669407,0.013305932
0.33,0.2753258,0.05467421
0.39,0.3196695,0.07033047
0.41,0.376794,0.033205986
0.39,0.40361872,-0.013618737
0.45,0.38505542,0.064944565
0.41,0.43745252,-0.027452528
0.32,0.40064824,-0.08064824
0.18,0.32008758,-0.14008757
0.15,0.18501234,-0.035012335
0.15,0.15190482,-0.0019048154
0.12,0.14992258,-0.029922582
0.13,0.11981563,0.0101843625
0.12,0.12799734,-0.007997341
0.15,0.12088498,0.029115029
0.23,0.14661999,0.08338001
0.21,0.22040102,-0.010401025
0.19,0.21021675,-0.020216748
0.15,0.19251436,-0.042514354
0.12,0.15314624,-0.03314624
0.1,0.122595444,-0.022595443
0.09,0.098827295,-0.008827291
0.11,0.08829083,0.021709166
0.11,0.10776359,0.002236411
0.08,0.1094041,-0.029404104
0.05,0.080464706,-0.030464705
0.02,0.048951007,-0.028951008
0.02,0.01328999,0.0067100096
0.01,0.01327043,-0.0032704305
0.01,0.0048052818,0.005194718
0.01,0.006061461,0.003938539
0.01,0.0,0.01
0.01,0.0,0.01
0.01,0.0,0.01
0.01,0.0048345774,0.0051654223
0.01,0.0055026487,0.004497351
0.01,0.0,0.01
0.01,0.0006300621,0.009369938
0.01,0.0061798953,0.0038201045
0.01,0.0,0.01
0.01,0.0,0.01
0.01,0.008598588,0.0014014114
0.01,0.0008267984,0.009173201
0.01,0.0074394643,0.0025605354
0.01,0.009078195,0.00092180446
0.01,0.00923188,0.00076811947
0.01,0.011736359,-0.0017363597
0.01,0.0033118464,0.0066881534
0.01,0.0,0.01
0.0,0.00407283,-0.00407283
0.01,0.0,0.01
0.0,0.007318344,-0.007318344
0.01,0.008437166,0.0015628338
0.0,0.015885435,-0.015885435
0.01,0.009675287,0.00032471307
0.01,0.0046798997,0.0053201
0.01,0.0,0.01
0.01,0.0,0.01
0.01,0.0,0.01
0.01,0.0,0.01
0.01,0.0,0.01
0.01,0.004958514,0.0050414857
0.01,0.027759189,-0.017759189
0.02,0.039379112,-0.019379113
0.02,0.048939828,-0.028939828
0.02,0.04072625,-0.020726249
0.02,0.03237862,-0.012378622
0.04,0.027386695,0.012613304
0.05,0.048495963,0.0015040375
0.04,0.056037847,-0.016037848
0.03,0.044899154,-0.014899155
0.02,0.0346606,-0.014660601
0.01,0.027794965,-0.017794965
0.0,0.010057304,-0.010057304
0.01,0.0,0.01
0.0,0.0,0.0
0.01,0.0,0.01
0.0,0.0,0.0
0.01,0.0046413466,0.005358653
0.0,0.004360717,-0.004360717
0.01,0.0051891133,0.0048108865
0.01,0.0,0.01
0.01,0.0,0.01
0.01,0.0,0.01
0.01,0.0019044615,0.008095538
0.01,0.00061063096,0.009389369
0.01,0.005728675,0.0042713247
0.03,0.020877764,0.009122236
0.04,0.05276093,-0.01276093
0.04,0.065413885,-0.025413886
0.02,0.05813471,-0.03813471
0.02,0.019976374,2.3625791e-05
0.02,0.014247358,0.0057526417
0.04,0.012768514,0.027231485
0.06,0.03492303,0.02507697
0.08,0.06207474,0.017925259
0.08,0.08770077,-0.007700771
0.09,0.086384036,0.003615968
0.07,0.103059724,-0.033059724
0.06,0.076557085,-0.016557086
0.06,0.064165175,-0.0041651763
0.08,0.057129405,0.022870593
0.08,0.081427425,-0.0014274269
0.08,0.086988464,-0.006988466
0.06,0.08031636,-0.020316359
0.05,0.05598869,-0.005988691
0.08,0.045985837,0.03401416
0.11,0.08098429,0.029015712
0.12,0.110606655,0.009393342
0.15,0.12128341,0.028716594
0.13,0.14965622,-0.019656226
0.12,0.1344859,-0.014485903
0.1,0.12664889,-0.026648887
0.13,0.102063194,0.027936801
0.12,0.12697619,-0.0069761947
0.15,0.12553184,0.024468169
0.15,0.14967912,0.0003208816
0.18,0.15260586,0.027394146
0.18,0.17968696,0.0003130436
0.21,0.17721123,0.03278877
0.25,0.20256272,0.04743728
0.44,0.24696425,0.19303575
0.42,0.42037025,-0.00037026405
0.38,0.41527,-0.035270005
0.39,0.37054837,0.019451618
0.39,0.3869395,0.00306049
0.46,0.38486585,0.07513416
0.54,0.45064205,0.08935797
0.45,0.5310744,-0.08107442
0.24,0.4388813,-0.19888131
0.15,0.24329884,-0.09329884
0.13,0.15641753,-0.026417539
0.25,0.13556069,0.11443931
0.26,0.24051121,0.019488782
0.36,0.25556248,0.10443753
0.59,0.34387735,0.24612263
0.49,0.5664152,-0.07641518
0.46,0.48496222,-0.024962217
0.34,0.45518646,-0.11518645
0.29,0.34451488,-0.054514885
0.29,0.2940969,-0.0040968955
0.09,0.2847373,-0.19473729
0.31,0.09150778,0.21849222
0.93,0.29172435,0.6382756
0.77,0.88611925,-0.116119266
0.64,0.72759414,-0.08759415
0.47,0.60237825,-0.13237825
0.83,0.45596567,0.37403432
0.8,0.816682,-0.01668197
0.84,0.7896825,0.050317466
0.98,0.817678,0.16232204
0.98,0.9638293,0.01617074
0.98,0.9478195,0.032180548
0.98,0.93734956,0.04265046
0.98,0.9306104,0.0493896
0.98,0.93535864,0.044641376
0.97,0.9049301,0.065069914
0.88,0.9066247,-0.02662468
0.65,0.81043255,-0.16043258
0.57,0.5857749,-0.015774906
0.75,0.5520346,0.19796538
0.97,0.7271638,0.24283624
0.98,0.9211489,0.058851123
0.98,0.9123063,0.06769371
0.98,0.92526054,0.054739475
0.98,0.9205061,0.0594939
0.92,0.9162097,0.003790319
0.93,0.84686863,0.08313137
0.94,0.875201,0.06479901
0.82,0.88485086,-0.06485087
0.83,0.7556089,0.07439107
0.81,0.79058003,0.019419968
0.94,0.76481473,0.17518526
0.97,0.90372944,0.06627059
0.97,0.91054106,0.05945897
0.98,0.92257524,0.057424784
0.97,0.9335916,0.036408424
0.97,0.9104339,0.05956614
0.98,0.9178742,0.062125802
0.98,0.94261193,0.037388086
0.98,0.9377427,0.04225731
0.98,0.92685163,0.05314839
0.98,0.9472475,0.032752514
0.97,0.9282341,0.04176593
0.92,0.91039085,0.009609163
0.92,0.8577086,0.062291443
0.98,0.8857652,0.094234824
0.97,0.9264264,0.043573618
0.97,0.904389,0.065611005
0.98,0.930102,0.04989803
0.97,0.93954253,0.030457497
0.93,0.90054154,0.029458463
0.86,0.8821454,-0.02214539
0.78,0.810585,-0.03058505
0.96,0.74037814,0.21962184
0.98,0.9508182,0.029181838
0.97,0.93498015,0.035019875
0.98,0.9089501,0.07104993
0.98,0.9298314,0.050168633
0.98,0.9426204,0.037379622
0.98,0.9472623,0.032737732
0.97,0.9344239,0.035576105
0.96,0.9134289,0.046571076
0.97,0.89215314,0.077846885
0.97,0.9272884,0.042711616
0.98,0.91625834,0.063741684
0.98,0.9246191,0.05538094
0.98,0.90809035,0.071909666
0.96,0.92586124,0.03413874
0.97,0.8908253,0.07917476
0.95,0.91441464,0.035585344
0.98,0.8780469,0.10195315
0.97,0.94081223,0.029187799
0.97,0.90580416,0.06419587
0.96,0.9123595,0.047640502
0.97,0.89646685,0.07353318
0.97,0.90990996,0.060090065
0.97,0.9318216,0.038178444
0.97,0.9228406,0.047159433
0.97,0.9173895,0.052610517
0.97,0.9131887,0.056811333
0.97,0.92557275,0.044427276
0.97,0.9061705,0.06382954
0.97,0.928179,0.041821003
0.97,0.90173376,0.06826627
0.95,0.8983004,0.05169958
0.96,0.883281,0.076718986
0.96,0.91041934,0.049580634
0.97,0.9025732,0.0674268
0.97,0.9215739,0.04842615
0.97,0.9249635,0.045036554
0.98,0.9078846,0.07211542
0.97,0.9218632,0.04813683
0.97,0.9033649,0.06663513
0.97,0.8965725,0.07342756
0.97,0.91299486,0.057005167
0.97,0.9123188,0.057681203
0.97,0.8984208,0.07157922
0.97,0.9199431,0.050056934
0.97,0.92023015,0.04976988
0.97,0.8996682,0.07033181
0.97,0.92972815,0.04027188
0.97,0.91586626,0.054133773
0.97,0.9103075,0.059692502
0.97,0.9047841,0.065215945
0.97,0.9062953,0.06370473
0.97,0.9142231,0.055776954
0.92,0.90096176,0.01903826
0.85,0.84670556,0.003294468
0.88,0.78359556,0.09640443
0.76,0.83208895,-0.07208896
0.65,0.6964723,-0.04647231
0.6,0.6142335,-0.01423347
0.76,0.5691563,0.1908437
0.37,0.74262,-0.37262
0.7,0.32652274,0.37347725
0.73,0.68513775,0.04486227
0.81,0.6934283,0.116571724
0.7,0.7689544,-0.06895441
0.33,0.65048254,-0.32048252
0.49,0.30748722,0.18251279
0.38,0.48796913,-0.107969135
0.2,0.3757771,-0.1757771
0.1,0.2043412,-0.1043412
0.25,0.10402006,0.14597994
0.16,0.24258307,-0.08258307
0.3,0.1651172,0.13488281
0.17,0.28783157,-0.11783157
0.01,0.17734113,-0.16734113
0.01,0.0024493765,0.0075506233
0.08,0.0,0.08
0.01,0.07384238,-0.06384238
0.01,0.01700972,-0.0070097204
0.01,0.0,0.01
0.01,0.0,0.01
0.01,0.0,0.01
0.0,0.0021657906,-0.0021657906
0.01,0.0,0.01
0.01,0.017346004,-0.0073460042
0.01,0.03207913,-0.02207913
0.01,0.027447259,-0.01744726
0.01,0.02445301,-0.014453011
0.01,0.023873126,-0.013873126
0.05,0.021588055,0.028411945
0.03,0.0628542,-0.0328542
0.01,0.03253532,-0.022535319
0.01,0.0,0.01
0.01,0.0,0.01
0.01,0.0,0.01
0.01,0.0,0.01
0.04,0.0077608023,0.0322392
0.06,0.06412345,-0.004123453
0.04,0.08251879,-0.042518795
0.01,0.056535937,-0.04653594
0.0,0.020506505,-0.020506505
0.01,0.0,0.01
0.01,0.0,0.01
0.01,0.0,0.01
0.01,0.0,0.01
0.01,0.0,0.01
0.01,0.0,0.01
0.01,0.0,0.01
0.01,0.00833839,0.0016616099
0.01,0.0,0.01
0.01,0.0,0.01
0.01,0.0,0.01
0.01,0.0,0.01
0.01,0.0,0.01
0.01,0.001276236,0.008723764
0.01,0.0046395883,0.0053604115
0.01,0.012997773,-0.0029977728
0.01,0.005200036,0.004799964
0.01,0.00216458,0.00783542
0.01,0.0,0.01
0.01,0.0,0.01
0.01,0.0015869848,0.008413015
0.01,0.0030083694,0.0069916304
0.01,0.0047111884,0.0052888114
0.01,0.008417219,0.0015827809
0.01,0.006396305,0.003603695
0.01,0.006779656,0.003220344
0.01,0.0,0.01
0.01,0.0,0.01
0.01,0.0030300599,0.00696994
0.01,0.0058069676,0.004193032
0.01,0.012704251,-0.0027042516
0.01,0.010310043,-0.00031004287
0.01,0.0047377218,0.005262278
0.01,0.011901708,-0.0019017085
0.01,0.007341111,0.0026588887
0.01,0.005574066,0.0044259336
0.01,0.0055857413,0.0044142585
0.01,0.0042813756,0.005718624
0.01,0.0,0.01
0.01,0.0,0.01
0.01,0.0,0.01
0.01,0.0,0.01
0.01,0.0,0.01
0.01,0.00022892468,0.009771075
0.01,0.0019304212,0.008069579
0.01,0.005061906,0.004938094
0.01,0.0033900123,0.0066099875
0.01,0.008388348,0.0016116519
0.01,0.009716511,0.000283489
0.01,0.008807186,0.0011928137
0.01,0.009910788,8.921139e-05
0.01,0.004641019,0.005358981
0.01,0.0020395555,0.007960444
0.01,0.005844768,0.0041552316
0.01,0.0076856315,0.0023143683
0.01,0.0028133355,0.0071866643
0.01,0.0034618676,0.006538132
0.01,0.00011470541,0.009885294
0.01,0.0038654767,0.006134523
0.01,0.0030428357,0.006957164
0.01,0.0021346621,0.007865338
0.01,0.004550427,0.0054495726
0.01,0.0019251853,0.008074814
0.01,0.00081695616,0.009183044
0.01,0.0030364897,0.00696351
0.01,0.0,0.01
0.01,4.422106e-05,0.009955779
0.01,0.0,0.01
0.01,0.0,0.01
0.01,0.0018056296,0.00819437
0.01,0.0020516198,0.00794838
0.01,0.005032573,0.004967427
0.01,0.0010921322,0.008907868
0.01,0.00283717,0.00716283
0.01,0.0030660518,0.006933948
0.01,0.00796634,0.0020336602
0.01,0.0156868,-0.005686801
0.01,0.007825498,0.0021745022
0.01,0.009609394,0.000390606
0.0,0.011890352,-0.011890352
0.01,0.02448719,-0.01448719
0.01,0.009373313,0.00062668696
0.01,0.012536589,-0.0025365893
0.01,0.015384173,-0.0053841732
0.03,0.028811269,0.0011887308
0.04,0.041553743,-0.0015537441
0.02,0.055019073,-0.035019074
0.02,0.03259836,-0.012598362
0.02,0.026277667,-0.0062776674
0.03,0.024602761,0.005397238
0.02,0.03162905,-0.011629049
0.02,0.028847646,-0.008847646
0.02,0.022041231,-0.0020412318
0.01,0.031053266,-0.021053266
0.01,0.004382873,0.005617127
0.01,0.016456252,-0.006456252
0.01,0.02050443,-0.01050443
0.0,0.014819693,-0.014819693
0.01,0.0,0.01
0.01,0.0,0.01
0.01,0.0,0.01
0.01,0.0,0.01
0.01,0.0021804217,0.007819578
0.01,0.0,0.01
0.01,0.0,0.01
0.01,0.00079122186,0.009208778
0.01,0.003732603,0.0062673967
0.01,0.0018922538,0.008107746
0.01,0.0051303934,0.0048696063
0.01,0.002412403,0.007587597
0.01,0.005690472,0.0043095276
0.01,0.00036548637,0.009634513
0.01,0.0,0.01
0.01,0.0,0.01
0.01,0.002383085,0.007616915
0.01,0.009174272,0.00082572736
0.01,0.011814199,-0.0018141996
0.01,0.0,0.01
0.01,0.0,0.01
0.01,0.013227634,-0.0032276344
0.01,0.0108731985,-0.00087319873
0.01,0.0049833115,0.0050166883
0.01,0.010956202,-0.0009562019
0.01,0.01630586,-0.0063058604
0.01,0.0015506037,0.008449396
0.01,0.003540773,0.006459227
0.01,0.00019843876,0.009801561
0.01,0.0019168966,0.008083103
0.01,0.0023928024,0.0076071974
0.01,0.001256384,0.008743616
0.01,0.0030060038,0.006993996
0.01,0.008928012,0.0010719877
0.01,0.0076471567,0.002352843
0.01,0.010647958,-0.00064795837
0.01,0.011877948,-0.0018779486
0.01,0.015771607,-0.005771607
0.01,0.004137989,0.0058620106
0.01,0.0,0.01
0.01,0.0001252126,0.009874787
0.01,0.0012967773,0.0087032225
0.01,0.00428088,0.0057191197
0.01,0.009704085,0.0002959147
0.01,0.018024014,-0.0080240145
0.01,0.019238884,-0.009238884
0.01,0.02496472,-0.01496472
0.01,0.022040885,-0.012040885
0.01,0.007191416,0.002808584
0.01,0.0026809927,0.007319007
0.01,0.01027463,-0.00027463026
0.01,0.0053261034,0.0046738964
0.01,0.012712514,-0.0027125143
0.01,0.01485626,-0.0048562605
0.01,0.015007351,-0.005007351
0.01,0.00032550097,0.009674499
0.01,0.0,0.01
0.01,0.0,0.01
0.01,0.0,0.01
0.01,0.0012660436,0.008733956
0.01,0.012335245,-0.0023352448
0.01,0.016609808,-0.0066098087
0.01,0.0021924376,0.007807562
0.01,0.004106477,0.005893523
0.01,0.011857189,-0.0018571895
0.01,0.021467108,-0.0114671085
0.01,0.0,0.01
0.01,0.010491621,-0.000491621
0.01,0.03062899,-0.02062899
0.01,0.017216828,-0.007216828
0.01,0.0026467144,0.0073532853
0.01,0.0,0.01
0.01,0.0,0.01
0.01,0.0,0.01
0.01,0.0004039593,0.0095960405
0.01,0.0057920236,0.004207976
0.01,0.008216351,0.0017836485
0.01,0.0019580685,0.008041931
0.01,0.0054312516,0.004568748
0.01,0.0007399097,0.00926009
0.01,0.008893255,0.0011067446
0.01,0.007622987,0.0023770127
0.01,0.00997398,2.6020221e-05
0.01,0.014099451,-0.004099451
0.01,0.015272088,-0.0052720886
0.01,0.012094688,-0.002094688
0.01,0.010356085,-0.0003560856
0.01,0.01968283,-0.00968283
0.01,0.010443192,-0.0004431922
0.01,0.00024570525,0.0097542945
0.01,0.0006131269,0.009386873
0.01,0.0043122694,0.0056877304
0.01,0.003719218,0.0062807817
0.01,0.0028493293,0.0071506705
0.01,0.009304561,0.00069543906
0.01,0.012820372,-0.0028203726
0.01,0.009945814,5.418621e-05
0.01,0.009302843,0.0006971564
0.01,0.018157898,-0.008157898
0.01,0.014643058,-0.0046430584
0.01,0.0148442425,-0.0048442427
0.0,0.024910575,-0.024910575
0.01,0.005280301,0.004719699
0.0,0.024114886,-0.024114886
0.0,0.012796532,-0.012796532
0.01,0.0025954489,0.007404551
0.0,0.0,0.0
0.01,0.008149574,0.0018504262
0.02,0.017643457,0.0023565423
0.01,0.025579736,-0.015579736
0.01,0.014548708,-0.004548708
0.0,0.0036053006,-0.0036053006
0.01,0.0,0.01
0.01,0.0,0.01
0.04,0.0045356955,0.0354643
0.01,0.04920467,-0.039204672
0.05,0.02690097,0.023099031
0.27,0.058129195,0.21187082
0.26,0.26456273,-0.0045627356
0.19,0.27729782,-0.08729783
0.19,0.20706427,-0.017064273
0.16,0.19642293,-0.036422938
0.19,0.16880885,0.02119115
0.15,0.189228,-0.039227992
0.09,0.15626024,-0.06626023
0.12,0.09594489,0.024055108
0.14,0.1196744,0.020325601
0.12,0.13636918,-0.016369186
0.17,0.12104815,0.04895185
0.14,0.16647008,-0.02647008
0.14,0.13938531,0.0006146878
0.13,0.14042877,-0.010428771
0.09,0.13001648,-0.040016472
0.09,0.09267038,-0.0026703775
0.1,0.08928074,0.010719262
0.2,0.096879795,0.10312021
0.2,0.18843341,0.011566594
0.08,0.20284554,-0.122845545
0.01,0.08895165,-0.07895165
0.01,0.0,0.01
0.01,0.0,0.01
0.01,0.0,0.01
0.01,0.0,0.01
0.01,0.0017062798,0.00829372
0.01,0.0080088,0.0019911993
0.01,0.0037859417,0.006214058
0.01,0.0,0.01
0.01,0.005234357,0.004765643
0.01,0.012173973,-0.0021739732
0.0,0.018252144,-0.018252144
0.01,0.010355435,-0.00035543554
0.01,0.0055062547,0.004493745
0.02,0.010254487,0.009745512
0.01,0.022484642,-0.012484642
0.01,0.0,0.01
0.01,0.0,0.01
0.01,0.0,0.01
0.01,0.0,0.01
0.01,0.0032424647,0.006757535
0.0,0.0065643713,-0.0065643713
0.01,0.0076312665,0.0023687333
0.01,0.011157088,-0.0011570882
0.01,0.0045843646,0.005415635
0.01,0.011191003,-0.0011910032
0.01,0.0066182856,0.0033817142
0.0,0.011542175,-0.011542175
0.01,0.030436637,-0.020436637
0.01,0.009522591,0.000477409
0.01,0.0,0.01
0.01,0.0,0.01
0.01,0.0,0.01
0.01,0.0,0.01
0.01,0.0023519844,0.0076480154
0.01,0.007082075,0.002917925
0.01,0.015059039,-0.005059039
0.01,0.029496452,-0.019496452
0.0,0.01585522,-0.01585522
0.01,0.0,0.01
0.01,0.0,0.01
0.01,0.0,0.01
0.01,0.0,0.01
0.01,0.0,0.01
0.01,0.006567277,0.0034327228
0.01,0.0066252947,0.003374705
0.01,0.01001779,-1.7790124e-05
0.01,0.023710499,-0.013710499
0.01,0.035589643,-0.025589643
0.01,0.020111177,-0.010111177
0.01,0.021170234,-0.0111702345
0.02,0.029847296,-0.009847296
0.01,0.030325998,-0.020325998
0.01,0.020452116,-0.010452116
0.01,0.0,0.01
0.01,0.0,0.01
0.01,0.0,0.01
0.01,0.019666126,-0.009666126
0.01,0.010391481,-0.00039148144
0.01,0.014980696,-0.0049806964
0.01,0.006436087,0.0035639126
0.01,0.0,0.01
0.01,0.0,0.01
0.01,0.0,0.01
0.01,0.0,0.01
0.01,0.007234145,0.0027658548
0.01,0.0300771,-0.0200771
0.01,0.022421414,-0.012421414
0.01,0.033284888,-0.023284888
0.01,0.040662266,-0.030662267
0.01,0.036141705,-0.026141705
0.01,0.011757532,-0.0017575324
0.0,0.009958398,-0.009958398
0.01,0.005952213,0.004047787
0.01,0.004893828,0.0051061716
0.01,0.004593063,0.0054069366
0.01,0.013390057,-0.003390057
0.01,0.0047131516,0.005286848
0.01,0.0,0.01
0.01,0.0,0.01
0.01,0.0,0.01
0.01,0.0007302016,0.009269798
0.01,0.015695935,-0.0056959353
0.01,0.0073865354,0.0026134644
0.01,0.0066383015,0.0033616982
0.0,0.000760762,-0.000760762
0.01,0.02596374,-0.01596374
0.0,0.028946824,-0.028946824
0.01,0.009400651,0.0005993489
0.01,0.0,0.01
0.01,0.00058227405,0.009417726
0.01,0.0024409927,0.007559007
0.01,0.008103978,0.0018960219
0.01,0.00066034496,0.009339655
0.01,0.0,0.01
0.01,0.0,0.01
0.01,0.0027727205,0.0072272792
0.01,0.0081212465,0.0018787533
0.01,0.0047681574,0.0052318424
0.01,0.0055611134,0.0044388864
0.01,0.0042210314,0.0057789683
0.01,0.005718004,0.004281996
0.01,0.00031242147,0.009687578
0.01,0.017542098,-0.007542098
0.01,0.013875317,-0.003875317
0.01,0.024127586,-0.014127586
0.01,0.011800006,-0.0018000063
0.01,0.0037374012,0.0062625986
0.01,0.0035117157,0.006488284
0.01,0.0008424856,0.009157514
0.01,0.009306457,0.0006935429
0.0,0.020579388,-0.020579388
0.01,0.013085626,-0.0030856263
0.01,0.021721037,-0.011721037
0.01,0.012660518,-0.0026605185
0.0,0.015449446,-0.015449446
0.01,0.0,0.01
0.01,0.0,0.01
0.01,0.0,0.01
0.01,0.0,0.01
0.01,0.0,0.01
0.01,0.0,0.01
0.01,0.00041959062,0.009580409
0.01,0.0024898164,0.0075101834
0.01,0.004615281,0.005384719
0.01,0.0014133677,0.008586632
0.01,0.0,0.01
0.01,0.00629629,0.0037037097
0.01,0.023774462,-0.013774462
0.01,0.042385377,-0.03238538
0.01,0.02787575,-0.01787575
0.01,0.01795793,-0.00795793
0.03,0.0039525107,0.026047489
0.03,0.038838364,-0.008838365
0.03,0.040214457,-0.010214457
0.01,0.038956087,-0.028956087
0.01,0.012677699,-0.0026776996
0.01,0.013318442,-0.003318442
0.01,0.0,0.01
0.01,0.016335417,-0.006335417
0.01,0.0,0.01
0.02,0.021052035,-0.001052035
0.01,0.028166492,-0.018166492
0.01,0.013957318,-0.003957318
0.01,0.015022352,-0.0050223526
0.0,0.011874042,-0.011874042
0.01,0.0,0.01
0.0,0.0,0.0
0.01,0.0056809,0.0043190997
0.01,0.0041279458,0.005872054
0.01,0.0,0.01
0.01,0.009362513,0.0006374866
0.01,0.019978244,-0.009978244
0.01,0.018738544,-0.008738544
0.0,0.023099551,-0.023099551
0.01,0.015014587,-0.005014587
0.01,0.0,0.01
0.01,0.0,0.01
0.01,0.0,0.01
0.01,0.0,0.01
0.01,0.004581861,0.0054181386
0.01,0.0019618105,0.008038189
0.01,0.0003438145,0.009656185
0.01,0.0060682856,0.003931714
0.01,0.011813512,-0.0018135123
0.01,0.009460095,0.00053990446
0.01,0.031703662,-0.021703662
0.01,0.01950703,-0.00950703
0.01,0.009503832,0.0004961677
0.01,0.0,0.01
0.01,0.0,0.01
0.01,0.0,0.01
0.01,0.0,0.01
0.01,0.001984898,0.008015102
0.01,0.0038572978,0.006142702
0.01,0.0041259043,0.0058740955
0.01,0.0041814335,0.0058185663
0.01,0.0117725795,-0.0017725797
0.01,0.0,0.01
0.01,0.0,0.01
0.01,0.0007597618,0.009240238
0.01,0.0007060822,0.009293918
0.01,0.0042394754,0.0057605244
0.01,0.0056967996,0.0043032
0.01,0.011590816,-0.0015908163
0.01,0.009487333,0.000512667
0.01,0.008291654,0.0017083455
0.01,0.0072644167,0.002735583
0.01,0.0070607904,0.0029392093
0.01,0.0036098603,0.0063901395
0.01,0.0,0.01
0.01,0.0044656824,0.0055343173
0.01,0.0030565113,0.0069434885
0.01,0.0009991825,0.009000817
0.01,0.015300124,-0.005300124
0.01,0.0038803294,0.0061196703
0.01,0.0028047822,0.0071952175
0.01,0.0076911002,0.0023088995
0.01,0.0065996274,0.0034003723
0.01,0.006199386,0.0038006138
0.01,0.004572626,0.0054273736
0.01,0.0054630414,0.0045369584
0.01,0.0029518232,0.0070481766
0.01,0.0029904246,0.007009575
0.01,0.0050057527,0.004994247
0.01,0.010216352,-0.00021635182
0.01,0.012325873,-0.002325873
0.0,0.028526662,-0.028526662
0.01,0.03221999,-0.022219991
0.01,0.037314482,-0.027314482
0.03,0.04512822,-0.0151282195
0.04,0.050554927,-0.010554928
0.05,0.05280426,-0.0028042607
0.06,0.063419394,-0.0034193955
0.05,0.067097776,-0.017097775
0.04,0.061796293,-0.021796294
0.03,0.048045,-0.018044999
0.03,0.028338335,0.0016616639
0.06,0.032007262,0.027992737
0.01,0.056907658,-0.046907656
0.01,0.014346853,-0.004346853
0.03,0.008139828,0.021860171
0.04,0.028279979,0.01172002
0.06,0.038599275,0.021400724
0.01,0.06715387,-0.057153873
0.05,0.012529168,0.037470832
0.04,0.048434008,-0.008434009
0.03,0.043505494,-0.013505494
0.03,0.03497305,-0.004973052
0.03,0.029872317,0.00012768246
0.01,0.030134736,-0.020134736
0.09,0.013525886,0.076474115
0.16,0.09157686,0.06842314
0.18,0.1748931,0.005106911
0.04,0.19427726,-0.15427727
0.0,0.062176615,-0.062176615
0.01,0.0,0.01
0.06,0.0,0.06
0.06,0.055201925,0.0047980733
0.04,0.06519525,-0.025195248
0.02,0.047200125,-0.027200125
0.02,0.023067616,-0.0030676164
0.04,0.017921895,0.022078104
0.13,0.04108176,0.08891824
0.14,0.13457015,0.005429849
0.06,0.1538417,-0.0938417
0.07,0.0747692,-0.0047691986
0.1,0.06926247,0.030737534
0.05,0.09852792,-0.048527922
0.03,0.05665364,-0.026653642
0.03,0.027901795,0.0020982046
0.04,0.022804298,0.017195702
0.07,0.037978202,0.0320218
0.08,0.07160823,0.008391768
0.16,0.08379977,0.076200224
0.25,0.16116776,0.088832244
0.29,0.24993014,0.04006985
0.3,0.29587623,0.004123777
0.27,0.30009875,-0.030098736
0.19,0.27343056,-0.08343056
0.2,0.19447166,0.0055283457
0.18,0.1967389,-0.016738892
0.19,0.17896721,0.01103279
0.17,0.18648121,-0.016481206
0.2,0.16987778,0.03012222
0.19,0.1993416,-0.009341598
0.18,0.18747456,-0.0074745566
0.2,0.17978165,0.020218357
0.19,0.19799352,-0.007993519
0.24,0.18812373,0.05187626
0.24,0.23691899,0.0030810088
0.21,0.2364339,-0.0264339
0.22,0.20850545,0.011494547
0.2,0.2147776,-0.014777601
0.17,0.1989164,-0.028916404
0.14,0.1684019,-0.028401896
0.13,0.13985343,-0.009853438
0.14,0.12983283,0.010167167
0.14,0.13419294,0.005807057
0.27,0.13730092,0.13269909
0.18,0.26145726,-0.08145726
0.14,0.18188134,-0.041881338
0.1,0.13689737,-0.03689737
0.14,0.09856127,0.04143873
0.33,0.13860601,0.191394
0.38,0.3126109,0.0673891
0.46,0.37445682,0.085543185
0.47,0.44678962,0.023210377
0.57,0.4585263,0.11147368
0.47,0.5550889,-0.08508888
0.36,0.46934453,-0.10934451
0.34,0.35499093,-0.014990926
0.39,0.3412233,0.048776686
0.42,0.39310345,0.026896536
0.42,0.41320118,0.006798804
0.42,0.40720052,0.012799472
0.53,0.40533295,0.12466702
0.45,0.51055574,-0.060555756
0.55,0.4402617,0.10973832
0.59,0.5273926,0.06260735
0.45,0.5656357,-0.11563569
0.42,0.4336854,-0.013685405
0.54,0.41385666,0.12614337
0.73,0.5284481,0.20155191
0.67,0.70313454,-0.03313452
0.33,0.6369256,-0.30692557
0.49,0.31357166,0.17642835
0.46,0.4808483,-0.020848304
0.33,0.45148858,-0.12148857
0.39,0.32087618,0.069123805
0.24,0.3811669,-0.14116691
0.25,0.24031562,0.009684384
0.35,0.25276977,0.097230226
0.28,0.33788133,-0.057881325
0.32,0.28022385,0.039776146
0.44,0.31353155,0.12646845
0.44,0.43008938,0.009910613
0.42,0.43065408,-0.010654092
0.56,0.41207746,0.14792255
0.53,0.5372572,-0.007257223
0.63,0.5148095,0.115190506
0.85,0.6094203,0.24057972
0.98,0.82073104,0.15926898
0.97,0.9341992,0.035800815
0.89,0.9267272,-0.03672719
0.91,0.8349407,0.075059354
0.87,0.8702946,-0.00029456615
0.86,0.83044183,0.029558182
0.93,0.8155738,0.114426196
0.96,0.8743398,0.08566016
0.93,0.9163884,0.013611615
0.96,0.8662158,0.09378415
0.9,0.90867066,-0.008670688
0.86,0.8364371,0.023562908
0.7,0.80882764,-0.10882765
0.65,0.6476891,0.002310872
0.58,0.6217035,-0.041703522
0.47,0.5511873,-0.08118728
0.34,0.4539338,-0.1139338
0.63,0.33349386,0.29650614
0.57,0.61174524,-0.041745245
0.87,0.54074967,0.32925034
0.82,0.84143686,-0.02143687
0.89,0.7633172,0.12668276
0.84,0.8410765,-0.0010765195
0.99,0.79929554,0.19070446
0.81,0.96172607,-0.15172607
0.86,0.7424221,0.11757791
0.63,0.8204447,-0.19044471
0.81,0.58633125,0.22366875
0.56,0.79658675,-0.23658675
0.4,0.5134827,-0.113482684
0.49,0.38090283,0.10909718
0.52,0.48340178,0.036598206
0.46,0.5058323,-0.045832306
0.45,0.4460052,0.0039947927
0.57,0.4346647,0.1353353
0.66,0.5499352,0.110064805
0.56,0.6259296,-0.06592959
0.58,0.5351509,0.044849098
0.49,0.55710363,-0.067103624
0.46,0.47407767,-0.014077663
0.92,0.4539279,0.4660721
0.45,0.89625263,-0.44625264
0.2,0.4167217,-0.2167217
0.32,0.20225406,0.117745936
0.42,0.3197859,0.100214094
0.36,0.4123303,-0.052330285
0.2,0.355296,-0.15529598
0.3,0.19943264,0.10056737
0.18,0.28928882,-0.10928881
0.19,0.18731567,0.002684325
0.22,0.19029742,0.029702574
0.21,0.22183329,-0.011833295
0.29,0.21473429,0.075265706
0.3,0.28794217,0.012057841
0.37,0.29365602,0.07634398
0.24,0.35508016,-0.11508016
0.3,0.25077975,0.049220264
0.44,0.2914012,0.14859879
0.29,0.42424533,-0.13424534
0.41,0.29501715,0.11498284
0.27,0.400937,-0.13093698
0.27,0.28075346,-0.010753453
0.18,0.271003,-0.091003
0.16,0.18740293,-0.027402937
0.16,0.16138545,-0.0013854504
0.3,0.16080758,0.13919243
0.32,0.29371664,0.026283354
0.48,0.32124063,0.15875936
0.53,0.46408793,0.06591204
0.59,0.5105072,0.07949275
0.42,0.56755936,-0.14755937
0.53,0.4153809,0.114619076
0.66,0.5207431,0.13925695
0.64,0.6398573,0.00014269352
0.86,0.614521,0.24547899
0.95,0.8330357,0.11696428
0.83,0.9077631,-0.07776314
0.7,0.76849914,-0.06849915
0.63,0.6607431,-0.030743122
0.61,0.60425746,0.00574255
0.47,0.5944307,-0.124430686
0.37,0.44255263,-0.07255262
0.41,0.35544252,0.054557472
0.3,0.39747795,-0.09747794
0.29,0.28915438,0.0008456111
0.29,0.28355587,0.0064441264
0.17,0.2819455,-0.111945495
0.19,0.16615734,0.023842663
0.21,0.18452725,0.025472745
0.32,0.2036187,0.11638129
0.29,0.3097237,-0.019723713
0.23,0.2885644,-0.05856441
0.21,0.22657749,-0.016577497
0.12,0.20140666,-0.08140666
0.12,0.12007147,-7.147342e-05
0.12,0.11472581,0.005274184
0.18,0.11567967,0.06432034
0.29,0.17478809,0.115211904
0.35,0.28061083,0.069389164
0.31,0.343636,-0.033636004
0.24,0.31049678,-0.07049678
0.13,0.2442805,-0.11428051
0.17,0.13038856,0.039611444
0.21,0.16150703,0.048492968
0.19,0.2017651,-0.0117651075
0.2,0.18844768,0.011552319
0.25,0.19567367,0.054326326
0.27,0.24043582,0.029564187
0.39,0.26465988,0.1253401
0.55,0.37990627,0.17009374
0.63,0.5363461,0.09365392
0.66,0.60799384,0.052006185
0.51,0.6280302,-0.11803019
0.42,0.48816356,-0.068163574
0.22,0.40881988,-0.18881989
0.47,0.21676573,0.25323427
0.62,0.45800224,0.16199777
0.53,0.60018694,-0.07018697
0.43,0.50884855,-0.07884854
0.31,0.4155449,-0.105544895
0.24,0.30358943,-0.06358944
0.22,0.23448312,-0.014483124
0.2,0.21482004,-0.014820039
0.32,0.19511268,0.12488732
0.57,0.30224898,0.267751
0.38,0.548278,-0.16827798
0.4,0.37567952,0.024320483
0.47,0.3909247,0.07907531
0.46,0.45587367,0.00412634
0.67,0.44923952,0.2207605
0.58,0.6529585,-0.07295853
0.56,0.5683111,-0.008311093
0.46,0.54750395,-0.08750394
0.47,0.4570634,0.012936592
0.5,0.46218547,0.037814528
0.54,0.4849163,0.055083722
0.37,0.5148026,-0.14480257
0.3,0.3648676,-0.064867586
0.31,0.2942158,0.015784204
0.28,0.30495313,-0.024953127
0.33,0.27559826,0.054401755
0.39,0.32423022,0.06576976
0.45,0.38594857,0.06405142
0.48,0.42936757,0.050632417
0.49,0.46928725,0.020712763
0.49,0.47741663,0.012583375
0.45,0.47320506,-0.023205072
0.58,0.44087568,0.1391243
0.63,0.5599035,0.07009649
0.57,0.60968983,-0.03968984
0.42,0.55596626,-0.13596627
0.38,0.4100693,-0.030069292
0.27,0.37656155,-0.10656154
0.09,0.26919514,-0.17919514
0.14,0.08789935,0.05210065
0.06,0.13220796,-0.07220796
0.02,0.045999955,-0.025999956
0.02,0.011448722,0.008551277
0.02,0.012412023,0.0075879768
0.02,0.017154872,0.0028451271
0.01,0.016286379,-0.006286379
0.01,0.0,0.01
0.01,0.0013596807,0.008640319
0.01,0.0,0.01
0.01,0.0,0.01
0.01,0.0,0.01
0.01,0.0017799865,0.008220013
0.01,0.020639218,-0.010639219
0.02,0.046519063,-0.026519064
0.01,0.056429647,-0.04642965
0.01,0.035069615,-0.025069615
0.01,0.0,0.01
0.01,0.0,0.01
0.01,0.0,0.01
0.01,0.0,0.01
0.01,0.0,0.01
0.01,0.00046399236,0.009536007
0.01,0.0057623945,0.0042376053
0.01,0.0019651167,0.008034883
0.01,0.0,0.01
0.01,0.0,0.01
0.01,0.0,0.01
0.01,0.0089654215,0.0010345783
0.01,0.013285631,-0.0032856315
0.01,0.009992702,7.2978437e-06
0.01,0.013728622,-0.0037286226
0.01,0.005889766,0.004110234
0.01,0.0015740134,0.008425986
0.01,0.0,0.01
0.01,0.0,0.01
0.01,0.0100247525,-2.4752691e-05
0.01,0.015285898,-0.005285898
0.01,0.019763062,-0.009763062
0.01,0.01514988,-0.0051498804
0.01,0.0136834495,-0.0036834497
0.01,0.00241369,0.0075863097
0.01,0.0028554779,0.007144522
0.01,0.0,0.01
0.01,0.0,0.01
0.01,0.0,0.01
0.01,0.0,0.01
0.01,0.00018402189,0.009815978
0.01,0.01074579,-0.0007457901
0.01,0.007800784,0.0021992158
0.01,0.011122443,-0.001122443
0.01,0.0062645897,0.00373541
0.01,0.005295528,0.0047044717
0.01,0.0037094764,0.0062905233
0.01,0.0073561464,0.0026438534
0.01,0.00047289208,0.009527108
0.01,0.0,0.01
0.01,0.0008853916,0.009114608
0.01,0.0031453222,0.0068546776
0.01,0.005166337,0.004833663
0.0,0.015350282,-0.015350282
0.01,0.006675143,0.003324857
0.01,0.012602005,-0.0026020054
0.01,0.0025451072,0.0074548926
0.01,0.002710726,0.0072892737
0.01,0.0,0.01
0.02,0.010147948,0.009852052
0.06,0.038043708,0.021956291
0.13,0.07291043,0.057089567
0.12,0.14190811,-0.021908112
0.14,0.13754272,0.002457276
0.15,0.15113528,-0.0011352748
0.17,0.15657267,0.013427332
0.18,0.17240201,0.007597998
0.23,0.17849416,0.05150585
0.21,0.22341782,-0.013417825
0.21,0.20799455,0.002005443
0.14,0.20772797,-0.06772797
0.09,0.14107846,-0.051078454
0.07,0.086805195,-0.016805194
0.06,0.061881524,-0.0018815249
0.09,0.049136315,0.04086369
0.06,0.07849836,-0.018498365
0.03,0.057264697,-0.027264697
0.01,0.021695402,-0.011695402
0.03,0.0,0.03
0.08,0.024472255,0.055527743
0.05,0.07937572,-0.02937572
0.24,0.055425506,0.18457448
0.41,0.22506061,0.18493938
0.59,0.40985715,0.18014282
0.58,0.5866406,-0.006640613
0.65,0.5704179,0.079582095
0.58,0.62220347,-0.042203486
0.57,0.5584401,0.011559904
0.52,0.5524523,-0.032452345
0.2,0.5080961,-0.3080961
0.75,0.18345025,0.5665498
0.81,0.741802,0.068198025
0.67,0.77275074,-0.10275072
0.65,0.6193119,0.030688047
0.66,0.62123406,0.038765967
0.53,0.63744867,-0.1074487
0.64,0.50770825,0.13229173
0.54,0.6223371,-0.08233708
0.53,0.51483405,0.015165925
0.68,0.5187262,0.16127378
0.62,0.6629889,-0.042988896
0.53,0.5851486,-0.0551486
0.58,0.5106983,0.069301665
0.53,0.5608702,-0.0308702
0.65,0.5115675,0.1384325
0.61,0.6290091,-0.019009113
0.51,0.5791311,-0.069131136
0.41,0.4883124,-0.0783124
0.26,0.39101186,-0.13101187
0.24,0.25645125,-0.016451254
0.23,0.23485167,-0.004851669
0.25,0.22443336,0.025566638
0.32,0.24176033,0.078239664
0.33,0.3083888,0.021611214
0.32,0.32148567,-0.0014856756
0.19,0.3116155,-0.1216155
0.27,0.18520455,0.08479546
0.27,0.25740746,0.012592554
0.22,0.26704544,-0.04704544
0.14,0.21659607,-0.07659607
0.1,0.13672695,-0.036726944
0.11,0.09516154,0.014838457
0.11,0.10043758,0.009562418
0.1,0.10703019,-0.007030189
0.13,0.09957731,0.030422688
0.15,0.12374586,0.026254147
0.2,0.14806557,0.051934436
0.26,0.1946539,0.06534609
0.23,0.2526698,-0.022669807
0.25,0.22816616,0.021833837
0.24,0.24156821,-0.0015682131
0.2,0.23727919,-0.03727919
0.11,0.19638473,-0.08638473
0.1,0.10395582,-0.0039558187
0.15,0.09670019,0.053299814
0.13,0.14416723,-0.014167234
0.14,0.12365838,0.01634162
0.09,0.13447404,-0.044474036
0.09,0.089855485,0.00014451891
0.11,0.085119784,0.024880216
0.12,0.10598351,0.014016487
0.2,0.116769895,0.08323011
0.26,0.19090295,0.06909704
0.23,0.25693524,-0.026935235
0.26,0.23191099,0.028089002
0.23,0.2559589,-0.02595891
0.2,0.22626783,-0.026267827
0.22,0.1964364,0.023563594
0.2,0.21434587,-0.014345869
0.21,0.1958558,0.014144197
0.23,0.20266752,0.027332485
0.19,0.22234999,-0.03234999
0.15,0.18726414,-0.03726414
0.15,0.14669149,0.0033085197
0.1,0.14522417,-0.045224167
0.1,0.09651831,0.0034816936
0.09,0.09225439,-0.0022543892
0.07,0.083174326,-0.013174325
0.01,0.06950883,-0.05950883
0.01,0.0,0.01
0.01,0.0,0.01
0.01,0.0,0.01
0.01,0.0,0.01
0.01,0.0,0.01
0.0,0.00010324828,-0.00010324828
0.01,0.0,0.01
0.01,0.0006513372,0.009348663
0.01,0.0023742318,0.007625768
0.01,0.023542522,-0.013542522
0.02,0.0,0.02
0.03,0.017991755,0.012008244
0.02,0.051658858,-0.031658858
0.04,0.047072932,-0.007072933
0.06,0.055424057,0.0045759417
0.08,0.06575866,0.014241338
0.07,0.08996009,-0.01996009
0.09,0.07185348,0.018146522
0.16,0.083591074,0.07640892
0.2,0.1578795,0.0421205
0.14,0.19851217,-0.058512166
0.09,0.14786464,-0.057864636
0.08,0.096832335,-0.016832337
0.08,0.08087621,-0.00087621063
0.1,0.08092176,0.01907824
0.18,0.09701446,0.08298555
0.21,0.17232825,0.037671745
0.18,0.20260584,-0.022605836
0.21,0.18286227,0.027137727
0.16,0.20532951,-0.04532951
0.15,0.16418116,-0.014181152
0.1,0.15566778,-0.05566778
0.11,0.104714684,0.005285315
0.15,0.10968226,0.040317744
0.18,0.15136203,0.028637975
0.26,0.18307453,0.07692546
0.33,0.25564998,0.07435003
0.37,0.32650688,0.04349312
0.32,0.36475518,-0.04475519
0.44,0.3186277,0.12137231
0.58,0.42931694,0.15068305
0.57,0.5619277,0.008072317
0.6,0.5473888,0.05261123
0.51,0.58431745,-0.074317455
0.6,0.49586788,0.104132146
0.7,0.5786623,0.12133771
0.82,0.68184423,0.13815576
0.73,0.7795794,-0.049579382
0.76,0.6841954,0.07580459
0.63,0.72676885,-0.096768856
0.6,0.58875334,0.011246681
0.69,0.58585477,0.10414523
0.81,0.67309284,0.13690716
0.9,0.7777355,0.122264504
0.94,0.856395,0.08360499
0.96,0.8980191,0.061980903
0.98,0.9077655,0.07223451
0.99,0.92661643,0.06338358
0.97,0.9417324,0.028267622
0.99,0.91392016,0.076079845
0.98,0.96668446,0.013315558
0.99,0.9191086,0.07089138
0.98,0.9274689,0.052531123
0.99,0.9150064,0.07499361
0.99,0.92760897,0.062391043
0.99,0.927155,0.06284499
0.99,0.9258921,0.064107895
0.99,0.9333155,0.056684494
0.99,0.9306842,0.0593158
0.99,0.94892204,0.04107797
0.99,0.93195796,0.05804205
0.99,0.92860174,0.061398268
0.99,0.93191636,0.058083653
0.99,0.9288182,0.061181784
0.99,0.94088316,0.04911685
0.99,0.9290855,0.060914516
0.99,0.9288845,0.061115503
0.99,0.9243269,0.06567311
0.99,0.9354123,0.05458772
0.99,0.94276404,0.047235966
0.99,0.9610015,0.028998494
0.99,0.94514406,0.044855952
0.99,0.929039,0.060961008
0.99,0.9319322,0.0580678
0.99,0.94798136,0.042018652
1.0,0.9379865,0.062013507
0.99,0.93999696,0.05000305
1.0,0.92462134,0.07537866
0.99,0.95005214,0.039947867
0.99,0.9598304,0.030169606
1.0,0.9204401,0.07955992
1.0,0.9436978,0.05630219
1.0,0.93412125,0.06587875
0.99,0.94277835,0.04722166
0.99,0.9397682,0.050231814
1.0,0.9165951,0.0834049
0.96,0.9235101,0.036489904
0.88,0.86276436,0.017235637
0.99,0.80557394,0.18442607
0.92,0.9497005,-0.029700458
0.96,0.83964217,0.12035781
1.0,0.90011454,0.09988546
1.0,0.9516181,0.048381925
0.97,0.9361955,0.033804536
0.93,0.8939557,0.0360443
0.8,0.8616395,-0.061639488
0.87,0.7322836,0.13771641
0.84,0.83380616,0.0061938167
0.83,0.7843034,0.045696557
0.8,0.77948165,0.020518363
0.79,0.7460251,0.043974936
0.71,0.7448473,-0.03484732
0.78,0.66286135,0.117138624
0.68,0.7499443,-0.06994432
0.66,0.62596416,0.03403586
0.58,0.62711143,-0.04711145
0.82,0.5472442,0.2727558
0.91,0.7924936,0.117506444
0.75,0.8739431,-0.12394309
0.63,0.69202745,-0.062027454
0.72,0.6090753,0.11092472
0.91,0.7070755,0.20292455
0.95,0.8719671,0.07803291
0.99,0.8919116,0.09808838
0.99,0.9379877,0.052012324
0.97,0.94714665,0.022853374
0.87,0.8967527,-0.02675271
0.71,0.82281077,-0.11281079
0.71,0.6476548,0.062345207
0.76,0.68249905,0.07750094
0.86,0.7294252,0.13057482
0.76,0.8329066,-0.07290661
0.68,0.68779767,-0.0077976584
0.78,0.6306009,0.14939904
0.84,0.75290585,0.08709413
0.64,0.81391203,-0.17391205
0.43,0.5847622,-0.15476221
0.31,0.40310195,-0.09310195
0.31,0.3103963,-0.00039631128
0.47,0.30595186,0.16404814
0.55,0.45685887,0.09314114
0.45,0.52998435,-0.07998437
0.25,0.43627656,-0.18627656
0.22,0.24664101,-0.026641011
0.13,0.22928348,-0.09928349
0.2,0.1302482,0.0697518
0.24,0.19350949,0.046490505
0.09,0.22981665,-0.13981664
0.02,0.09593037,-0.07593037
0.01,0.012683233,-0.0026832335
0.01,0.0,0.01
0.01,0.0,0.01
0.01,0.0,0.01
0.01,0.0,0.01
0.01,0.0,0.01
0.01,0.0031073764,0.0068926234
0.01,0.0,0.01
0.14,0.034062542,0.10593746
0.46,0.180618,0.279382
0.32,0.45783976,-0.13783976
0.37,0.36443427,0.0055657327
0.34,0.38284126,-0.042841256
0.29,0.34978095,-0.059780955
0.31,0.30470553,0.005294472
0.36,0.31537494,0.044625074
0.34,0.3553922,-0.015392184
0.28,0.33466312,-0.05466312
0.27,0.28274685,-0.012746841
0.16,0.27020985,-0.11020985
0.17,0.1675524,0.0024476051
0.12,0.16934307,-0.049343072
0.09,0.124450654,-0.03445065
0.07,0.0974606,-0.027460597
0.04,0.07063781,-0.030637808
0.01,0.04319927,-0.033199273
0.01,0.009163726,0.00083627366
0.03,0.005393479,0.02460652
0.01,0.02449394,-0.01449394
0.03,0.016571471,0.013428528
0.03,0.034277685,-0.0042776857
0.04,0.037965596,0.0020344034
0.03,0.048123136,-0.018123137
0.04,0.033649635,0.0063503645
0.05,0.04411711,0.005882889
0.08,0.054686956,0.025313042
0.08,0.08518155,-0.005181551
0.08,0.08791261,-0.007912613
0.09,0.08184331,0.0081566945
0.11,0.096070066,0.013929933
0.14,0.11598647,0.024013534
0.11,0.1423059,-0.032305896
0.14,0.11773987,0.02226013
0.15,0.1424495,0.007550508
0.1,0.15034676,-0.050346754
0.12,0.10570237,0.014297627
0.09,0.12212612,-0.032126114
0.12,0.09290746,0.027092539
0.16,0.12278865,0.037211344
0.14,0.15904115,-0.01904115
0.19,0.14460951,0.045390487
0.15,0.18871152,-0.038711518
0.17,0.15880156,0.011198446
0.15,0.16997454,-0.01997453
0.15,0.15830535,-0.008305341
0.17,0.15234986,0.017650142
0.1,0.16722497,-0.06722497
0.13,0.109029256,0.02097074
0.11,0.1257501,-0.015750095
0.13,0.110190235,0.01980976
0.1,0.1283316,-0.0283316
0.12,0.103686646,0.016313352
0.13,0.123291865,0.0067081302
0.1,0.12884733,-0.02884733
0.15,0.1099612,0.04003881
0.15,0.14606482,0.003935188
0.24,0.15310876,0.086891234
0.17,0.23261487,-0.06261487
0.2,0.18195769,0.018042311
0.14,0.19673285,-0.05673285
0.15,0.14921834,0.0007816702
0.14,0.15190662,-0.011906624
0.15,0.14539078,0.004609227
0.1,0.15007037,-0.050070368
0.12,0.106987,0.013012998
0.18,0.117451295,0.06254871
0.15,0.17635673,-0.026356727
0.17,0.1561727,0.013827309
0.13,0.1689994,-0.03899941
0.09,0.13751525,-0.047515243
0.1,0.09588498,0.0041150227
0.22,0.09566066,0.12433934
0.13,0.20964709,-0.079647094
0.2,0.14336647,0.056633532
0.19,0.19854867,-0.008548677
0.23,0.19763274,0.03236726
0.26,0.22684196,0.033158034
0.28,0.25815254,0.021847457
0.47,0.27983248,0.19016752
0.44,0.45366108,-0.013661087
0.43,0.4395578,-0.009557784
0.37,0.42795655,-0.057956547
0.21,0.3716353,-0.1616353
0.25,0.2266686,0.023331404
0.31,0.2579122,0.052087814
0.33,0.30834344,0.021656573
0.37,0.33309177,0.03690824
0.24,0.3715113,-0.13151132
0.16,0.24949525,-0.08949526
0.15,0.16943571,-0.019435704
0.16,0.1548436,0.005156398
0.11,0.1632316,-0.053231597
0.15,0.122157514,0.027842492
0.13,0.15635312,-0.02635312
0.1,0.13852711,-0.03852711
0.1,0.10889149,-0.008891486
0.05,0.1061531,-0.0561531
0.06,0.05364049,0.00635951
0.06,0.058974024,0.0010259748
0.05,0.061947525,-0.011947524
0.04,0.053498805,-0.013498805
0.02,0.04700534,-0.02700534
0.01,0.015466563,-0.0054665636
0.02,0.010711994,0.0092880055
0.05,0.022650067,0.027349934
0.01,0.06011041,-0.050110407
0.01,0.025355952,-0.015355952
0.01,0.02285406,-0.01285406
0.01,0.024468334,-0.014468335
0.01,0.014843514,-0.0048435144
0.01,0.014912039,-0.0049120393
0.0,0.00775956,-0.00775956
0.03,0.0059668347,0.024033165
0.02,0.040886555,-0.020886555
0.01,0.035189543,-0.025189543
0.01,0.025322763,-0.0153227635
0.01,0.014759459,-0.004759459
0.01,0.014945794,-0.004945794
0.01,0.017511908,-0.007511908
0.01,0.004341457,0.0056585427
0.01,0.023811957,-0.013811957
0.01,0.013544206,-0.0035442058
0.01,0.014800947,-0.0048009474
0.01,0.008154405,0.0018455945
0.01,0.007440787,0.002559213
0.01,0.0,0.01
0.01,0.0033729076,0.006627092
0.01,0.0,0.01
0.01,0.01036828,-0.00036828034
0.01,0.0038711764,0.0061288234
0.01,0.006073024,0.0039269757
0.01,0.0076626968,0.002337303
0.01,0.006020341,0.0039796587
0.01,0.0,0.01
0.01,0.0015621148,0.008437885
0.01,0.0,0.01
0.01,0.0,0.01
0.01,0.0,0.01
0.01,0.0022812467,0.007718753
0.01,0.001057174,0.008942826
0.01,0.0037674867,0.006232513
0.01,0.010798985,-0.00079898536
0.01,0.015378863,-0.005378863
0.01,0.01535733,-0.0053573307
0.01,0.01519021,-0.0051902104
0.01,0.012608279,-0.0026082788
0.01,0.0074773896,0.0025226101
0.01,0.0018579252,0.008142075
0.01,0.0020420589,0.007957941
0.01,0.012323275,-0.0023232754
0.01,0.013161795,-0.0031617954
0.01,0.009613313,0.000386687
0.01,0.010739995,-0.0007399954
0.01,0.0031014793,0.0068985205
0.01,0.0,0.01
0.01,0.0075797904,0.0024202093
0.01,0.008139519,0.0018604808
0.01,0.018787086,-0.008787086
0.01,0.013730962,-0.003730962
0.01,0.011623714,-0.0016237143
0.01,0.00323176,0.0067682397
0.01,0.0,0.01
0.01,0.0,0.01
0.01,0.0,0.01
0.01,0.0,0.01
0.01,0.0,0.01
0.01,0.0,0.01
0.01,0.0,0.01
0.01,0.016889231,-0.0068892315
0.01,0.01153582,-0.0015358198
0.01,0.0011164956,0.008883504
0.01,0.0084325075,0.0015674923
0.01,0.012381351,-0.0023813508
0.01,0.007269645,0.0027303547
0.01,0.0096198935,0.00038010627
0.0,0.0036314633,-0.0036314633
0.01,0.011206061,-0.0012060609
0.01,0.013068225,-0.0030682255
0.02,0.031587627,-0.011587627
0.01,0.04708994,-0.037089944
0.0,0.028030774,-0.028030774
0.01,0.0,0.01
0.0,0.0,0.0
0.01,0.0027106628,0.007289337
0.0,0.0026535615,-0.0026535615
0.02,0.0077802707,0.012219729
0.03,0.036290675,-0.006290676
0.02,0.04699859,-0.02699859
0.01,0.03775216,-0.02775216
0.02,0.017614737,0.0023852624
0.05,0.023586554,0.026413446
0.06,0.06175273,-0.0017527305
0.04,0.07232391,-0.03232391
0.03,0.052367467,-0.022367468
0.04,0.033628967,0.0063710324
0.05,0.04101309,0.008986909
0.07,0.056407694,0.0135923065
0.07,0.07895984,-0.008959837
0.06,0.07909266,-0.01909266
0.08,0.06840294,0.01159706
0.1,0.08313708,0.016862921
0.1,0.109263524,-0.009263523
0.11,0.113054,-0.0030540004
0.12,0.12101474,-0.0010147393
0.13,0.13007596,-7.596612e-05
0.1,0.13286017,-0.032860167
0.1,0.10875894,-0.00875894
0.08,0.10307652,-0.02307652
0.09,0.0816284,0.0083716065
0.07,0.08997162,-0.019971617
0.09,0.07246187,0.01753813
0.06,0.094678015,-0.034678016
0.07,0.06923099,0.0007690117
0.02,0.06979933,-0.049799327
0.03,0.019883275,0.010116724
0.04,0.026236981,0.013763018
0.06,0.037104987,0.022895012
0.09,0.06259064,0.027409367
0.09,0.101577535,-0.011577532
0.15,0.1042635,0.045736507
0.24,0.16097444,0.07902555
0.25,0.24503776,0.0049622357
0.27,0.26113433,0.008865684
0.43,0.27227515,0.15772486
0.4,0.41544446,-0.0154444575
0.2,0.3965796,-0.19657959
0.18,0.21801873,-0.03801872
0.08,0.18533826,-0.10533826
0.06,0.092759654,-0.032759655
0.05,0.055837814,-0.005837813
0.06,0.0469211,0.013078898
0.06,0.05871737,0.0012826286
0.03,0.061610192,-0.03161019
0.0,0.033992346,-0.033992346
0.0,0.0,0.0
0.01,0.0,0.01
0.01,0.0,0.01
0.01,0.0,0.01
0.01,0.0,0.01
0.01,0.0,0.01
0.01,0.0,0.01
0.03,0.011326351,0.018673647
0.17,0.09335861,0.07664139
0.17,0.20118698,-0.031186983
0.2,0.20917633,-0.009176329
0.18,0.22162223,-0.04162222
0.13,0.19637382,-0.066373825
0.15,0.1477194,0.0022806078
0.14,0.15688714,-0.016887143
0.14,0.1460784,-0.0060783923
0.1,0.1453969,-0.0453969
0.1,0.10963945,-0.009639449
0.09,0.10442016,-0.014420159
0.09,0.09516841,-0.005168408
0.09,0.095301256,-0.005301252
0.08,0.09953241,-0.019532412
0.05,0.08446036,-0.034460362
0.06,0.054074883,0.005925115
0.04,0.060282834,-0.020282835
0.05,0.04318392,0.0068160817
0.07,0.052710477,0.017289523
0.05,0.075167924,-0.025167923
0.02,0.05975211,-0.03975211
0.03,0.029452804,0.00054719485
0.03,0.03526351,-0.005263509
0.05,0.03498552,0.015014481
0.06,0.05593011,0.004069887
0.04,0.07252203,-0.03252203
0.01,0.052731257,-0.042731255
0.01,0.016680278,-0.006680278
0.01,0.009941217,5.878322e-05
0.01,0.013458667,-0.0034586675
0.01,0.014800895,-0.004800895
0.01,0.016875803,-0.0068758037
0.03,0.017502347,0.012497652
0.02,0.03413775,-0.014137749
0.05,0.032966018,0.017033983
0.04,0.05843106,-0.01843106
0.05,0.049612664,0.00038733706
0.05,0.0551081,-0.0051080994
0.04,0.06052549,-0.020525493
0.03,0.04613115,-0.01613115
0.03,0.03527794,-0.005277941
0.03,0.035161786,-0.0051617865
0.04,0.035018273,0.0049817264
0.02,0.04978005,-0.029780049
0.01,0.034971632,-0.024971632
0.01,0.023437979,-0.013437979
0.01,0.018280957,-0.008280957
0.02,0.010270946,0.009729054
0.05,0.021674948,0.028325053
0.01,0.0576463,-0.0476463
0.01,0.03118331,-0.02118331
0.01,0.02436626,-0.01436626
0.07,0.025967374,0.044032626
0.05,0.08183117,-0.03183117
0.01,0.067256674,-0.057256676
0.01,0.020332467,-0.010332467
0.01,0.004727833,0.005272167
0.02,0.012755074,0.007244926
0.02,0.017841944,0.002158055
0.01,0.01904939,-0.0090493895
0.02,0.0110657215,0.008934278
0.04,0.022064855,0.017935144
0.05,0.046050847,0.003949154
0.04,0.059600577,-0.019600578
0.01,0.04956158,-0.039561577
0.01,0.008995526,0.0010044742
0.02,0.008594802,0.011405198
0.01,0.020669568,-0.010669569
0.06,0.01704187,0.04295813
0.01,0.06441694,-0.05441694
0.02,0.0030595623,0.016940437
0.06,0.022225847,0.037774153
0.04,0.061912287,-0.021912288
0.05,0.054913376,-0.004913375
0.04,0.0618826,-0.021882601
0.08,0.053015493,0.026984505
0.12,0.08344408,0.036555916
0.15,0.1272818,0.022718206
0.1,0.16273063,-0.06273063
0.09,0.11449364,-0.024493635
0.09,0.09983684,-0.009836838
0.12,0.09753332,0.022466674
0.15,0.12094504,0.02905497
0.2,0.15455756,0.045442447
0.24,0.20497847,0.03502153
0.26,0.24284399,0.017156005
0.32,0.26616693,0.053833067
0.31,0.3215151,-0.011515111
0.35,0.31497276,0.035027236
0.42,0.35132208,0.0686779
0.44,0.4109003,0.029099703
0.48,0.4337453,0.046254694
0.57,0.46644142,0.10355857
0.53,0.54930305,-0.019303083
0.57,0.51883566,0.05116433
0.45,0.55132115,-0.10132116
0.41,0.44691634,-0.036916345
0.34,0.41251174,-0.07251173
0.43,0.35106304,0.078936964
0.41,0.42804578,-0.018045783
0.32,0.4100163,-0.090016305
0.33,0.32675645,0.0032435656
0.61,0.33199117,0.27800885
0.52,0.57791877,-0.057918787
0.51,0.5086974,0.0013025999
0.59,0.49215093,0.09784904
0.78,0.5658443,0.21415567
0.73,0.7460426,-0.01604259
0.84,0.7018328,0.1381672
0.44,0.8064163,-0.36641628
0.65,0.42992914,0.22007084
0.78,0.6349646,0.14503539
0.9,0.74991465,0.15008533
0.82,0.86373484,-0.04373485
0.85,0.77300787,0.076992154
0.61,0.80838287,-0.19838285
0.79,0.57760465,0.21239537
0.72,0.7667998,-0.04679978
0.93,0.6871915,0.24280852
0.98,0.90075874,0.079241276
0.88,0.931949,-0.051949024
0.98,0.81618273,0.16381729
0.97,0.95614827,0.013851762
0.89,0.90719974,-0.017199755
0.86,0.8309916,0.029008389
0.88,0.8166356,0.06336439
0.87,0.8378713,0.03212869
0.95,0.8246664,0.1253336
0.88,0.91290605,-0.032906055
0.93,0.8155818,0.11441821
0.98,0.88691366,0.09308636
0.96,0.92964494,0.030355036
0.98,0.9075564,0.072443604
0.96,0.93048847,0.029511511
0.73,0.90682364,-0.17682362
0.72,0.6693506,0.050649405
0.71,0.6877166,0.022283375
0.83,0.6817939,0.14820606
0.89,0.79202914,0.09797084
0.75,0.83989155,-0.08989155
0.8,0.69919384,0.10080618
0.74,0.7618214,-0.02182138
0.97,0.6986033,0.27139676
0.98,0.94559,0.03441
0.91,0.9346092,-0.024609149
0.99,0.84161186,0.14838815
0.93,0.9605526,-0.030552566
0.93,0.8678765,0.062123477
0.98,0.89320815,0.08679187
0.98,0.93496954,0.045030475
0.96,0.93364155,0.026358426
0.98,0.8957039,0.08429611
0.98,0.9628012,0.017198801
0.9,0.92691123,-0.026911259
0.72,0.8210201,-0.1010201
0.93,0.66738796,0.26261204
0.95,0.90119123,0.048808753
0.9,0.89033747,0.009662509
0.98,0.84471273,0.13528728
0.9,0.9375279,-0.03752792
0.69,0.83150816,-0.14150816
0.92,0.64475465,0.27524537
0.79,0.89605427,-0.10605425
0.84,0.7386786,0.1013214
0.63,0.7986965,-0.16869652
0.54,0.5947083,-0.054708302
0.64,0.5267581,0.11324191
0.73,0.62191975,0.10808027
0.8,0.6965219,0.10347813
0.88,0.76168776,0.11831224
0.85,0.84033,0.009670019
0.75,0.79781413,-0.04781413
0.94,0.71551394,0.22448605
0.98,0.9102733,0.069726706
0.99,0.9476285,0.04237151
0.98,0.93444145,0.04555857
0.97,0.93794,0.032060027
0.74,0.91097665,-0.17097664
0.95,0.68511415,0.26488584
0.82,0.9259064,-0.10590643
0.78,0.7583784,0.021621585
0.6,0.73311985,-0.13311982
0.9,0.57386494,0.32613504
0.45,0.8819262,-0.4319262
0.57,0.41766247,0.15233752
0.43,0.54855597,-0.11855596
0.42,0.42937866,-0.009378672
0.74,0.4212285,0.3187715
0.6,0.7063215,-0.106321454
0.57,0.5800797,-0.010079682
0.39,0.54563296,-0.15563297
0.25,0.39707562,-0.14707562
0.25,0.27378464,-0.023784637
0.36,0.26563197,0.09436804
0.51,0.35429958,0.15570042
0.51,0.4883894,0.021610588
0.37,0.49536902,-0.12536901
0.33,0.38133338,-0.051333368
0.3,0.33898768,-0.038987666
0.34,0.31107658,0.028923422
0.33,0.34338936,-0.013389349
0.31,0.33894464,-0.028944641
0.3,0.31764013,-0.017640114
0.22,0.30932102,-0.08932102
0.22,0.23777261,-0.017772615
0.17,0.23475142,-0.06475142
0.13,0.18642545,-0.056425452
0.19,0.14963253,0.04036747
0.16,0.19322449,-0.033224493
0.12,0.17947543,-0.05947543
0.11,0.13715085,-0.027150854
0.09,0.12288708,-0.03288708
0.04,0.10567002,-0.06567002
0.02,0.058460042,-0.038460042
0.04,0.027790187,0.012209812
0.02,0.045326512,-0.025326513
0.01,0.037384365,-0.027384365
0.01,0.023447711,-0.013447711
0.01,0.021212403,-0.011212403
0.03,0.016223148,0.013776852
0.02,0.030642694,-0.010642694
0.07,0.031771056,0.038228944
0.07,0.06924573,0.000754267
0.08,0.08691257,-0.006912574
0.05,0.08982147,-0.039821472
0.08,0.06729385,0.012706146
0.08,0.08465192,-0.004651919
0.09,0.08790674,0.002093263
0.09,0.099958956,-0.009958953
0.09,0.102840126,-0.012840122
0.09,0.10090363,-0.010903627
0.06,0.09905972,-0.039059725
0.07,0.07319275,-0.0031927526
0.06,0.07584384,-0.015843842
0.05,0.07119982,-0.021199819
0.03,0.059292942,-0.029292943
0.05,0.04204738,0.007952619
0.06,0.063313544,-0.0033135451
0.05,0.07267695,-0.022676948
0.06,0.059389103,0.00061089545
0.03,0.06866752,-0.038667522
0.03,0.04471694,-0.01471694
0.01,0.035893783,-0.025893783
0.02,0.0032142997,0.0167857
0.01,0.009264186,0.00073581375
0.01,0.0,0.01
0.0,0.010236779,-0.010236779
0.01,0.007876776,0.0021232236
0.01,0.0011498705,0.008850129
0.01,0.010509906,-0.00050990656
0.01,0.014851288,-0.004851288
0.01,0.010245334,-0.00024533458
0.02,0.01931728,0.00068271905
0.02,0.044300113,-0.024300113
0.01,0.046163395,-0.036163397
0.02,0.03084264,-0.01084264
0.03,0.03819569,-0.008195689
0.02,0.04752228,-0.02752228
0.03,0.038416974,-0.008416975
0.04,0.04243708,-0.0024370812
0.04,0.060587443,-0.020587444
0.02,0.059023347,-0.039023347
0.01,0.043787133,-0.03378713
0.01,0.026011165,-0.016011165
0.01,0.014417848,-0.004417848
0.01,0.015983649,-0.005983649
0.01,0.0113895275,-0.0013895277
0.01,0.015890416,-0.005890416
0.01,0.02328924,-0.013289241
0.01,0.03840711,-0.02840711
0.01,0.035375386,-0.025375387
0.01,0.035732105,-0.025732106
0.01,0.017576052,-0.007576052
0.01,0.0075721033,0.0024278965
0.01,0.009731134,0.00026886538
0.01,0.017937422,-0.007937422
0.01,0.020862218,-0.010862218
0.01,0.014620399,-0.0046203993
0.01,0.011845633,-0.0018456336
0.01,0.009647252,0.00035274774
0.01,0.012945579,-0.0029455796
0.01,0.019744316,-0.009744316
0.01,0.02908128,-0.01908128
0.01,0.01913834,-0.00913834
0.01,0.006546475,0.0034535248
0.01,0.0,0.01
0.01,0.0,0.01
0.01,0.0,0.01
0.01,0.00033770874,0.009662291
0.01,0.0,0.01
0.01,0.0040472597,0.00595274
0.01,0.0077595897,0.00224041
0.01,0.010702232,-0.0007022321
0.01,0.009439574,0.00056042615
0.01,0.012933985,-0.0029339856
0.01,0.010956987,-0.00095698703
0.01,0.0073246807,0.002675319
0.01,0.004660655,0.005339345
0.01,0.0048196726,0.005180327
0.01,0.010196675,-0.00019667484
0.01,0.0051712636,0.004828736
0.01,0.0057443194,0.0042556804
0.01,0.009924467,7.5533055e-05
0.01,0.01745369,-0.0074536894
0.01,0.010818237,-0.00081823766
0.01,0.0148909725,-0.0048909727
0.01,0.016816232,-0.0068162326
0.01,0.011256585,-0.0012565851
0.01,0.011125749,-0.0011257492
0.01,0.009629831,0.00037016906
0.01,0.009831144,0.00016885623
0.01,0.013606135,-0.003606135
0.01,0.014548786,-0.004548786
0.01,0.0122185,-0.0022184998
0.01,0.011723871,-0.0017238716
0.01,0.015843127,-0.005843127
0.01,0.017879553,-0.007879553
0.01,0.010152205,-0.00015220512
0.01,0.022373319,-0.012373319
0.01,0.028121784,-0.018121785
0.01,0.027776252,-0.017776253
0.01,0.018994346,-0.0089943465
0.01,0.023457728,-0.013457729
0.0,0.026136305,-0.026136305
0.01,0.030170929,-0.020170929
0.01,0.033161677,-0.023161678
0.02,0.04105337,-0.02105337
0.05,0.037940197,0.012059804
0.01,0.0746458,-0.064645804
0.01,0.057267975,-0.047267973
0.01,0.046750255,-0.036750257
0.01,0.04055458,-0.03055458
0.01,0.034474432,-0.024474433
0.01,0.031954356,-0.021954356
0.01,0.029953273,-0.019953273
0.01,0.025157286,-0.015157286
0.02,0.028644586,-0.008644586
0.02,0.026627997,-0.0066279974
0.0,0.026223375,-0.026223375
0.01,0.0005525388,0.009447461
0.04,0.0128095765,0.027190423
0.1,0.046583407,0.053416595
0.12,0.11227769,0.0077223107
0.14,0.1369477,0.0030522943
0.1,0.1594235,-0.0594235
0.06,0.1272611,-0.0672611
0.07,0.07820715,-0.00820715
0.06,0.079944536,-0.019944537
0.03,0.07100621,-0.041006207
0.01,0.040727466,-0.030727467
0.05,0.021413162,0.028586838
0.07,0.05563438,0.014365621
0.08,0.081813365,-0.001813367
0.15,0.092943706,0.0570563
0.2,0.16337088,0.036629125
0.18,0.21687955,-0.03687954
0.18,0.20678583,-0.02678582
0.18,0.1997437,-0.019743696
0.19,0.18917127,0.0008287281
0.21,0.199413,0.010586992
0.2,0.22101086,-0.02101086
0.32,0.21792364,0.10207635
0.33,0.31564525,0.014354765
0.27,0.33296666,-0.062966645
0.31,0.28479716,0.02520284
0.41,0.31125364,0.09874636
0.41,0.39879462,0.011205375
0.53,0.40552148,0.12447849
0.41,0.5069001,-0.096900076
0.49,0.4176562,0.0723438
0.45,0.47342405,-0.02342406
0.45,0.4482461,0.0017538965
0.45,0.4478701,0.0021298826
0.38,0.44500968,-0.06500968
0.41,0.38500777,0.024992228
0.31,0.405736,-0.095736
0.3,0.322254,-0.02225399
0.24,0.30582193,-0.06582193
0.25,0.25022593,-0.0002259314
0.22,0.25512558,-0.035125583
0.22,0.23060529,-0.0106052905
0.22,0.2283713,-0.008371308
0.23,0.22778222,0.0022177845
0.22,0.23741195,-0.017411947
0.22,0.22799541,-0.007995412
0.16,0.22585656,-0.06585656
0.12,0.17409761,-0.054097615
0.16,0.1299519,0.030048102
0.15,0.16377532,-0.013775319
0.12,0.15973958,-0.039739586
0.1,0.13066408,-0.030664079
0.12,0.11226818,0.0077318177
0.12,0.12552367,-0.005523674
0.16,0.12893294,0.031067058
0.17,0.16405626,0.0059437454
0.19,0.1760166,0.013983399
0.18,0.19905168,-0.019051671
0.19,0.18966436,0.00033563375
0.23,0.20211372,0.027886286
0.22,0.23811948,-0.018119484
0.19,0.23584044,-0.045840442
0.18,0.19806069,-0.018060684
0.14,0.18596838,-0.045968384
0.15,0.14947034,0.0005296618
0.21,0.15434201,0.055657983
0.25,0.20786414,0.042135864
0.22,0.25532046,-0.03532046
0.23,0.23099838,-0.0009983778
0.24,0.23417616,0.0058238357
0.24,0.24640366,-0.0064036697
0.27,0.24268836,0.027311653
0.36,0.27006528,0.08993474
0.32,0.35244992,-0.03244993
0.28,0.32563242,-0.045632422
0.23,0.28693935,-0.05693935
0.21,0.24616152,-0.036161527
0.12,0.22040534,-0.10040534
0.15,0.14122885,0.008771151
0.37,0.15074606,0.21925394
0.38,0.34272417,0.03727582
0.29,0.38097867,-0.09097868
0.33,0.30970103,0.020298988
0.23,0.33030537,-0.10030536
0.18,0.24977559,-0.06977558
0.2,0.19357485,0.006425157
0.18,0.20474648,-0.024746478
0.19,0.19013311,-0.00013311207
0.29,0.19858193,0.09141806
0.36,0.28462335,0.07537666
0.35,0.35535735,-0.005357355
0.29,0.36162844,-0.07162845
0.32,0.30383357,0.016166419
0.35,0.3181499,0.0318501
0.36,0.34631234,0.01368767
0.43,0.35813493,0.07186508
0.59,0.41949746,0.17050251
0.63,0.55853724,0.07146275
0.42,0.6056118,-0.18561181
0.42,0.42557594,-0.005575955
0.49,0.4190597,0.070940316
0.48,0.48121107,-0.001211077
0.43,0.47311196,-0.04311195
0.48,0.42834467,0.051655322
0.47,0.46684623,0.0031537712
0.56,0.46212444,0.097875565
0.58,0.5352309,0.04476911
0.5,0.5584109,-0.058410883
0.41,0.49342677,-0.08342677
0.39,0.41279012,-0.022790134
0.34,0.39282385,-0.05282384
0.47,0.34810182,0.121898174
0.35,0.45252162,-0.10252163
0.26,0.36080658,-0.100806594
0.29,0.27671373,0.013286263
0.33,0.29274008,0.037259936
0.3,0.33016184,-0.030161828
0.37,0.31123796,0.058762044
0.4,0.36171135,0.038288653
0.38,0.39158815,-0.011588156
0.48,0.38151622,0.09848377
0.63,0.46326962,0.16673037
0.51,0.6020386,-0.09203863
0.46,0.50484586,-0.04484585
0.51,0.45521572,0.05478427
0.43,0.4943637,-0.06436369
0.44,0.4305433,0.009456694
0.41,0.43531352,-0.025313526
0.29,0.4123204,-0.12232041
0.31,0.30967212,0.00032788515
0.34,0.3163368,0.023663193
0.23,0.34261784,-0.112617835
0.25,0.25177222,-0.0017722249
0.15,0.2547542,-0.10475418
0.11,0.17054649,-0.060546488
0.12,0.11958375,0.00041624904
0.07,0.12453681,-0.054536812
0.12,0.0840687,0.035931297
0.17,0.12109092,0.048909083
0.15,0.1735164,-0.023516387
0.15,0.16697665,-0.01697664
0.23,0.16187017,0.06812984
0.29,0.23148447,0.05851552
0.29,0.29196674,-0.0019667447
0.27,0.30122384,-0.031223834
0.25,0.28477493,-0.03477493
0.23,0.26413405,-0.034134045
0.42,0.24438831,0.17561167
0.41,0.3991726,0.010827392
0.29,0.41411,-0.12411001
0.22,0.31302455,-0.09302455
0.2,0.23826542,-0.038265422
0.26,0.21186447,0.04813552
0.25,0.26203555,-0.012035549
0.2,0.25751257,-0.057512566
0.23,0.2140722,0.015927806
0.2,0.23890619,-0.038906187
0.23,0.21038502,0.01961498
0.35,0.23107257,0.11892742
0.37,0.34398493,0.026015073
0.28,0.3727935,-0.092793494
0.38,0.29544553,0.08455446
0.36,0.3730117,-0.013011694
0.33,0.3596858,-0.029685795
0.29,0.33723018,-0.047230184
0.37,0.3002498,0.06975022
0.31,0.36830056,-0.058300555
0.34,0.31552017,0.024479836
0.3,0.34020862,-0.040208608
0.35,0.30718744,0.042812556
0.26,0.34669158,-0.08669159
0.23,0.26825714,-0.038257137
0.25,0.2376453,0.012354702
0.36,0.2534399,0.10656011
0.3,0.3482256,-0.04822558
0.34,0.3042908,0.035709202
0.31,0.33647367,-0.026473671
0.3,0.31409153,-0.0140915215
0.29,0.30611125,-0.016111255
0.29,0.29211888,-0.0021188855
0.36,0.2950561,0.06494391
0.38,0.354478,0.025521994
0.3,0.37975487,-0.07975486
0.22,0.3079406,-0.0879406
0.22,0.2267634,-0.0067633986
0.2,0.2249593,-0.024959296
0.19,0.20707649,-0.017076492
0.19,0.19718988,-0.007189885
0.16,0.19189322,-0.031893224
0.15,0.1653358,-0.015335798
0.13,0.15314062,-0.023140624
0.19,0.13390464,0.05609536
0.22,0.18898067,0.03101933
0.3,0.21992767,0.08007234
0.25,0.29589143,-0.045891434
0.32,0.26321772,0.056782275
0.31,0.31143078,-0.0014307797
0.44,0.31132132,0.12867868
0.66,0.41829997,0.24170005
0.59,0.6268227,-0.036822736
0.53,0.57231975,-0.042319775
0.62,0.51352257,0.10647744
0.31,0.59714806,-0.28714806
0.18,0.32047823,-0.14047822
0.19,0.19359276,-0.0035927594
0.19,0.19405726,-0.0040572584
0.36,0.1981807,0.16181931
0.37,0.34971663,0.020283371
0.33,0.36680296,-0.036802948
0.33,0.3309552,-0.00095519423
0.36,0.33320776,0.026792258
0.33,0.35577527,-0.025775254
0.32,0.3330355,-0.013035506
0.24,0.32038695,-0.08038695
0.14,0.24653727,-0.10653727
0.1,0.15410514,-0.05410514
0.05,0.10303298,-0.053032976
0.02,0.04744898,-0.027448982
0.01,0.018262126,-0.008262126
0.01,0.0,0.01
0.01,0.0,0.01
0.01,0.0,0.01
0.01,0.0,0.01
0.06,0.03417855,0.025821447
0.09,0.08292546,0.0070745423
0.09,0.11404293,-0.024042927
0.06,0.117250636,-0.057250638
0.05,0.082145944,-0.032145943
0.06,0.06109223,-0.0010922328
0.02,0.0695539,-0.049553897
0.01,0.033708,-0.023707999
0.01,0.0,0.01
0.01,0.0,0.01
0.01,0.0,0.01
0.01,0.0,0.01
0.01,0.0,0.01
0.01,0.017749622,-0.0077496227
0.01,0.023683697,-0.013683697
0.01,0.017137634,-0.007137634
0.01,0.0,0.01
0.01,0.0,0.01
0.01,0.0,0.01
0.01,0.0106158415,-0.0006158417
0.01,0.008794816,0.0012051836
0.01,0.0031123962,0.0068876036
0.01,0.008852012,0.0011479873
0.01,0.007962061,0.0020379387
0.01,0.005284447,0.0047155526
0.01,0.010784288,-0.00078428816
0.0,0.04114273,-0.04114273
0.01,0.03754259,-0.02754259
0.01,0.008011203,0.0019887965
0.01,0.0,0.01
0.01,0.0,0.01
0.01,0.0,0.01
0.01,0.0,0.01
0.01,0.0,0.01
0.01,0.0036231317,0.006376868
0.01,0.009406191,0.0005938085
0.01,0.019061558,-0.009061558
0.01,0.0056510214,0.0043489784
0.01,0.0020843316,0.007915668
0.01,0.010782214,-0.0007822141
0.02,0.013455655,0.006544344
0.06,0.04636644,0.01363356
0.04,0.09275709,-0.05275709
0.07,0.0754675,-0.005467497
0.09,0.09324321,-0.003243208
0.1,0.10938928,-0.009389281
0.09,0.12073146,-0.030731454
0.06,0.110830836,-0.050830837
0.03,0.07620391,-0.04620391
0.0,0.03536652,-0.03536652
0.01,0.0,0.01
0.01,0.0,0.01
0.01,0.0,0.01
0.01,0.0,0.01
0.01,0.0,0.01
0.01,0.0,0.01
0.01,0.0110335555,-0.0010335557
0.01,0.010869871,-0.0008698711
0.01,0.021627706,-0.011627706
0.01,0.011785065,-0.001785065
0.01,0.016513348,-0.006513348
0.0,0.019547753,-0.019547753
0.01,0.024051035,-0.014051035
0.01,0.023751104,-0.0137511045
0.01,0.03441315,-0.024413152
0.0,0.023428503,-0.023428503
0.01,0.026636627,-0.016636627
0.01,0.0032394845,0.0067605153
0.01,0.0,0.01
0.01,0.0,0.01
0.01,0.0,0.01
0.01,0.0,0.01
0.01,0.0041056406,0.005894359
0.01,0.003063023,0.0069369767
0.01,0.012547196,-0.002547196
0.04,0.044992395,-0.0049923956
0.04,0.073638044,-0.033638045
0.12,0.074305885,0.045694113
0.08,0.14452179,-0.06452179
0.06,0.1146338,-0.0546338
0.06,0.08161995,-0.02161995
0.03,0.072194666,-0.042194664
0.01,0.043580946,-0.033580944
0.01,0.011584513,-0.0015845131
0.01,0.0,0.01
0.01,0.007247627,0.002752373
0.01,0.009980181,1.9818544e-05
0.01,0.020349998,-0.010349998
0.02,0.013455413,0.0065445863
0.02,0.025619073,-0.0056190733
0.02,0.030515214,-0.010515215
0.03,0.027200121,0.002799878
0.04,0.030855432,0.009144567
0.05,0.043993466,0.006006535
0.04,0.054480027,-0.014480028
0.08,0.049588528,0.03041147
0.09,0.08496522,0.005034782
0.12,0.09688112,0.023118876
0.11,0.12587047,-0.015870467
0.05,0.12164059,-0.071640596
0.05,0.0584165,-0.0084165
0.04,0.051641457,-0.011641458
0.04,0.042487748,-0.0024877489
0.05,0.035431873,0.014568128
0.05,0.050043344,-4.3343753e-05
0.03,0.05272526,-0.02272526
0.03,0.0353801,-0.0053800996
0.03,0.033965025,-0.003965026
0.03,0.030894794,-0.00089479424
0.01,0.02178617,-0.01178617
0.01,0.0,0.01
0.01,0.0,0.01
0.01,0.005780475,0.0042195246
0.01,0.008086927,0.0019130725
0.01,0.0038590655,0.0061409343
0.01,0.0,0.01
0.01,0.0065570567,0.003442943
0.0,0.012730187,-0.012730187
0.01,0.0,0.01
0.01,0.0,0.01
0.01,0.0,0.01
0.01,5.332008e-05,0.00994668
0.01,0.0,0.01
0.01,0.002672743,0.0073272567
0.01,0.0010441728,0.008955827
0.01,0.0,0.01
0.01,0.0040972605,0.0059027392
0.01,0.0022101402,0.0077898595
0.01,0.002183918,0.007816082
0.01,0.002633866,0.007366134
0.01,0.0007955469,0.009204453
0.01,0.00063607097,0.009363929
0.01,0.0028428324,0.0071571674
0.01,0.005878877,0.004121123
0.01,0.009402566,0.0005974341
0.01,0.008600984,0.001399016
0.01,0.007905763,0.0020942371
0.01,0.008574933,0.001425067
0.01,0.007273011,0.0027269889
0.01,0.0065437965,0.0034562033
0.01,0.009975625,2.4374574e-05
0.01,0.011440087,-0.0014400873
0.01,0.012898231,-0.0028982311
0.01,0.019197686,-0.009197686
0.01,0.028530577,-0.018530577
0.03,0.037879363,-0.007879363
0.04,0.063701324,-0.023701325
0.03,0.06994046,-0.03994046
0.09,0.051976968,0.038023036
0.16,0.096329674,0.06367032
0.14,0.16919358,-0.02919358
0.12,0.16041617,-0.040416174
0.18,0.13251515,0.04748486
0.18,0.1829013,-0.002901286
0.18,0.187874,-0.007873997
0.19,0.18694699,0.0030530095
0.27,0.19625165,0.073748365
0.25,0.27285436,-0.022854358
0.3,0.2567019,0.043298125
0.28,0.2918657,-0.011865705
0.29,0.28136757,0.0086324215
0.15,0.29204884,-0.14204884
0.27,0.17497227,0.095027745
0.23,0.27076894,-0.040768936
0.17,0.24074304,-0.07074304
0.25,0.18173742,0.06826258
0.71,0.24719603,0.46280396
0.66,0.6493596,0.010640442
0.52,0.645664,-0.125664
0.41,0.5159385,-0.105938524
0.42,0.4134424,0.006557584
0.28,0.41482863,-0.13482863
0.35,0.30067518,0.04932481
0.56,0.34753963,0.21246037
0.53,0.5363829,-0.006382942
0.51,0.51942265,-0.00942266
0.63,0.49478284,0.13521716
0.85,0.60388863,0.2461114
0.83,0.8210242,0.008975804
0.72,0.79526365,-0.07526362
0.83,0.6905947,0.13940531
0.9,0.80481684,0.095183134
0.83,0.8589287,-0.028928697
0.85,0.7847549,0.06524515
0.88,0.8052609,0.0747391
0.97,0.8410579,0.12894213
0.98,0.9231683,0.056831717
0.94,0.93277,0.007229984
0.93,0.88026035,0.04973966
0.92,0.8748411,0.045158923
0.93,0.8745986,0.055401385
0.69,0.8784591,-0.1884591
0.69,0.6363404,0.053659618
0.98,0.6692308,0.3107692
0.99,0.96817994,0.021820068
0.99,0.9474317,0.042568326
0.98,0.9521208,0.027879238
0.98,0.9411987,0.038801312
0.98,0.95021963,0.029780388
0.99,0.9445144,0.045485616
0.98,0.9528295,0.027170539
0.98,0.9322531,0.047746897
0.98,0.9245672,0.055432796
0.98,0.9287195,0.0512805
0.99,0.9162481,0.07375193
0.98,0.93433714,0.04566288
0.99,0.9216404,0.06835961
0.99,0.9357796,0.054220438
0.99,0.9437231,0.046276927
0.99,0.9448366,0.045163393
0.99,0.9340441,0.055955887
0.99,0.9316839,0.05831611
0.99,0.9368148,0.053185225
0.99,0.93418527,0.055814743
0.99,0.9373472,0.052652836
0.98,0.94085646,0.039143562
0.97,0.91118,0.05882001
0.98,0.8964286,0.083571434
0.77,0.9157373,-0.14573729
0.91,0.7010809,0.20891911
0.99,0.884544,0.105455995
0.99,0.9614061,0.028593898
0.98,0.94238293,0.037617087
0.99,0.92511,0.06489003
0.99,0.9459369,0.04406309
0.99,0.948591,0.041409016
0.99,0.95266294,0.037337065
0.99,0.9417876,0.04821241
0.99,0.9409946,0.04900539
0.99,0.9327061,0.057293892
0.99,0.944576,0.045423985
0.99,0.9351791,0.054820895
0.99,0.9261801,0.063819885
0.99,0.9334928,0.05650723
0.99,0.9467515,0.043248534
0.99,0.9264971,0.06350291
0.99,0.92817295,0.061827064
0.99,0.9345932,0.05540681
0.99,0.92429304,0.06570697
0.99,0.9289838,0.061016202
0.99,0.93368423,0.05631578
0.99,0.9323443,0.057655692
0.99,0.93971264,0.050287366
0.98,0.9249377,0.055062294
0.98,0.9108759,0.0691241
0.99,0.9238595,0.06614053
0.97,0.9279324,0.042067647
0.97,0.9081174,0.061882615
0.98,0.9106711,0.069328904
0.97,0.9138733,0.056126714
0.97,0.9145384,0.055461645
0.96,0.90810597,0.05189401
0.99,0.89768887,0.092311144
0.99,0.9384272,0.0515728
0.99,0.9320662,0.057933807
0.99,0.94188404,0.04811597
0.99,0.92689764,0.063102365
0.99,0.93823516,0.051764846
0.99,0.9285997,0.061400294
0.99,0.9338536,0.056146383
0.99,0.9417714,0.04822862
0.99,0.92753816,0.062461853
0.97,0.92260516,0.04739487
0.61,0.88620853,-0.27620852
0.46,0.52357006,-0.06357005
0.27,0.44183475,-0.17183474
0.12,0.26951233,-0.14951232
0.1,0.12292664,-0.022926636
0.13,0.095968574,0.03403142
0.07,0.1252697,-0.055269696
0.06,0.06844767,-0.008447673
0.02,0.06068079,-0.040680792
0.04,0.014608715,0.025391284
0.07,0.042512514,0.027487487
0.06,0.071923375,-0.0119233765
0.06,0.07147218,-0.011472184
0.18,0.067081496,0.11291851
0.08,0.17635219,-0.09635219
0.12,0.09881622,0.021183774
0.26,0.1215173,0.13848269
0.33,0.25727975,0.07272026
0.29,0.338007,-0.04800701
0.31,0.29735973,0.012640268
0.24,0.30204406,-0.06204407
0.14,0.25198376,-0.11198376
0.11,0.15813866,-0.048138663
0.11,0.116326645,-0.0063266456
0.09,0.113627404,-0.0236274
0.14,0.094364084,0.045635916
0.12,0.1368178,-0.0168178
0.15,0.12200965,0.027990356
0.14,0.15098421,-0.010984212
0.31,0.1454218,0.1645782
0.3,0.29536027,0.0046397448
0.27,0.31094787,-0.040947855
0.29,0.28501987,0.004980117
0.31,0.2957107,0.01428929
0.38,0.31269804,0.06730196
0.34,0.37420133,-0.034201324
0.29,0.3482506,-0.058250606
0.35,0.30005053,0.049949467
0.48,0.34497398,0.13502601
0.7,0.45690674,0.24309325
0.54,0.66377735,-0.12377733
0.49,0.526948,-0.036947966
0.69,0.47558987,0.21441013
0.61,0.6630651,-0.05306506
0.58,0.591647,-0.011647046
0.44,0.55744076,-0.11744076
0.35,0.43556976,-0.08556977
0.45,0.3510176,0.098982394
0.33,0.44095743,-0.110957414
0.46,0.33423397,0.12576604
0.29,0.43950212,-0.14950213
0.47,0.29843497,0.17156503
0.26,0.44563934,-0.18563935
0.5,0.2750936,0.22490641
0.55,0.4693363,0.08066371
0.38,0.5383856,-0.15838563
0.4,0.38894418,0.011055827
0.52,0.3999054,0.12009457
0.45,0.49526563,-0.045265645
0.27,0.4426286,-0.17262858
0.2,0.2805293,-0.08052929
0.14,0.21543163,-0.07543163
0.15,0.15187821,-0.001878202
0.13,0.15547463,-0.025474638
0.18,0.13700697,0.04299304
0.11,0.17597449,-0.06597449
0.41,0.12180287,0.28819713
0.39,0.37913772,0.010862261
0.21,0.39882556,-0.18882556
0.23,0.23562294,-0.0056229383
0.27,0.23393574,0.036064267
0.28,0.2681847,0.0118153095
0.25,0.29111198,-0.041111976
0.15,0.26420262,-0.11420262
0.1,0.17147017,-0.071470164
0.02,0.106601596,-0.0866016
0.01,0.009092918,0.0009070821
0.01,0.0,0.01
0.01,0.0,0.01
0.01,0.0,0.01
0.05,0.018273234,0.031726766
0.04,0.07527071,-0.035270713
0.01,0.064977214,-0.054977216
0.04,0.017891958,0.02210804
0.01,0.05838582,-0.04838582
0.01,0.013861775,-0.0038617756
0.01,0.0047096256,0.005290374
0.01,0.0,0.01
0.01,0.0,0.01
0.01,0.0,0.01
0.01,0.0,0.01
0.01,0.0007491596,0.00925084
0.01,0.0021047853,0.0078952145
0.01,0.010022558,-2.2558495e-05
0.06,0.040076293,0.019923706
0.07,0.091780916,-0.021780916
0.07,0.09815996,-0.028159961
0.0,0.09603736,-0.09603736
0.01,0.0033476055,0.0066523943
0.01,0.0,0.01
0.0,0.0,0.0
0.01,0.009360187,0.000639813
0.01,0.0037709102,0.0062290896
0.02,0.023071518,-0.0030715186
0.0,0.03954365,-0.03954365
0.01,0.0,0.01
0.01,0.0,0.01
0.01,0.0,0.01
0.0,0.007835049,-0.007835049
0.01,0.008178867,0.0018211324
0.01,0.0,0.01
0.01,0.0,0.01
0.01,0.0,0.01
0.01,0.0,0.01
0.01,0.0070302505,0.0029697493
0.01,0.008291088,0.0017089117
0.04,0.044682186,-0.004682187
0.19,0.07757594,0.11242406
0.25,0.20686108,0.04313892
0.39,0.27102262,0.11897737
0.44,0.3912213,0.048778683
0.23,0.44190118,-0.21190117
0.14,0.26989,-0.12989001
0.35,0.17008556,0.17991443
0.39,0.33042628,0.05957371
0.42,0.38472128,0.035278708
0.35,0.4150918,-0.06509182
0.34,0.358997,-0.018996984
0.43,0.337423,0.09257701
0.35,0.4177688,-0.06776881
0.27,0.3568427,-0.086842686
0.19,0.27857742,-0.08857742
0.23,0.20195849,0.028041512
0.36,0.230342,0.12965801
0.48,0.35033283,0.12966716
0.48,0.47389904,0.0061009526
0.7,0.46986035,0.23013964
0.72,0.66962934,0.050370693
0.7,0.6878742,0.01212579
0.55,0.6712854,-0.12128538
0.49,0.5309633,-0.040963292
0.49,0.48109522,0.008904785
0.5,0.4849074,0.015092611
0.34,0.49271062,-0.15271062
0.27,0.34330148,-0.073301464
0.31,0.27820542,0.031794578
0.35,0.30851927,0.04148072
0.56,0.34608713,0.21391287
0.52,0.5340493,-0.014049292
0.8,0.5034239,0.29657608
0.81,0.76571524,0.04428476
0.89,0.7699001,0.1200999
0.73,0.8430524,-0.11305237
0.79,0.69021857,0.09978145
0.82,0.75918376,0.06081623
0.6,0.7877767,-0.18777668
0.84,0.57024825,0.26975173
0.95,0.8180258,0.13197416
0.93,0.90768504,0.022314966
0.83,0.87207985,-0.042079866
0.74,0.7737603,-0.03376031
0.62,0.6992339,-0.079233885
0.56,0.59757423,-0.03757423
0.81,0.5454408,0.2645592
0.54,0.7854134,-0.24541336
0.59,0.5049796,0.08502036
0.88,0.57232773,0.30767226
0.81,0.85315573,-0.04315573
0.92,0.7583537,0.1616463
0.96,0.87271166,0.08728832
0.98,0.90674925,0.07325077
0.98,0.93536675,0.04463327
0.97,0.9271097,0.04289031
0.98,0.9189166,0.061083436
0.98,0.92494845,0.055051565
0.98,0.9439113,0.036088705
0.97,0.9223139,0.0476861
0.98,0.9106182,0.06938183
0.98,0.92563903,0.054360986
0.98,0.92306757,0.05693245
0.98,0.93026495,0.04973507
0.98,0.92439365,0.055606365
0.98,0.93372643,0.04627359
0.98,0.9238546,0.05614543
0.98,0.9320501,0.04794991
0.99,0.93424034,0.05575967
0.98,0.9483347,0.031665325
0.98,0.9276279,0.052372098
0.98,0.9385747,0.041425347
0.99,0.9331876,0.056812406
0.99,0.9288446,0.06115544
0.99,0.93969023,0.050309777
0.99,0.92712927,0.06287074
0.99,0.91846347,0.07153654
0.99,0.9202795,0.06972051
0.99,0.9230535,0.06694651
0.97,0.93613863,0.0338614
0.96,0.9079871,0.05201286
0.97,0.89167464,0.07832539
0.82,0.9093566,-0.0893566
0.82,0.75462663,0.06537336
0.85,0.77484906,0.07515097
0.78,0.8050064,-0.025006413
0.75,0.73238635,0.01761365
0.75,0.7106521,0.039347887
0.6,0.7123575,-0.1123575
0.39,0.5658524,-0.17585242
0.33,0.37832925,-0.048329234
0.29,0.33875915,-0.048759162
0.44,0.2994481,0.1405519
0.53,0.43305644,0.09694353
0.39,0.51235664,-0.12235665
0.43,0.38722694,0.042773068
0.39,0.4233592,-0.0333592
0.34,0.3872724,-0.047272384
0.52,0.34124827,0.1787517
0.42,0.5037801,-0.08378014
0.57,0.41417477,0.15582523
0.65,0.5459157,0.10408425
0.47,0.6245936,-0.15459362
0.33,0.458603,-0.12860298
0.36,0.33503476,0.024965256
0.31,0.36098936,-0.05098936
0.26,0.31650975,-0.056509763
0.21,0.26349467,-0.053494677
0.32,0.21935391,0.10064608
0.39,0.3085196,0.081480384
0.38,0.3804492,-0.0004492104
0.38,0.3780603,0.0019396842
0.48,0.37564722,0.10435277
0.64,0.46288905,0.17711094
0.92,0.6126493,0.3073507
0.97,0.883692,0.086308
0.87,0.9225365,-0.052536488
0.8,0.8125024,-0.012502372
0.86,0.76781464,0.09218538
0.95,0.8332803,0.11671966
0.9,0.90548396,-0.005483985
0.79,0.8382789,-0.04827887
0.79,0.7438046,0.046195447
0.91,0.75666964,0.15333039
0.97,0.87951577,0.09048426
0.97,0.9212247,0.048775315
0.88,0.9113159,-0.031315923
0.9,0.81337905,0.08662093
0.89,0.8535589,0.036441088
0.8,0.84008694,-0.040086925
0.66,0.7431247,-0.0831247
0.56,0.6199548,-0.059954822
0.36,0.5384922,-0.17849219
0.27,0.34950167,-0.07950166
0.21,0.2721154,-0.062115416
0.27,0.21400425,0.055995762
0.28,0.26591927,0.014080733
0.28,0.28067723,-0.000677228
0.27,0.27549997,-0.005499959
0.22,0.26893616,-0.04893616
0.18,0.22489287,-0.044892862
0.18,0.18681987,-0.006819859
0.22,0.18378969,0.036210313
0.14,0.21897861,-0.07897861
0.08,0.14756401,-0.06756401
0.07,0.084045574,-0.014045574
0.08,0.07267822,0.007321775
0.1,0.07486581,0.02513419
0.14,0.095810264,0.044189736
0.19,0.14084992,0.04915008
0.19,0.18984362,0.00015637279
0.2,0.19719182,0.0028081834
0.19,0.2026362,-0.0126362
0.22,0.19481131,0.025188684
0.23,0.21826318,0.011736825
0.24,0.23278151,0.00721848
0.24,0.24338487,-0.0033848733
0.35,0.24000685,0.109993145
0.61,0.34011585,0.26988417
0.66,0.58291507,0.07708496
0.73,0.63534904,0.094650984
0.65,0.70360816,-0.05360818
0.71,0.6220815,0.08791846
0.59,0.6800996,-0.09009963
0.58,0.56714976,0.012850225
0.59,0.56875324,0.021246731
0.6,0.57420874,0.025791287
0.64,0.5766486,0.06335139
0.54,0.6169597,-0.07695967
0.45,0.5173208,-0.06732082
0.44,0.44367743,-0.0036774278
0.44,0.43607935,0.0039206445
0.48,0.43625784,0.04374215
0.45,0.46810094,-0.018100947
0.36,0.44191727,-0.081917256
0.31,0.35734084,-0.04734084
0.26,0.3119606,-0.051960617
0.2,0.2646976,-0.06469761
0.17,0.20399567,-0.033995673
0.18,0.17345977,0.006540239
0.13,0.18091631,-0.050916314
0.11,0.13697492,-0.026974916
0.13,0.11560193,0.014398068
0.14,0.1324398,0.0075601935
0.15,0.14388832,0.0061116815
0.09,0.15081686,-0.060816854
0.04,0.09651101,-0.056511007
0.01,0.038451564,-0.028451564
0.0,0.007964838,-0.007964838
0.01,0.0,0.01
0.01,0.0,0.01
0.01,0.0,0.01
0.01,0.0,0.01
0.04,0.029794363,0.010205636
0.06,0.07411893,-0.014118928
0.06,0.0939128,-0.033912804
0.06,0.08668503,-0.026685033
0.05,0.07987315,-0.029873151
0.03,0.058544643,-0.028544644
0.02,0.03472152,-0.01472152
0.01,0.013174575,-0.003174575
0.01,0.0,0.01
0.01,0.0,0.01
0.01,0.0,0.01
0.01,0.0,0.01
0.01,0.0,0.01
0.01,0.0030682143,0.0069317855
0.01,0.003959285,0.0060407147
0.01,0.008274268,0.0017257314
0.01,0.015726736,-0.005726736
0.01,0.0025603697,0.00743963
0.01,0.0018829629,0.008117037
0.01,0.031726405,-0.021726405
0.0,0.044652157,-0.044652157
0.01,0.046248764,-0.036248766
0.03,0.03662777,-0.00662777
0.01,0.06002356,-0.050023563
0.01,0.03041291,-0.02041291
0.01,0.026761763,-0.016761763
0.01,0.031628083,-0.021628084
0.01,0.024263961,-0.014263961
0.01,0.040482655,-0.030482655
0.01,0.04947643,-0.039476432
0.01,0.03421843,-0.02421843
0.01,0.02096593,-0.01096593
0.01,0.022237044,-0.012237044
0.01,0.027196784,-0.017196784
0.01,0.032472353,-0.022472354
0.01,0.027957514,-0.017957514
0.01,0.018988945,-0.008988945
0.01,0.023791924,-0.013791924
0.01,0.023012757,-0.0130127575
0.01,0.025462199,-0.015462199
0.01,0.017355887,-0.0073558874
0.01,0.024850123,-0.014850123
0.01,0.0277253,-0.0177253
0.01,0.03782528,-0.02782528
0.01,0.032853417,-0.022853417
0.01,0.028085701,-0.018085701
0.01,0.032518238,-0.022518238
0.01,0.03189818,-0.021898178
0.01,0.029193463,-0.019193463
0.01,0.030491574,-0.020491574
0.01,0.024205964,-0.014205964
0.01,0.024046373,-0.014046373
0.01,0.024831265,-0.014831265
0.04,0.034215745,0.0057842545
0.03,0.08806326,-0.05806326
0.01,0.08002884,-0.07002884
0.05,0.034803838,0.015196163
0.01,0.10658237,-0.096582375
0.01,0.0634818,-0.053481802
0.09,0.060365546,0.029634457
0.05,0.14875884,-0.09875885
0.01,0.12368411,-0.11368411
0.15,0.055369433,0.09463057
0.49,0.18670428,0.30329573
0.02,0.5049498,-0.4849498
0.01,0.0914346,-0.0814346
0.01,0.042007085,-0.032007083
0.01,0.039080184,-0.029080184
0.01,0.043808214,-0.033808216
0.01,0.03654943,-0.02654943
0.01,0.03900833,-0.02900833
0.01,0.049824975,-0.039824978
0.01,0.04538345,-0.035383448
0.01,0.056193426,-0.04619343
0.01,0.05247384,-0.042473838
0.01,0.051414438,-0.04141444
0.01,0.058129285,-0.048129283
0.65,0.045151398,0.60484856
0.98,0.593084,0.38691604
0.98,0.9034958,0.07650423
0.98,0.9442729,0.035727143
0.98,0.9361353,0.043864727
0.98,0.9275547,0.052445292
0.98,0.95293427,0.027065754
0.98,0.95638037,0.023619652
0.98,0.9500495,0.0299505
0.98,0.9553461,0.024653912
0.95,0.9364071,0.013592899
0.01,0.9325303,-0.9225303
0.01,0.06084954,-0.050849542
0.81,0.115402915,0.69459707
0.98,0.83244324,0.14755678
0.98,0.91815805,0.061841965
0.98,0.9003668,0.079633236
0.98,0.947451,0.032549024
0.98,0.95236945,0.027630568
0.98,0.9356624,0.04433763
0.98,0.9489541,0.031045914
0.98,0.9493928,0.030607224
0.98,0.936082,0.043918014
0.98,0.9336132,0.046386838
0.98,0.92425406,0.05574596
0.98,0.9275129,0.052487135
0.99,0.94201684,0.04798317
0.99,0.9360894,0.053910613
0.99,0.9367969,0.053203106
0.99,0.94029975,0.04970026
0.99,0.9292115,0.060788512
0.99,0.92324305,0.066756964
0.99,0.93251514,0.057484865
0.99,0.9354744,0.054525614
0.96,0.9154302,0.04456979
0.99,0.89567375,0.09432626
0.99,0.9503175,0.039682508
0.99,0.95116544,0.03883457
0.99,0.95222306,0.037776947
0.99,0.9558294,0.034170628
0.99,0.9524994,0.03750062
0.99,0.9312917,0.05870831
0.99,0.9535568,0.036443233
0.99,0.9283012,0.061698794
0.99,0.9245436,0.06545639
0.99,0.9450166,0.044983387
0.99,0.9214194,0.06858063
0.99,0.9383768,0.051623225
0.99,0.9348793,0.055120707
0.99,0.9308468,0.0591532
0.99,0.9369117,0.053088307
0.99,0.9290668,0.060933232
0.99,0.9374424,0.052557588
0.99,0.9550364,0.034963608
0.99,0.9190198,0.07098019
0.99,0.94445026,0.04554975
0.99,0.9120065,0.07799351
0.94,0.93882453,0.0011754632
0.92,0.8556161,0.064383924
0.95,0.84239876,0.107601225
0.97,0.8907081,0.07929194
0.98,0.90840507,0.07159495
0.97,0.9124074,0.05759263
0.99,0.9032513,0.08674872
0.99,0.96723115,0.022768855
0.99,0.9324981,0.057501912
0.99,0.9576454,0.032354593
0.99,0.9232197,0.06678033
0.99,0.9463326,0.043667436
0.99,0.9407723,0.049227715
0.99,0.92730486,0.062695146
0.99,0.9726336,0.01736641
0.99,0.91866386,0.07133615
0.99,0.8929527,0.09704733
0.99,0.9179169,0.072083116
0.99,0.9253123,0.06468773
0.99,0.92472947,0.06527054
0.99,0.96156836,0.028431654
0.98,0.89839387,0.08160615
0.99,0.9088477,0.08115232
0.99,0.9308237,0.059176326
0.95,0.9385979,0.0114020705
0.93,0.8921194,0.0378806
0.99,0.878811,0.11118901
0.99,0.95650566,0.033494353
0.99,0.93383753,0.056162477
0.94,0.92010796,0.019892037
0.8,0.86354697,-0.063546956
0.72,0.7467159,-0.026715875
0.38,0.68619573,-0.30619574
0.3,0.3465718,-0.04657179
0.47,0.2997627,0.1702373
0.63,0.46298876,0.16701123
0.4,0.6006893,-0.20068929
0.03,0.3807828,-0.3507828
0.04,0.035931814,0.0040681846
0.14,0.047185913,0.09281409
0.42,0.14395651,0.27604347
0.4,0.39788315,0.002116859
0.28,0.4023663,-0.12236631
0.27,0.29665264,-0.026652634
0.38,0.2769639,0.103036106
0.5,0.37902376,0.12097624
0.68,0.48371795,0.19628206
0.83,0.6539831,0.17601687
0.89,0.80123854,0.08876145
0.9,0.8486955,0.05130446
0.64,0.85469484,-0.21469486
0.44,0.601249,-0.16124898
0.35,0.4308297,-0.08082971
0.35,0.35555577,-0.0055557787
0.22,0.35351136,-0.13351136
0.12,0.22773227,-0.10773227
0.11,0.12685348,-0.016853482
0.05,0.111331224,-0.061331224
0.08,0.049205966,0.030794032
0.27,0.07466064,0.19533938
0.06,0.25715643,-0.19715643
0.01,0.07571548,-0.065715484
0.01,0.0,0.01
0.01,0.0,0.01
0.01,0.0,0.01
0.04,0.004488202,0.0355118
0.12,0.058552537,0.06144746
0.19,0.1427917,0.047208294
0.21,0.207762,0.0022379905
0.37,0.23774333,0.13225667
0.71,0.37014708,0.3398529
0.64,0.6733104,-0.033310413
0.61,0.62659085,-0.016590834
0.46,0.58894575,-0.12894574
0.38,0.45752144,-0.07752144
0.28,0.38588843,-0.10588843
0.26,0.2888287,-0.02882871
0.23,0.26604605,-0.036046043
0.17,0.23718598,-0.06718598
0.11,0.18053566,-0.07053566
0.17,0.11690107,0.053098932
0.13,0.1714773,-0.041477308
0.1,0.13804342,-0.038043417
0.11,0.1086496,0.0013504028
0.11,0.11328584,-0.0032858402
0.11,0.1160527,-0.0060527027
0.11,0.1182894,-0.008289404
0.07,0.11706175,-0.04706175
0.01,0.07948947,-0.06948947
0.01,0.015554018,-0.0055540185
0.0,0.006523067,-0.006523067
0.01,0.0,0.01
0.0,0.012825394,-0.012825394
0.01,0.0,0.01
0.01,0.0,0.01
0.0,0.003099043,-0.003099043
0.01,0.008735705,0.0012642946
0.01,0.0044879,0.0055120997
0.02,0.01450723,0.005492769
0.02,0.026963264,-0.006963264
0.0,0.029471911,-0.029471911
0.0,0.005857365,-0.005857365
0.01,0.0010902211,0.008909779
0.0,0.014279656,-0.014279656
0.01,0.0,0.01
0.01,0.0,0.01
0.01,0.0,0.01
0.01,0.0017670542,0.008232946
0.01,0.002265025,0.007734975
0.01,0.0,0.01
0.01,0.002932541,0.0070674587
0.01,0.0,0.01
0.01,0.0003355071,0.009664493
0.01,0.0020756312,0.007924369
0.01,0.012125015,-0.0021250155
0.01,0.02304665,-0.01304665
0.02,0.024926132,-0.004926132
0.01,0.03299506,-0.02299506
0.0,0.019022271,-0.019022271
0.01,0.005567888,0.004432112
0.01,0.0,0.01
0.01,0.0,0.01
0.01,0.0,0.01
0.01,0.0,0.01
0.01,0.0,0.01
0.01,0.0,0.01
0.01,0.020688115,-0.010688115
0.01,0.011937972,-0.0019379724
0.01,0.0066617765,0.0033382233
0.01,0.0,0.01
0.01,0.0,0.01
0.01,0.0,0.01
0.01,0.00037810951,0.00962189
0.01,0.010118544,-0.000118544325
0.01,0.011257516,-0.0012575164
0.01,0.012038788,-0.002038788
0.01,0.012472691,-0.0024726912
0.01,0.0025078245,0.0074921753
0.01,0.0,0.01
0.01,0.0,0.01
0.01,0.006920673,0.0030793268
0.02,0.025441011,-0.005441012
0.07,0.05040651,0.019593492
0.08,0.09198362,-0.011983618
0.1,0.10237004,-0.0023700371
0.09,0.11649694,-0.02649694
0.09,0.10560731,-0.015607305
0.15,0.09445498,0.055545025
0.18,0.14588049,0.034119517
0.19,0.18381244,0.006187558
0.22,0.18931232,0.030687675
0.23,0.21477704,0.015222967
0.3,0.22625363,0.07374638
0.1,0.29458264,-0.19458264
0.2,0.12439808,0.07560192
0.24,0.1999541,0.040045887
0.27,0.23739466,0.03260535
0.24,0.26999485,-0.02999486
0.15,0.24721359,-0.09721358
0.26,0.16556744,0.09443255
0.55,0.24913108,0.30086893
0.49,0.51367486,-0.023674846
0.69,0.47948793,0.21051207
0.4,0.6606103,-0.2606103
0.63,0.40129092,0.22870907
0.77,0.6005423,0.16945767
0.6,0.74211895,-0.14211893
0.16,0.57650685,-0.41650686
0.14,0.1683574,-0.028357401
0.2,0.15023014,0.049769863
0.27,0.20995475,0.060045257
0.3,0.26719943,0.032800585
0.22,0.29679042,-0.07679042
0.19,0.22549301,-0.035493016
0.23,0.19007927,0.039920732
0.23,0.2292365,0.0007635057
0.11,0.23293613,-0.12293613
0.18,0.12489798,0.055102028
0.17,0.17300154,-0.003001541
0.17,0.17384773,-0.0038477331
0.11,0.17618269,-0.06618269
0.29,0.11905563,0.17094436
0.27,0.27236933,-0.0023693144
0.33,0.27651247,0.05348754
0.47,0.32835802,0.14164197
0.37,0.45411044,-0.08411044
0.29,0.37667856,-0.086678565
0.34,0.2964904,0.043509603
0.43,0.3361008,0.09389922
0.4,0.41355625,-0.013556242
0.25,0.39281434,-0.14281434
0.2,0.26439703,-0.06439702
0.12,0.20695084,-0.086950846
0.38,0.13371086,0.24628913
0.34,0.36505792,-0.025057912
0.19,0.34251243,-0.15251243
0.15,0.20568497,-0.05568497
0.14,0.15633446,-0.01633446
0.47,0.14288037,0.32711965
0.74,0.43803266,0.30196735
0.39,0.709221,-0.31922102
0.47,0.39901537,0.07098463
0.6,0.4549724,0.14502764
0.51,0.5841509,-0.07415092
0.39,0.50225186,-0.11225188
0.24,0.39178395,-0.15178396
0.26,0.24888447,0.011115521
0.22,0.25869283,-0.038692832
0.21,0.2230373,-0.013037309
0.3,0.21166539,0.08833462
0.32,0.28866145,0.031338543
0.24,0.32066295,-0.08066295
0.15,0.25107652,-0.10107651
0.2,0.16257375,0.03742625
0.17,0.19439605,-0.024396047
0.13,0.17666769,-0.046667695
0.17,0.14230528,0.027694717
0.16,0.16869679,-0.0086967945
0.12,0.16630167,-0.04630167
0.21,0.124094084,0.08590591
0.25,0.20037675,0.04962325
0.21,0.24788603,-0.03788604
0.21,0.22034414,-0.010344148
0.31,0.2160131,0.0939869
0.19,0.30287108,-0.11287108
0.16,0.20270184,-0.04270184
0.33,0.16585177,0.16414824
0.24,0.31509402,-0.07509403
0.15,0.25227916,-0.10227916
0.18,0.15950826,0.020491749
0.21,0.1838438,0.026156187
0.24,0.2078184,0.03218159
0.34,0.23916885,0.10083115
0.35,0.332333,0.017666996
0.36,0.34819177,0.011808246
0.49,0.35601726,0.13398275
0.57,0.47691205,0.09308794
0.48,0.5507208,-0.07072082
0.52,0.473367,0.046632975
0.63,0.50803006,0.12196994
0.67,0.6112907,0.058709323
0.83,0.6453482,0.18465179
0.95,0.79859614,0.15140384
0.78,0.90825784,-0.12825787
0.89,0.7237524,0.1662476
0.96,0.86372006,0.09627992
0.9,0.917287,-0.017287016
0.62,0.8322296,-0.21222961
0.79,0.5752522,0.21474785
0.77,0.7828282,-0.012828231
0.87,0.72293484,0.14706516
0.83,0.8329469,-0.0029469132
0.77,0.7733271,-0.0033271313
0.68,0.7250631,-0.04506308
0.8,0.64227057,0.15772945
0.68,0.7737682,-0.09376818
0.67,0.6356826,0.034317434
0.9,0.6372464,0.2627536
0.96,0.87643003,0.083569944
0.85,0.90113425,-0.05113423
0.89,0.7816982,0.10830176
0.74,0.85222006,-0.11222005
0.49,0.684829,-0.19482899
0.5,0.45530108,0.044698924
0.59,0.50170755,0.08829242
0.63,0.57321906,0.056780934
0.74,0.6032369,0.1367631
0.76,0.70198417,0.058015823
0.68,0.71753085,-0.03753084
0.81,0.64152575,0.16847426
0.86,0.778757,0.08124304
0.72,0.81549835,-0.09549832
0.56,0.6759825,-0.11598247
0.38,0.5362631,-0.15626311
0.18,0.36582696,-0.18582696
0.2,0.17469028,0.025309727
0.44,0.1973167,0.24268329
0.67,0.42616585,0.24383417
0.68,0.6458049,0.034195125
0.52,0.6421157,-0.12211573
0.62,0.49018458,0.12981543
0.79,0.59778583,0.19221419
0.69,0.76215076,-0.07215077
0.81,0.661834,0.148166
0.98,0.78261447,0.19738555
0.93,0.94924736,-0.019247353
0.91,0.8619375,0.048062503
0.91,0.8658769,0.044123113
0.75,0.8622668,-0.11226678
0.46,0.69297934,-0.23297933
0.42,0.42720485,-0.0072048604
0.25,0.4160696,-0.1660696
0.23,0.24647439,-0.016474381
0.09,0.22330913,-0.13330913
0.06,0.085173815,-0.025173817
0.05,0.051606752,-0.0016067512
0.08,0.044766173,0.035233825
0.06,0.07319863,-0.013198633
0.17,0.05991639,0.11008361
0.58,0.15851569,0.4214843
0.47,0.5343437,-0.06434372
0.38,0.47501242,-0.09501243
0.72,0.3819444,0.33805564
0.76,0.6961858,0.06381416
0.85,0.73529136,0.11470866
0.88,0.8188404,0.06115961
0.91,0.83350277,0.07649726
0.93,0.86553764,0.06446236
0.82,0.8876673,-0.067667305
0.95,0.7681656,0.1818344
0.99,0.92540765,0.06459236
0.96,0.94732976,0.012670219
0.93,0.88711417,0.04288584
0.95,0.8716731,0.07832688
0.65,0.89607644,-0.24607646
0.78,0.5778724,0.20212758
0.51,0.77002823,-0.26002824
0.41,0.47122002,-0.06122002
0.61,0.402234,0.20776603
0.81,0.5963311,0.21366888
0.73,0.7765932,-0.04659319
0.59,0.6754545,-0.08545452
0.48,0.55714667,-0.07714668
0.54,0.468794,0.07120603
0.43,0.53247905,-0.10247904
0.44,0.4207249,0.019275099
0.39,0.4317319,-0.041731924
0.32,0.38866192,-0.06866193
0.46,0.32161823,0.13838178
0.9,0.44635275,0.45364723
0.99,0.8623631,0.12763691
0.99,0.9470923,0.042907715
0.99,0.9417378,0.04826224
0.97,0.95156693,0.018433094
0.89,0.92518735,-0.035187364
0.78,0.8225087,-0.04250872
0.75,0.7307507,0.01924932
0.28,0.71199274,-0.43199274
0.6,0.24224043,0.3577596
0.51,0.5998782,-0.0898782
0.98,0.49514672,0.4848533
0.92,0.95762396,-0.037623942
0.67,0.8470428,-0.17704278
0.4,0.60870516,-0.20870516
0.23,0.39033,-0.16032998
0.23,0.24002029,-0.010020286
0.12,0.23229267,-0.11229267
0.08,0.12441601,-0.04441601
0.09,0.07880772,0.0111922845
0.03,0.08601424,-0.05601424
0.01,0.03341666,-0.023416659
0.01,0.0,0.01
0.01,0.0,0.01
0.02,0.020213164,-0.00021316484
0.04,0.046827264,-0.006827265
0.01,0.049797185,-0.039797187
0.0,0.0130980555,-0.0130980555
0.01,0.0,0.01
0.01,0.0,0.01
0.01,0.0,0.01
0.01,0.0,0.01
0.01,0.0,0.01
0.01,0.006003706,0.003996294
0.01,0.0010663234,0.008933676
0.01,0.0,0.01
0.01,0.0,0.01
0.01,0.0038040932,0.0061959065
0.01,0.0106346775,-0.0006346777
0.01,0.014439647,-0.0044396473
0.0,0.021484308,-0.021484308
0.01,0.026639363,-0.016639363
0.01,0.0041037444,0.0058962554
0.01,0.0,0.01
0.01,0.0,0.01
0.01,0.0077656843,0.0022343155
0.01,0.013633439,-0.0036334395
0.01,0.008880127,0.0011198726
0.01,0.012435507,-0.0024355073
0.01,0.0052913167,0.004708683
0.01,0.0066240765,0.0033759233
0.01,0.006931253,0.003068747
0.01,0.0,0.01
0.01,0.0,0.01
0.01,0.0,0.01
0.01,0.0019614343,0.0080385655
0.01,0.005930312,0.004069688
0.01,0.008524802,0.0014751982
0.01,0.013912145,-0.0039121453
0.01,0.006198343,0.003801657
0.01,0.007232234,0.002767766
0.01,0.008514099,0.001485901
0.01,0.0012230482,0.008776952
0.01,0.0,0.01
0.01,0.0,0.01
0.01,0.0041846596,0.00581534
0.01,0.0075784177,0.0024215821
0.01,0.003197506,0.0068024937
0.01,0.0,0.01
0.01,0.0,0.01
0.01,0.0,0.01
0.01,0.0,0.01
0.01,0.0,0.01
0.01,0.0037208982,0.0062791016
0.01,0.007410839,0.0025891606
0.01,0.0028326642,0.0071673356
0.01,0.00037040934,0.00962959
0.01,0.0,0.01
0.01,0.0,0.01
0.01,0.0,0.01
0.01,0.0051773284,0.0048226714
0.01,0.0034670793,0.0065329205
0.01,0.0048525,0.0051475
0.01,0.0012188256,0.008781174
0.01,0.00132275,0.00867725
0.01,0.000728257,0.009271743
0.01,0.0,0.01
0.01,0.0,0.01
0.01,0.00095771253,0.009042287
0.01,0.001250999,0.008749001
0.01,0.0036516879,0.006348312
0.01,0.0083968695,0.0016031303
0.01,0.0044247024,0.0055752974
0.01,0.0012448747,0.008755125
0.01,0.0018443651,0.008155635
0.01,0.001122186,0.008877814
0.01,0.0,0.01
0.01,0.0,0.01
0.01,0.012344863,-0.0023448635
0.01,0.01055615,-0.00055615045
0.01,0.0033514574,0.0066485424
0.01,0.0069958493,0.0030041505
0.01,0.009876873,0.00012312643
0.01,0.015003201,-0.005003201
0.03,0.042020284,-0.012020284
0.02,0.06070273,-0.04070273
0.02,0.04556079,-0.025560789
0.0,0.032975316,-0.032975316
0.0,0.009170536,-0.009170536
0.01,0.0022651851,0.0077348147
0.0,0.004337726,-0.004337726
0.01,0.0,0.01
0.0,0.0,0.0
0.01,0.0,0.01
0.01,0.0,0.01
0.01,0.024634736,-0.014634736
0.01,0.032936484,-0.022936484
0.0,0.024066186,-0.024066186
0.01,0.005490508,0.004509492
0.01,0.0,0.01
0.01,0.0,0.01
0.01,0.0,0.01
0.01,0.0,0.01
0.01,0.0,0.01
0.01,0.0032561608,0.006743839
0.01,0.0,0.01
0.01,0.000490129,0.009509871
0.01,0.00132077,0.00867923
0.01,0.005788762,0.0042112377
0.01,0.0024439916,0.007556008
0.01,0.0,0.01
0.01,0.00016307086,0.009836929
0.01,0.00834661,0.00165339
0.01,0.008619048,0.0013809521
0.01,0.006041132,0.003958868
0.01,0.008968994,0.0010310058
0.01,0.004075039,0.0059249606
0.01,0.0058309007,0.004169099
0.01,0.0022578463,0.0077421535
0.01,0.0,0.01
0.01,0.0,0.01
0.01,0.0029904041,0.0070095956
0.01,0.0045298245,0.0054701753
0.01,0.00067748874,0.009322511
0.01,0.0012534019,0.008746598
0.01,0.0030807666,0.006919233
0.01,0.004767172,0.0052328277
0.01,0.0040127262,0.0059872735
0.01,0.0026105866,0.007389413
0.01,0.004896939,0.005103061
0.01,0.004857905,0.0051420946
0.01,0.003637828,0.006362172
0.01,0.0074388497,0.0025611501
0.01,0.0043067895,0.0056932103
0.01,0.0006267112,0.009373289
0.01,0.0,0.01
0.01,0.0014767945,0.008523205
0.01,0.0029962212,0.0070037786
0.01,0.0037855506,0.006214449
0.01,0.0054591633,0.0045408364
0.01,0.0045517273,0.0054482725
0.01,0.005069554,0.004930446
0.01,0.008923959,0.0010760408
0.01,0.01852215,-0.008522151
0.01,0.0069504306,0.0030495692
0.01,0.009891607,0.00010839291
0.01,0.031407215,-0.021407215
0.01,0.02093154,-0.01093154
0.0,0.017991912,-0.017991912
0.01,0.02082907,-0.010829071
0.01,0.033543848,-0.023543848
0.02,0.02714458,-0.0071445797
0.04,0.03543273,0.0045672692
0.05,0.050520085,-0.00052008405
0.05,0.05912587,-0.00912587
0.07,0.057707798,0.012292203
0.06,0.07628922,-0.016289223
0.03,0.062319644,-0.032319643
0.01,0.03228076,-0.022280762
0.01,0.0002847705,0.009715229
0.01,0.0,0.01
0.01,0.0,0.01
0.01,0.0,0.01
0.01,0.0,0.01
0.01,0.0018627979,0.008137202
0.01,0.012123816,-0.002123816
0.01,0.0040715113,0.0059284884
0.01,0.0063953884,0.0036046114
0.01,0.0,0.01
0.01,0.0,0.01
0.01,0.0,0.01
0.01,0.0007693488,0.009230651
0.01,0.009116463,0.0008835364
0.01,0.01425311,-0.00425311
0.01,0.009233531,0.00076646917
0.01,0.0004588142,0.009541186
0.01,0.005325936,0.004674064
0.01,0.0008577723,0.0091422275
0.01,0.0010138322,0.008986168
0.01,0.0,0.01
0.01,0.00082319975,0.0091768
0.01,0.00088948756,0.009110512
0.01,0.0021133777,0.007886622
0.01,0.005988611,0.004011389
0.01,0.0089772865,0.0010227133
0.01,0.022084208,-0.012084208
0.01,0.040453058,-0.030453058
0.01,0.020985229,-0.010985229
0.01,0.011764409,-0.0017644092
0.01,0.0008940622,0.009105938
0.01,0.0,0.01
0.01,0.0,0.01
0.01,0.0,0.01
0.01,0.0,0.01
0.01,0.002629716,0.007370284
0.01,0.008653425,0.0013465751
0.01,0.014152914,-0.0041529145
0.04,0.03480349,0.005196508
0.05,0.07061246,-0.02061246
0.03,0.07419862,-0.044198617
0.0,0.050341718,-0.050341718
0.04,0.0030847304,0.03691527
0.15,0.042463496,0.10753651
0.13,0.1550566,-0.0250566
0.11,0.14761929,-0.037619293
0.12,0.12367331,-0.003673315
0.11,0.12471229,-0.014712289
0.14,0.11581679,0.024183214
0.14,0.14101677,-0.0010167658
0.22,0.14533356,0.07466644
0.26,0.21991244,0.04008755
0.22,0.25983775,-0.039837748
0.18,0.22796583,-0.047965825
0.23,0.18714407,0.042855933
0.14,0.22803552,-0.088035524
0.14,0.14979053,-0.009790525
0.16,0.1386843,0.021315694
0.17,0.16056986,0.00943014
0.12,0.1706954,-0.050695397
0.13,0.12383321,0.006166786
0.17,0.12899509,0.04100491
0.23,0.1666928,0.06330721
0.37,0.22799651,0.14200349
0.39,0.357967,0.032032996
0.45,0.38842225,0.061577737
0.52,0.44399607,0.07600391
0.91,0.50962335,0.40037668
0.88,0.8823222,-0.002322197
0.77,0.83806884,-0.06806886
0.68,0.7265053,-0.046505272
0.49,0.6480832,-0.1580832
0.75,0.4729291,0.2770709
0.65,0.7442988,-0.09429884
0.7,0.61970544,0.08029455
0.67,0.67304146,-0.0030414462
0.52,0.6346209,-0.114620924
0.49,0.4973192,-0.007319182
0.33,0.4801657,-0.15016568
0.25,0.3267145,-0.076714486
0.24,0.25626403,-0.016264036
0.4,0.23995331,0.1600467
0.45,0.38698983,0.063010156
0.43,0.4365421,-0.0065420866
0.3,0.42102817,-0.121028155
0.22,0.30565944,-0.085659444
0.24,0.23056185,0.009438142
0.37,0.2371108,0.13288921
0.23,0.35891238,-0.12891237
0.1,0.23914072,-0.13914073
0.09,0.10595259,-0.015952587
0.19,0.090187594,0.0998124
0.21,0.1896978,0.020302191
0.27,0.2109653,0.059034705
0.3,0.26002583,0.039974183
0.26,0.2970154,-0.03701541
0.29,0.27302226,0.016977727
0.26,0.2906905,-0.030690521
0.17,0.26123154,-0.09123154
0.1,0.18091108,-0.08091108
0.09,0.10716313,-0.017163128
0.12,0.08517498,0.03482502
0.16,0.11760926,0.042390734
0.2,0.15992725,0.040072754
0.24,0.19949885,0.040501148
0.22,0.24042746,-0.020427465
0.2,0.22931094,-0.029310942
0.19,0.2051656,-0.015165597
0.16,0.19047077,-0.030470774
0.16,0.16418454,-0.004184544
0.16,0.16434139,-0.0043413937
0.13,0.15945475,-0.029454753
0.15,0.13395147,0.016048536
0.19,0.14836615,0.041633844
0.31,0.18493353,0.12506647
0.31,0.29762813,0.012371868
0.3,0.31050286,-0.010502845
0.22,0.30437246,-0.08437246
0.12,0.23059377,-0.11059377
0.13,0.12831241,0.0016875863
0.11,0.13086002,-0.020860016
0.06,0.11529734,-0.05529734
0.05,0.062542915,-0.012542915
0.06,0.05157304,0.008426957
0.03,0.056017317,-0.026017318
0.02,0.021149974,-0.0011499748
0.01,0.012595747,-0.002595747
0.01,0.0,0.01
0.01,0.0,0.01
0.01,0.0,0.01
0.01,0.00045548007,0.00954452
0.01,0.022903502,-0.012903502
0.01,0.022719817,-0.012719817
0.01,0.01969689,-0.00969689
0.03,0.015009284,0.014990715
0.01,0.035319388,-0.025319388
0.0,0.0115916915,-0.0115916915
0.01,0.0,0.01
0.01,0.0,0.01
0.01,0.0,0.01
0.01,0.0,0.01
0.01,0.0,0.01
0.01,0.0,0.01
0.01,0.0009918399,0.00900816
0.01,0.002980804,0.0070191957
0.01,0.009631002,0.00036899745
0.01,0.015942918,-0.0059429184
0.01,0.026895031,-0.016895032
0.01,0.023243774,-0.013243774
0.01,0.018518586,-0.008518586
0.04,0.030509219,0.0094907805
0.04,0.06092659,-0.020926591
0.03,0.05172487,-0.02172487
0.03,0.030326173,-0.00032617338
0.05,0.03473525,0.0152647495
0.05,0.055880785,-0.0058807842
0.04,0.05222633,-0.012226332
0.04,0.043460995,-0.0034609959
0.03,0.03795131,-0.00795131
0.01,0.026556246,-0.016556246
0.0,0.0043551773,-0.0043551773
0.01,0.0,0.01
0.01,0.0,0.01
0.01,0.0,0.01
0.01,0.0,0.01
0.01,0.0,0.01
0.01,0.0,0.01
0.08,0.024465617,0.05553438
0.5,0.10168407,0.39831594
0.6,0.4810427,0.11895731
0.79,0.6081276,0.18187243
0.75,0.77406037,-0.024060369
0.7,0.72539747,-0.02539748
0.68,0.6668104,0.013189614
0.69,0.6597414,0.030258596
0.74,0.6697879,0.070212126
0.89,0.7123592,0.1776408
0.87,0.85709333,0.012906671
0.76,0.81731534,-0.05731535
0.91,0.7131722,0.19682783
0.82,0.8827288,-0.06272882
0.86,0.75823903,0.10176098
0.73,0.8252666,-0.09526658
0.87,0.67708755,0.19291246
0.93,0.8407576,0.0892424
0.82,0.87863314,-0.05863315
0.97,0.7525561,0.21744394
0.94,0.9433042,-0.0033041835
0.96,0.8719269,0.088073075
0.97,0.9072989,0.062701106
0.96,0.91513276,0.044867218
0.95,0.9031285,0.046871483
0.98,0.89170516,0.08829486
0.95,0.933285,0.01671499
0.94,0.88020205,0.059797943
0.93,0.8798578,0.05014223
0.99,0.8727286,0.11727142
0.99,0.9375969,0.052403092
0.98,0.9260216,0.053978443
0.99,0.91786945,0.07213056
0.98,0.93128,0.048720002
0.91,0.9167541,-0.0067541003
0.95,0.8444444,0.105555594
0.96,0.9025487,0.057451308
0.89,0.89589894,-0.0058989525
0.82,0.82791626,-0.007916272
0.83,0.76359355,0.06640643
0.87,0.7907969,0.07920313
0.94,0.8254454,0.114554584
0.98,0.88940823,0.09059179
0.99,0.9141674,0.075832605
0.99,0.93750095,0.052499056
0.99,0.9409367,0.049063325
0.99,0.92885876,0.061141253
0.99,0.92952025,0.06047976
0.99,0.9260014,0.06399858
0.95,0.9306433,0.019356668
0.99,0.87679935,0.113200665
0.99,0.9403589,0.049641132
0.99,0.9432497,0.046750307
0.99,0.9518155,0.038184524
0.99,0.93396056,0.056039453
0.99,0.9362463,0.053753734
0.99,0.9512936,0.03870642
0.99,0.9285852,0.061414838
0.99,0.93784726,0.052152753
0.99,0.9358047,0.054195285
0.99,0.93556607,0.05443394
0.99,0.9206712,0.069328785
0.99,0.9282341,0.06176591
0.99,0.9417933,0.048206687
0.99,0.9373549,0.052645087
0.99,0.920913,0.06908703
0.99,0.92707455,0.06292546
0.99,0.9297149,0.06028509
0.99,0.92549264,0.064507365
0.99,0.9164438,0.073556185
0.99,0.9239291,0.066070914
0.97,0.92313683,0.0468632
0.77,0.90068316,-0.13068318
0.67,0.7015734,-0.031573355
0.64,0.63381195,0.006188035
0.64,0.61513746,0.024862528
0.64,0.61309445,0.026905537
0.61,0.6129718,-0.0029717684
0.66,0.5764061,0.083593905
0.73,0.6264454,0.10355461
0.82,0.69472253,0.12527746
0.91,0.7807034,0.1292966
0.83,0.8642273,-0.03422731
0.68,0.77508986,-0.09508985
0.51,0.6333561,-0.123356104
0.55,0.492044,0.05795601
0.51,0.54527473,-0.035274744
0.53,0.49412027,0.0358797
0.59,0.5160248,0.073975146
0.5,0.57443786,-0.07443786
0.43,0.48369008,-0.053690076
0.48,0.42202112,0.05797887
0.48,0.470755,0.009244978
0.4,0.46501926,-0.06501925
0.39,0.3908632,-0.00086322427
0.34,0.38311794,-0.04311794
0.54,0.3382635,0.20173651
0.5,0.5193442,-0.01934421
0.33,0.4863018,-0.1563018
0.52,0.32813126,0.19186872
0.66,0.50002074,0.15997928
0.86,0.6307397,0.22926033
0.84,0.8277104,0.012289584
0.86,0.79222274,0.067777276
0.82,0.8167255,0.0032745004
0.76,0.77564836,-0.015648365
0.66,0.7251872,-0.065187156
0.66,0.63335264,0.026647389
0.68,0.63667035,0.043329656
0.69,0.65513444,0.03486556
0.66,0.6587429,0.0012571216
0.54,0.6296798,-0.08967978
0.54,0.5141468,0.025853217
0.57,0.5184208,0.051579177
0.54,0.54813933,-0.008139312
0.4,0.5194711,-0.1194711
0.38,0.38826668,-0.008266687
0.51,0.37666202,0.13333797
0.65,0.49808112,0.15191886
0.51,0.6273836,-0.1173836
0.48,0.49507976,-0.0150797665
0.49,0.46502677,0.024973243
0.5,0.4808047,0.019195288
0.47,0.488855,-0.018855006
0.55,0.4572744,0.092725605
0.87,0.5317862,0.3382138
0.96,0.8442457,0.11575431
0.98,0.91393805,0.06606197
0.96,0.9258032,0.034196794
0.95,0.9083295,0.0416705
0.88,0.90617,-0.026170015
0.97,0.8276155,0.14238453
0.98,0.9326122,0.04738784
0.97,0.92801917,0.041980863
0.93,0.9120494,0.017950594
0.95,0.87351584,0.076484144
0.98,0.9051864,0.074813604
0.98,0.9562539,0.023746133
0.98,0.9313358,0.048664212
0.98,0.91420925,0.06579077
0.96,0.9163536,0.043646395
0.97,0.9030651,0.06693494
0.99,0.9212767,0.06872332
0.99,0.93888736,0.05111265
0.94,0.9361173,0.0038827062
0.98,0.8618368,0.11816323
0.99,0.93639624,0.05360377
0.99,0.9551668,0.034833193
0.98,0.9394523,0.04054773
0.99,0.90855086,0.08144915
0.99,0.94431794,0.045682073
0.99,0.93775225,0.052247763
0.97,0.9332404,0.036759615
0.98,0.8991239,0.08087611
0.99,0.93288827,0.05711174
0.98,0.92948425,0.05051577
0.95,0.90702045,0.04297954
0.96,0.8876687,0.07233125
0.98,0.9031285,0.076871514
0.94,0.91912305,0.020876944
0.95,0.8746458,0.07535416
0.99,0.89133453,0.098665476
0.98,0.9416473,0.038352728
0.96,0.9124721,0.04752785
0.98,0.8992666,0.08073342
0.99,0.929628,0.060371995
0.95,0.93382597,0.016174018
0.93,0.89931464,0.030685365
0.98,0.8556168,0.12438321
0.97,0.9337748,0.0362252
0.99,0.9010309,0.08896911
0.99,0.94219947,0.04780054
0.97,0.9260889,0.0439111
0.99,0.89699006,0.09300995
0.99,0.93365693,0.05634308
0.99,0.9341152,0.055884838
0.98,0.92805994,0.051940084
0.99,0.9108653,0.0791347
0.9,0.93171275,-0.03171277
0.81,0.82622826,-0.016228259
0.74,0.75560987,-0.01560986
0.66,0.69600785,-0.03600782
0.63,0.6185919,0.011408091
0.8,0.60068727,0.19931275
0.74,0.768379,-0.028378963
0.94,0.6844288,0.2555712
0.89,0.9044827,-0.014482737
0.71,0.82954824,-0.11954826
0.84,0.6581905,0.18180948
0.73,0.80966544,-0.07966542
0.7,0.68236554,0.017634451
0.57,0.6646143,-0.09461433
0.47,0.5461004,-0.07610038
0.65,0.454396,0.19560397
0.5,0.6332718,-0.13327181
0.32,0.47473207,-0.15473208
0.61,0.30661848,0.30338153
0.69,0.5934322,0.09656781
0.61,0.65570843,-0.045708418
0.64,0.5742971,0.065702915
0.6,0.611488,-0.011487961
0.31,0.5744107,-0.26441067
0.19,0.30180278,-0.11180279
0.24,0.19634172,0.04365827
0.21,0.24310476,-0.033104762
0.29,0.2128582,0.07714179
0.34,0.28550425,0.05449575
0.25,0.3289789,-0.078978896
0.17,0.25476804,-0.08476804
0.18,0.17512335,0.0048766583
0.09,0.17811215,-0.088112146
0.04,0.09508437,-0.05508437
0.14,0.033943947,0.10605605
0.07,0.133377,-0.063377
0.14,0.077372536,0.062627465
0.16,0.13692966,0.023070335
0.14,0.16647756,-0.02647756
0.19,0.14792918,0.04207082
0.22,0.18694201,0.033057988
0.16,0.21708895,-0.057088956
0.23,0.170194,0.059806004
0.15,0.22515397,-0.07515396
0.04,0.15579051,-0.11579051
0.06,0.04602244,0.013977557
0.06,0.04741293,0.01258707
0.13,0.05148566,0.07851434
0.13,0.12610012,0.0038998723
0.2,0.13656121,0.06343879
0.16,0.19493419,-0.034934193
0.15,0.16934443,-0.01934442
0.19,0.15639631,0.033603683
0.14,0.18850857,-0.04850857
0.09,0.1469878,-0.056987792
0.1,0.09131965,0.008680351
0.2,0.094511285,0.10548872
0.1,0.1900926,-0.09009259
0.1,0.10786152,-0.007861517
0.11,0.104059994,0.005940005
0.07,0.10859658,-0.038596578
0.04,0.07125388,-0.03125388
0.07,0.035073448,0.034926552
0.07,0.06582269,0.0041773096
0.07,0.072464995,-0.0024649948
0.05,0.077153504,-0.027153503
0.08,0.055222783,0.024777215
0.17,0.07920444,0.09079556
0.13,0.17314257,-0.043142572
0.1,0.14774188,-0.047741883
0.11,0.11017698,-0.00017698109
0.07,0.11633715,-0.04633715
0.07,0.07571402,-0.0057140216
0.07,0.07052412,-0.00052411854
0.09,0.070776,0.019224003
0.09,0.08922826,0.00077174604
0.23,0.09423119,0.13576882
0.29,0.22037154,0.06962845
0.39,0.28921634,0.100783646
0.47,0.38628063,0.08371937
0.61,0.46242222,0.14757779
0.6,0.5863193,0.0136806965
0.47,0.5815754,-0.111575395
0.31,0.46355549,-0.15355548
0.32,0.31620124,0.003798753
0.31,0.32056582,-0.010565817
0.66,0.31451163,0.3454884
0.64,0.6289865,0.011013508
0.64,0.61597455,0.02402544
0.58,0.6121025,-0.032102525
0.63,0.5603709,0.06962907
0.52,0.60636747,-0.08636749
0.6,0.5071238,0.092876196
0.73,0.5845475,0.1454525
0.89,0.69675624,0.19324374
0.8,0.854594,-0.05459398
0.94,0.7476593,0.19234067
0.98,0.9030167,0.07698333
0.97,0.9552512,0.014748812
0.96,0.915782,0.044218004
0.98,0.9016193,0.078380704
0.98,0.93991077,0.04008925
0.98,0.92625284,0.053747177
0.98,0.9232007,0.056799293
0.98,0.9339404,0.04605961
0.96,0.9238256,0.036174357
0.98,0.9031191,0.07688093
0.98,0.9313655,0.04863453
0.98,0.9301034,0.049896598
0.97,0.92884195,0.04115808
0.95,0.89683306,0.053166926
0.95,0.88928163,0.060718358
0.98,0.88294315,0.097056866
0.98,0.9215865,0.058413506
0.98,0.9201163,0.059883714
0.99,0.9176657,0.07233429
0.96,0.9297329,0.03026706
0.96,0.8849894,0.0750106
0.99,0.9095936,0.08040643
0.99,0.9302138,0.0597862
0.96,0.92093015,0.03906983
0.95,0.89378893,0.056211054
0.97,0.8974358,0.072564244
0.75,0.9055078,-0.1555078
0.74,0.67780936,0.062190652
0.59,0.7125273,-0.1225273
0.89,0.54758143,0.34241855
0.98,0.8858398,0.0941602
0.99,0.9135853,0.076414704
0.96,0.92790496,0.032095015
0.99,0.89245415,0.09754586
0.86,0.94027114,-0.080271125
0.91,0.78826773,0.121732295
0.92,0.87167835,0.048321664
0.99,0.8619703,0.1280297
0.99,0.94301414,0.046985865
0.97,0.92305005,0.046949983
0.86,0.9030347,-0.043034673
0.84,0.7933216,0.046678364
0.89,0.7896962,0.10030377
0.96,0.84183085,0.11816913
0.89,0.9136673,-0.023667336
0.7,0.8198184,-0.11981839
0.65,0.6426337,0.0073662996
0.79,0.6187508,0.17124921
0.98,0.76891506,0.21108496
0.95,0.93141675,0.018583238
0.78,0.8745923,-0.09459233
0.8,0.7107154,0.0892846
0.92,0.7678362,0.1521638
0.96,0.88448083,0.075519145
0.97,0.9070146,0.06298542
0.85,0.9142823,-0.0642823
0.93,0.7742083,0.1557917
0.67,0.8939631,-0.22396308
0.21,0.6011102,-0.39111024
0.3,0.17072032,0.12927969
0.25,0.3137589,-0.06375891
0.45,0.24425367,0.20574632
0.59,0.43210837,0.1578916
0.31,0.5655854,-0.25558537
0.08,0.28970715,-0.20970716
0.04,0.06791942,-0.02791942
0.01,0.032129668,-0.022129668
0.01,0.0,0.01
0.01,0.0,0.01
0.01,0.0034545157,0.006545484
0.01,0.0152806565,-0.0052806567
0.01,0.0,0.01
0.01,0.0,0.01
0.01,0.0,0.01
0.02,0.022146948,-0.0021469481
0.06,0.05049099,0.009509008
0.13,0.07768366,0.052316338
0.2,0.14742367,0.052576333
0.24,0.21394736,0.026052639
0.24,0.25060084,-0.01060085
0.21,0.24517009,-0.035170093
0.18,0.2170017,-0.0370017
