actual,prediction,error
0.44,0.41862258,0.021377414
0.4,0.4262346,-0.026234597
0.4,0.37424257,0.025757432
0.39,0.38015404,0.009845942
0.22,0.36209124,-0.14209124
0.11,0.19464652,-0.08464652
0.09,0.105449006,-0.015449002
0.12,0.08051797,0.039482027
0.07,0.11911054,-0.04911054
0.06,0.0517323,0.008267697
0.08,0.07028883,0.009711169
0.03,0.07962168,-0.04962168
0.01,0.027988862,-0.017988862
0.01,0.007627288,0.002372712
0.01,0.0,0.01
0.01,0.0,0.01
0.01,0.004205812,0.005794188
0.01,0.00880003,0.00119997
0.01,0.013371817,-0.003371817
0.01,0.0065777283,0.0034222715
0.01,0.0024893004,0.0075106993
0.01,0.011842091,-0.0018420909
0.01,0.0,0.01
0.01,0.012680559,-0.0026805596
0.01,0.0,0.01
0.01,0.008402515,0.0015974846
0.07,0.0027224105,0.06727759
0.08,0.064806305,0.015193693
0.1,0.0790147,0.020985298
0.09,0.096023135,-0.0060231313
0.09,0.0951426,-0.0051425993
0.06,0.09610134,-0.036101345
0.05,0.047474846,0.0025251545
0.21,0.04762315,0.16237685
0.8,0.22547506,0.57452494
0.87,0.7630576,0.106942415
0.83,0.87585306,-0.04585308
0.86,0.83482915,0.025170863
0.88,0.82343674,0.05656326
0.72,0.8204378,-0.10043776
0.55,0.694631,-0.14463097
0.62,0.5244038,0.095596194
0.68,0.59933555,0.080664456
0.8,0.63875574,0.16124427
0.65,0.7702905,-0.12029052
0.51,0.618578,-0.10857803
0.55,0.49184564,0.058154374
0.61,0.5198199,0.0901801
0.8,0.57387996,0.22612005
0.86,0.7578778,0.10212219
0.76,0.81150895,-0.051508963
0.81,0.6899357,0.12006432
0.86,0.776538,0.083462
0.64,0.80554473,-0.16554475
0.75,0.59444463,0.15555537
0.36,0.7312449,-0.3712449
0.4,0.3100261,0.0899739
0.38,0.4105195,-0.030519515
0.55,0.36894113,0.18105888
0.37,0.5436269,-0.1736269
0.4,0.34322774,0.05677226
0.53,0.40777785,0.122222126
0.62,0.50751024,0.11248976
0.68,0.58173066,0.09826934
0.51,0.6578941,-0.14789408
0.65,0.472125,0.17787498
0.45,0.6265294,-0.17652941
0.62,0.3995071,0.2204929
0.41,0.61042756,-0.20042756
0.24,0.36130223,-0.12130223
0.39,0.2359473,0.15405269
0.42,0.37458667,0.045413315
0.48,0.41692212,0.06307787
0.42,0.4593116,-0.039311618
0.43,0.41163194,0.018368065
0.43,0.4039541,0.026045918
0.36,0.41646475,-0.05646473
0.33,0.31232035,0.017679662
0.31,0.31315783,-0.0031578243
0.31,0.2835065,0.02649349
0.31,0.29306608,0.016933918
0.24,0.30652663,-0.06652664
0.23,0.22405438,0.005945623
0.13,0.23559217,-0.10559218
0.0,0.1095398,-0.1095398
0.01,0.015824424,-0.0058244243
0.01,0.0068896655,0.0031103343
0.01,0.0023892075,0.0076107923
0.01,0.0,0.01
0.01,0.019928612,-0.009928612
0.01,0.021531546,-0.011531547
0.01,0.018832814,-0.008832814
0.01,0.0066162897,0.00338371
0.01,0.0,0.01
0.01,0.009346757,0.0006532427
0.01,0.022510216,-0.012510216
0.05,0.0010965113,0.048903488
0.09,0.039872482,0.05012752
0.15,0.0940066,0.055993408
0.19,0.1507351,0.039264902
0.26,0.20945123,0.050548762
0.22,0.27301252,-0.05301252
0.2,0.21649499,-0.01649499
0.07,0.20129836,-0.13129836
0.01,0.078887194,-0.0688872
0.01,0.013958486,-0.003958486
0.01,0.0,0.01
0.03,0.018915245,0.011084754
0.01,0.027396224,-0.017396225
0.01,0.021537278,-0.011537278
0.01,0.018212631,-0.008212632
0.01,0.014355865,-0.0043558655
0.01,0.0017130971,0.008286903
0.01,0.017835982,-0.007835982
0.01,0.0072410405,0.0027589593
0.01,0.0,0.01
0.01,0.011155974,-0.0011559743
0.01,0.013574559,-0.0035745595
0.01,0.021667032,-0.011667032
0.04,0.011035904,0.028964095
0.11,0.03957159,0.07042841
0.17,0.11348384,0.056516163
0.13,0.18987556,-0.059875563
0.13,0.12715565,0.0028443485
0.15,0.14974374,0.00025627017
0.14,0.14588085,-0.0058808476
0.12,0.1480649,-0.0280649
0.12,0.114807695,0.005192302
0.12,0.120600775,-0.00060077757
0.13,0.1305318,-0.00053180754
0.14,0.13565288,0.0043471158
0.17,0.15538393,0.014616072
0.17,0.17923158,-0.009231582
0.15,0.16982822,-0.019828215
0.14,0.15545866,-0.015458658
0.24,0.13337141,0.10662858
0.26,0.24280761,0.017192379
0.29,0.2549102,0.03508979
0.33,0.29489613,0.035103887
0.46,0.3297619,0.13023812
0.34,0.45402634,-0.11402634
0.45,0.32850122,0.12149876
0.43,0.4406469,-0.01064688
0.7,0.41790873,0.28209126
0.72,0.69202745,0.027972579
0.62,0.7067155,-0.08671552
0.8,0.58573794,0.21426207
0.93,0.7804692,0.14953083
0.82,0.8700267,-0.050026715
0.81,0.7736074,0.03639263
0.8,0.7819669,0.018033087
0.82,0.75019073,0.06980926
0.83,0.76946795,0.060532033
0.73,0.79636264,-0.06636262
0.77,0.68249756,0.08750242
0.81,0.7418965,0.06810349
0.86,0.7482505,0.11174953
0.88,0.8234643,0.05653572
0.88,0.8235442,0.05645579
0.77,0.83148324,-0.061483264
0.81,0.7142577,0.095742285
0.91,0.7765063,0.13349372
0.95,0.8587745,0.091225505
0.95,0.8886938,0.06130618
0.88,0.8862572,-0.0062571764
0.94,0.82598436,0.11401564
0.79,0.8910521,-0.101052105
0.8,0.7352413,0.06475872
0.81,0.77055717,0.039442837
0.71,0.7582453,-0.04824531
0.71,0.6618532,0.048146784
0.84,0.6718981,0.16810185
0.84,0.8030442,0.036955774
0.75,0.7777155,-0.027715504
0.87,0.70280814,0.16719186
0.83,0.82707775,0.002922237
0.86,0.77339613,0.08660388
0.85,0.80547833,0.04452169
0.75,0.79609424,-0.04609424
0.76,0.69767845,0.062321544
0.63,0.71943885,-0.089438856
0.57,0.5829724,-0.0129724145
0.7,0.5307603,0.1692397
0.57,0.6705884,-0.10058838
0.64,0.51621807,0.12378192
0.63,0.61514914,0.014850855
0.56,0.5888542,-0.028854191
0.59,0.52390563,0.06609434
0.67,0.5573417,0.11265832
0.73,0.63056993,0.099430084
0.55,0.686644,-0.136644
0.63,0.49704924,0.13295075
0.72,0.60417235,0.11582768
0.78,0.67314506,0.106854916
0.74,0.7362948,0.0037052035
0.72,0.6959129,0.024087131
0.82,0.6808531,0.13914686
0.78,0.7678795,0.012120485
0.71,0.7306073,-0.020607293
0.52,0.6642114,-0.14421141
0.05,0.48313844,-0.43313843
0.01,0.04459226,-0.034592263
0.16,0.05035559,0.109644406
0.21,0.17543064,0.034569353
0.16,0.21286394,-0.05286394
0.21,0.14627446,0.06372553
0.15,0.23657535,-0.086575344
0.16,0.1544552,0.0055447966
0.21,0.15337865,0.056621343
0.21,0.21292363,-0.0029236376
0.18,0.21137258,-0.031372577
0.15,0.16316679,-0.013166785
0.16,0.132857,0.027143002
0.12,0.16938749,-0.049387492
0.08,0.11719846,-0.03719846
0.08,0.07898837,0.0010116249
0.08,0.083075576,-0.0030755773
0.09,0.08148285,0.008517154
0.14,0.07971006,0.06028994
0.2,0.14552248,0.054477528
0.23,0.20727226,0.022727743
0.28,0.23062569,0.049374312
0.23,0.2686307,-0.03863071
0.26,0.2200557,0.03994429
0.3,0.23478658,0.06521343
0.32,0.30253157,0.017468423
0.23,0.32505235,-0.09505235
0.24,0.22106859,0.018931404
0.28,0.24872386,0.031276137
0.19,0.27502728,-0.08502728
0.16,0.18716685,-0.027166858
0.11,0.1621902,-0.0521902
0.1,0.1063212,-0.0063211992
0.08,0.0916823,-0.011682302
0.03,0.0656789,-0.0356789
0.01,0.046121843,-0.036121845
0.01,0.0152404485,-0.0052404488
0.01,0.0,0.01
0.01,0.00847945,0.0015205499
0.01,0.0151503235,-0.0051503237
0.02,0.009117587,0.010882413
0.01,0.024035616,-0.014035616
0.01,0.016416091,-0.0064160917
0.01,0.0100024,-2.4000183e-06
0.01,0.0039653946,0.006034605
0.01,0.022094745,-0.012094745
0.01,0.0028446969,0.007155303
0.01,0.0066471994,0.0033528004
0.01,0.009448309,0.00055169035
0.01,0.009812706,0.00018729363
0.01,0.012722714,-0.002722714
0.01,0.008911336,0.0010886639
0.01,0.006737956,0.003262044
0.01,0.0022800472,0.0077199526
0.01,0.0019915756,0.008008424
0.01,0.009011583,0.0009884164
0.01,0.006160138,0.0038398616
0.01,0.01903884,-0.0090388395
0.02,0.012540161,0.007459839
0.03,0.0051736645,0.024826335
0.01,0.022056546,-0.012056546
0.01,0.013588412,-0.003588412
0.01,0.015158979,-0.0051589794
0.01,0.005577119,0.0044228807
0.03,0.0077187214,0.022281278
0.1,0.027513808,0.07248619
0.05,0.09751822,-0.04751822
0.06,0.043518648,0.016481351
0.08,0.05835463,0.021645367
0.07,0.09122375,-0.021223746
0.09,0.06816653,0.021833472
0.17,0.0970267,0.0729733
0.17,0.18346885,-0.013468847
0.14,0.17173643,-0.031736434
0.24,0.14838873,0.091611266
0.42,0.24980795,0.17019203
0.51,0.43590495,0.07409504
0.43,0.52389055,-0.09389055
0.31,0.4147299,-0.10472989
0.53,0.30884555,0.22115442
0.55,0.521592,0.028407991
0.55,0.52387714,0.026122868
0.54,0.5234079,0.016592145
0.42,0.528566,-0.108566016
0.4,0.39287663,0.007123381
0.38,0.38332826,-0.0033282638
0.33,0.3711537,-0.0411537
0.31,0.31210947,-0.002109468
0.44,0.2926628,0.1473372
0.69,0.4267395,0.26326048
0.6,0.6884053,-0.08840525
0.64,0.5693499,0.0706501
0.56,0.61583316,-0.05583316
0.46,0.5240615,-0.06406149
0.69,0.4289819,0.2610181
0.69,0.6768194,0.0131806135
0.71,0.6454328,0.06456721
0.62,0.6740762,-0.054076195
0.4,0.58313686,-0.18313685
0.5,0.37388444,0.12611556
0.74,0.4932544,0.24674562
0.81,0.71287525,0.097124755
0.72,0.78045964,-0.060459614
0.83,0.68159604,0.14840394
0.71,0.78468966,-0.07468969
0.74,0.6510785,0.08892149
0.83,0.7041032,0.12589681
0.78,0.7877495,-0.0077495575
0.78,0.7258948,0.054105163
0.74,0.72628796,0.0137120485
0.64,0.69050545,-0.05050546
0.58,0.5985428,-0.018542826
0.56,0.5551254,0.004874587
0.55,0.534808,0.015192032
0.73,0.50887895,0.22112107
0.87,0.6928017,0.17719829
0.89,0.8242301,0.06576991
0.96,0.8451267,0.11487329
0.84,0.9053735,-0.06537354
0.85,0.77603424,0.07396579
0.93,0.803205,0.126795
0.92,0.87812686,0.041873157
0.92,0.85289663,0.067103386
0.9,0.8660507,0.033949256
0.84,0.8412442,-0.001244247
0.74,0.7919488,-0.051948786
0.72,0.6983547,0.021645308
0.59,0.68692815,-0.09692818
0.63,0.54628986,0.083710134
0.59,0.5986678,-0.008667827
0.64,0.5442316,0.09576839
0.7,0.60342777,0.09657222
0.73,0.6603915,0.06960851
0.79,0.68530524,0.10469478
0.75,0.7414576,0.0085424185
0.83,0.69601727,0.13398272
0.84,0.7809557,0.0590443
0.78,0.78512466,-0.005124688
0.52,0.7297331,-0.20973313
0.22,0.46980894,-0.24980894
0.24,0.20233205,0.037667945
0.3,0.24087156,0.05912845
0.24,0.2757545,-0.035754517
0.25,0.2238006,0.0261994
0.22,0.254784,-0.03478399
0.18,0.20791318,-0.027913168
0.17,0.17307995,-0.0030799508
0.13,0.16177516,-0.03177516
0.12,0.122302115,-0.0023021176
0.15,0.10778014,0.042219862
0.15,0.13596877,0.014031231
0.2,0.14085242,0.05914758
0.25,0.20504425,0.044955745
0.25,0.24070145,0.009298548
0.26,0.24905007,0.010949925
0.26,0.2697961,-0.009796113
0.28,0.25019604,0.029803962
0.25,0.27702254,-0.02702254
0.27,0.24392079,0.026079223
0.25,0.27310416,-0.023104161
0.23,0.23901416,-0.009014159
0.22,0.2205482,-0.0005481988
0.18,0.20906313,-0.02906312
0.11,0.16834493,-0.05834493
0.07,0.10729848,-0.03729848
0.09,0.07467004,0.015329964
0.11,0.082003556,0.027996443
0.1,0.107439555,-0.0074395537
0.1,0.09390518,0.006094821
0.13,0.10353622,0.026463777
0.18,0.1366521,0.04334791
0.21,0.17959571,0.030404285
0.24,0.20830227,0.03169772
0.27,0.24154007,0.028459936
0.33,0.2778805,0.052119523
0.41,0.325781,0.08421901
0.33,0.40323523,-0.073235214
0.38,0.31467414,0.065325856
0.46,0.38139445,0.07860556
0.4,0.44162962,-0.041629612
0.32,0.37225884,-0.05225885
0.32,0.31193352,0.008066475
0.25,0.3146175,-0.064617515
0.11,0.23287857,-0.12287857
0.1,0.115457445,-0.015457444
0.12,0.11271644,0.007283561
0.08,0.112594135,-0.032594137
0.07,0.06784782,0.0021521822
0.1,0.070241794,0.029758207
0.1,0.11470798,-0.014707975
0.07,0.09716618,-0.02716618
0.05,0.060991786,-0.010991786
0.03,0.05295618,-0.02295618
0.05,0.028324706,0.021675294
0.05,0.036862157,0.013137843
0.09,0.04966268,0.040337324
0.09,0.10182929,-0.011829287
0.08,0.08023025,-0.00023025274
0.08,0.08006774,-6.774068e-05
0.06,0.090838015,-0.030838016
0.07,0.063663654,0.0063363463
0.05,0.06394865,-0.013948653
0.03,0.059216373,-0.029216373
0.02,0.02256114,-0.0025611408
0.02,0.017368572,0.0026314277
0.01,0.020071032,-0.010071032
0.01,0.008217262,0.0017827377
0.0,0.003077466,-0.003077466
0.01,0.0,0.01
0.0,0.008270215,-0.008270215
0.01,0.0015897956,0.008410204
0.01,0.012134498,-0.0021344982
0.01,0.011148829,-0.0011488292
0.02,0.004958125,0.015041875
0.01,0.006256056,0.0037439438
0.06,0.008084437,0.051915564
0.07,0.06302564,0.006974362
0.09,0.067676336,0.022323668
0.12,0.09726973,0.022730269
0.15,0.12711498,0.022885025
0.16,0.15192445,0.00807555
0.25,0.15960726,0.09039274
0.14,0.25920218,-0.11920218
0.19,0.13400872,0.055991277
0.17,0.20602725,-0.036027253
0.16,0.17593409,-0.015934095
0.21,0.16664878,0.043351218
0.18,0.21684073,-0.036840722
0.12,0.18722163,-0.067221634
0.16,0.1164104,0.0435896
0.2,0.16851403,0.031485975
0.14,0.19981661,-0.059816614
0.1,0.14242586,-0.042425863
0.11,0.10521107,0.0047889277
0.18,0.11448756,0.06551245
0.23,0.1828793,0.047120705
0.22,0.22857301,-0.008573011
0.2,0.22709031,-0.027090311
0.2,0.19292541,0.0070745945
0.38,0.2097928,0.1702072
0.19,0.38669118,-0.19669119
0.33,0.18201976,0.14798026
0.35,0.3431593,0.006840706
0.15,0.33864558,-0.18864557
0.01,0.13843821,-0.1284382
0.01,0.024826245,-0.014826246
0.04,0.032155797,0.007844202
0.59,0.019790594,0.5702094
0.51,0.57461953,-0.06461954
0.46,0.5196464,-0.059646398
0.48,0.47133133,0.008668661
0.48,0.44891426,0.03108573
0.58,0.449222,0.13077798
0.49,0.57500154,-0.08500153
0.44,0.47624135,-0.036241353
0.44,0.41540125,0.024598747
0.56,0.41825658,0.14174342
0.53,0.5486011,-0.01860112
0.58,0.50498986,0.07501012
0.48,0.5800393,-0.10003933
0.69,0.43502164,0.25497836
0.71,0.68912303,0.020876944
0.68,0.64476526,0.03523475
0.71,0.65085363,0.059146345
0.67,0.65545934,0.014540672
0.6,0.6305394,-0.030539393
0.53,0.55702245,-0.027022481
0.61,0.5081397,0.101860285
0.62,0.5800121,0.03998792
0.64,0.57884157,0.06115842
0.57,0.6085862,-0.0385862
0.58,0.5431742,0.036825776
0.64,0.55595577,0.08404422
0.7,0.5890981,0.11090189
0.68,0.6673727,0.012627304
0.69,0.624266,0.06573397
0.73,0.6629033,0.06709671
0.74,0.6656084,0.0743916
0.73,0.6978501,0.03214991
0.72,0.6875243,0.03247571
0.69,0.6905283,-0.00052827597
0.67,0.6367922,0.033207834
0.53,0.63112164,-0.101121664
0.3,0.48359755,-0.18359753
0.37,0.27591133,0.09408867
0.1,0.37360278,-0.27360278
0.13,0.07400116,0.055998832
0.06,0.1414421,-0.0814421
0.08,0.06350646,0.016493537
0.08,0.09839628,-0.01839628
0.05,0.06267167,-0.012671668
0.05,0.06150619,-0.011506189
0.03,0.029224776,0.0007752236
0.01,0.037673756,-0.027673757
0.04,0.004517356,0.035482645
0.03,0.049149312,-0.019149313
0.05,0.015648143,0.034351856
0.05,0.051358618,-0.0013586171
0.03,0.052854836,-0.022854837
0.02,0.01934159,0.00065840967
0.03,0.020942597,0.009057403
0.02,0.028024772,-0.008024773
0.02,0.015378097,0.0046219025
0.01,0.012041951,-0.0020419508
0.01,0.006120963,0.0038790368
0.01,0.0,0.01
0.0,0.01250013,-0.01250013
0.01,0.0,0.01
0.0,0.0032297205,-0.0032297205
0.01,0.0,0.01
0.01,0.0064715277,0.003528472
0.01,0.016720405,-0.006720405
0.01,0.0,0.01
0.01,0.008065558,0.0019344417
0.01,0.002045691,0.007954309
0.01,0.014847841,-0.0048478413
0.01,0.0043520983,0.0056479014
0.01,0.0136323385,-0.0036323387
0.01,0.0098917335,0.00010826625
0.01,0.011989135,-0.0019891355
0.01,0.002285786,0.007714214
0.01,0.01834606,-0.00834606
0.01,0.002254052,0.0077459477
0.01,0.009804765,0.00019523501
0.01,0.0036303308,0.006369669
0.02,0.008468476,0.011531523
0.02,0.011614474,0.008385526
0.09,0.022713782,0.06728622
0.17,0.09897947,0.07102053
0.13,0.17768481,-0.04768482
0.04,0.14096147,-0.10096147
0.04,0.036086738,0.003913261
0.03,0.054190032,-0.024190033
0.01,0.02191894,-0.01191894
0.01,0.019469494,-0.009469494
0.01,0.0062844716,0.0037155282
0.01,0.015034033,-0.005034033
0.01,0.0060020722,0.0039979275
0.01,0.021340635,-0.011340635
0.03,0.0057919603,0.024208039
0.09,0.02894879,0.061051212
0.11,0.07987681,0.03012319
0.04,0.12030115,-0.08030115
0.01,0.042108346,-0.032108344
0.04,0.005339004,0.034660995
0.1,0.042470217,0.057529785
0.1,0.10500975,-0.005009748
0.14,0.10641555,0.033584453
0.17,0.15278217,0.01721783
0.17,0.17556353,-0.0055635273
0.12,0.17944083,-0.05944083
0.13,0.13311501,-0.0031150132
0.13,0.1398073,-0.009807304
0.1,0.12617703,-0.026177026
0.08,0.093101785,-0.013101786
0.04,0.08309087,-0.043090872
0.02,0.043113254,-0.023113254
0.02,0.0250221,-0.005022101
0.02,0.015708921,0.004291078
0.01,0.01998937,-0.00998937
0.01,0.0039421376,0.006057862
0.0,0.0051607434,-0.0051607434
0.01,0.0,0.01
0.01,0.0020661708,0.007933829
0.01,0.010400507,-0.0004005069
0.01,0.007261757,0.002738243
0.01,0.0077200895,0.0022799103
0.01,9.3806535e-05,0.009906193
0.01,0.012451524,-0.0024515241
0.01,0.012815665,-0.0028156657
0.01,0.009576687,0.00042331312
0.01,0.007526445,0.0024735546
0.01,0.0059295446,0.004070455
0.01,0.0028207619,0.007179238
0.09,0.009258499,0.0807415
0.4,0.092167735,0.30783227
0.36,0.40907604,-0.04907602
0.22,0.36957353,-0.14957353
0.16,0.22568394,-0.065683946
0.17,0.162662,0.0073380023
0.11,0.1701829,-0.0601829
0.1,0.11186429,-0.01186429
0.04,0.11303667,-0.07303667
0.07,0.032196715,0.037803285
0.11,0.081265956,0.028734043
0.07,0.12318832,-0.053188317
0.1,0.0813926,0.0186074
0.16,0.11027993,0.049720064
0.12,0.15466511,-0.034665115
0.18,0.1276256,0.052374408
0.25,0.18267217,0.06732783
0.5,0.2510425,0.24895751
0.5,0.5096405,-0.009640515
0.47,0.5085613,-0.038561314
0.39,0.45563877,-0.06563878
0.39,0.3909436,-0.00094360113
0.38,0.37093186,0.009068131
0.47,0.37397796,0.09602204
0.41,0.4620124,-0.052012414
0.34,0.39828873,-0.058288723
0.24,0.3277435,-0.087743506
0.25,0.22167481,0.028325185
0.24,0.24459153,-0.0045915395
0.21,0.23314591,-0.023145914
0.48,0.20177658,0.2782234
0.53,0.49053344,0.03946653
0.48,0.5171598,-0.03715983
0.59,0.46345612,0.12654385
0.5,0.5791913,-0.07919133
0.46,0.4645157,-0.0045156777
0.47,0.42645806,0.043541938
0.43,0.45469454,-0.024694532
0.35,0.40147066,-0.051470667
0.33,0.3393795,-0.009379476
0.31,0.3089903,0.0010097027
0.34,0.31129307,0.028706938
0.29,0.33601913,-0.046019137
0.2,0.26348135,-0.063481346
0.31,0.18420143,0.12579857
0.32,0.30676442,0.013235569
0.45,0.2873748,0.1626252
0.56,0.4446621,0.11533791
0.83,0.5358458,0.29415417
0.72,0.8202175,-0.10021746
0.37,0.6806649,-0.3106649
0.04,0.33546335,-0.29546335
0.15,0.037936978,0.11206303
0.24,0.16877459,0.071225405
0.15,0.22830778,-0.07830778
0.47,0.15578869,0.3142113
0.6,0.45019075,0.14980927
0.75,0.58857745,0.16142255
0.8,0.76292074,0.037079275
0.67,0.7737991,-0.103799105
0.58,0.6321366,-0.0521366
0.53,0.53068584,-0.00068587065
0.51,0.48892736,0.021072626
0.51,0.47231773,0.037682265
0.36,0.4879582,-0.12795818
0.22,0.3188545,-0.09885451
0.23,0.22554785,0.004452154
0.38,0.24045105,0.13954894
0.27,0.37767556,-0.10767555
0.25,0.2508155,-0.00081551075
0.29,0.26077428,0.029225707
0.25,0.2896368,-0.03963679
0.08,0.22037716,-0.14037716
0.03,0.061461955,-0.031461954
0.09,0.038202412,0.05179759
0.03,0.073697895,-0.043697894
0.01,0.015739927,-0.0057399273
0.01,0.02087956,-0.010879559
0.0,0.013246809,-0.013246809
0.01,0.0,0.01
0.01,0.0138212545,-0.0038212547
0.01,0.03045094,-0.02045094
0.01,0.0,0.01
0.01,0.0,0.01
0.01,0.0,0.01
0.01,0.013311069,-0.0033110697
0.01,0.0071280897,0.00287191
0.01,0.010312242,-0.00031224266
0.0,0.0059526246,-0.0059526246
0.01,0.005556686,0.004443314
0.01,0.020785114,-0.010785114
0.01,0.00860359,0.0013964102
0.02,0.0012112465,0.018788753
0.03,0.0042889435,0.025711056
0.04,0.024639577,0.015360422
0.05,0.04085527,0.009144731
0.01,0.052092075,-0.042092077
0.01,0.0,0.01
0.0,0.0134395845,-0.0134395845
0.01,0.0027263537,0.007273646
0.0,0.018679539,-0.018679539
0.01,0.0009870492,0.009012951
0.01,0.0,0.01
0.01,0.008128732,0.0018712673
0.01,0.019611936,-0.009611936
0.01,0.0146546895,-0.0046546897
0.01,0.01083998,-0.0008399803
0.0,0.0072344244,-0.0072344244
0.01,0.0,0.01
0.01,0.010225654,-0.00022565387
0.02,0.0018638447,0.018136155
0.02,0.022373375,-0.002373375
0.01,0.012493512,-0.002493512
0.01,0.013480226,-0.0034802258
0.01,0.010910783,-0.0009107832
0.01,0.01137528,-0.0013752803
0.01,0.011870651,-0.0018706508
0.02,0.01570477,0.00429523
0.02,0.0059545506,0.014045449
0.01,0.014764972,-0.0047649723
0.0,0.010456929,-0.010456929
0.01,0.0,0.01
0.0,0.020216897,-0.020216897
0.01,0.00069782697,0.009302173
0.01,0.0068003256,0.0031996742
0.01,0.0036583021,0.0063416976
0.01,0.014881278,-0.0048812786
0.02,0.0049028527,0.015097147
0.01,0.030463064,-0.020463064
0.01,0.0038054567,0.006194543
0.07,0.00742813,0.06257187
0.05,0.067101605,-0.017101604
0.08,0.043587357,0.03641264
0.09,0.08757226,0.002427742
0.08,0.09150862,-0.011508621
0.08,0.09747799,-0.01747799
0.1,0.077625565,0.022374436
0.07,0.11548032,-0.04548032
0.09,0.06444129,0.02555871
0.14,0.09903915,0.04096085
0.12,0.14402975,-0.024029754
0.16,0.12852372,0.031476274
0.17,0.168133,0.0018669963
0.2,0.17823412,0.021765888
0.36,0.20042293,0.15957709
0.48,0.36592054,0.114079446
0.61,0.4761458,0.13385421
0.64,0.61077565,0.029224336
0.78,0.6177001,0.16229987
0.92,0.76984555,0.15015447
0.92,0.89228207,0.027717948
0.8,0.8653648,-0.06536478
0.86,0.76051974,0.09948027
0.97,0.8244619,0.14553815
0.97,0.9213269,0.048673153
0.95,0.9069092,0.04309076
0.97,0.9062407,0.06375933
0.96,0.91806674,0.04193324
0.96,0.90563715,0.054362833
0.93,0.9100191,0.019980907
0.8,0.87705076,-0.077050745
0.9,0.74366486,0.15633512
0.84,0.85931873,-0.01931876
0.96,0.77956903,0.18043095
0.97,0.9171238,0.052876234
0.97,0.9081391,0.06186092
0.97,0.91370285,0.056297183
0.97,0.91559243,0.054407597
0.97,0.9149731,0.05502695
0.97,0.912324,0.057676017
0.97,0.9137107,0.056289315
0.96,0.9104772,0.049522758
0.89,0.9035169,-0.013516903
0.86,0.83706534,0.022934675
0.66,0.81281835,-0.15281832
0.7,0.6110557,0.088944316
0.74,0.66721356,0.07278645
0.84,0.7022153,0.13778466
0.97,0.78547096,0.18452907
0.97,0.922806,0.047194004
0.97,0.89842284,0.07157719
0.97,0.91314876,0.056851268
0.97,0.9087174,0.061282635
0.91,0.91066813,-0.00066810846
0.71,0.84415466,-0.13415468
0.63,0.6579006,-0.027900577
0.52,0.5946909,-0.07469094
0.01,0.48764175,-0.47764176
0.01,0.013725074,-0.0037250742
0.01,0.06481418,-0.054814182
0.16,0.02539639,0.1346036
0.2,0.18901207,0.010987937
0.29,0.19790307,0.092096925
0.49,0.3191115,0.17088851
0.72,0.50511223,0.2148878
0.82,0.7067916,0.11320841
0.66,0.82555795,-0.16555792
0.39,0.6318083,-0.2418083
0.26,0.3427821,-0.08278212
0.54,0.2342435,0.3057565
0.61,0.53362525,0.07637477
0.83,0.5717986,0.25820136
0.81,0.8336835,-0.023683488
0.87,0.77377284,0.09622717
0.95,0.8602418,0.08975822
0.97,0.89698017,0.07301986
0.97,0.91329,0.056710005
0.97,0.89905983,0.0709402
0.97,0.89425766,0.075742364
0.97,0.8922936,0.077706456
0.97,0.9147036,0.05529642
0.95,0.90313494,0.046865046
0.87,0.90216196,-0.03216195
0.84,0.8276677,0.012332261
0.69,0.80102754,-0.11102754
0.54,0.65496397,-0.11496395
0.43,0.49644387,-0.06644386
0.28,0.4123818,-0.1323818
0.25,0.25895265,-0.008952647
0.23,0.24566941,-0.015669405
0.2,0.21139896,-0.011398956
0.17,0.18782441,-0.017824411
0.17,0.16461796,0.005382046
0.25,0.18043448,0.06956552
0.47,0.24597368,0.22402632
0.52,0.46877158,0.051228404
0.59,0.51975894,0.070241034
0.34,0.573421,-0.233421
0.17,0.30384257,-0.13384257
0.32,0.15702267,0.16297732
0.51,0.30982918,0.20017081
0.45,0.4879607,-0.03796071
0.32,0.45122623,-0.13122624
0.46,0.3205235,0.13947651
0.46,0.46423456,-0.0042345524
0.5,0.42481422,0.075185776
0.42,0.48697525,-0.066975266
0.49,0.4049235,0.08507651
0.68,0.46443018,0.21556982
0.55,0.63453203,-0.08453202
0.4,0.50112224,-0.10112223
0.33,0.37375534,-0.043755323
0.19,0.32158655,-0.13158655
0.15,0.16611782,-0.016117811
0.14,0.1506996,-0.0106996
0.16,0.14877178,0.011228219
0.14,0.15481016,-0.01481016
0.08,0.13709602,-0.05709602
0.07,0.093949646,-0.023949645
0.1,0.075486474,0.024513528
0.07,0.09380399,-0.023803987
0.09,0.055455565,0.034544438
0.11,0.10098855,0.009011447
0.04,0.11799347,-0.07799347
0.01,0.02263651,-0.012636511
0.01,0.003432339,0.0065676607
0.02,0.012940982,0.007059017
0.02,0.021604966,-0.0016049668
0.01,0.018394394,-0.008394394
0.02,0.0118796285,0.008120371
0.01,0.027454741,-0.017454742
0.01,0.0,0.01
0.01,0.019866543,-0.009866543
0.01,0.003232414,0.006767586
0.01,0.0,0.01
0.01,0.0,0.01
0.01,0.021087376,-0.011087377
0.01,0.013718324,-0.003718324
0.01,0.014414273,-0.0044142734
0.01,0.0,0.01
0.01,0.012477126,-0.0024771262
0.01,0.0,0.01
0.0,0.01782912,-0.01782912
0.01,0.0,0.01
0.01,0.0016207825,0.008379217
0.01,0.008704889,0.0012951111
0.01,0.009279696,0.0007203035
0.01,0.008144744,0.001855256
0.01,0.010370413,-0.00037041306
0.01,0.011124769,-0.0011247694
0.01,0.0035705436,0.006429456
0.01,0.0144956615,-0.0044956617
0.0,0.009212969,-0.009212969
0.01,0.0,0.01
0.01,0.011297839,-0.001297839
0.01,0.013093876,-0.003093876
0.02,0.00912294,0.01087706
0.03,0.012344695,0.017655306
0.01,0.025526859,-0.015526859
0.03,0.01619443,0.01380557
0.01,0.025362084,-0.015362084
0.17,0.0079148095,0.16208519
0.1,0.19842476,-0.098424755
0.14,0.08909674,0.05090326
0.27,0.15709762,0.11290239
0.08,0.25984424,-0.17984425
0.03,0.075992756,-0.045992754
0.1,0.040727034,0.059272967
0.1,0.10767874,-0.0076787397
0.2,0.09751375,0.10248625
0.21,0.20868216,0.0013178289
0.19,0.20545924,-0.0154592395
0.22,0.2079192,0.0120808035
0.19,0.225543,-0.03554301
0.29,0.18862884,0.101371154
0.32,0.30477834,0.015221655
0.34,0.3103218,0.029678196
0.43,0.32688844,0.103111565
0.49,0.42247903,0.067520976
0.41,0.4776123,-0.06761229
0.42,0.38474,0.035259992
0.36,0.42302576,-0.06302574
0.26,0.33857977,-0.07857978
0.24,0.2560402,-0.016040191
0.22,0.22500792,-0.0050079226
0.25,0.21655582,0.03344418
0.26,0.24575044,0.014249548
0.16,0.25103903,-0.09103903
0.07,0.15665297,-0.08665297
0.09,0.062061653,0.027938351
0.13,0.0923613,0.037638694
0.12,0.124622,-0.004622005
0.09,0.12036703,-0.030367024
0.08,0.087873966,-0.007873967
0.06,0.07420258,-0.014202584
0.06,0.057275772,0.0027242266
0.08,0.061736748,0.01826325
0.16,0.08224187,0.077758126
0.05,0.1708711,-0.1208711
0.05,0.028738786,0.021261215
0.06,0.061222628,-0.0012226291
0.06,0.066908576,-0.006908577
0.04,0.0631356,-0.023135602
0.04,0.029460086,0.010539914
0.03,0.04471759,-0.014717592
0.02,0.015278632,0.0047213677
0.04,0.0075943936,0.032405607
0.04,0.050404087,-0.010404088
0.16,0.035770923,0.12422907
0.59,0.160273,0.42972696
0.73,0.5812763,0.14872372
0.64,0.7439615,-0.10396153
0.67,0.6372743,0.03272569
0.67,0.64765,0.022350013
0.61,0.63077044,-0.02077043
0.59,0.5873718,0.0026281476
0.61,0.5670843,0.042915702
0.63,0.5857887,0.04421127
0.38,0.59691167,-0.21691167
0.23,0.34882545,-0.11882545
0.24,0.23007612,0.009923875
0.29,0.24029554,0.049704447
0.26,0.2604482,-0.00044819713
0.29,0.24359141,0.04640858
0.29,0.2867178,0.0032821894
0.27,0.27043393,-0.0004339218
0.24,0.2534874,-0.0134874135
0.03,0.22445685,-0.19445685
0.09,0.03188943,0.058110572
0.11,0.08316433,0.026835673
0.09,0.092775375,-0.002775371
0.08,0.11512103,-0.03512103
0.05,0.078162014,-0.028162014
0.07,0.07121032,-0.001210317
0.01,0.070730306,-0.06073031
0.0,0.0055904714,-0.0055904714
0.01,0.004552653,0.0054473467
0.01,0.011286511,-0.0012865113
0.01,0.0,0.01
0.01,0.010455699,-0.00045569893
0.0,0.0018226411,-0.0018226411
0.01,0.0,0.01
0.01,0.006991866,0.0030081337
0.01,0.011890309,-0.0018903092
0.01,0.0,0.01
0.01,0.0,0.01
0.01,0.021822447,-0.011822447
0.01,0.0,0.01
0.01,0.0,0.01
0.01,0.01411166,-0.0041116606
0.01,0.012499614,-0.002499614
0.01,0.0028208345,0.0071791653
0.01,0.0,0.01
0.01,0.019008465,-0.009008465
0.01,0.0062916856,0.0037083142
0.01,0.0026160069,0.007383993
0.01,0.006112488,0.0038875118
0.01,0.0068494314,0.0031505683
0.01,0.009249248,0.00075075217
0.01,0.0039165337,0.006083466
0.05,0.0035207663,0.046479233
0.12,0.04916973,0.07083027
0.11,0.1202278,-0.010227799
0.13,0.1161847,0.013815299
0.14,0.13633235,0.0036676526
0.12,0.15222648,-0.03222648
0.08,0.12589912,-0.045899123
0.07,0.08325295,-0.013252951
0.07,0.07736943,-0.007369429
0.08,0.06973772,0.010262281
0.06,0.08717562,-0.027175624
0.18,0.056425735,0.12357427
0.2,0.19548093,0.004519075
0.26,0.20397379,0.056026205
0.28,0.2641478,0.015852213
0.23,0.2880801,-0.058080092
0.25,0.22500817,0.024991825
0.3,0.2518417,0.048158318
0.4,0.29063943,0.109360576
0.41,0.40272886,0.007271141
0.41,0.39645615,0.013543844
0.38,0.3997662,-0.019766212
0.35,0.37513003,-0.025130033
0.32,0.34225768,-0.022257686
0.32,0.30847967,0.011520326
0.27,0.31648508,-0.046485066
0.29,0.24288519,0.047114804
0.26,0.28716773,-0.027167737
0.29,0.24255928,0.047440708
0.29,0.2886716,0.0013283789
0.24,0.27954698,-0.03954698
0.28,0.22909105,0.050908953
0.26,0.2760542,-0.016054213
0.24,0.24865115,-0.008651152
0.19,0.225451,-0.035450995
0.32,0.18755905,0.13244094
0.24,0.32460788,-0.084607884
0.27,0.21961428,0.05038573
0.2,0.274696,-0.07469599
0.15,0.18517843,-0.035178423
0.25,0.15976308,0.09023692
0.18,0.24363649,-0.06363648
0.13,0.18263198,-0.05263199
0.17,0.11848331,0.05151669
0.07,0.18562466,-0.11562466
0.05,0.058155067,-0.0081550665
0.08,0.05374018,0.026259817
0.08,0.080430545,-0.0004305467
0.1,0.08147927,0.018520735
0.06,0.09347211,-0.03347211
0.09,0.058633015,0.03136699
0.03,0.10428189,-0.074281886
0.02,0.022830667,-0.0028306674
0.02,0.027216868,-0.007216869
0.02,0.0,0.02
0.02,0.024476236,-0.004476236
0.01,0.0025227685,0.0074772313
0.02,0.015423769,0.0045762304
0.02,0.01312332,0.006876679
0.01,0.014870558,-0.004870558
0.01,0.018861117,-0.008861117
0.01,0.0070715696,0.0029284302
0.03,0.0,0.03
0.01,0.019254055,-0.009254055
0.01,0.011541229,-0.001541229
0.02,0.004634803,0.015365196
0.01,0.01117746,-0.00117746
0.01,0.0012444891,0.008755511
0.01,0.014745799,-0.004745799
0.0,0.007900324,-0.007900324
0.01,0.003835572,0.006164428
0.02,0.0,0.02
0.03,0.026167914,0.003832085
0.05,0.02355255,0.02644745
0.03,0.047363985,-0.017363986
0.02,0.02315269,-0.0031526908
0.01,0.014664926,-0.004664926
0.01,0.015305128,-0.005305128
0.01,0.0032524727,0.006747527
0.01,0.0075469837,0.0024530161
0.01,0.008603241,0.0013967585
0.01,0.01226916,-0.00226916
0.01,0.0042196643,0.0057803355
0.0,0.016638696,-0.016638696
0.01,0.0,0.01
0.01,0.005654389,0.0043456107
0.01,0.0011416879,0.008858312
0.01,0.012780026,-0.0027800258
0.01,0.0061544534,0.0038455464
0.01,0.015669761,-0.0056697614
0.01,0.0042054746,0.005794525
0.01,0.011023849,-0.0010238495
0.01,0.0032122806,0.006787719
0.01,0.0085018175,0.0014981823
0.01,0.008184295,0.0018157046
0.01,0.0049124714,0.0050875284
0.01,0.015734013,-0.0057340134
0.01,0.0025961716,0.007403828
0.01,0.0056304736,0.004369526
0.01,0.008345509,0.0016544908
0.01,0.0045141857,0.005485814
0.01,0.0075694416,0.0024305582
0.01,0.009396616,0.0006033834
0.01,0.0010995809,0.008900419
0.01,0.013942149,-0.0039421488
0.01,0.0039785393,0.0060214605
0.01,0.0077857785,0.0022142213
0.01,0.0066458294,0.0033541704
0.01,0.00997179,2.820976e-05
0.01,0.004818881,0.005181119
0.01,0.009763066,0.00023693405
0.01,0.007475135,0.0025248649
0.01,0.002412198,0.0075878017
0.01,0.0110009285,-0.0010009287
0.05,0.0043822527,0.045617748
0.18,0.05130678,0.12869322
0.67,0.19414307,0.47585696
0.83,0.65760523,0.17239475
0.95,0.82228756,0.12771243
0.98,0.93970746,0.04029256
0.91,0.9415522,-0.031552196
0.85,0.85864896,-0.008648932
0.87,0.81527865,0.054721355
0.97,0.839507,0.13049304
0.97,0.9217934,0.048206627
0.96,0.90855384,0.05144614
0.94,0.9092947,0.030705273
0.9,0.90226,-0.0022600293
0.95,0.86100733,0.088992655
0.97,0.9035615,0.066438556
0.97,0.91529256,0.054707468
0.85,0.89688283,-0.04688281
0.82,0.79552066,0.02447933
0.79,0.77169144,0.01830858
0.83,0.748886,0.081113994
0.91,0.7855809,0.12441915
0.88,0.8654272,0.014572799
0.93,0.82221806,0.10778195
0.97,0.88588715,0.08411288
0.97,0.9129896,0.057010412
0.97,0.91449547,0.05550456
0.94,0.9139825,0.026017487
0.9,0.8821385,0.017861485
0.93,0.8447704,0.085229635
0.92,0.8789945,0.041005492
0.91,0.8625807,0.04741931
0.94,0.8548845,0.08511549
0.94,0.8878802,0.05211979
0.94,0.8830519,0.056948125
0.95,0.88869405,0.06130594
0.94,0.89358467,0.04641533
0.97,0.8801779,0.08982211
0.97,0.9102275,0.05977255
0.96,0.91000044,0.049999535
0.97,0.9015004,0.068499625
0.97,0.91089004,0.059109986
0.97,0.9109838,0.059016228
0.97,0.91354287,0.056457162
0.97,0.9098125,0.06018752
0.96,0.9148578,0.045142174
0.97,0.90190434,0.068095684
0.97,0.9130893,0.056910753
0.97,0.9112377,0.058762312
0.97,0.91156167,0.05843836
0.95,0.91037077,0.03962922
0.97,0.89232624,0.07767379
0.97,0.91377753,0.0562225
0.95,0.91047835,0.039521635
0.94,0.89229304,0.04770696
0.93,0.8842975,0.045702517
0.97,0.87510055,0.094899476
0.97,0.9144986,0.0555014
0.93,0.9098114,0.02018863
0.96,0.8712318,0.088768184
0.9,0.9064871,-0.006487131
0.96,0.84157884,0.11842114
0.9,0.91007507,-0.010075092
0.95,0.8401816,0.1098184
0.94,0.8982035,0.041796505
0.95,0.8798418,0.07015818
0.95,0.89265764,0.05734235
0.95,0.8943981,0.055601895
0.93,0.89174926,0.038250744
0.95,0.8729848,0.07701516
0.93,0.89593875,0.034061253
0.94,0.8710028,0.068997204
0.83,0.884958,-0.054958045
0.72,0.77514815,-0.055148125
0.71,0.67450404,0.035495937
0.63,0.67479736,-0.04479736
0.45,0.5815653,-0.13156533
0.6,0.4135276,0.18647242
0.33,0.5824435,-0.25244346
0.41,0.2870919,0.122908086
0.39,0.4083661,-0.018366128
0.29,0.3671306,-0.077130616
0.33,0.2690427,0.060957313
0.2,0.31585208,-0.11585207
0.15,0.17981528,-0.029815271
0.16,0.14052556,0.019474432
0.11,0.16060455,-0.050604552
0.09,0.09228489,-0.0022848845
0.07,0.09121342,-0.02121342
0.01,0.06716411,-0.05716411
0.09,0.0,0.09
0.11,0.094773605,0.015226394
0.07,0.10144115,-0.031441152
0.04,0.07284782,-0.03284782
0.02,0.031155488,-0.011155488
0.02,0.017294383,0.0027056169
0.0,0.005226681,-0.005226681
0.02,0.007844774,0.0121552255
0.01,0.012447481,-0.0024474813
0.01,0.0042663813,0.0057336185
0.01,0.008879641,0.0011203587
0.0,0.009371635,-0.009371635
0.01,0.0011651572,0.008834843
0.01,0.0011625197,0.00883748
0.01,0.003186753,0.0068132468
0.01,0.0,0.01
0.01,0.0071822135,0.0028177863
0.0,0.004827762,-0.004827762
0.03,0.0,0.03
0.04,0.021831928,0.018168071
0.03,0.030472018,-0.0004720185
0.03,0.030055877,-5.5877492e-05
0.04,0.022769375,0.017230624
0.03,0.035820715,-0.005820716
0.05,0.032829233,0.017170768
0.03,0.04467605,-0.014676051
0.03,0.023366705,0.0066332947
0.02,0.02961622,-0.00961622
0.04,0.011361914,0.028638085
0.03,0.044978797,-0.014978798
0.11,0.024096359,0.085903645
0.16,0.12378384,0.036216155
0.17,0.16867001,0.0013299882
0.19,0.18366544,0.006334558
0.17,0.19351389,-0.023513883
0.19,0.17351551,0.016484484
0.16,0.196378,-0.036377996
0.14,0.1561173,-0.016117305
0.15,0.15542795,-0.0054279417
0.14,0.15073483,-0.010734826
0.17,0.1437552,0.026244804
0.15,0.18188201,-0.031882003
0.14,0.15665437,-0.016654372
0.13,0.14638355,-0.016383559
0.09,0.13364877,-0.043648764
0.09,0.08633527,0.003664732
0.1,0.098517805,0.0014821962
0.09,0.09608655,-0.006086543
0.05,0.09186813,-0.04186813
0.04,0.051432513,-0.011432514
0.02,0.034744486,-0.014744487
0.01,0.025863502,-0.015863502
0.01,0.0022651441,0.0077348556
0.01,0.010833228,-0.00083322823
0.01,0.008031839,0.0019681612
0.01,0.005472997,0.0045270026
0.01,0.00773268,0.0022673197
0.0,0.008825684,-0.008825684
0.01,0.0,0.01
0.01,0.008512419,0.0014875811
0.17,0.0069414005,0.16305861
0.26,0.19013144,0.06986855
0.2,0.27131498,-0.071314976
0.13,0.2072518,-0.07725181
0.05,0.13522126,-0.08522126
0.04,0.061462156,-0.021462157
0.02,0.033545174,-0.013545174
0.01,0.023085155,-0.013085155
0.01,0.008424601,0.0015753992
0.01,0.008045853,0.0019541467
0.01,0.016654367,-0.006654367
0.01,0.023393854,-0.013393855
0.01,0.014168828,-0.004168828
0.01,0.0,0.01
0.01,0.010393759,-0.00039375946
0.01,0.0,0.01
0.01,0.010116636,-0.000116636045
0.03,0.008645212,0.021354787
0.01,0.032721646,-0.022721646
0.0,0.010292203,-0.010292203
0.01,0.0,0.01
0.01,0.0077736787,0.002226321
0.01,0.013644115,-0.0036441153
0.04,0.008287566,0.031712435
0.04,0.047648948,-0.0076489486
0.02,0.031985737,-0.011985738
0.01,0.012492376,-0.0024923766
0.0,0.005468144,-0.005468144
0.01,0.0,0.01
0.01,0.008815365,0.0011846349
0.01,0.013475418,-0.0034754183
0.01,0.009192466,0.000807534
0.01,0.004489839,0.0055101607
0.01,0.012540156,-0.0025401562
0.01,0.01420741,-0.00420741
0.01,0.0072540194,0.0027459804
0.03,0.0,0.03
0.13,0.023060758,0.10693924
0.14,0.14506137,-0.005061373
0.09,0.15010333,-0.060103327
0.07,0.088939846,-0.018939845
0.03,0.08054708,-0.05054708
0.03,0.025736267,0.0042637326
0.04,0.026749965,0.013250034
0.07,0.04121902,0.028780982
0.04,0.06571876,-0.025718763
0.03,0.0310129,-0.0010129008
0.04,0.0350798,0.0049201995
0.04,0.04068383,-0.0006838292
0.04,0.03966839,0.00033161044
0.05,0.032379404,0.017620597
0.09,0.049300116,0.040699888
0.11,0.094664134,0.015335865
0.09,0.10979528,-0.019795276
0.12,0.09205193,0.027948067
0.1,0.13214578,-0.032145776
0.1,0.0969091,0.0030909032
0.14,0.10307516,0.03692484
0.13,0.14895312,-0.01895313
0.16,0.13674198,0.023258016
0.18,0.17125268,0.008747324
0.13,0.18658441,-0.056584418
0.1,0.13143896,-0.031438954
0.09,0.09566741,-0.0056674033
0.07,0.08485869,-0.014858693
0.01,0.06409576,-0.05409576
0.04,0.008589776,0.031410225
0.03,0.04147769,-0.011477692
0.02,0.01980998,0.00019001961
0.01,0.02017978,-0.01017978
0.01,0.008214949,0.0017850511
0.0,0.008181847,-0.008181847
0.0,0.0,0.0
0.01,0.0,0.01
0.01,0.006149348,0.003850652
0.02,0.0070396774,0.012960322
0.03,0.015699007,0.014300993
0.02,0.028736945,-0.008736946
0.05,0.014247613,0.035752386
0.04,0.044664934,-0.004664935
0.04,0.0357812,0.004218798
0.12,0.047424857,0.07257514
0.15,0.123850495,0.026149511
0.09,0.15384956,-0.06384955
0.3,0.09211455,0.20788546
0.42,0.30257374,0.11742625
0.52,0.42472476,0.09527522
0.41,0.52514434,-0.11514434
0.53,0.406536,0.12346396
0.33,0.5254135,-0.1954135
0.52,0.306024,0.213976
0.65,0.5253702,0.124629796
0.45,0.63293666,-0.18293667
0.73,0.4147297,0.3152703
0.56,0.71116316,-0.15116316
0.9,0.51541036,0.3845896
0.66,0.9189219,-0.25892186
0.81,0.6208664,0.18913358
0.69,0.7902629,-0.10026288
0.72,0.63726807,0.08273196
0.66,0.6957093,-0.035709262
0.6,0.61473304,-0.0147330165
0.82,0.58337057,0.23662943
0.92,0.7906863,0.1293137
0.97,0.86961216,0.10038787
0.97,0.93865746,0.031342566
0.97,0.9205816,0.04941845
0.97,0.9108323,0.059167743
0.89,0.90884453,-0.018844545
0.97,0.8443793,0.12562072
0.97,0.91263855,0.057361484
0.97,0.9148469,0.05515313
0.97,0.89721894,0.072781086
0.97,0.9300334,0.039966643
0.97,0.90307426,0.066925764
0.97,0.92961824,0.04038179
0.96,0.89979875,0.060201228
0.97,0.9148511,0.0551489
0.95,0.90453935,0.04546064
0.96,0.9004271,0.059572875
0.97,0.8975128,0.072487235
0.97,0.91271293,0.057287097
0.97,0.91191477,0.058085263
0.94,0.90937847,0.030621529
0.86,0.88598365,-0.025983632
0.61,0.8042537,-0.19425368
0.48,0.56479174,-0.08479175
0.42,0.4567557,-0.03675571
0.84,0.39995098,0.440049
0.95,0.813939,0.13606101
0.91,0.91589284,-0.005892813
0.82,0.8748098,-0.05480981
0.7,0.7698859,-0.06988591
0.5,0.6514456,-0.15144563
0.37,0.45508,-0.08508
0.19,0.34266153,-0.15266153
0.23,0.16183987,0.06816013
0.46,0.22407766,0.23592235
0.32,0.44639874,-0.12639874
0.08,0.30128622,-0.22128622
0.03,0.08484277,-0.05484277
0.06,0.04665239,0.013347607
0.09,0.050669298,0.039330706
0.05,0.08295097,-0.03295097
0.06,0.04721607,0.01278393
0.31,0.07238386,0.23761615
0.64,0.35048845,0.28951153
0.7,0.6442331,0.05576688
0.64,0.70826864,-0.06826866
0.63,0.61431104,0.015688956
0.69,0.6047478,0.085252225
0.82,0.65138793,0.16861206
0.68,0.7989584,-0.11895841
0.69,0.64670587,0.04329413
0.77,0.66235113,0.10764885
0.65,0.7286864,-0.078686416
0.47,0.6024708,-0.13247082
0.55,0.44822952,0.10177049
0.49,0.5267496,-0.0367496
0.64,0.43804768,0.20195231
0.54,0.61195403,-0.07195401
0.43,0.51601636,-0.08601636
0.28,0.41101032,-0.13101032
0.47,0.24117129,0.22882871
0.38,0.4530686,-0.07306862
0.08,0.35488287,-0.27488285
0.01,0.077412866,-0.06741287
0.01,0.0020376518,0.007962348
0.01,0.029988224,-0.019988224
0.01,0.026324673,-0.016324673
0.01,0.020128032,-0.010128032
0.01,0.007372685,0.002627315
0.01,0.0012563672,0.008743633
0.07,0.026873374,0.043126628
0.12,0.071489014,0.048510984
0.06,0.1300865,-0.070086494
0.11,0.035750583,0.07424942
0.12,0.1217682,-0.0017682016
0.04,0.12615287,-0.086152874
0.02,0.03455313,-0.01455313
0.03,0.0152170975,0.014782902
0.03,0.025202662,0.0047973376
0.05,0.0168832,0.033116803
0.07,0.05499682,0.015003182
0.17,0.079716615,0.09028339
0.3,0.190084,0.10991602
0.29,0.28820276,0.001797229
0.35,0.2917557,0.058244288
0.3,0.36820245,-0.068202436
0.29,0.26739657,0.022603422
0.29,0.2865355,0.0034644902
0.29,0.2832656,0.006734401
0.26,0.2995947,-0.03959471
0.26,0.2432924,0.016707584
0.26,0.25581804,0.0041819513
0.3,0.2532396,0.04676041
0.36,0.30401576,0.05598426
0.28,0.3544935,-0.0744935
0.29,0.26248538,0.027514607
0.24,0.2715961,-0.03159611
0.19,0.23144434,-0.041444346
0.17,0.18969084,-0.019690841
0.16,0.15362453,0.006375462
0.17,0.1603184,0.009681597
0.24,0.16961916,0.07038084
0.31,0.24746074,0.062539265
0.01,0.3112144,-0.3012144
0.44,0.0064705294,0.43352947
0.62,0.44262075,0.17737925
0.57,0.6167285,-0.04672849
0.53,0.5799891,-0.049989104
0.55,0.51046056,0.039539456
0.61,0.5322194,0.077780604
0.47,0.5753376,-0.10533759
0.53,0.44479775,0.08520222
0.33,0.52778536,-0.19778535
0.28,0.3096586,-0.029658586
0.13,0.26871163,-0.13871163
0.08,0.13973019,-0.059730187
0.1,0.108311154,-0.008311152
0.1,0.08565054,0.014349461
0.11,0.09638481,0.013615191
0.16,0.11700198,0.042998016
0.08,0.17727913,-0.09727913
0.01,0.048091,-0.038091004
0.13,0.03298313,0.09701686
0.12,0.13545565,-0.015455656
0.06,0.124624595,-0.06462459
0.09,0.04816422,0.041835785
0.1,0.103738055,-0.0037380531
0.1,0.10045412,-0.00045412034
0.13,0.10802883,0.021971166
0.1,0.15490203,-0.054902025
0.04,0.10868493,-0.06868493
0.01,0.026848564,-0.016848564
0.05,0.008910896,0.041089103
0.03,0.06631157,-0.036311567
0.02,0.021195633,-0.0011956338
0.01,0.015805995,-0.0058059953
0.01,0.005190784,0.0048092157
0.01,0.009650158,0.000349842
0.01,0.014527498,-0.004527498
0.01,0.021364147,-0.011364147
0.28,0.0011113938,0.2788886
0.28,0.27256012,0.0074398816
0.15,0.30864814,-0.15864813
0.12,0.15536945,-0.03536945
0.19,0.12443726,0.06556274
0.36,0.20065263,0.15934739
0.51,0.3774678,0.13253218
0.41,0.5204834,-0.11048338
0.54,0.40739495,0.13260508
0.33,0.5265418,-0.19654182
0.1,0.29768506,-0.19768506
0.01,0.105503894,-0.0955039
0.0,0.027583221,-0.027583221
0.01,0.0,0.01
0.01,0.0,0.01
0.0,0.021523787,-0.021523787
0.01,0.0015225355,0.008477464
0.01,0.039721582,-0.029721582
0.01,0.029751258,-0.019751258
0.0,0.01807441,-0.01807441
0.01,0.0,0.01
0.01,0.017601963,-0.0076019634
0.1,0.0076043643,0.09239563
0.39,0.12608874,0.26391125
0.19,0.38168037,-0.19168037
0.23,0.18195012,0.048049882
0.25,0.26614192,-0.016141921
0.23,0.25265607,-0.022656068
0.26,0.23717484,0.022825152
0.16,0.2806932,-0.12069321
0.07,0.18144213,-0.11144213
0.09,0.037528478,0.052471526
0.04,0.10783437,-0.06783437
0.01,0.04948467,-0.039484672
0.01,0.02708488,-0.01708488
0.01,0.005025143,0.004974857
0.02,0.017146062,0.0028539374
0.05,0.03288736,0.017112643
0.09,0.059100233,0.03089977
0.04,0.08876415,-0.048764154
0.01,0.035938755,-0.025938755
0.0,0.015297079,-0.015297079
0.01,0.0,0.01
0.02,0.019254094,0.00074590556
0.08,0.018690579,0.06130942
0.1,0.09810732,0.0018926784
0.12,0.10083036,0.019169636
0.03,0.139968,-0.10996799
0.02,0.0017912369,0.018208763
0.01,0.03993468,-0.02993468
0.01,0.0,0.01
0.01,0.009208225,0.00079177506
0.04,0.01973749,0.02026251
0.01,0.025685525,-0.015685525
0.01,0.0012142789,0.008785721
0.01,0.019261515,-0.009261515
0.01,0.025026156,-0.015026156
0.01,0.007932423,0.002067577
0.01,0.0056858696,0.00431413
0.01,0.010994326,-0.0009943265
0.0,0.022854678,-0.022854678
0.01,0.0037852097,0.00621479
0.03,0.016924506,0.013075493
0.07,0.017671334,0.05232867
0.05,0.07812824,-0.02812824
0.02,0.045732275,-0.025732275
0.01,0.020941135,-0.010941135
0.0,0.010172008,-0.010172008
0.01,0.0,0.01
0.01,0.02536516,-0.015365161
0.01,0.0,0.01
0.01,0.0,0.01
0.01,0.0078214295,0.0021785703
0.01,0.021442588,-0.011442589
0.01,0.019237854,-0.009237854
0.01,0.020223085,-0.010223085
0.01,0.0034051966,0.006594803
0.01,0.012014881,-0.002014881
0.06,0.0070637167,0.052936282
0.11,0.060969837,0.049030162
0.03,0.12905534,-0.099055335
0.01,0.026223367,-0.016223367
0.01,0.01980821,-0.009808211
0.02,1.590699e-06,0.019998409
0.07,0.023586279,0.04641372
0.14,0.069943644,0.07005636
0.18,0.14240511,0.0375949
0.14,0.20082106,-0.060821056
0.17,0.1378479,0.0321521
0.17,0.1768531,-0.0068531036
0.26,0.17974277,0.08025722
0.24,0.25764772,-0.017647728
0.23,0.24108414,-0.011084139
0.42,0.23885675,0.18114324
0.38,0.40995756,-0.029957563
0.3,0.37629926,-0.07629925
0.37,0.3012731,0.0687269
0.35,0.37586838,-0.025868386
0.21,0.3307038,-0.1207038
0.08,0.19126086,-0.11126086
0.07,0.07848028,-0.008480281
0.09,0.087287135,0.0027128682
0.09,0.07743568,0.012564324
0.04,0.10004972,-0.06004972
0.04,0.0359836,0.0040163994
0.01,0.04996457,-0.03996457
0.01,0.0,0.01
0.01,0.010495997,-0.00049599726
0.01,0.0,0.01
0.01,0.005549323,0.004450677
0.01,0.009120813,0.00087918714
0.01,0.015336119,-0.005336119
0.01,0.0074542947,0.002545705
0.01,0.010704607,-0.000704607
0.01,0.00882267,0.0011773296
0.01,0.0064051673,0.0035948325
0.01,0.0042346064,0.0057653934
0.01,0.012636222,-0.0026362222
0.01,0.018140309,-0.008140309
0.01,7.634424e-05,0.009923656
0.01,0.0055869482,0.0044130515
0.01,0.0,0.01
0.01,0.0075445985,0.0024554012
0.01,0.0,0.01
0.01,0.008926825,0.0010731751
0.01,0.013333354,-0.0033333544
0.01,0.016515616,-0.0065156166
0.01,0.008959448,0.0010405518
0.01,0.001209192,0.008790808
0.01,0.0,0.01
0.01,0.015312891,-0.0053128917
0.01,0.013523392,-0.0035233926
0.01,0.008875693,0.0011243066
0.01,0.007978853,0.002021147
0.01,0.015983343,-0.0059833433
0.01,0.0020457245,0.007954275
0.01,0.006255608,0.0037443917
0.01,0.010269971,-0.00026997086
0.01,0.0016588848,0.008341115
0.01,0.016465798,-0.0064657982
0.0,0.004278546,-0.004278546
0.01,0.00086229667,0.009137703
0.0,0.009547699,-0.009547699
0.01,3.470108e-06,0.00999653
0.01,0.010773043,-0.0007730434
0.01,0.0077772066,0.0022227932
0.01,0.006595092,0.0034049079
0.01,0.007988898,0.0020111017
0.01,0.010914875,-0.0009148754
0.01,0.009777583,0.0002224166
0.01,0.0041675493,0.0058324505
0.01,0.004426349,0.005573651
0.01,0.008367558,0.0016324418
0.01,0.006667915,0.003332085
0.01,0.010668399,-0.00066839904
0.01,0.0077935345,0.0022064652
0.01,0.006256046,0.003743954
0.01,0.008200741,0.0017992584
0.01,0.0061721914,0.0038278084
0.01,0.005685156,0.0043148436
0.01,0.009005953,0.0009940472
0.01,0.010307252,-0.00030725263
0.01,0.010080567,-8.056685e-05
0.01,0.006714901,0.0032850988
0.01,0.0071087442,0.0028912555
0.01,0.0066079143,0.0033920854
0.01,0.012339952,-0.0023399526
0.01,0.0010183044,0.008981695
0.01,0.008841701,0.0011582989
0.01,0.009781142,0.00021885801
0.01,0.0069442354,0.0030557644
0.0,0.0056581423,-0.0056581423
0.01,0.0005537346,0.009446265
0.01,0.007846647,0.0021533528
0.01,0.004738666,0.0052613337
0.01,0.00843228,0.0015677195
0.01,0.008709898,0.0012901016
0.0,0.0092899315,-0.0092899315
0.01,0.0,0.01
0.01,0.0063784104,0.0036215894
0.04,0.008797307,0.031202693
0.07,0.03663724,0.03336276
0.09,0.070668355,0.019331649
0.12,0.09146239,0.028537609
0.15,0.12192531,0.028074697
0.14,0.15854393,-0.018543929
0.09,0.14438905,-0.054389045
0.11,0.092728846,0.017271154
0.1,0.11997254,-0.01997254
0.08,0.1008899,-0.0208899
0.09,0.07904715,0.010952853
0.07,0.09386693,-0.02386693
0.07,0.07184277,-0.001842767
0.07,0.07208166,-0.0020816624
0.04,0.074780054,-0.034780055
0.08,0.03750112,0.04249888
0.09,0.08522727,0.00477273
0.08,0.0933557,-0.013355702
0.11,0.079766825,0.030233175
0.19,0.117060944,0.07293905
0.23,0.19497232,0.035027683
0.28,0.23754607,0.04245393
0.33,0.28267023,0.047329783
0.28,0.33229452,-0.052294523
0.23,0.27258867,-0.042588666
0.19,0.23223625,-0.042236254
0.17,0.18964975,-0.019649744
0.12,0.17161584,-0.05161584
0.06,0.1126558,-0.052655805
0.04,0.06331183,-0.023311831
0.03,0.042400636,-0.012400636
0.05,0.03496986,0.015030142
0.04,0.05021706,-0.010217059
0.05,0.04027716,0.00972284
0.06,0.046239935,0.013760064
0.07,0.05327394,0.016726062
0.07,0.06998699,1.3008714e-05
0.17,0.070455566,0.099544436
0.81,0.17801099,0.631989
0.95,0.78016543,0.16983455
0.91,0.94863296,-0.03863293
0.83,0.912856,-0.082856
0.86,0.796263,0.063737035
0.9,0.81972545,0.08027452
0.9,0.86014974,0.039850235
0.73,0.86175287,-0.13175285
0.78,0.68493044,0.09506953
0.8,0.7477482,0.052251816
0.72,0.7572334,-0.037233353
0.82,0.6892102,0.13078982
0.84,0.79962873,0.04037124
0.64,0.7800387,-0.14003873
0.6,0.58334523,0.01665479
0.53,0.56698847,-0.036988497
0.52,0.49301305,0.026986927
0.58,0.48053974,0.099460244
0.55,0.55462617,-0.004626155
0.55,0.5052007,0.044799328
0.48,0.5245793,-0.044579297
0.44,0.44726413,-0.0072641373
0.37,0.42118296,-0.051182956
0.46,0.34061533,0.119384676
0.48,0.45061672,0.029383272
0.52,0.44624537,0.07375461
0.47,0.49279296,-0.022792965
0.48,0.43348676,0.04651323
0.52,0.45540833,0.064591646
0.41,0.49209693,-0.082096934
0.24,0.37879902,-0.13879903
0.17,0.21087459,-0.040874586
0.14,0.16181521,-0.02181521
0.03,0.13871412,-0.10871412
0.01,0.029307058,-0.019307058
0.01,0.014806699,-0.004806699
0.0,0.0023216065,-0.0023216065
0.0,0.0014878605,-0.0014878605
0.01,0.008472063,0.0015279371
0.1,0.01130739,0.08869261
0.01,0.09641899,-0.086418994
0.09,0.0,0.09
0.15,0.105384536,0.04461547
0.02,0.1502256,-0.1302256
0.0,0.012211466,-0.012211466
0.01,0.0018927921,0.008107208
0.01,0.014668014,-0.004668014
0.01,0.003908286,0.006091714
0.01,0.019483421,-0.009483421
0.01,0.021177517,-0.0111775175
0.01,0.0047192518,0.005280748
0.01,0.0,0.01
0.01,0.030541172,-0.020541172
0.01,0.0,0.01
0.01,0.0,0.01
0.01,0.0,0.01
0.35,0.012960231,0.33703977
0.84,0.35168025,0.48831972
0.86,0.791898,0.068102
0.86,0.8731029,-0.013102889
0.72,0.84110326,-0.12110323
0.42,0.68827367,-0.26827368
0.49,0.37712878,0.11287123
0.28,0.48569554,-0.20569554
0.24,0.25356448,-0.013564482
0.18,0.24655503,-0.06655502
0.19,0.18702845,0.0029715449
0.13,0.19560196,-0.06560196
0.16,0.1452109,0.01478909
0.21,0.17300066,0.03699933
0.11,0.21934055,-0.10934055
0.09,0.11049854,-0.020498537
0.12,0.07130261,0.04869739
0.12,0.12450598,-0.0045059845
0.14,0.10935522,0.030644782
0.19,0.13896914,0.05103086
0.15,0.20746525,-0.05746524
0.15,0.1396643,0.010335699
0.1,0.16816069,-0.06816069
0.11,0.11086871,-0.0008687079
0.13,0.13606906,-0.006069064
0.14,0.14479494,-0.0047949404
0.11,0.1523597,-0.042359695
0.1,0.09825559,0.0017444119
0.12,0.10826937,0.011730626
0.16,0.10794945,0.052050546
0.14,0.17200918,-0.032009184
0.13,0.13957936,-0.0095793605
0.17,0.13645767,0.033542335
0.14,0.17212082,-0.032120824
0.04,0.14650773,-0.106507726
0.02,0.040756032,-0.020756032
0.01,0.015899189,-0.005899189
0.01,0.007925617,0.0020743832
0.01,0.005563423,0.0044365767
0.01,0.017287795,-0.0072877947
0.01,0.013885608,-0.0038856082
0.0,0.012617791,-0.012617791
0.01,0.0010767151,0.008923285
0.01,0.021520887,-0.011520887
0.01,0.0,0.01
0.05,0.004293712,0.045706287
0.22,0.025960613,0.19403939
0.33,0.2597415,0.07025853
0.5,0.3398646,0.16013539
0.59,0.50452167,0.085478306
0.7,0.6036173,0.09638268
0.92,0.6994587,0.2205413
0.98,0.91236955,0.06763047
0.98,0.93687534,0.043124676
0.97,0.93133676,0.038663268
0.97,0.9184698,0.051530242
0.95,0.92059165,0.029408336
0.91,0.90004945,0.009950578
0.9,0.86378956,0.036210418
0.81,0.8572339,-0.04723388
0.49,0.7699656,-0.27996558
0.49,0.44316366,0.046836346
0.23,0.4915387,-0.26153868
0.16,0.19658846,-0.03658846
0.24,0.1538694,0.08613059
0.38,0.23877461,0.14122538
0.28,0.3797708,-0.099770784
0.18,0.26526958,-0.08526957
0.22,0.19211246,0.027887538
0.2,0.21367405,-0.013674051
0.12,0.18776734,-0.067767344
0.12,0.11128013,0.008719869
0.28,0.12799056,0.15200944
0.25,0.2898166,-0.03981659
0.18,0.23005475,-0.050054744
0.4,0.18457042,0.21542959
0.42,0.40348762,0.016512364
0.39,0.41680807,-0.026808083
0.34,0.37277934,-0.032779336
0.26,0.3478157,-0.0878157
0.3,0.25403064,0.045969367
0.3,0.28611556,0.013884455
0.25,0.27551603,-0.025516033
0.3,0.25447276,0.04552725
0.3,0.28438994,0.015610069
0.34,0.28065485,0.059345156
0.29,0.32634103,-0.03634104
0.34,0.28164044,0.058359563
0.36,0.33935976,0.020640254
0.37,0.34276855,0.027231455
0.51,0.35374498,0.156255
0.49,0.48635718,0.0036428273
0.69,0.46048027,0.22951972
0.77,0.67143834,0.098561645
0.81,0.7384813,0.07151872
0.61,0.7897621,-0.17976207
0.7,0.5718552,0.1281448
0.65,0.68218505,-0.032185078
0.67,0.60894275,0.06105727
0.68,0.6441661,0.035833895
0.63,0.63533354,-0.005333543
0.6,0.59323716,0.006762862
0.6,0.5674893,0.032510698
0.57,0.5617124,0.008287609
0.63,0.5384793,0.09152067
0.66,0.60577905,0.054220974
0.65,0.6165041,0.033495903
0.61,0.60088766,0.009112358
0.63,0.5772773,0.052722692
0.81,0.5943413,0.21565872
0.81,0.7748405,0.03515953
0.77,0.74194384,0.028056145
0.78,0.7363612,0.043638766
0.78,0.73476726,0.045232713
0.74,0.73345435,0.006545663
0.74,0.688183,0.051817
0.79,0.7113508,0.07864922
0.85,0.7426462,0.10735381
0.83,0.799615,0.030384958
0.82,0.77019584,0.04980415
0.8,0.7764952,0.023504794
0.74,0.750244,-0.010244012
0.74,0.68936884,0.050631166
0.7,0.7036627,-0.0036627054
0.71,0.65167534,0.058324635
0.62,0.6709652,-0.05096519
0.67,0.5726003,0.09739971
0.63,0.64027214,-0.010272145
0.64,0.5822269,0.057773113
0.56,0.60722196,-0.04722196
0.52,0.52003556,-3.5583973e-05
0.49,0.4957125,-0.0057124794
0.62,0.4500465,0.1699535
0.57,0.5934217,-0.023421705
0.53,0.5299885,1.1444092e-05
0.42,0.49810034,-0.07810035
0.32,0.385813,-0.065813005
0.34,0.29833376,0.04166624
0.36,0.3162592,0.04374081
0.33,0.3377878,-0.007787794
0.31,0.30845198,0.001548022
0.01,0.29523167,-0.28523168
0.01,0.0,0.01
0.01,0.03290431,-0.022904309
0.01,0.011038452,-0.0010384526
0.01,0.0052435044,0.0047564954
0.01,0.0093782935,0.00062170625
0.01,0.0152457785,-0.0052457787
0.0,0.020694515,-0.020694515
0.01,0.01631661,-0.0063166097
0.01,0.022223234,-0.012223234
0.01,0.0,0.01
0.01,0.0,0.01
0.01,0.0037826803,0.0062173195
0.01,0.005463414,0.004536586
0.0,0.011506317,-0.011506317
0.01,0.005455019,0.004544981
0.01,0.0127927605,-0.0027927607
0.01,0.0,0.01
0.01,0.0,0.01
0.01,0.011800883,-0.0018008836
0.01,0.008892224,0.0011077756
0.01,0.00086560287,0.009134397
0.01,0.014071941,-0.0040719416
0.01,5.358085e-05,0.009946419
0.01,0.008242959,0.0017570406
0.01,0.00077587925,0.0092241205
0.01,0.013227913,-0.0032279128
0.01,0.0038952269,0.006104773
0.01,0.010630984,-0.0006309841
0.01,0.010590313,-0.0005903132
0.01,0.006981384,0.0030186158
0.04,0.013546562,0.026453437
0.06,0.03261008,0.027389918
0.05,0.059153676,-0.009153675
0.01,0.04323467,-0.03323467
0.01,0.013467867,-0.0034678672
0.01,0.007022692,0.002977308
0.01,0.004744606,0.0052553937
0.01,0.0064766016,0.0035233982
0.01,0.019155528,-0.009155529
0.01,0.008132234,0.0018677656
0.03,0.005458493,0.024541507
0.04,0.02506683,0.014933169
0.04,0.04041162,-0.00041162223
0.03,0.038068198,-0.008068198
0.01,0.034295525,-0.024295526
0.01,0.0,0.01
0.0,0.010210892,-0.010210892
0.01,0.0,0.01
0.01,0.009378053,0.0006219465
0.01,0.012819712,-0.0028197123
0.01,0.011004123,-0.0010041231
0.01,0.009430183,0.0005698167
0.0,0.008718794,-0.008718794
0.01,0.0,0.01
0.01,0.010337802,-0.00033780187
0.01,0.006858781,0.0031412188
0.01,0.0077785617,0.002221438
0.01,0.008534942,0.001465058
0.01,0.0050802864,0.0049197134
0.01,0.009409798,0.00059020147
0.01,0.008921724,0.001078276
0.01,0.0058383085,0.0041616913
0.01,0.009550155,0.00044984464
0.08,0.005392339,0.074607655
0.25,0.089882016,0.16011798
0.25,0.2632334,-0.013233393
0.11,0.2656329,-0.1556329
0.08,0.10512457,-0.025124572
0.08,0.09648828,-0.016488284
0.07,0.07853814,-0.008538142
0.07,0.06922298,0.00077702105
0.05,0.07537284,-0.025372837
0.08,0.05120237,0.028797626
0.14,0.084315546,0.055684455
0.13,0.14858983,-0.01858984
0.14,0.13655229,0.0034477115
0.11,0.15009919,-0.04009919
0.12,0.106095806,0.013904192
0.14,0.12737285,0.012627155
0.08,0.14500625,-0.065006256
0.03,0.08150982,-0.05150982
0.01,0.021247795,-0.011247795
0.01,0.01870406,-0.008704061
0.01,0.010942092,-0.0009420924
0.01,0.010465988,-0.00046598818
0.0,0.021375643,-0.021375643
0.01,0.0,0.01
0.01,0.01280972,-0.00280972
0.02,0.013925279,0.006074721
0.01,0.017609546,-0.007609546
0.01,0.0,0.01
0.01,0.002013579,0.007986421
0.01,0.00041456148,0.009585438
0.01,0.018978236,-0.0089782365
0.01,0.00878321,0.0012167897
0.01,0.009905739,9.426102e-05
0.01,0.0048791673,0.0051208325
0.01,0.010401121,-0.00040112156
0.01,0.007338207,0.0026617926
0.01,0.0058627045,0.0041372953
0.01,0.0017908998,0.0082091
0.01,0.011877512,-0.0018775119
0.01,0.009101421,0.00089857914
0.01,0.00064752065,0.009352479
0.01,0.006011732,0.003988268
0.0,0.007743085,-0.007743085
0.01,0.00047401153,0.009525988
0.01,0.010950098,-0.00095009804
0.01,0.0024380684,0.0075619314
0.01,0.001995707,0.008004293
0.0,0.010175418,-0.010175418
0.01,0.003453223,0.0065467767
0.01,0.005807452,0.004192548
0.03,0.004288774,0.025711225
0.08,0.02576799,0.05423201
0.09,0.079743646,0.0102563575
0.12,0.094714835,0.025285162
0.12,0.12131537,-0.0013153702
0.19,0.12127799,0.06872201
0.31,0.19627489,0.11372511
0.39,0.3169966,0.07300338
0.25,0.39699143,-0.14699143
0.26,0.24220262,0.017797366
0.29,0.27207902,0.01792097
0.32,0.2825495,0.037450492
0.27,0.31166145,-0.04166144
0.24,0.2711467,-0.03114672
0.15,0.24034418,-0.090344176
0.01,0.1401802,-0.1301802
0.01,0.023685383,-0.013685383
0.01,0.026708482,-0.016708482
0.01,0.0099586155,4.138425e-05
0.01,0.0,0.01
0.01,0.0,0.01
0.01,0.014176422,-0.004176422
0.01,0.0095365215,0.00046347827
0.01,0.011795441,-0.0017954409
0.01,0.010438055,-0.00043805502
0.01,0.0025202539,0.007479746
0.01,0.0,0.01
0.01,0.015698928,-0.0056989286
0.01,0.00982805,0.00017195009
0.01,0.007138416,0.0028615836
0.01,0.015735304,-0.005735304
0.01,0.010582328,-0.00058232807
0.01,0.0,0.01
0.01,0.0016550515,0.008344948
0.01,0.013818635,-0.003818635
0.01,0.0061445134,0.0038554864
0.01,0.005241398,0.004758602
0.01,0.0009494014,0.009050598
0.01,0.0069030477,0.003096952
0.01,0.006906405,0.0030935947
0.01,0.012583224,-0.0025832243
0.01,0.0076737683,0.0023262314
0.01,0.006985141,0.0030148588
0.35,0.009646607,0.3403534
0.76,0.36262882,0.39737117
0.72,0.7444973,-0.02449727
0.64,0.7209607,-0.08096069
0.67,0.6378614,0.032138646
0.75,0.6481644,0.10183561
0.69,0.71352696,-0.023526967
0.75,0.66382307,0.08617693
0.72,0.72918737,-0.009187341
0.12,0.6715433,-0.5515433
0.22,0.12126551,0.09873449
0.49,0.270733,0.21926701
0.34,0.49272472,-0.15272471
0.27,0.31782082,-0.047820807
0.24,0.2650137,-0.0250137
0.15,0.240721,-0.090720996
0.17,0.13097663,0.03902337
0.28,0.16907327,0.11092673
0.39,0.27538925,0.11461073
0.33,0.41361624,-0.08361623
0.3,0.299968,3.2007694e-05
0.21,0.28487465,-0.074874654
0.19,0.22413704,-0.03413704
0.18,0.19024889,-0.010248885
0.15,0.17819007,-0.028190061
0.11,0.16807613,-0.05807613
0.13,0.10401152,0.025988474
0.16,0.12549756,0.03450243
0.24,0.16091354,0.07908645
0.24,0.25726792,-0.017267928
0.26,0.2507832,0.009216785
0.49,0.24256234,0.24743767
0.37,0.4975169,-0.1275169
0.45,0.3375343,0.11246568
0.47,0.45685804,0.01314196
0.58,0.46290305,0.11709693
0.84,0.5625813,0.27741867
0.79,0.82805896,-0.038058937
0.65,0.7496027,-0.0996027
0.56,0.61534476,-0.05534476
0.4,0.54001343,-0.14001343
0.47,0.36588088,0.10411912
0.48,0.45866412,0.02133587
0.46,0.4483637,0.011636317
0.44,0.4406244,-0.00062438846
0.43,0.42503995,0.00496006
0.46,0.38945162,0.070548385
0.5,0.44102246,0.058977544
0.45,0.48173568,-0.03173569
0.21,0.42082372,-0.21082373
0.01,0.1778165,-0.16781649
0.01,0.02370044,-0.0137004405
0.02,0.019787038,0.00021296181
0.04,0.024465526,0.015534474
0.03,0.043271266,-0.013271267
0.02,0.035014633,-0.015014634
0.01,0.03238029,-0.02238029
0.03,0.020756153,0.009243846
0.03,0.045902997,-0.015902998
0.04,0.03936053,0.00063946843
0.05,0.03637834,0.013621662
0.03,0.03152993,-0.0015299302
0.01,0.01052388,-0.0005238801
0.01,0.0053061135,0.0046938863
0.01,0.016239563,-0.006239563
0.02,0.0098368535,0.010163146
0.01,0.029658858,-0.019658858
0.01,0.0031419918,0.006858008
0.01,0.008459076,0.0015409235
0.04,0.010319388,0.029680612
0.02,0.047498964,-0.027498964
0.01,0.009200159,0.0007998403
0.01,0.004086608,0.0059133917
0.01,0.0,0.01
0.01,0.008303486,0.001696514
0.01,0.012179375,-0.002179375
0.01,0.015023461,-0.005023461
0.01,0.015483476,-0.0054834764
0.01,0.0,0.01
0.01,0.007666044,0.0023339558
0.01,0.007879239,0.0021207612
0.01,0.009797452,0.00020254776
0.01,0.0018610973,0.0081389025
0.02,0.008873271,0.011126729
0.03,0.017574865,0.012425134
0.06,0.029829977,0.030170022
0.05,0.05956623,-0.009566229
0.09,0.051265765,0.03873424
0.1,0.0974147,0.0025852993
0.13,0.098370776,0.03162922
0.09,0.14758538,-0.057585374
0.03,0.079010524,-0.049010523
0.01,0.035876915,-0.025876915
0.0,0.011079569,-0.011079569
0.01,0.0074389856,0.0025610141
0.01,0.018129753,-0.008129753
0.01,0.006663071,0.0033369288
0.01,0.014853006,-0.0048530065
0.01,0.0041402597,0.00585974
0.01,0.008261902,0.0017380975
0.01,0.016330758,-0.0063307583
0.0,0.0,0.0
0.01,0.0,0.01
0.01,0.013634616,-0.0036346158
0.03,0.008377512,0.021622486
0.04,0.02748815,0.012511849
0.05,0.04165966,0.00834034
0.05,0.056950144,-0.0069501437
0.1,0.03655883,0.06344117
0.06,0.110872686,-0.050872687
0.05,0.05349329,-0.0034932904
0.05,0.06608161,-0.016081613
0.06,0.049386747,0.0106132515
0.05,0.06268288,-0.012682881
0.02,0.0416243,-0.0216243
0.07,0.023176078,0.046823923
0.05,0.07148421,-0.021484207
0.02,0.04494548,-0.024945479
0.01,0.020038323,-0.010038324
0.01,0.0053887665,0.0046112332
0.01,0.0052997004,0.0047002994
0.01,0.005658556,0.004341444
0.01,0.0074561294,0.0025438704
0.01,0.009889661,0.00011033844
0.01,0.0067144316,0.0032855682
0.01,0.0029559433,0.0070440564
0.01,0.018635485,-0.008635486
0.01,0.010228824,-0.0002288241
0.01,0.0062991837,0.003700816
0.01,0.005387323,0.004612677
0.01,0.006649157,0.0033508427
0.01,0.0085734865,0.0014265133
0.01,0.0058789514,0.0041210484
0.01,0.011890455,-0.0018904554
0.01,0.0015715975,0.008428402
0.01,0.010448451,-0.00044845138
0.01,0.010920448,-0.00092044845
0.01,0.0072380826,0.0027619172
0.01,0.008315608,0.0016843919
0.01,0.008119152,0.0018808478
0.01,0.010087124,-8.7124296e-05
0.01,0.0070446264,0.0029553734
0.01,0.007952439,0.002047561
0.01,0.009033744,0.00096625555
0.1,0.008902902,0.0910971
0.77,0.10236584,0.6676341
0.68,0.73810446,-0.058104455
0.7,0.6861112,0.013888776
0.34,0.71245044,-0.37245044
0.56,0.31531227,0.24468774
0.57,0.5707301,-0.0007300973
0.24,0.5478438,-0.3078438
0.23,0.23059028,-0.0005902797
0.07,0.22257301,-0.15257302
0.07,0.09504123,-0.02504123
0.04,0.09615712,-0.05615712
0.07,0.056073815,0.013926186
0.03,0.08419959,-0.05419959
0.02,0.034437343,-0.014437344
0.04,0.0066419337,0.033358067
0.04,0.007424403,0.032575596
0.03,0.057185285,-0.027185285
0.06,0.03925116,0.020748839
0.09,0.1087116,-0.018711597
0.03,0.097625166,-0.067625165
0.01,0.02850182,-0.01850182
0.01,0.0126116015,-0.0026116017
0.02,0.045971464,-0.025971465
0.05,0.018706517,0.03129348
0.09,0.061220996,0.028779007
0.09,0.096069105,-0.0060691014
0.12,0.08850924,0.031490758
0.23,0.11550151,0.114498496
0.21,0.22568227,-0.01568228
0.24,0.23057966,0.009420335
0.26,0.22299342,0.037006572
0.24,0.26964208,-0.02964209
0.26,0.21953402,0.040465966
0.29,0.28875476,0.0012452304
0.28,0.29324207,-0.013242066
0.19,0.25956216,-0.06956217
0.14,0.17356291,-0.033562914
0.12,0.14951225,-0.029512249
0.12,0.1323155,-0.012315504
0.13,0.11493856,0.015061438
0.08,0.116362736,-0.036362737
0.03,0.09461808,-0.06461808
0.01,0.030083599,-0.020083599
0.0,0.00016546622,-0.00016546622
0.01,0.011545956,-0.0015459564
0.0,0.0,0.0
0.01,0.008747667,0.0012523327
0.01,0.007057354,0.002942646
0.01,0.021903459,-0.011903459
0.01,0.0,0.01
0.01,0.014170172,-0.004170172
0.01,0.011941859,-0.0019418588
0.01,0.006456552,0.0035434477
0.01,0.010646459,-0.00064645894
0.01,0.015822295,-0.0058222953
0.0,0.009484934,-0.009484934
0.01,0.0065034665,0.0034965333
0.0,0.008206561,-0.008206561
0.01,0.0,0.01
0.01,0.01107513,-0.00107513
0.01,0.009276701,0.00072329864
0.01,0.0124352295,-0.0024352297
0.01,0.0,0.01
0.01,0.007924182,0.0020758174
0.01,0.0118099945,-0.0018099947
0.01,0.002230037,0.007769963
0.01,0.013261665,-0.0032616649
0.01,0.00025646202,0.009743538
0.01,0.010883673,-0.0008836733
0.04,0.012094809,0.02790519
0.08,0.03693588,0.043064117
0.08,0.07815567,0.0018443316
0.1,0.08084747,0.01915253
0.16,0.10205635,0.05794365
0.18,0.16961357,0.010386437
0.18,0.18790817,-0.007908165
0.19,0.19340436,-0.003404364
0.15,0.18764122,-0.037641212
0.11,0.15638994,-0.046389937
0.1,0.09947919,0.0005208105
0.07,0.12370775,-0.05370775
0.07,0.06075146,0.00924854
0.06,0.07979262,-0.01979262
0.07,0.05532886,0.014671139
0.08,0.07728022,0.0027197748
0.26,0.084185645,0.17581435
0.44,0.26282567,0.17717433
0.46,0.47018397,-0.01018396
0.31,0.46424788,-0.15424788
0.18,0.30056453,-0.12056452
0.13,0.16892503,-0.038925037
0.12,0.12843172,-0.008431725
0.09,0.12181431,-0.031814307
0.07,0.083963625,-0.013963625
0.08,0.071796,0.008203998
0.16,0.086119086,0.07388091
0.17,0.17782791,-0.007827908
0.12,0.18463345,-0.06463345
0.15,0.11585173,0.034148276
0.19,0.16543455,0.024565443
0.32,0.17640655,0.14359345
0.43,0.3277865,0.1022135
0.73,0.41194886,0.31805116
0.76,0.7238235,0.036176503
0.77,0.7504072,0.019592762
0.78,0.7587017,0.02129829
0.59,0.7541801,-0.1641801
0.62,0.5570344,0.06296563
0.64,0.60423326,0.03576672
0.49,0.6143603,-0.12436026
0.52,0.45559573,0.06440425
0.61,0.5015135,0.10848653
0.5,0.5804569,-0.08045691
0.52,0.45831752,0.061682463
0.55,0.51241124,0.037588775
0.56,0.5138189,0.046181083
0.5,0.524343,-0.024343014
0.51,0.45403475,0.055965245
0.43,0.488942,-0.05894199
0.37,0.39608532,-0.026085317
0.35,0.35442674,-0.0044267476
0.43,0.31586152,0.114138484
0.41,0.41314533,-0.003145337
0.45,0.38664967,0.06335032
0.41,0.4391114,-0.029111415
0.57,0.38589978,0.18410021
0.56,0.5570503,0.0029497147
0.52,0.5270866,-0.0070866346
0.53,0.48589694,0.044103026
0.64,0.51053786,0.12946212
0.68,0.5904515,0.08954853
0.79,0.64292574,0.14707428
0.79,0.74816823,0.04183179
0.7,0.7486635,-0.048663497
0.64,0.6527101,-0.012710094
0.74,0.6191779,0.12082213
0.77,0.70187056,0.06812942
0.62,0.72352004,-0.103520036
0.77,0.56046903,0.20953095
0.79,0.74991477,0.040085256
0.83,0.72732544,0.102674544
0.64,0.7832039,-0.14320391
0.6,0.5927179,0.007282138
0.59,0.5784853,0.011514664
0.66,0.5486032,0.11139685
0.74,0.62758315,0.11241686
0.77,0.69082266,0.07917732
0.74,0.71724397,0.02275604
0.63,0.6890692,-0.059069216
0.7,0.58898586,0.11101413
0.64,0.66695046,-0.026950479
0.59,0.5943297,-0.004329741
0.66,0.55260795,0.10739207
0.71,0.6181762,0.09182376
0.72,0.67427725,0.045722783
0.71,0.6676501,0.042349875
0.71,0.6761974,0.03380257
0.77,0.6628695,0.10713047
0.81,0.7310554,0.07894462
0.84,0.75427556,0.08572441
0.84,0.79256237,0.04743761
0.77,0.7798071,-0.00980711
0.57,0.72141355,-0.15141356
0.36,0.52505636,-0.16505635
0.4,0.33284438,0.06715563
0.2,0.37901026,-0.17901026
0.2,0.17206545,0.027934551
0.19,0.20142835,-0.011428356
0.21,0.18969755,0.020302445
0.31,0.22157554,0.08842446
0.52,0.29505146,0.22494853
0.48,0.50928587,-0.029285878
0.4,0.47016692,-0.070166916
0.37,0.37629652,-0.0062965155
0.32,0.3357345,-0.015734494
0.39,0.29572028,0.09427971
0.53,0.375457,0.15454298
0.57,0.50248337,0.067516625
0.61,0.5629005,0.04709953
0.62,0.5779923,0.042007685
0.65,0.59815913,0.05184084
0.66,0.61968774,0.04031229
0.67,0.63423693,0.035763085
0.71,0.62757003,0.082429945
0.74,0.6710361,0.068963885
0.71,0.67770875,0.032291234
0.64,0.6624423,-0.02244234
0.59,0.5939127,-0.003912747
0.54,0.5614432,-0.021443188
0.42,0.50233185,-0.082331866
0.36,0.39528054,-0.035280526
0.4,0.3379562,0.062043816
0.52,0.3820847,0.13791528
0.69,0.4979485,0.1920515
0.76,0.6661607,0.09383929
0.83,0.7299151,0.1000849
0.86,0.7862705,0.073729515
0.87,0.8086146,0.061385393
0.85,0.81495464,0.035045385
0.82,0.8019012,0.018098772
0.8,0.7690977,0.030902326
0.61,0.75488675,-0.14488673
0.1,0.5606278,-0.46062782
0.01,0.0964132,-0.086413205
0.01,0.07000443,-0.060004435
0.01,0.030594314,-0.020594314
0.01,0.013989249,-0.0039892495
0.05,0.0066179205,0.04338208
0.03,0.08397408,-0.053974077
0.01,0.043092437,-0.03309244
0.0,0.015550369,-0.015550369
0.01,0.0012778621,0.008722138
0.01,0.009287515,0.00071248505
0.01,0.0022617746,0.007738225
0.01,0.015146712,-0.005146712
0.01,0.004606651,0.0053933486
0.01,0.026150381,-0.016150381
0.01,0.022472024,-0.012472024
0.01,0.018815547,-0.008815547
0.0,0.007625703,-0.007625703
0.01,0.002582686,0.0074173138
0.06,0.013408273,0.046591725
0.18,0.058101743,0.12189826
0.12,0.19824733,-0.07824733
0.12,0.10034256,0.01965744
0.18,0.13178247,0.048217535
0.19,0.17341858,0.016581416
0.14,0.19105743,-0.051057428
0.12,0.15137808,-0.031378083
0.11,0.13617505,-0.026175052
0.13,0.10807817,0.021921828
0.1,0.12926376,-0.029263757
0.05,0.10400325,-0.05400325
0.05,0.056458883,-0.0064588822
0.16,0.052409716,0.10759028
0.22,0.17239808,0.047601923
0.12,0.2357029,-0.115702905
0.15,0.12848203,0.021517977
0.12,0.17026407,-0.050264068
0.14,0.104688734,0.035311267
0.14,0.14904721,-0.00904721
0.16,0.15224598,0.007754013
0.16,0.16610575,-0.006105751
0.13,0.14625284,-0.016252846
0.2,0.14748524,0.05251476
0.19,0.204693,-0.014693007
0.16,0.19989455,-0.03989455
0.16,0.16326039,-0.003260389
0.17,0.16471173,0.005288273
0.18,0.17619239,0.0038076192
0.17,0.17421176,-0.0042117536
0.07,0.17695022,-0.106950216
0.01,0.07007957,-0.060079575
0.11,0.013613276,0.09638672
0.2,0.10932511,0.09067489
0.22,0.21091683,0.009083167
0.22,0.230603,-0.010602996
0.18,0.21594678,-0.03594677
0.16,0.18304314,-0.02304314
0.16,0.1729913,-0.012991309
0.15,0.14820883,0.0017911792
0.18,0.13901778,0.04098223
0.19,0.18288781,0.00711219
0.19,0.19303079,-0.0030307919
0.21,0.1935902,0.0164098
0.22,0.21920536,0.0007946342
0.2,0.22410308,-0.024103075
0.29,0.19358623,0.09641376
0.27,0.30107215,-0.03107214
0.25,0.2518405,-0.001840502
0.3,0.23284954,0.06715047
0.3,0.29793915,0.0020608604
0.37,0.28705567,0.08294433
0.44,0.3631834,0.07681659
0.41,0.43232763,-0.022327632
0.45,0.39136338,0.058636606
0.43,0.43245816,-0.0024581552
0.41,0.4124989,-0.002498895
0.54,0.3971904,0.14280963
0.54,0.5283624,0.011637628
0.6,0.5029027,0.09709734
0.52,0.5748801,-0.054880142
0.54,0.48369747,0.056302547
0.58,0.52250373,0.05749625
0.66,0.5430192,0.11698085
0.76,0.6242871,0.13571286
0.82,0.7273267,0.0926733
0.84,0.77667266,0.06332731
0.84,0.79217,0.047829986
0.85,0.78892684,0.061073184
0.84,0.8012253,0.03877467
0.85,0.7933342,0.056665838
0.86,0.80109555,0.05890447
0.85,0.8066852,0.043314815
0.86,0.8020649,0.05793512
0.84,0.81003493,0.029965043
0.84,0.80116576,0.038834214
0.63,0.7894544,-0.1594544
0.55,0.5825559,-0.03255588
0.42,0.51623213,-0.096232146
0.47,0.38553247,0.08446753
0.45,0.4467872,0.0032127798
0.54,0.42362544,0.11637458
0.59,0.515303,0.07469696
0.61,0.5565175,0.053482533
0.66,0.56985307,0.09014696
0.69,0.6218716,0.06812841
0.67,0.64904785,0.020952165
0.58,0.6250041,-0.04500413
0.45,0.5366215,-0.08662152
0.37,0.41531056,-0.045310557
0.41,0.3445471,0.0654529
0.41,0.38816252,0.021837473
0.41,0.37875322,0.031246781
0.35,0.3931279,-0.043127894
0.33,0.3257655,0.0042345226
0.29,0.3201242,-0.030124217
0.25,0.266938,-0.016938
0.24,0.23766315,0.0023368448
0.25,0.21913432,0.030865684
0.2,0.23623967,-0.03623967
0.08,0.17289537,-0.09289537
0.01,0.07445274,-0.064452745
0.01,0.010343444,-0.00034344383
0.01,0.01360703,-0.00360703
0.01,0.0076934807,0.002306519
0.01,0.010146401,-0.00014640111
0.01,0.006312023,0.0036879769
0.01,0.0062743817,0.0037256181
0.01,0.0117282625,-0.0017282628
0.01,0.0,0.01
0.01,0.0,0.01
0.01,0.0,0.01
0.01,0.0008580554,0.009141944
0.01,0.0020035896,0.00799641
0.01,0.0062992824,0.0037007174
0.01,0.012697838,-0.0026978385
0.0,0.007980755,-0.007980755
0.0,0.0,0.0
0.01,0.0,0.01
0.0,0.01092729,-0.01092729
0.01,0.0,0.01
0.0,0.0070639644,-0.0070639644
0.01,0.0,0.01
0.02,0.014403075,0.0055969246
0.07,0.007226982,0.06277302
0.08,0.06986356,0.01013644
0.08,0.07450838,0.005491622
0.08,0.08351534,-0.0035153404
0.05,0.08156698,-0.03156698
0.04,0.048325516,-0.008325517
0.03,0.036524016,-0.006524017
0.02,0.029672775,-0.009672776
0.01,0.019118184,-0.009118184
0.01,0.007315129,0.0026848707
0.01,0.012252437,-0.0022524372
0.02,0.010655874,0.009344125
0.08,0.017136725,0.062863275
0.08,0.079812646,0.0001873523
0.05,0.08022075,-0.03022075
0.06,0.052471638,0.007528361
0.07,0.06327109,0.00672891
0.06,0.073537156,-0.013537157
0.08,0.058469057,0.021530941
0.09,0.08522281,0.004777193
0.11,0.093131825,0.016868174
0.11,0.11730827,-0.007308267
0.1,0.11717526,-0.017175257
0.1,0.10735769,-0.0073576868
0.1,0.10336608,-0.0033660755
0.12,0.10755402,0.012445979
0.11,0.122041896,-0.012041897
0.08,0.11985387,-0.03985387
0.07,0.07764933,-0.0076493323
0.05,0.073535115,-0.023535114
0.06,0.047952317,0.012047682
0.06,0.06536073,-0.0053607337
0.03,0.05384159,-0.023841592
0.01,0.030235106,-0.020235106
0.04,0.005365908,0.03463409
0.03,0.038670227,-0.008670228
0.05,0.024119368,0.025880633
0.07,0.054524675,0.015475325
0.06,0.0690957,-0.009095702
0.06,0.058227867,0.0017721318
0.06,0.06260715,-0.0026071481
0.04,0.06201013,-0.022010133
0.01,0.041853398,-0.0318534
0.01,0.005344754,0.0046552457
0.04,0.0075605707,0.03243943
0.04,0.031396676,0.008603323
0.01,0.04088235,-0.03088235
0.01,0.004240712,0.0057592876
0.01,0.01156944,-0.0015694406
0.0,0.005238602,-0.005238602
0.01,0.0,0.01
0.03,0.007896962,0.022103038
0.08,0.024657082,0.055342916
0.06,0.08390005,-0.02390005
0.09,0.05879765,0.031202354
0.12,0.098216735,0.021783262
0.11,0.121865794,-0.011865795
0.13,0.10749932,0.022500679
0.09,0.1419121,-0.0519121
0.14,0.097490236,0.042509764
0.15,0.1497222,0.00027780235
0.19,0.15534829,0.03465171
0.19,0.20075753,-0.010757536
0.12,0.19437534,-0.07437534
0.14,0.12505437,0.014945626
0.2,0.14581181,0.054188192
0.22,0.20391561,0.016084388
0.31,0.22194324,0.08805676
0.31,0.30795318,0.0020468235
0.34,0.30580777,0.034192234
0.35,0.33042485,0.019575149
0.37,0.34517074,0.024829268
0.39,0.35940447,0.030595511
0.47,0.38003355,0.089966446
0.3,0.45616245,-0.15616244
0.3,0.27336526,0.026634753
0.29,0.30481943,-0.014819443
0.23,0.28042713,-0.050427124
0.26,0.2193758,0.040624186
0.25,0.2594709,-0.00947091
0.25,0.23968162,0.010318384
0.24,0.24391864,-0.0039186478
0.22,0.22776252,-0.0077625215
0.21,0.21528511,-0.005285114
0.26,0.20245081,0.05754918
0.36,0.2547482,0.10525182
0.45,0.34765542,0.10234457
0.48,0.4463867,0.033613294
0.45,0.45508716,-0.005087167
0.51,0.4333893,0.076610684
0.61,0.49029946,0.11970055
0.68,0.5898442,0.09015578
0.67,0.6472788,0.022721231
0.58,0.6363419,-0.056341946
0.51,0.5435444,-0.03354442
0.46,0.4811272,-0.021127194
0.41,0.43030488,-0.020304888
0.35,0.3854528,-0.035452813
0.34,0.3266834,0.0133166015
0.27,0.32080966,-0.05080965
0.34,0.24903227,0.09096773
0.34,0.32866752,0.011332482
0.24,0.31999618,-0.07999618
0.21,0.21905066,-0.009050667
0.18,0.19807869,-0.018078685
0.23,0.16795118,0.062048823
0.36,0.2119371,0.14806291
0.42,0.34738302,0.072616965
0.5,0.4152494,0.08475059
0.63,0.49240708,0.13759291
0.77,0.6200162,0.14998376
0.76,0.7555807,0.004419267
0.72,0.71749735,0.0025026798
0.59,0.6882328,-0.098232806
0.71,0.55560017,0.15439981
0.74,0.67829585,0.06170416
0.7,0.6960321,0.003967881
0.77,0.652938,0.11706197
0.63,0.7361529,-0.10615289
0.63,0.58577466,0.044225335
0.6,0.60133314,-0.0013331175
0.54,0.56444275,-0.024442732
0.39,0.5012357,-0.11123574
0.14,0.3528088,-0.2128088
0.04,0.1269391,-0.086939104
0.07,0.054599114,0.015400887
0.06,0.08052833,-0.020528328
0.03,0.047665678,-0.017665679
0.01,0.03408201,-0.02408201
0.08,0.010677757,0.06932224
0.08,0.10288054,-0.02288054
0.11,0.07893706,0.031062938
0.13,0.11935352,0.010646477
0.18,0.13324566,0.046754345
0.29,0.18599245,0.10400754
0.19,0.2947166,-0.1047166
0.12,0.17911783,-0.05911783
0.09,0.1281509,-0.03815089
0.13,0.09499228,0.035007715
0.15,0.14024279,0.009757221
0.11,0.15163606,-0.041636065
0.11,0.11957684,-0.009576842
0.15,0.1091799,0.040820107
0.19,0.16584793,0.02415207
0.21,0.19625095,0.013749048
0.18,0.20098983,-0.02098982
0.16,0.17183374,-0.011833742
0.22,0.15698723,0.063012764
0.15,0.22066659,-0.07066658
0.1,0.14918013,-0.049180128
0.09,0.095625296,-0.0056252927
0.12,0.08968268,0.030317314
0.15,0.120624766,0.02937524
0.11,0.15320532,-0.04320532
0.18,0.11936488,0.060635127
0.19,0.18621966,0.0037803352
0.12,0.1942861,-0.074286096
0.11,0.11413066,-0.0041306615
0.07,0.13343473,-0.06343473
0.01,0.06358668,-0.053586684
0.04,0.0,0.04
0.12,0.036553606,0.08344639
0.08,0.12926194,-0.049261943
0.17,0.07504362,0.09495638
0.08,0.17878605,-0.098786056
0.04,0.07972566,-0.03972566
0.13,0.054098368,0.07590163
0.15,0.14211172,0.007888287
0.12,0.16551685,-0.045516856
0.1,0.11115238,-0.011152379
0.09,0.107165515,-0.017165512
0.11,0.09979474,0.010205261
0.13,0.11093107,0.019068927
0.15,0.1385734,0.011426613
0.12,0.15641254,-0.036412545
0.09,0.12177742,-0.03177742
0.07,0.10129396,-0.03129396
0.1,0.060183138,0.039816864
0.12,0.10909272,0.010907277
0.11,0.11910693,-0.009106934
0.1,0.10929053,-0.009290531
0.14,0.104896456,0.035103545
0.19,0.13772576,0.052274242
0.16,0.19993253,-0.039932534
0.01,0.16381831,-0.15381831
0.01,0.017039143,-0.007039143
0.14,0.009374997,0.13062501
0.32,0.14307751,0.17692249
0.32,0.34133673,-0.021336734
0.37,0.3232857,0.046714306
0.36,0.36198974,-0.0019897223
0.43,0.34776878,0.08223122
0.55,0.42158437,0.12841564
0.56,0.5416595,0.018340528
0.66,0.53920376,0.12079626
0.71,0.64472765,0.06527233
0.73,0.6686312,0.061368823
0.75,0.6916063,0.058393717
0.67,0.718501,-0.048500955
0.66,0.63837487,0.021625161
0.68,0.63262975,0.047370255
0.75,0.6535941,0.09640592
0.76,0.7040589,0.055941105
0.78,0.71556586,0.06443411
0.65,0.7388017,-0.08880174
0.56,0.6033015,-0.043301523
0.66,0.5248877,0.13511235
0.8,0.6365001,0.16349989
0.85,0.7454848,0.104515195
0.73,0.8093653,-0.07936525
0.74,0.68002963,0.05997038
0.77,0.7062461,0.0637539
0.74,0.7265193,0.013480723
0.7,0.6947564,0.0052435994
0.73,0.66249424,0.06750578
0.75,0.68780893,0.06219107
0.76,0.7010574,0.058942616
0.79,0.70995927,0.08004075
0.69,0.74812424,-0.058124244
0.72,0.6472282,0.07277185
0.74,0.68583184,0.054168165
0.83,0.6948256,0.1351744
0.8,0.77985126,0.020148754
0.83,0.74188435,0.08811563
0.85,0.7820697,0.06793034
0.85,0.7998699,0.05013013
0.85,0.796307,0.053692997
0.85,0.7994194,0.05058062
0.86,0.79861087,0.06138915
0.86,0.80440044,0.05559957
0.84,0.8093883,0.030611694
0.82,0.7893241,0.030675888
0.84,0.7716431,0.06835687
0.85,0.7914387,0.058561325
0.84,0.79742473,0.04257524
0.82,0.7912799,0.02872008
0.82,0.76579154,0.054208457
0.87,0.7715068,0.09849322
0.86,0.81407666,0.045923352
0.82,0.80905235,0.010947645
0.8,0.7691488,0.030851185
0.67,0.7555444,-0.08554441
0.61,0.6144115,-0.004411459
0.57,0.57445794,-0.0044579506
0.59,0.53312016,0.05687982
0.59,0.55527276,0.034727216
0.65,0.54992926,0.100070715
0.69,0.61263555,0.077364445
0.67,0.65101624,0.018983781
0.7,0.6240793,0.0759207
0.77,0.6607889,0.10921109
0.77,0.723071,0.046929
0.82,0.71417546,0.10582453
0.83,0.7703758,0.059624195
0.87,0.7766628,0.09333718
0.88,0.81392145,0.06607854
0.78,0.8264049,-0.046404958
0.75,0.7269432,0.023056805
0.84,0.7132898,0.12671018
0.8,0.79397035,0.0060296655
0.82,0.74499726,0.07500273
0.73,0.77570814,-0.04570812
0.61,0.6810353,-0.071035266
0.63,0.5660492,0.06395078
0.62,0.59754777,0.022452235
0.55,0.5752802,-0.025280178
0.47,0.50887066,-0.038870662
0.38,0.43676472,-0.056764722
0.33,0.35510948,-0.02510947
0.52,0.3125772,0.2074228
0.55,0.50290704,0.047092974
0.62,0.51412416,0.10587585
0.59,0.59451044,-0.0045104623
0.53,0.5470816,-0.017081618
0.45,0.49584186,-0.045841873
0.37,0.4151079,-0.0451079
0.12,0.3465441,-0.22654408
0.19,0.096338734,0.09366126
0.05,0.19879639,-0.1487964
0.01,0.0359051,-0.0259051
0.01,0.023966523,-0.013966523
0.01,0.018256124,-0.008256124
0.01,0.029455898,-0.019455899
0.01,0.013801054,-0.0038010543
0.01,0.004875317,0.0051246826
0.01,0.000772981,0.009227019
0.01,0.00871381,0.00128619
0.01,0.014930796,-0.004930796
0.01,0.0,0.01
0.01,0.0019931924,0.008006807
0.01,0.0048701037,0.005129896
0.01,0.009749352,0.00025064778
0.01,0.011212235,-0.0012122355
0.01,0.012348087,-0.0023480868
0.01,0.0073988233,0.0026011765
0.01,0.010851411,-0.0008514114
0.01,0.0,0.01
0.01,0.0006027967,0.009397203
0.01,0.011120016,-0.001120016
0.01,0.0,0.01
0.01,0.0022240132,0.0077759866
0.01,0.004577648,0.005422352
0.01,0.015974563,-0.005974563
0.01,0.0039042514,0.0060957484
0.01,0.015158482,-0.005158482
0.01,0.0,0.01
0.01,0.017295908,-0.0072959084
0.01,0.005641602,0.004358398
0.01,0.007887637,0.0021123625
0.01,0.0019635297,0.00803647
0.01,0.009698158,0.00030184165
0.01,0.010853962,-0.00085396226
0.01,0.016213367,-0.006213367
0.01,0.006807916,0.003192084
0.01,0.0080648875,0.0019351123
0.01,0.008463806,0.0015361942
0.01,0.0,0.01
0.01,0.014305983,-0.004305983
0.01,0.008354586,0.0016454142
0.01,0.01353665,-0.00353665
0.01,0.005719729,0.004280271
0.01,0.0148907285,-0.0048907287
0.01,0.00021543168,0.009784568
0.01,0.017170757,-0.0071707573
0.01,0.0037986636,0.006201336
0.01,0.014872553,-0.004872553
0.01,0.0032313447,0.006768655
0.01,0.010792095,-0.00079209544
0.01,0.0109650865,-0.00096508674
0.0,0.009372403,-0.009372403
0.01,0.0015602056,0.008439794
0.01,0.011845443,-0.0018454436
0.01,0.0025918689,0.007408131
0.01,0.0152203385,-0.0052203387
0.0,0.0042735804,-0.0042735804
0.01,0.0,0.01
0.0,0.012090586,-0.012090586
0.01,0.0,0.01
0.01,0.013544401,-0.0035444014
0.01,0.010604109,-0.0006041089
0.01,0.0078978,0.0021022
0.01,0.008799179,0.0012008203
0.01,0.009480699,0.0005193008
0.01,0.0053163264,0.0046836734
0.01,0.007950509,0.0020494908
0.01,0.01038943,-0.00038943067
0.01,0.0039408375,0.0060591623
0.01,0.010960244,-0.00096024387
0.01,0.006687101,0.0033128988
0.01,0.008510977,0.0014890227
0.01,0.011265087,-0.0012650872
0.01,0.008244182,0.0017558178
0.01,0.0050472263,0.0049527735
0.01,0.012959339,-0.002959339
0.01,0.0023159795,0.0076840203
0.01,0.011423744,-0.0014237445
0.01,0.006801891,0.0031981086
0.01,0.01086317,-0.00086317025
0.01,0.004608674,0.005391326
0.01,0.010713197,-0.0007131975
0.01,0.003961902,0.0060380977
0.01,0.010219663,-0.0002196636
0.01,0.008791301,0.0012086984
0.01,0.00549075,0.0045092497
0.01,0.009986755,1.3244338e-05
0.01,0.004220739,0.005779261
0.01,0.008906476,0.0010935236
0.0,0.008150391,-0.008150391
0.03,0.0,0.03
0.06,0.02585142,0.03414858
0.07,0.05777266,0.0122273415
0.1,0.06231898,0.03768102
0.13,0.10762109,0.022378907
0.19,0.12976591,0.060234085
0.16,0.20252465,-0.04252465
0.14,0.16202283,-0.022022828
0.17,0.15357184,0.016428158
0.17,0.17342667,-0.003426671
0.17,0.17616303,-0.006163031
0.17,0.17231984,-0.0023198426
0.18,0.17910084,0.00089916587
0.15,0.18402432,-0.034024313
0.19,0.15056469,0.039435312
0.19,0.19675519,-0.006755188
0.15,0.18896934,-0.038969338
0.18,0.14963433,0.030365676
0.15,0.18048252,-0.030482516
0.17,0.14927436,0.020725638
0.18,0.17128785,0.008712158
0.14,0.18330248,-0.043302476
0.14,0.138647,0.0013529956
0.09,0.1476674,-0.05766739
0.03,0.08736171,-0.057361707
0.01,0.027978916,-0.017978916
0.01,0.011844316,-0.0018443158
0.01,0.0067525283,0.0032474715
0.01,0.0,0.01
0.01,0.012715369,-0.0027153697
0.01,0.0012294911,0.008770509
0.01,0.0010285228,0.008971477
0.05,0.0064689396,0.04353106
0.08,0.045562383,0.034437615
0.07,0.08051122,-0.0105112195
0.04,0.061356574,-0.021356575
0.01,0.033246733,-0.023246733
0.01,0.011545793,-0.0015457934
0.01,0.010262318,-0.00026231818
0.01,0.004308924,0.0056910757
0.01,0.0098768845,0.00012311526
0.01,0.0019603167,0.008039683
0.01,0.0071817543,0.0028182454
0.01,0.009141404,0.0008585956
0.01,0.008054377,0.0019456232
0.01,0.0016797837,0.008320216
0.01,0.00064834766,0.009351652
0.01,0.0003041569,0.009695843
0.01,0.0025898013,0.0074101985
0.01,0.0069121756,0.0030878242
0.01,0.005883556,0.004116444
0.01,0.009380462,0.0006195381
0.01,0.0079145115,0.0020854883
0.01,0.00448565,0.00551435
0.01,0.008084223,0.0019157771
0.01,0.007372205,0.0026277946
0.01,0.00783355,0.00216645
0.01,0.008715394,0.0012846058
0.01,0.0063706012,0.0036293985
0.01,0.0043092985,0.0056907013
0.01,0.008120706,0.0018792935
0.01,0.007868224,0.002131776
0.01,0.0069183437,0.003081656
0.01,0.010745826,-0.0007458264
0.01,0.005969081,0.0040309187
0.01,0.007069938,0.002930062
0.01,0.009223862,0.00077613816
0.01,0.0064256396,0.0035743602
0.01,0.008132337,0.0018676631
0.01,0.0077331644,0.0022668354
0.01,0.008735649,0.0012643505
0.01,0.007685122,0.0023148777
0.01,0.008004803,0.0019951966
0.01,0.00874408,0.0012559202
0.01,0.0077833086,0.0022166912
0.01,0.0072388267,0.002761173
0.01,0.00820724,0.0017927596
0.05,0.003861105,0.046138898
0.06,0.04798206,0.012017939
0.05,0.05747971,-0.0074797086
0.08,0.048373103,0.031626895
0.2,0.08855557,0.111444436
0.26,0.20912234,0.050877646
0.17,0.27098376,-0.100983754
0.18,0.17365816,0.006341845
0.14,0.1946687,-0.054668695
0.1,0.14004484,-0.040044837
0.1,0.105400704,-0.0054007024
0.06,0.10544622,-0.04544622
0.09,0.05853773,0.031462274
0.08,0.091428235,-0.011428237
0.1,0.08027397,0.01972603
0.07,0.1123656,-0.042365603
0.09,0.07343291,0.016567096
0.06,0.09431117,-0.03431117
0.03,0.049904883,-0.019904884
0.03,0.03300433,-0.0030043293
0.01,0.022022363,-0.012022363
0.0,0.006512886,-0.006512886
0.01,0.0030188747,0.006981125
0.01,0.008426203,0.0015737964
0.01,0.009583037,0.00041696243
0.0,0.011460839,-0.011460839
0.01,0.0,0.01
0.01,0.00908803,0.0009119697
0.01,0.0057755765,0.0042244233
0.01,0.008357517,0.0016424824
0.01,0.0020792931,0.007920707
0.01,0.0038422998,0.0061577
0.01,0.005074259,0.004925741
0.01,0.0091165,0.0008835001
0.01,0.010386281,-0.00038628094
0.01,0.0035048015,0.0064951982
0.01,0.0048271995,0.0051728003
0.01,0.014845062,-0.0048450623
0.01,0.008966533,0.0010334672
0.01,0.0049579684,0.0050420314
0.01,0.004285885,0.0057141148
0.01,0.008240195,0.0017598048
0.01,0.00686731,0.0031326897
0.01,0.006925283,0.0030747168
0.01,0.009143304,0.0008566957
0.01,0.00753686,0.0024631396
0.01,0.0069134384,0.0030865613
0.01,0.011543507,-0.001543507
0.01,0.0047874805,0.0052125193
0.01,0.004399622,0.005600378
0.01,0.0049586464,0.0050413534
0.01,0.012276146,-0.0022761459
0.07,0.0058993828,0.064100616
0.17,0.0740723,0.0959277
0.22,0.18338938,0.03661062
0.11,0.23268701,-0.12268701
0.11,0.1149184,-0.004918404
0.07,0.12507102,-0.05507102
0.16,0.06685677,0.093143225
0.12,0.17366268,-0.05366268
0.11,0.120547034,-0.010547034
0.12,0.12252887,-0.002528876
0.1,0.11662951,-0.01662951
0.07,0.11345778,-0.043457776
0.14,0.0725863,0.0674137
0.13,0.15822725,-0.028227255
0.13,0.12770313,0.002296865
0.11,0.13223472,-0.022234723
0.13,0.11431481,0.015685186
0.18,0.13775592,0.04224409
0.16,0.18312392,-0.02312392
0.15,0.15866406,-0.008664057
0.17,0.15847947,0.011520535
0.21,0.17093785,0.039062142
0.19,0.21620606,-0.026206061
0.18,0.18797864,-0.007978633
0.23,0.19510633,0.034893677
0.24,0.22754754,0.012452453
0.23,0.24009536,-0.010095358
0.26,0.2152259,0.044774085
0.32,0.2667175,0.0532825
0.33,0.30664307,0.023356944
0.4,0.32023495,0.07976505
0.42,0.39364278,0.026357204
0.35,0.4014731,-0.05147311
0.34,0.33460328,0.0053967237
0.38,0.3305354,0.049464583
0.34,0.37270695,-0.032706946
0.35,0.31570935,0.03429064
0.36,0.33624554,0.023754478
0.28,0.34676203,-0.06676203
0.2,0.2683683,-0.0683683
0.15,0.19085573,-0.04085572
0.12,0.14460512,-0.024605118
0.13,0.11637033,0.013629667
0.12,0.12928359,-0.009283595
0.08,0.11281349,-0.03281349
0.01,0.07891463,-0.06891463
0.01,0.0023654383,0.0076345615
0.01,0.010185344,-0.00018534437
0.01,0.010554968,-0.0005549686
0.01,0.007495139,0.002504861
0.01,0.0042824056,0.005717594
0.01,0.008417627,0.0015823729
0.01,0.008885472,0.0011145277
0.01,0.009891359,0.00010864064
0.01,0.018259127,-0.008259127
0.01,0.0008724034,0.009127596
0.01,0.0,0.01
0.01,0.0010326002,0.0089674
0.01,0.011641027,-0.0016410276
0.01,0.0042632334,0.0057367664
0.01,0.011500422,-0.0015004221
0.01,0.006627485,0.0033725146
0.01,0.0,0.01
0.01,0.00042963587,0.009570364
0.01,0.0070397593,0.0029602405
0.01,0.009066975,0.00093302503
0.01,0.004095912,0.005904088
0.01,0.010880763,-0.00088076293
0.01,0.009558848,0.00044115167
0.01,0.0026035924,0.0073964074
0.01,0.0067515615,0.0032484382
0.01,0.013073634,-0.0030736346
0.0,0.004291484,-0.004291484
0.01,0.001235297,0.008764703
0.01,0.009518623,0.00048137642
0.01,0.0039632972,0.0060367025
0.01,0.011932976,-0.0019329758
0.01,0.010332253,-0.00033225305
0.01,0.0038221795,0.0061778203
0.01,0.0027376097,0.00726239
0.01,0.012197381,-0.002197381
0.01,0.006771582,0.0032284176
0.01,0.007827109,0.002172891
0.01,0.007981162,0.0020188382
0.01,0.011357951,-0.0013579512
0.07,0.0075952355,0.062404767
0.08,0.070579976,0.009420022
0.05,0.07610415,-0.026104148
0.04,0.054437704,-0.014437705
0.01,0.04326515,-0.03326515
0.02,0.009910269,0.010089731
0.05,0.012787066,0.037212934
0.08,0.05007276,0.029927239
0.07,0.08335224,-0.013352238
0.07,0.06349011,0.0065098926
0.06,0.07854832,-0.018548321
0.05,0.062247,-0.012247
0.03,0.053858474,-0.023858475
0.01,0.025276637,-0.015276637
0.01,0.0009292662,0.009070734
0.01,0.00210784,0.00789216
0.01,0.011066317,-0.0010663169
0.01,0.010481989,-0.00048198923
0.01,0.014094329,-0.0040943297
0.01,0.0048414264,0.0051585734
0.02,0.005139457,0.0148605425
0.11,0.0153094325,0.09469057
0.1,0.11605286,-0.016052857
0.04,0.098160885,-0.058160886
0.01,0.04304549,-0.033045493
0.06,0.015196662,0.044803336
0.08,0.05932609,0.020673908
0.09,0.07808782,0.011912182
0.07,0.09587518,-0.025875181
0.09,0.06900524,0.02099476
0.09,0.09932109,-0.009321086
0.15,0.094861746,0.05513826
0.1,0.16379134,-0.06379134
0.07,0.102814734,-0.032814734
0.06,0.074658886,-0.014658887
0.03,0.053335935,-0.023335936
0.04,0.02842575,0.01157425
0.01,0.040767796,-0.030767797
0.01,0.008362846,0.0016371533
0.02,0.011139952,0.008860048
0.03,0.011308523,0.018691476
0.01,0.032853905,-0.022853905
0.01,0.0067856386,0.0032143611
0.01,0.008443143,0.0015568566
0.01,0.001114402,0.008885598
0.01,0.0016085263,0.008391473
0.01,0.008011762,0.0019882377
0.01,0.0062036663,0.0037963334
0.01,0.008814039,0.0011859611
0.01,0.0105528245,-0.0005528247
0.01,0.007468314,0.0025316859
0.01,0.0067394115,0.0032605883
0.01,0.007384195,0.0026158048
0.01,0.0043113884,0.0056886114
0.01,0.012070969,-0.002070969
0.01,0.009289747,0.0007102527
0.01,0.007618822,0.0023811776
0.01,0.000619825,0.009380175
0.01,0.009005706,0.000994294
0.01,0.008227352,0.0017726477
0.01,0.009455822,0.00054417737
0.01,0.0070609357,0.002939064
0.01,0.007995002,0.0020049978
0.01,0.006443871,0.0035561286
0.01,0.010440142,-0.00044014212
0.01,0.005959913,0.0040400866
0.37,0.00054123625,0.36945876
0.54,0.37139702,0.168603
0.58,0.55781007,0.022189915
0.51,0.5997443,-0.08974433
0.62,0.5057357,0.11426431
0.68,0.6093838,0.070616186
0.72,0.64652944,0.07347059
0.86,0.6965624,0.1634376
0.82,0.8301383,-0.010138333
0.76,0.7662189,-0.00621891
0.71,0.7178868,-0.007886827
0.8,0.6864884,0.11351162
0.92,0.7766178,0.14338219
0.97,0.87063706,0.09936297
0.97,0.91933465,0.05066538
0.97,0.9025595,0.06744051
0.97,0.9125763,0.05742371
0.97,0.90930915,0.06069088
0.97,0.9161687,0.05383134
0.97,0.91211605,0.057883978
0.97,0.91417336,0.055826664
0.97,0.91118324,0.05881679
0.97,0.9180275,0.05197251
0.97,0.9157419,0.05425811
0.97,0.92037505,0.04962498
0.97,0.9155137,0.054486334
0.97,0.91346395,0.05653608
0.97,0.9119221,0.05807793
0.97,0.9100683,0.059931755
0.97,0.9160652,0.053934813
0.97,0.9096577,0.06034231
0.97,0.91520005,0.054799974
0.97,0.91057885,0.05942118
0.97,0.91570777,0.05429226
0.97,0.9113155,0.058684528
0.97,0.9122119,0.057788134
0.97,0.9099806,0.060019433
0.97,0.9139746,0.056025445
0.97,0.9151931,0.054806948
0.97,0.9109477,0.059052348
0.97,0.91131467,0.058685362
0.97,0.9128547,0.057145357
0.97,0.9111536,0.058846414
0.97,0.9113561,0.058643937
0.97,0.9137256,0.056274414
0.97,0.91261584,0.057384193
0.95,0.910686,0.039313972
0.97,0.89160985,0.07839018
0.97,0.914473,0.05552703
0.97,0.91053903,0.059460998
0.97,0.91191036,0.058089674
0.97,0.9111513,0.05884874
0.92,0.91203,0.007970035
0.9,0.86325276,0.036747217
0.85,0.8493537,0.00064635277
0.86,0.7978874,0.06211263
0.81,0.81209636,-0.002096355
0.83,0.75816214,0.07183784
0.85,0.7844293,0.06557071
0.86,0.800701,0.059298992
0.87,0.80669594,0.06330407
0.85,0.81888175,0.031118274
0.81,0.7964163,0.01358372
0.82,0.7591119,0.06088811
0.76,0.77216184,-0.012161851
0.8,0.70950204,0.09049797
0.87,0.7558439,0.11415613
0.77,0.8184035,-0.0484035
0.68,0.7106308,-0.030630767
0.72,0.642539,0.077461004
0.73,0.6819609,0.04803914
0.71,0.68411636,0.025883615
0.58,0.6628444,-0.082844436
0.48,0.53910464,-0.05910465
0.52,0.45075187,0.06924811
0.45,0.49233374,-0.042333752
0.56,0.40808824,0.15191177
0.42,0.5370046,-0.1170046
0.22,0.37951604,-0.15951604
0.28,0.20118904,0.07881096
0.42,0.27356124,0.14643875
0.54,0.39868423,0.14131579
0.48,0.52939785,-0.049397856
0.51,0.45192263,0.058077365
0.43,0.4885236,-0.058523595
0.47,0.39390543,0.07609457
0.38,0.44226903,-0.062269032
0.21,0.3583265,-0.1483265
0.14,0.20121405,-0.061214045
0.14,0.12540299,0.014597014
0.11,0.14272162,-0.032721624
0.18,0.10180695,0.07819305
0.1,0.19152181,-0.09152181
0.04,0.083699875,-0.043699875
0.01,0.049312912,-0.039312914
0.05,0.0006109979,0.049389005
0.09,0.048079185,0.04192082
0.09,0.07492878,0.015071221
0.13,0.08825961,0.041740388
0.1,0.14045028,-0.040450282
0.15,0.09469755,0.055302456
0.25,0.15466873,0.09533127
0.29,0.24394347,0.046056524
0.45,0.30657613,0.14342386
0.64,0.46034566,0.17965433
0.7,0.6439346,0.05606538
0.83,0.6800738,0.14992619
0.82,0.8064927,0.013507307
0.94,0.76990956,0.17009044
0.98,0.90442574,0.07557428
0.97,0.920578,0.049422026
0.97,0.90502703,0.064973
0.97,0.9194033,0.050596714
0.96,0.9217636,0.03823638
0.97,0.91466886,0.05533117
0.97,0.9173796,0.05262041
0.97,0.9108384,0.059161603
0.96,0.91599226,0.04400772
0.97,0.9057994,0.06420064
0.97,0.91043484,0.059565187
0.97,0.9176641,0.052335918
0.97,0.9060832,0.0639168
0.97,0.9210383,0.0489617
0.96,0.9140947,0.045905292
0.92,0.90872896,0.0112710595
0.88,0.86473584,0.0152641535
0.83,0.83065665,-0.0006566644
0.8,0.78070503,0.019294977
0.32,0.7605349,-0.4405349
0.06,0.2773844,-0.2173844
0.01,0.08623684,-0.076236844
0.01,0.046919994,-0.036919996
0.01,0.027047733,-0.017047733
0.01,0.003327584,0.006672416
0.01,0.019083094,-0.009083094
0.01,0.039121702,-0.029121703
0.01,0.035550077,-0.025550077
0.01,0.02331321,-0.01331321
0.01,0.0152302375,-0.0052302377
0.01,0.004448207,0.0055517927
0.01,0.010182426,-0.00018242653
0.01,0.0045341607,0.005465839
0.01,0.0121748205,-0.0021748208
0.01,0.014513819,-0.004513819
0.01,0.017682245,-0.007682245
0.0,0.006401822,-0.006401822
0.0,0.0,0.0
0.01,0.007155711,0.002844289
0.01,0.0034457576,0.006554242
0.0,8.581206e-05,-8.581206e-05
0.01,0.0031825546,0.006817445
0.0,0.0,0.0
0.01,0.0,0.01
0.01,0.0,0.01
0.01,0.0077970196,0.0022029802
0.01,0.009701056,0.00029894337
0.01,0.019006504,-0.009006504
0.01,0.010144578,-0.00014457852
0.01,0.0049246848,0.005075315
0.01,0.0064621866,0.0035378132
0.01,0.009596166,0.00040383358
0.01,0.002607407,0.0073925927
0.01,0.004494669,0.005505331
0.01,0.007979296,0.0020207036
0.01,0.02165701,-0.011657011
0.01,0.008303994,0.0016960055
0.01,0.0049747266,0.005025273
0.01,0.011258319,-0.0012583192
0.01,0.0081545375,0.0018454622
0.0,0.009610934,-0.009610934
0.01,0.0,0.01
0.01,0.008093866,0.0019061342
0.01,0.005631298,0.004368702
0.01,0.023819664,-0.013819665
0.01,0.008939102,0.0010608975
0.01,0.01141879,-0.0014187898
0.01,0.00097042136,0.009029578
0.01,0.012027668,-0.002027668
0.01,0.011379866,-0.0013798662
0.01,0.013985552,-0.003985552
0.01,0.007902337,0.0020976625
0.01,0.005364418,0.0046355817
0.25,0.005143417,0.24485658
0.95,0.2556045,0.6943955
0.98,0.89129156,0.08870846
0.98,0.9786974,0.0013025999
0.98,0.96589005,0.014109969
0.98,0.9259496,0.054050446
0.97,0.9237596,0.04624045
0.97,0.9238392,0.046160817
0.97,0.9250974,0.044902623
0.97,0.92040676,0.04959327
0.97,0.9106006,0.059399426
0.97,0.9256206,0.044379413
0.96,0.9379781,0.02202189
0.95,0.9161163,0.03388369
0.93,0.89306974,0.036930263
0.92,0.8709506,0.049049437
0.91,0.85427535,0.05572468
0.81,0.8603347,-0.050334692
0.67,0.7530595,-0.08305949
0.76,0.63534415,0.12465584
0.75,0.7253907,0.024609327
0.47,0.7073035,-0.23730353
0.39,0.42167208,-0.03167209
0.59,0.38827443,0.20172554
0.43,0.5694146,-0.13941461
0.26,0.38952166,-0.12952167
0.29,0.24553306,0.044466928
0.71,0.2902973,0.41970268
0.81,0.7077786,0.10222143
0.49,0.79054,-0.30053997
0.42,0.45504698,-0.035046995
0.32,0.4086616,-0.08866161
0.1,0.2793874,-0.17938742
0.02,0.07475987,-0.05475987
0.04,0.04040426,-0.00040426105
0.1,0.043566503,0.0564335
0.07,0.09797348,-0.02797348
0.21,0.070618,0.13938199
0.4,0.25359717,0.14640284
0.49,0.385735,0.104265004
0.55,0.4735286,0.07647142
0.52,0.5934987,-0.073498726
0.67,0.49757558,0.17242444
0.65,0.6337768,0.016223192
0.66,0.6012136,0.05878645
0.38,0.6294654,-0.2494654
0.26,0.34981126,-0.089811265
0.27,0.2558266,0.014173418
0.15,0.25857434,-0.10857433
0.1,0.15776859,-0.05776859
0.12,0.09692109,0.023078911
0.11,0.13115971,-0.021159708
0.07,0.114610106,-0.044610105
0.06,0.065202765,-0.0052027665
0.03,0.050627515,-0.020627515
0.01,0.026374424,-0.016374424
0.0,0.0052604303,-0.0052604303
0.01,0.008498046,0.0015019542
0.01,0.0,0.01
0.01,0.008410692,0.0015893076
0.0,0.0470274,-0.0470274
0.01,0.011194708,-0.001194708
0.01,0.011026621,-0.0010266211
0.01,0.009649919,0.00035008043
0.01,0.021470705,-0.011470705
0.01,0.0025627017,0.007437298
0.01,0.0,0.01
0.01,0.022904662,-0.012904663
0.0,0.014122574,-0.014122574
0.01,0.0,0.01
0.01,0.002855381,0.007144619
0.01,0.015682215,-0.005682215
0.01,0.000927018,0.009072982
0.01,0.0061111096,0.0038888901
0.0,0.009814741,-0.009814741
0.01,0.0036592558,0.006340744
0.01,0.014495613,-0.0044956133
0.01,0.007589982,0.002410018
0.01,0.0,0.01
0.0,0.011630476,-0.011630476
0.01,0.0044572037,0.005542796
0.01,0.019790603,-0.009790603
0.01,0.003998829,0.0060011707
0.01,0.009003215,0.0009967852
0.0,0.009640993,-0.009640993
0.01,0.0,0.01
0.0,0.015715204,-0.015715204
0.01,0.003110718,0.006889282
0.01,0.018308701,-0.008308701
0.0,0.0,0.0
0.01,0.010378877,-0.00037887692
0.01,0.006644696,0.0033553038
0.01,0.010621173,-0.00062117353
0.01,0.0007943511,0.009205649
0.0,0.011878114,-0.011878114
0.01,0.005478954,0.004521046
0.07,0.020480702,0.0495193
0.08,0.06479715,0.01520285
0.06,0.07886776,-0.018867765
0.07,0.062790684,0.007209316
0.07,0.066402726,0.0035972744
0.07,0.07154867,-0.0015486702
0.08,0.07361824,0.0063817576
0.08,0.09263432,-0.012634322
0.08,0.077510074,0.0024899244
0.14,0.07659515,0.06340485
0.13,0.15206069,-0.022060692
0.1,0.13654272,-0.03654272
0.11,0.1098039,0.00019609928
0.09,0.1172927,-0.027292699
0.1,0.09636241,0.0036375895
0.1,0.10642965,-0.00642965
0.09,0.101127215,-0.011127211
0.09,0.08315872,0.006841287
0.05,0.093286514,-0.043286514
0.05,0.053917557,-0.0039175563
0.13,0.048997715,0.08100228
0.07,0.14028351,-0.07028351
0.03,0.07106004,-0.041060038
0.03,0.030532092,-0.0005320925
0.03,0.03639269,-0.0063926894
0.02,0.015498051,0.004501948
0.02,0.017097415,0.0029025842
0.0,0.028312912,-0.028312912
0.0,0.0,0.0
0.01,0.0,0.01
0.0,0.021325748,-0.021325748
0.01,0.0,0.01
0.01,0.0,0.01
0.01,0.0009362437,0.009063756
0.01,0.014798541,-0.004798541
0.01,0.008957188,0.0010428121
0.01,0.0056065917,0.004393408
0.01,0.009057423,0.0009425767
0.01,0.013200107,-0.0032001073
0.01,0.0015989561,0.008401044
0.01,0.0076695904,0.0023304094
0.01,0.0072510513,0.0027489485
0.01,0.004697589,0.0053024106
0.01,0.018444043,-0.008444043
0.01,0.0074226297,0.00257737
0.01,0.0025947522,0.0074052475
0.0,0.005986077,-0.005986077
0.01,0.003326742,0.006673258
0.01,0.0046111215,0.0053888783
0.01,0.0075894855,0.0024105143
0.01,0.011040753,-0.001040753
0.01,0.012101565,-0.0021015648
0.01,0.006269451,0.0037305485
0.01,0.008274298,0.0017257016
0.01,0.005586559,0.004413441
0.01,0.009239893,0.00076010637
0.04,0.0012252666,0.038774733
0.05,0.040742405,0.009257596
0.12,0.04788537,0.07211463
0.09,0.12509365,-0.03509365
0.04,0.088422224,-0.048422225
0.05,0.038118795,0.011881206
0.03,0.051418416,-0.021418417
0.02,0.027341014,-0.007341014
0.01,0.015556924,-0.0055569243
0.01,0.0037998501,0.0062001497
0.04,0.012943279,0.02705672
0.05,0.033191018,0.016808983
0.03,0.047557257,-0.017557258
0.08,0.021069912,0.058930084
0.06,0.08035195,-0.02035195
0.08,0.057629928,0.02237007
0.04,0.08426045,-0.04426045
0.01,0.036875583,-0.026875583
0.01,0.014848279,-0.004848279
0.01,0.0,0.01
0.01,0.013956567,-0.0039565675
0.01,0.0011691228,0.008830877
0.01,0.00851144,0.0014885599
0.01,0.010675114,-0.0006751139
0.01,0.006060823,0.003939177
0.01,0.0110051185,-0.0010051187
0.01,0.007050274,0.0029497258
0.07,0.0025133342,0.067486666
0.17,0.06520598,0.104794025
0.3,0.18589915,0.11410086
0.27,0.31333315,-0.043333143
0.32,0.27844995,0.04155004
0.22,0.32213166,-0.102131665
0.11,0.21560138,-0.105601385
0.1,0.11308709,-0.013087086
0.14,0.10442669,0.03557331
0.14,0.1381835,0.0018164963
0.18,0.12958239,0.050417617
0.16,0.18750577,-0.02750577
0.08,0.1670737,-0.0870737
0.06,0.08582285,-0.025822852
0.06,0.05829052,0.0017094798
0.03,0.059870258,-0.029870259
0.04,0.022589523,0.017410476
0.04,0.03471701,0.0052829906
0.08,0.02860802,0.051391978
0.09,0.087460876,0.002539128
0.09,0.08894867,0.0010513365
0.1,0.09870739,0.0012926087
0.11,0.10792599,0.0020740107
0.25,0.112623006,0.137377
0.35,0.27345985,0.07654014
0.37,0.35352403,0.016475976
0.39,0.37736976,0.012630224
0.51,0.38131553,0.12868446
0.7,0.50152326,0.19847673
0.6,0.6908318,-0.09083176
0.54,0.56834733,-0.028347313
0.5,0.524442,-0.024442017
0.88,0.4828286,0.3971714
0.93,0.8689937,0.061006308
0.91,0.88962626,0.020373762
0.82,0.8675079,-0.047507882
0.91,0.7689967,0.14100331
0.88,0.8634194,0.016580582
0.96,0.82278883,0.13721114
0.94,0.9170189,0.022981107
0.97,0.8792541,0.090745926
0.93,0.9082867,0.021713316
0.83,0.8773383,-0.047338307
0.61,0.78281844,-0.17281842
0.4,0.5722614,-0.17226139
0.17,0.37255293,-0.20255293
0.14,0.15837388,-0.018373877
0.24,0.14930575,0.09069425
0.12,0.23805957,-0.11805957
0.05,0.105727986,-0.055727985
0.12,0.06521087,0.054789126
0.18,0.13249248,0.047507524
0.07,0.18791388,-0.11791388
0.01,0.049457364,-0.039457366
0.01,0.013730187,-0.0037301872
0.01,0.00030407868,0.009695921
0.01,0.002839284,0.0071607158
0.01,0.02780349,-0.01780349
0.01,0.003961565,0.006038435
0.01,0.0,0.01
0.01,0.0064415177,0.003558482
0.0,0.032269754,-0.032269754
0.01,0.0,0.01
0.01,0.0,0.01
0.05,0.0060115065,0.043988496
0.08,0.057013683,0.022986315
0.12,0.073033914,0.046966083
0.11,0.10030371,0.00969629
0.05,0.08816476,-0.03816476
0.05,0.05150859,-0.0015085898
0.08,0.05267647,0.02732353
0.05,0.08288195,-0.03288195
0.03,0.041780964,-0.011780964
0.03,0.025349619,0.0046503805
0.05,0.030759746,0.019240255
0.04,0.048318416,-0.008318417
0.05,0.03689205,0.013107952
0.06,0.03659708,0.023402918
0.07,0.06184631,0.008153692
0.06,0.06439131,-0.004391309
0.05,0.068742834,-0.018742833
0.05,0.05022137,-0.00022136793
0.06,0.044107877,0.015892122
0.06,0.056739308,0.0032606907
0.03,0.07218474,-0.04218474
0.03,0.02230584,0.0076941587
0.02,0.021608755,-0.0016087554
0.04,0.018887687,0.021112312
0.08,0.049603514,0.030396484
0.1,0.079054326,0.020945676
0.06,0.10000361,-0.04000361
0.05,0.065058194,-0.015058193
0.12,0.053214513,0.066785485
0.19,0.13273811,0.057261884
0.1,0.20674147,-0.106741466
0.07,0.094492726,-0.024492726
0.05,0.07281893,-0.022818927
0.03,0.050052367,-0.020052368
0.01,0.03325779,-0.02325779
0.02,0.02024285,-0.00024284981
0.04,0.021036996,0.018963004
0.01,0.03289654,-0.022896541
0.01,0.0057247113,0.0042752884
0.01,0.025351819,-0.015351819
0.01,0.0,0.01
0.01,0.0,0.01
0.01,0.009978224,2.1776184e-05
0.01,0.009026647,0.00097335316
0.01,0.0086116,0.0013883999
0.01,0.0039548464,0.0060451534
0.01,0.021071428,-0.011071429
0.08,0.007023677,0.07297632
0.31,0.08270682,0.2272932
0.38,0.3169163,0.06308371
0.4,0.412187,-0.012187004
0.45,0.41276816,0.037231833
0.54,0.45065558,0.08934444
0.35,0.52672887,-0.17672887
0.11,0.32665336,-0.21665336
0.13,0.10641385,0.023586147
0.11,0.15091056,-0.040910557
0.31,0.1036796,0.2063204
0.29,0.3345781,-0.044578105
0.19,0.28980744,-0.09980744
0.36,0.1972699,0.16273011
0.74,0.3638597,0.3761403
0.6,0.7552606,-0.15526056
0.23,0.6011822,-0.3711822
0.06,0.21292898,-0.15292898
0.13,0.06342053,0.06657947
0.12,0.14206073,-0.02206073
0.14,0.120333225,0.019666776
0.08,0.13606495,-0.05606495
0.14,0.0888772,0.0511228
0.49,0.19507582,0.2949242
0.54,0.52256954,0.017430484
0.56,0.5466119,0.013388097
0.62,0.5673175,0.05268252
0.7,0.5958493,0.10415071
0.74,0.6763614,0.06363863
0.74,0.69310355,0.046896458
0.84,0.7080345,0.13196546
0.91,0.78699887,0.12300116
0.93,0.87101245,0.058987558
0.94,0.89201844,0.04798156
0.93,0.91919297,0.010807037
0.87,0.88068235,-0.010682344
0.83,0.8099351,0.02006489
0.82,0.78354454,0.036455452
0.95,0.7796825,0.17031747
0.97,0.8946441,0.07535595
0.96,0.883936,0.07606399
0.84,0.9012624,-0.06126243
0.58,0.7937792,-0.21377921
0.39,0.544003,-0.15400302
0.19,0.35646963,-0.16646963
0.03,0.1760204,-0.1460204
0.0,0.03506787,-0.03506787
0.65,0.028408777,0.6215912
0.98,0.68606985,0.29393017
0.98,0.9680362,0.011963844
0.97,0.9535955,0.01640451
0.97,0.9142597,0.055740356
0.97,0.9075676,0.06243241
0.97,0.896632,0.07336801
0.96,0.92407143,0.035928547
0.97,0.8996035,0.07039654
0.97,0.8985108,0.071489215
0.93,0.90334105,0.026658952
0.9,0.8886509,0.011349082
0.92,0.8671644,0.052835643
0.86,0.8755764,-0.015576363
0.88,0.8044218,0.07557821
0.78,0.8232393,-0.043239355
0.71,0.72822976,-0.018229783
0.78,0.6635696,0.11643034
0.7,0.7364079,-0.036407888
0.52,0.6386196,-0.11861962
0.27,0.48158288,-0.21158287
0.23,0.23821045,-0.00821045
0.16,0.22798648,-0.06798649
0.09,0.15422578,-0.06422578
0.04,0.09573088,-0.05573088
0.01,0.042875692,-0.032875694
0.01,0.010872324,-0.0008723242
0.0,0.0040250067,-0.0040250067
0.01,0.0036532395,0.0063467603
0.01,0.0,0.01
0.02,0.011129241,0.008870758
0.01,0.026456311,-0.016456312
0.0,0.0,0.0
0.01,0.006037781,0.0039622188
0.0,0.010760654,-0.010760654
0.01,0.0,0.01
0.01,0.0,0.01
0.01,0.0033898987,0.006610101
0.01,0.007493321,0.002506679
0.01,0.006642783,0.0033572167
0.01,0.0,0.01
0.01,0.0049193576,0.005080642
0.0,0.0055113677,-0.0055113677
0.01,0.0,0.01
0.01,0.0023487527,0.007651247
0.01,0.0,0.01
0.0,0.013722761,-0.013722761
0.01,0.0021016244,0.007898375
0.01,0.009220377,0.00077962317
0.01,0.0023081955,0.0076918043
0.01,0.008817838,0.0011821622
0.01,0.008084616,0.0019153841
0.01,0.004966112,0.005033888
0.01,0.001205923,0.008794077
0.01,0.014487208,-0.004487208
0.02,0.011458445,0.008541554
0.1,0.014010195,0.0859898
0.1,0.09360781,0.0063921884
0.12,0.1054281,0.014571898
0.2,0.14233448,0.057665527
0.27,0.20423163,0.065768376
0.26,0.27637863,-0.016378641
0.28,0.26019344,0.019806564
0.22,0.2786436,-0.05864361
0.22,0.21247025,0.0075297505
0.22,0.22745906,-0.0074590594
0.29,0.22361235,0.06638764
0.35,0.2956172,0.0543828
0.36,0.34695983,0.013040185
0.33,0.34693253,-0.016932517
0.26,0.3267036,-0.06670362
0.24,0.2557504,-0.015750393
0.21,0.22934596,-0.019345969
0.17,0.19929461,-0.02929461
0.19,0.16680937,0.023190632
0.19,0.18438141,0.005618587
0.27,0.1941425,0.075857505
0.2,0.2644478,-0.064447805
0.19,0.19588406,-0.005884066
0.17,0.18795851,-0.017958507
0.13,0.17109515,-0.041095152
0.08,0.12453057,-0.04453057
0.11,0.077878036,0.032121964
0.08,0.12211769,-0.042117693
0.04,0.06842457,-0.028424568
0.01,0.03981997,-0.029819971
0.01,0.013608616,-0.003608616
0.01,0.014664623,-0.004664623
0.01,6.886199e-05,0.009931138
0.01,0.013625279,-0.0036252793
0.01,0.0051574223,0.0048425775
0.01,0.0025677793,0.0074322205
0.01,0.0026045293,0.0073954705
0.01,0.01080313,-0.0008031307
0.01,0.00042291358,0.009577086
0.01,0.0,0.01
0.01,0.0060345866,0.003965413
0.01,0.014596552,-0.004596552
0.01,0.0021865536,0.007813446
0.01,0.018333267,-0.008333268
0.01,0.0075800493,0.0024199504
0.0,0.0016348604,-0.0016348604
0.01,0.0,0.01
0.0,0.010022913,-0.010022913
0.01,0.0,0.01
0.0,0.00891008,-0.00891008
0.01,0.0,0.01
0.01,0.009580298,0.00041970145
0.02,0.0052542444,0.014745755
0.01,0.019729175,-0.009729175
0.01,0.0018249359,0.008175064
0.01,0.0054181702,0.0045818295
0.01,0.004680222,0.005319778
0.01,0.0124396235,-0.0024396237
0.01,0.008728856,0.0012711436
0.01,0.008498712,0.0015012873
0.01,0.0066805165,0.0033194833
0.01,0.0058643576,0.004135642
0.01,0.00790811,0.0020918902
0.01,0.009342913,0.0006570872
0.01,0.015476832,-0.0054768324
0.01,0.0038078148,0.006192185
0.03,0.009472577,0.020527422
0.04,0.021621602,0.018378397
0.05,0.038823508,0.011176493
0.02,0.050908685,-0.030908685
0.04,0.02262269,0.01737731
0.01,0.03874994,-0.02874994
0.01,0.00427608,0.0057239197
0.01,0.00812182,0.0018781796
0.05,0.0065123215,0.04348768
0.2,0.04573419,0.15426582
0.27,0.21458764,0.055412367
0.4,0.28809237,0.11190763
0.3,0.4188583,-0.11885828
0.15,0.29335058,-0.14335057
0.27,0.15084894,0.11915107
0.55,0.27838784,0.27161217
0.42,0.5512799,-0.13127992
0.39,0.41013664,-0.020136654
0.28,0.3953349,-0.1153349
0.38,0.26808444,0.11191556
0.34,0.38103235,-0.041032344
0.4,0.3347441,0.06525591
0.39,0.40117526,-0.011175275
0.47,0.37135813,0.09864187
0.44,0.45162123,-0.011621237
0.47,0.41494754,0.05505246
0.53,0.4601494,0.069850564
0.39,0.510796,-0.120796025
0.49,0.35026097,0.13973904
0.56,0.48258528,0.07741472
0.73,0.5249743,0.20502573
0.68,0.71869576,-0.038695753
0.6,0.6277668,-0.027766764
0.52,0.585027,-0.065027
0.49,0.48471162,0.0052883923
0.49,0.47063664,0.019363374
0.55,0.45227566,0.09772435
0.44,0.5282958,-0.08829582
0.37,0.39297724,-0.022977233
0.37,0.36645386,0.0035461485
0.33,0.3424651,-0.01246509
0.25,0.312916,-0.06291601
0.19,0.22798707,-0.03798707
0.2,0.18254133,0.017458677
0.16,0.19669236,-0.036692366
0.12,0.14129668,-0.021296687
0.1,0.1124,-0.012400001
0.1,0.10073445,-0.00073444843
0.12,0.11308177,0.006918229
0.1,0.10687955,-0.0068795457
0.13,0.09633154,0.03366846
0.1,0.12609391,-0.026093908
0.07,0.10540683,-0.035406828
0.08,0.065889455,0.014110543
0.07,0.07909496,-0.009094961
0.01,0.066043645,-0.056043647
0.01,0.0,0.01
0.01,0.014601851,-0.004601851
0.01,0.0056364117,0.004363588
0.01,0.0044739805,0.0055260193
0.01,0.0053184535,0.0046815462
0.0,0.005313294,-0.005313294
0.01,0.0,0.01
0.0,0.022242129,-0.022242129
0.01,0.0,0.01
0.01,0.007932274,0.002067726
0.01,0.0,0.01
0.01,0.014325101,-0.004325101
0.0,0.007723841,-0.007723841
0.01,0.004324287,0.0056757126
0.0,0.0062643886,-0.0062643886
0.01,0.0,0.01
0.01,0.0066386014,0.0033613984
0.01,0.005786106,0.004213894
0.01,0.0107753,-0.00077529997
0.01,0.0,0.01
0.01,0.014291534,-0.0042915344
0.01,0.010284921,-0.00028492138
0.01,0.011312652,-0.0013126526
0.01,0.0048807673,0.0051192325
0.01,0.007271955,0.002728045
0.03,0.0024553519,0.027544647
0.03,0.031896576,-0.001896577
0.04,0.024817744,0.015182255
0.08,0.041852675,0.038147323
0.05,0.08223806,-0.032238062
0.11,0.03941918,0.07058082
0.16,0.12762034,0.032379657
0.41,0.16214503,0.24785496
0.33,0.4403525,-0.11035249
0.32,0.32725447,-0.0072544813
0.23,0.33228326,-0.102283254
0.48,0.21776126,0.26223874
0.61,0.48689765,0.12310237
0.16,0.61346483,-0.45346484
0.26,0.15889919,0.1011008
0.34,0.279301,0.060699016
0.38,0.3334929,0.04650709
0.31,0.388409,-0.07840899
0.15,0.322374,-0.17237398
0.07,0.15329961,-0.083299614
0.1,0.07000381,0.029996194
0.16,0.11205843,0.047941566
0.15,0.14919136,0.0008086413
0.16,0.17188574,-0.011885747
0.21,0.13300693,0.07699306
0.23,0.25105515,-0.021055147
0.19,0.22738965,-0.03738965
0.15,0.19174063,-0.041740626
0.1,0.14344,-0.04343999
0.08,0.108666845,-0.028666846
0.04,0.079568215,-0.039568216
0.05,0.048762426,0.001237575
0.02,0.055357553,-0.035357554
0.63,0.01769985,0.61230016
0.97,0.6323707,0.33762932
0.97,0.93993324,0.030066788
0.97,0.96692365,0.0030763745
0.97,0.9130507,0.056949317
0.97,0.9161743,0.053825736
0.97,0.9105668,0.05943322
0.97,0.9331084,0.03689164
0.81,0.91508174,-0.10508174
0.72,0.7375012,-0.017501175
0.63,0.68335664,-0.053356647
0.44,0.616292,-0.176292
0.43,0.43019992,-0.00019991398
0.75,0.40585715,0.34414285
0.73,0.7190515,0.010948539
0.43,0.6860061,-0.25600612
0.3,0.3977232,-0.097723186
0.64,0.27170527,0.36829472
0.47,0.6251786,-0.15517858
0.51,0.422277,0.08772299
0.81,0.5029125,0.30708748
0.93,0.756592,0.17340803
0.95,0.91246665,0.037533343
0.96,0.9126899,0.047310054
0.96,0.92178756,0.03821242
0.94,0.91094124,0.029058754
0.87,0.8721191,-0.002119124
0.78,0.82127607,-0.041276097
0.62,0.73842347,-0.11842346
0.76,0.57641506,0.18358493
0.89,0.72234595,0.16765404
0.88,0.8562299,0.023770094
0.86,0.8184634,0.04153663
0.86,0.8207212,0.039278805
0.87,0.80007476,0.06992525
0.94,0.8149996,0.12500042
0.96,0.8760374,0.08396256
0.88,0.9034906,-0.023490608
0.97,0.8179395,0.15206051
0.95,0.91116476,0.038835227
0.96,0.8843555,0.07564449
0.92,0.9147791,0.00522089
0.87,0.8617915,0.008208513
0.77,0.82086146,-0.050861478
0.55,0.7240923,-0.1740923
0.82,0.506314,0.313686
0.85,0.802402,0.047598004
0.97,0.78539354,0.18460649
0.97,0.9304663,0.039533734
0.97,0.90616786,0.063832164
0.97,0.9099792,0.060020804
0.97,0.9081452,0.06185484
0.93,0.90899706,0.021002948
0.94,0.8691082,0.0708918
0.9,0.891407,0.008592963
0.86,0.83417416,0.025825858
0.7,0.80764353,-0.107643545
0.56,0.6583874,-0.09838742
0.52,0.52636415,-0.0063641667
0.37,0.48926127,-0.119261265
0.28,0.33581737,-0.055817366
0.18,0.26738063,-0.08738062
0.19,0.16609201,0.02390799
0.26,0.19374116,0.06625883
0.15,0.24640615,-0.09640615
0.15,0.1330132,0.016986802
0.12,0.14262578,-0.022625782
0.15,0.11953379,0.030466214
0.11,0.13924372,-0.029243723
0.11,0.10763843,0.0023615658
0.1,0.11441646,-0.014416456
0.11,0.08643921,0.023560792
0.05,0.11242795,-0.06242795
0.05,0.03495694,0.015043061
0.02,0.05117257,-0.03117257
0.04,0.0007689502,0.039231047
0.04,0.039466463,0.0005335361
0.08,0.029578209,0.05042179
0.07,0.087789625,-0.017789625
0.06,0.058820933,0.0011790656
0.01,0.05621527,-0.046215273
0.03,0.0,0.03
0.01,0.028036134,-0.018036135
0.06,0.0,0.06
0.07,0.055924527,0.014075473
0.06,0.06743651,-0.00743651
0.09,0.059517473,0.03048253
0.13,0.098995775,0.03100422
0.1,0.13237576,-0.03237576
0.21,0.10219301,0.10780698
0.3,0.2049346,0.095065415
0.43,0.31260553,0.11739448
0.63,0.43518543,0.19481456
0.53,0.6343514,-0.1043514
0.44,0.4984541,-0.058454096
0.4,0.43695015,-0.03695014
0.5,0.3881881,0.111811906
0.48,0.4879529,-0.007952899
0.51,0.45327002,0.056729972
0.61,0.500188,0.10981202
0.69,0.5839623,0.10603768
0.54,0.6618885,-0.12188846
0.59,0.50281507,0.087184906
0.53,0.5813794,-0.051379442
0.35,0.49927366,-0.14927366
0.3,0.3128191,-0.012819082
0.33,0.2867754,0.043224603
0.21,0.32270846,-0.112708464
0.15,0.18600151,-0.036001503
0.2,0.15388025,0.04611975
0.41,0.20588596,0.20411403
0.3,0.4155879,-0.11558789
0.34,0.2881208,0.051879197
0.33,0.3346484,-0.0046483874
0.22,0.3290221,-0.10902211
0.15,0.19429411,-0.044294104
0.23,0.15149146,0.07850854
0.21,0.23299852,-0.022998527
0.26,0.18971525,0.07028474
0.32,0.24716462,0.07283537
0.34,0.33013248,0.009867519
0.32,0.34722316,-0.02722317
0.2,0.31230938,-0.11230938
0.19,0.18481532,0.00518468
0.27,0.20129731,0.0687027
0.29,0.25806922,0.031930774
0.32,0.2637079,0.056292087
0.46,0.30611986,0.15388015
0.48,0.4559694,0.024030596
0.45,0.4682218,-0.018221825
0.46,0.441714,0.01828602
0.49,0.44105592,0.048944086
0.57,0.4734305,0.09656948
0.44,0.5453972,-0.105397224
0.61,0.41378134,0.19621867
0.76,0.59139884,0.16860116
0.75,0.716044,0.03395599
0.63,0.7107629,-0.08076292
0.31,0.59278077,-0.28278077
0.27,0.2834928,-0.013492793
0.36,0.25546402,0.104536
0.39,0.33270168,0.057298303
0.45,0.36739385,0.08260614
0.5,0.4416756,0.058324397
0.39,0.46763852,-0.07763854
0.34,0.35705882,-0.01705882
0.29,0.32778907,-0.037789077
0.28,0.26941594,0.010584056
0.27,0.2599809,0.010019124
0.23,0.25498804,-0.02498804
0.28,0.22942355,0.05057645
0.31,0.27429986,0.035700142
0.35,0.29291606,0.057083935
0.36,0.34129226,0.018707752
0.31,0.35269773,-0.042697728
0.24,0.2825511,-0.042551115
0.28,0.22766592,0.052334085
0.37,0.27523863,0.09476137
0.39,0.35964885,0.030351132
0.31,0.37455326,-0.06455326
0.3,0.28540462,0.014595389
0.29,0.30054027,-0.010540277
0.33,0.25744236,0.07255766
0.38,0.3097493,0.07025069
0.3,0.38222793,-0.082227916
0.27,0.28909308,-0.019093066
0.26,0.26001248,-1.2487173e-05
0.27,0.24799909,0.022000924
0.26,0.2602534,-0.00025340915
0.24,0.24929176,-0.009291768
0.2,0.22323531,-0.023235306
0.22,0.1835605,0.036439493
0.36,0.22255485,0.13744517
0.36,0.34904477,0.010955244
0.07,0.35425714,-0.28425714
0.09,0.058762178,0.031237826
0.05,0.10869276,-0.058692757
0.03,0.03897126,-0.008971261
0.04,0.029723393,0.010276606
0.03,0.037562177,-0.0075621773
0.03,0.038618594,-0.008618595
0.09,0.027571227,0.062428776
0.09,0.09393963,-0.0039396286
0.1,0.1023353,-0.002335295
0.13,0.11180691,0.018193088
0.16,0.11957005,0.04042995
0.13,0.17390344,-0.04390344
0.13,0.13021329,-0.00021329522
0.09,0.12640509,-0.036405087
0.09,0.08433662,0.00566338
0.11,0.09908244,0.010917559
0.13,0.118802026,0.011197969
0.13,0.12688224,0.003117755
0.1,0.12586613,-0.025866129
0.08,0.11311099,-0.03311099
0.09,0.088303775,0.001696229
0.1,0.09513049,0.004869513
0.06,0.09491509,-0.034915093
0.06,0.028366493,0.031633504
0.05,0.065170966,-0.015170965
0.05,0.052470334,-0.0024703331
0.05,0.058642246,-0.008642245
0.05,0.04635772,0.0036422797
0.06,0.0468127,0.0131873
0.07,0.05777619,0.01222381
0.07,0.0751088,-0.005108796
0.07,0.07178307,-0.001783073
0.04,0.07182469,-0.031824693
0.08,0.029239666,0.050760332
0.07,0.0978116,-0.027811602
0.11,0.07495339,0.035046607
0.07,0.11173601,-0.041736007
0.13,0.06460002,0.065399975
0.13,0.14412938,-0.014129385
0.14,0.12984535,0.01015465
0.11,0.14978094,-0.039780945
0.17,0.11565314,0.05434686
0.15,0.17861022,-0.028610215
0.19,0.14142327,0.048576728
0.15,0.2093121,-0.05931209
0.14,0.14624256,-0.0062425584
0.18,0.1496913,0.030308709
0.16,0.19112086,-0.031120867
0.17,0.15701818,0.012981817
0.11,0.18710579,-0.07710579
0.28,0.10800987,0.17199013
0.14,0.29386693,-0.15386693
0.17,0.1285781,0.041421905
0.4,0.18947846,0.21052155
0.23,0.38028735,-0.15028735
0.35,0.2310374,0.1189626
0.41,0.35640192,0.053598076
0.29,0.4136032,-0.123603195
0.31,0.26330099,0.046699017
0.4,0.31346095,0.08653906
0.31,0.38534498,-0.07534498
0.29,0.28843942,0.0015605688
0.23,0.29410675,-0.06410675
0.19,0.21366477,-0.023664773
0.27,0.19774239,0.07225762
0.33,0.2668853,0.0631147
0.26,0.31828028,-0.05828029
0.24,0.250836,-0.01083602
0.2,0.24203013,-0.042030126
0.1,0.17759758,-0.07759758
0.09,0.10066207,-0.010662064
0.13,0.095808335,0.03419166
0.14,0.1257291,0.014270902
0.18,0.124047875,0.05595213
0.2,0.18724419,0.012755811
0.15,0.20910595,-0.059105948
0.29,0.14529555,0.14470445
0.21,0.30489218,-0.09489219
0.23,0.19423404,0.03576596
0.23,0.24435444,-0.014354438
0.34,0.23115839,0.10884161
0.91,0.3357026,0.5742974
0.86,0.87184894,-0.011848927
0.42,0.832147,-0.41214702
0.34,0.389341,-0.049340993
0.15,0.33859864,-0.18859863
0.1,0.12901944,-0.029019438
0.05,0.10202428,-0.05202428
0.01,0.04556679,-0.035566792
0.02,0.018831564,0.0011684354
0.03,0.030079957,-7.995777e-05
0.14,0.07132021,0.06867979
0.22,0.16567852,0.054321483
0.21,0.2187158,-0.008715808
0.83,0.22083497,0.609165
0.46,0.8140271,-0.35402706
0.03,0.45189255,-0.42189255
0.04,0.0793594,-0.0393594
0.36,0.059074134,0.30092588
0.32,0.38159877,-0.061598778
0.82,0.34633565,0.47366434
0.97,0.7271698,0.24283022
0.98,0.92788476,0.05211526
0.98,0.9658952,0.014104843
0.98,0.9341847,0.04581535
0.97,0.9540913,0.015908718
0.97,0.90783197,0.06216806
0.97,0.88771224,0.08228779
0.81,0.91832703,-0.10832703
0.97,0.7466018,0.22339821
0.79,0.9329754,-0.14297539
0.43,0.73294175,-0.30294174
0.11,0.41124958,-0.30124956
0.01,0.117982626,-0.10798263
0.06,0.05046148,0.00953852
0.08,0.058594897,0.0214051
0.09,0.08530247,0.0046975315
0.02,0.07346403,-0.05346403
0.01,0.06302331,-0.05302331
0.0,0.020442445,-0.020442445
0.01,0.007843653,0.002156347
0.01,0.031540737,-0.021540737
0.01,0.012365615,-0.0023656152
0.01,0.020991491,-0.010991491
0.04,0.029552635,0.010447364
0.07,0.044291213,0.025708787
0.05,0.06141448,-0.011414479
0.02,0.055765748,-0.03576575
0.03,0.019479804,0.010520196
0.02,0.02573904,-0.0057390407
0.03,0.0,0.03
0.06,0.049018275,0.010981724
0.08,0.06709868,0.012901321
0.03,0.07746222,-0.047462218
0.02,0.022974426,-0.0029744264
0.03,0.022955058,0.007044941
0.03,0.014235074,0.015764926
0.03,0.015246682,0.014753317
0.03,0.031484354,-0.001484355
0.04,0.015736582,0.024263417
0.05,0.04865567,0.0013443306
0.06,0.04876233,0.01123767
0.06,0.060616024,-0.0006160252
0.09,0.059228122,0.030771881
0.04,0.08392985,-0.043929853
0.01,0.019694513,-0.009694513
0.04,0.019931363,0.020068636
0.12,0.0430436,0.0769564
0.15,0.12968497,0.020315036
0.15,0.16012959,-0.010129586
0.2,0.15414411,0.045855895
0.18,0.20276426,-0.02276425
0.16,0.18208633,-0.022086337
0.18,0.16626486,0.013735145
0.12,0.17785747,-0.057857476
0.15,0.11426908,0.03573093
0.17,0.16004963,0.00995037
0.27,0.17854004,0.091459975
0.3,0.27906016,0.020939857
0.28,0.30036068,-0.020360678
0.44,0.28159693,0.15840307
0.41,0.446752,-0.036752015
0.41,0.3930974,0.016902596
0.37,0.40063787,-0.03063786
0.62,0.35473055,0.26526946
0.55,0.60447866,-0.054478645
0.45,0.5157847,-0.06578469
0.53,0.4335206,0.096479386
0.34,0.53594226,-0.19594225
0.35,0.3127599,0.037240088
0.5,0.33282828,0.16717172
0.57,0.4925515,0.07744849
0.6,0.5587871,0.041212916
0.43,0.56368434,-0.13368434
0.44,0.4106074,0.0293926
0.38,0.4206618,-0.04066181
0.33,0.36068574,-0.030685723
0.31,0.29909402,0.010905981
0.25,0.29700714,-0.047007143
0.23,0.2390727,-0.009072691
0.26,0.22201446,0.037985533
0.2,0.24969883,-0.04969883
0.17,0.19731714,-0.027317137
0.13,0.167596,-0.037596002
0.08,0.12848866,-0.04848866
0.11,0.069400206,0.040599793
0.1,0.107255295,-0.0072552934
0.09,0.09033762,-0.0003376156
0.06,0.08525624,-0.025256243
0.04,0.06913833,-0.029138334
0.05,0.03736059,0.012639411
0.01,0.045141883,-0.035141885
0.01,0.0,0.01
0.01,0.0049141254,0.0050858743
0.0,0.0023934767,-0.0023934767
0.01,0.0,0.01
0.01,0.0047003627,0.005299637
0.01,0.01930423,-0.009304231
0.01,0.0004364308,0.009563569
0.01,0.0012539197,0.00874608
0.02,0.0,0.02
0.01,0.028291339,-0.01829134
0.0,0.0,0.0
0.01,0.0057743676,0.004225632
0.01,0.016607216,-0.006607216
0.07,0.002618393,0.067381606
0.16,0.06495565,0.095044345
0.08,0.16120966,-0.08120966
0.12,0.07925184,0.040748157
0.24,0.12683628,0.11316371
0.4,0.24923642,0.15076359
0.39,0.41763484,-0.02763486
0.36,0.39374503,-0.03374502
0.46,0.36282134,0.09717867
0.39,0.45498046,-0.06498048
0.38,0.35693726,0.023062736
0.35,0.37806404,-0.028064042
0.39,0.34455103,0.04544896
0.39,0.3886506,0.0013493896
0.44,0.37127566,0.068724334
0.41,0.42830628,-0.018306285
0.42,0.39090228,0.029097706
0.35,0.40131268,-0.051312685
0.4,0.33140537,0.068594635
0.46,0.39109844,0.06890157
0.5,0.43779093,0.06220907
0.45,0.472932,-0.022932023
0.38,0.41332942,-0.033329427
0.36,0.3716176,-0.011617571
0.74,0.34900093,0.39099908
0.66,0.7308573,-0.07085729
0.52,0.64649904,-0.12649906
0.32,0.4879219,-0.1679219
0.11,0.30225024,-0.19225024
0.13,0.10024862,0.029751375
0.01,0.13712333,-0.12712333
0.02,0.0057209153,0.014279084
0.11,0.015841953,0.094158046
0.16,0.12170679,0.038293205
0.26,0.20126353,0.05873646
0.51,0.2726973,0.23730269
0.48,0.4970631,-0.017063111
0.39,0.47778141,-0.08778143
0.48,0.39770803,0.08229196
0.46,0.45761275,0.0023872554
0.32,0.42085978,-0.10085979
0.27,0.29426354,-0.024263531
0.25,0.2813499,-0.031349897
0.29,0.24172603,0.048273966
0.32,0.28273785,0.03726214
0.41,0.31770962,0.09229037
0.44,0.41395974,0.026040256
0.44,0.41274142,0.027258575
0.55,0.4149297,0.13507032
0.39,0.5288781,-0.1388781
0.34,0.33681867,0.0031813383
0.45,0.3183233,0.13167667
0.53,0.4174149,0.11258507
0.54,0.51241773,0.027582288
0.64,0.51909506,0.12090492
0.72,0.6221565,0.09784353
0.83,0.6953444,0.1346556
0.87,0.8083655,0.06163448
0.86,0.8246509,0.03534913
0.84,0.80856794,0.031432033
0.82,0.779145,0.04085499
0.62,0.76110387,-0.14110386
0.57,0.5835168,-0.013516784
0.63,0.5436071,0.08639288
0.37,0.6000197,-0.23001969
0.32,0.32457098,-0.004570991
0.37,0.32037878,0.049621224
0.31,0.3571248,-0.047124803
0.2,0.287481,-0.08748101
0.28,0.18194193,0.098058075
0.35,0.28503484,0.06496516
0.28,0.32387638,-0.04387638
0.15,0.26596794,-0.11596793
0.08,0.13627093,-0.056270927
0.06,0.08193662,-0.021936622
0.07,0.05438277,0.015617229
0.07,0.062392168,0.0076078326
0.05,0.066067494,-0.016067494
0.03,0.04721521,-0.01721521
0.02,0.018363196,0.0016368032
0.01,0.022894355,-0.012894355
0.01,0.022335142,-0.012335142
0.01,0.0,0.01
0.0,0.0,0.0
0.01,0.0,0.01
0.01,0.002822617,0.0071773827
0.01,0.011203231,-0.0012032315
0.01,0.012905256,-0.002905256
0.01,0.0,0.01
0.01,0.00057451427,0.0094254855
0.01,0.008764885,0.0012351144
0.01,0.004543118,0.0054568816
0.01,0.009945471,5.4528937e-05
0.01,0.0056655165,0.0043344833
0.01,0.014719201,-0.0047192015
0.01,0.002237415,0.007762585
0.01,0.0042539444,0.0057460554
0.01,0.0024104137,0.007589586
0.01,0.006209431,0.0037905686
0.01,0.012495674,-0.0024956744
0.01,0.023038795,-0.013038795
0.01,0.0,0.01
0.01,0.0113374535,-0.0013374537
0.01,0.009587806,0.00041219406
0.01,0.0146982595,-0.0046982598
0.01,0.0033316743,0.0066683255
0.01,0.009630276,0.0003697239
0.01,0.008947322,0.0010526776
0.0,0.006917719,-0.006917719
0.01,0.0030897167,0.006910283
0.0,0.0008778665,-0.0008778665
0.01,0.004911134,0.0050888658
0.01,0.008299172,0.0017008279
0.01,0.011768771,-0.0017687716
0.03,0.00732529,0.02267471
0.08,0.025725838,0.05427416
0.1,0.07942179,0.020578213
0.1,0.10196753,-0.001967527
0.09,0.10257384,-0.012573838
0.08,0.09588933,-0.015889332
0.1,0.07490944,0.02509056
0.1,0.110715315,-0.010715313
0.08,0.10482764,-0.024827644
0.07,0.07804415,-0.008044146
0.01,0.07801594,-0.06801594
0.05,0.007581193,0.042418808
0.08,0.05109778,0.028902218
0.09,0.08726156,0.002738446
0.05,0.10375641,-0.053756412
0.1,0.03655264,0.063447356
0.08,0.12120026,-0.041200265
0.1,0.0688487,0.031151302
0.07,0.105694845,-0.035694845
0.13,0.072999984,0.05700001
0.08,0.14565349,-0.06565349
0.28,0.07020845,0.20979154
0.24,0.29923832,-0.05923833
0.33,0.24966563,0.08033438
0.28,0.34104705,-0.061047047
0.24,0.28303635,-0.043036357
0.22,0.2453528,-0.025352806
0.23,0.21893556,0.01106444
0.41,0.23258246,0.17741753
0.32,0.42696267,-0.10696268
0.3,0.30004644,-4.643202e-05
0.47,0.30766332,0.16233668
0.59,0.45589978,0.1341002
0.35,0.59115684,-0.24115685
0.49,0.31477854,0.17522147
0.36,0.51298165,-0.15298164
0.35,0.31409138,0.03590861
0.53,0.34596795,0.18403202
0.39,0.51161873,-0.12161875
0.34,0.36849475,-0.028494745
0.36,0.31936294,0.040637076
0.23,0.35769504,-0.12769504
0.37,0.19430904,0.17569096
0.49,0.37824026,0.11175975
0.31,0.47318852,-0.16318852
0.6,0.28891945,0.31108057
0.54,0.60092545,-0.060925424
0.71,0.47996432,0.23003566
0.79,0.7129531,0.07704693
0.74,0.75045806,-0.010458052
0.9,0.71577287,0.18422711
0.64,0.8474593,-0.20745933
0.82,0.6003797,0.21962029
0.62,0.790033,-0.17003298
0.33,0.5798978,-0.24989781
0.36,0.30191636,0.058083653
0.36,0.35873598,0.0012640357
0.56,0.3289131,0.23108691
0.57,0.5498019,0.020198107
0.62,0.5573909,0.06260908
0.33,0.60859716,-0.27859715
0.23,0.30254614,-0.07254614
0.23,0.20186098,0.028139025
0.23,0.20880976,0.021190241
0.13,0.22503203,-0.09503204
0.04,0.10486719,-0.06486719
0.05,0.036655445,0.013344556
0.09,0.05841461,0.031585395
0.11,0.0942244,0.015775599
0.13,0.11786562,0.012134373
0.13,0.1510047,-0.021004707
0.13,0.12359506,0.0064049363
0.15,0.13061833,0.019381672
0.14,0.13409497,0.005905032
0.26,0.16184752,0.09815247
0.36,0.2590318,0.10096821
0.3,0.35282093,-0.05282092
0.28,0.30148512,-0.02148512
0.38,0.2634133,0.116586685
0.42,0.38725358,0.032746404
0.36,0.4132929,-0.0532929
0.4,0.36175665,0.038243353
0.49,0.38404906,0.10595095
0.44,0.4734596,-0.033459604
0.4,0.38981727,0.010182738
0.48,0.3804761,0.0995239
0.52,0.48029113,0.039708853
0.46,0.477922,-0.017921984
0.43,0.42871058,0.0012894273
0.59,0.4199406,0.17005938
0.48,0.5791849,-0.0991849
0.48,0.4328066,0.04719338
0.4,0.45757723,-0.057577223
0.47,0.37686807,0.09313193
0.54,0.44237632,0.097623706
0.54,0.5046583,0.03534174
0.44,0.52804494,-0.08804494
0.1,0.40336403,-0.30336404
0.01,0.08592722,-0.07592722
0.04,0.04123272,-0.0012327209
0.01,0.04305973,-0.03305973
0.01,0.012112061,-0.0021120608
0.01,0.0,0.01
0.01,0.030771155,-0.020771155
0.01,0.047085922,-0.03708592
0.01,0.030036671,-0.020036671
0.01,0.029604973,-0.019604973
0.01,0.026551502,-0.016551502
0.01,0.0,0.01
0.01,0.016368218,-0.006368218
0.01,0.0054593123,0.0045406874
0.01,0.022406753,-0.012406753
0.01,0.028968936,-0.018968936
0.01,0.008916758,0.0010832418
0.01,0.0,0.01
0.01,0.0046311207,0.005368879
0.01,0.024504067,-0.014504068
0.01,0.0,0.01
0.01,0.0132246185,-0.0032246187
0.01,0.0097083915,0.00029160827
0.01,9.262189e-05,0.009907378
0.01,0.0021304432,0.007869557
0.01,0.004386192,0.0056138076
0.01,0.014300509,-0.0043005096
0.01,0.004310688,0.005689312
0.01,0.014631938,-0.0046319384
0.02,0.015151301,0.004848698
0.04,0.018218478,0.02178152
0.04,0.039262824,0.00073717535
0.03,0.031374663,-0.0013746638
0.01,0.023643678,-0.013643678
0.01,0.0043882523,0.0056117475
0.0,0.021937445,-0.021937445
0.01,0.0038498193,0.0061501805
0.01,0.0043146983,0.0056853015
0.01,0.01927964,-0.00927964
0.01,0.0,0.01
0.01,0.021851465,-0.011851465
0.01,2.7962029e-05,0.009972038
0.01,0.0148393065,-0.0048393067
0.01,0.003065424,0.0069345757
0.01,0.012247961,-0.0022479612
0.01,0.019043237,-0.009043237
0.01,0.0076515228,0.002348477
0.01,0.005309364,0.004690636
0.01,0.009036033,0.00096396636
0.01,0.008735696,0.0012643039
0.01,0.013564371,-0.0035643708
0.01,0.0139205735,-0.0039205737
0.01,0.0064557316,0.0035442682
0.01,0.0073760767,0.0026239231
0.01,0.0035168566,0.006483143
0.01,0.007080947,0.0029190527
0.01,0.008287849,0.0017121509
0.01,0.018534062,-0.008534063
0.01,0.012192324,-0.002192324
0.01,0.0053199567,0.004680043
0.01,0.0020217523,0.0079782475
0.01,0.009480919,0.000519081
0.01,0.0072604762,0.0027395235
0.01,0.008790802,0.0012091976
0.01,0.012779207,-0.0027792072
0.02,0.015024793,0.004975206
0.04,0.014190134,0.025809865
0.06,0.037039112,0.022960886
0.05,0.05519838,-0.005198378
0.05,0.046043694,0.0039563067
0.05,0.052304335,-0.0023043342
0.04,0.049702838,-0.009702839
0.01,0.04406376,-0.034063764
0.01,0.0056509487,0.004349051
0.01,0.015574327,-0.005574327
0.01,0.0,0.01
0.01,0.007793784,0.0022062156
0.02,0.011050113,0.008949887
0.02,0.024352603,-0.004352603
0.02,0.011968551,0.008031448
0.01,0.014690459,-0.004690459
0.06,0.008292126,0.05170787
0.04,0.052648902,-0.012648903
0.08,0.030061917,0.049938083
0.12,0.08800401,0.03199599
0.16,0.12612349,0.03387651
0.17,0.17035207,-0.00035206974
0.18,0.17527007,0.0047299415
0.19,0.18746479,0.002535209
0.2,0.19947782,0.0005221814
0.27,0.19959551,0.0704045
0.33,0.27644533,0.053554684
0.3,0.32294062,-0.022940606
0.31,0.29470262,0.015297383
0.37,0.30478638,0.06521362
0.36,0.36772877,-0.0077287555
0.42,0.3417588,0.0782412
0.46,0.4133129,0.046687096
0.49,0.43903622,0.05096379
0.41,0.46652216,-0.05652216
0.48,0.38691622,0.09308377
0.39,0.47399968,-0.08399969
0.53,0.36300966,0.16699031
0.66,0.5168323,0.14316773
0.61,0.6292705,-0.01927048
0.67,0.57486457,0.09513545
0.74,0.6418837,0.09811634
0.66,0.70256853,-0.042568505
0.66,0.6197396,0.040260434
0.71,0.6292573,0.08074266
0.66,0.67872393,-0.018723905
0.65,0.60819393,0.041806042
0.59,0.6188549,-0.028854907
0.72,0.550604,0.16939604
0.77,0.69876987,0.07123011
0.71,0.71786463,-0.007864654
0.65,0.6694603,-0.01946032
0.53,0.61254394,-0.08254397
0.46,0.49671024,-0.036710232
0.41,0.41867977,-0.008679777
0.36,0.38611317,-0.026113153
0.31,0.33230007,-0.022300065
0.26,0.29098415,-0.030984163
0.2,0.23958008,-0.039580077
0.13,0.19457392,-0.06457393
0.05,0.12726118,-0.07726118
0.01,0.042195946,-0.032195948
0.02,0.0069632977,0.013036702
0.01,0.009088749,0.0009112507
0.01,0.0,0.01
0.0,0.0051198546,-0.0051198546
0.01,0.0,0.01
0.0,0.008477995,-0.008477995
0.01,0.0047402848,0.005259715
0.01,0.00669597,0.0033040298
0.01,0.0040960964,0.0059039034
0.01,0.0024932623,0.0075067375
0.01,0.006183479,0.0038165208
0.01,0.0078914445,0.0021085553
0.01,0.0,0.01
0.01,0.003429111,0.0065708887
0.01,0.0,0.01
0.01,0.0,0.01
0.01,0.0049836896,0.00501631
0.01,0.005249819,0.004750181
0.01,0.0011799112,0.008820089
0.01,0.014154002,-0.0041540023
0.01,0.00060986914,0.009390131
0.01,0.0059911646,0.004008835
0.01,0.001197489,0.008802511
0.01,0.0054027904,0.0045972094
0.01,0.010162158,-0.00016215816
0.01,0.01026714,-0.00026714057
0.01,0.0052333083,0.0047666915
0.01,0.0071700253,0.0028299745
0.01,0.008585035,0.0014149649
0.01,0.008181695,0.0018183049
0.01,0.009223888,0.0007761121
0.01,0.0020343587,0.007965641
0.01,0.0070192497,0.00298075
0.01,0.006391993,0.003608007
0.01,0.012441281,-0.0024412815
0.0,0.01132331,-0.01132331
0.01,0.0,0.01
0.01,0.011185685,-0.0011856854
0.01,0.005241057,0.004758943
0.01,0.009863557,0.00013644248
0.01,0.0109766275,-0.0009766277
0.01,0.0073335366,0.0026664631
0.0,0.008792359,-0.008792359
0.01,0.0038470142,0.0061529856
0.01,0.006824862,0.0031751376
0.01,0.007525511,0.0024744887
0.0,0.010376561,-0.010376561
0.01,0.0,0.01
0.01,0.011919502,-0.0019195024
0.01,0.004491592,0.005508408
0.01,0.0056782905,0.0043217093
0.01,0.010082621,-8.262135e-05
0.01,0.0048139393,0.0051860604
0.01,0.00703289,0.00296711
0.01,0.009272268,0.00072773173
0.01,0.011967616,-0.0019676164
0.01,0.0066709807,0.003329019
0.01,0.0075418465,0.0024581533
0.01,0.0069650235,0.0030349763
0.03,0.007568527,0.022431472
0.1,0.025730275,0.07426973
0.11,0.10423365,0.005766347
0.19,0.118734196,0.0712658
0.31,0.19854717,0.11145283
0.38,0.31755483,0.062445164
0.44,0.3857615,0.0542385
0.45,0.4430567,0.0069432855
0.35,0.4401806,-0.090180606
0.33,0.33940482,-0.009404808
0.37,0.3266436,0.04335642
0.26,0.3633486,-0.10334861
0.31,0.24453767,0.065462336
0.32,0.31147772,0.008522272
0.39,0.30652988,0.083470106
0.36,0.39204258,-0.032042563
0.23,0.34264964,-0.112649634
0.28,0.22295155,0.057048455
0.22,0.27359885,-0.05359885
0.2,0.20224324,-0.0022432357
0.18,0.18706384,-0.007063836
0.17,0.18095417,-0.010954171
0.19,0.16676435,0.023235649
0.16,0.18572606,-0.025726065
0.08,0.16156021,-0.08156021
0.1,0.081608646,0.018391356
0.08,0.10697448,-0.026974484
0.06,0.068885855,-0.008885857
0.08,0.06682427,0.013175726
0.05,0.082970425,-0.032970425
0.05,0.0461751,0.0038249008
0.03,0.041036386,-0.011036387
0.05,0.028947862,0.021052139
0.05,0.04775524,0.0022447594
0.04,0.04557488,-0.005574882
0.05,0.03033462,0.019665381
0.07,0.0491796,0.020820402
0.05,0.075041495,-0.025041495
0.04,0.045846142,-0.005846143
0.01,0.042808995,-0.032808997
0.06,0.0,0.06
0.05,0.06266543,-0.012665432
0.04,0.038320474,0.0016795248
0.01,0.042807084,-0.032807082
0.05,0.007276034,0.04272397
0.07,0.047883697,0.022116303
0.18,0.06336157,0.11663844
0.28,0.19714053,0.08285947
0.34,0.29499602,0.04500398
0.52,0.32986397,0.19013602
0.53,0.52496785,0.005032122
0.53,0.5147979,0.015202045
0.72,0.51594895,0.20405108
0.76,0.7014508,0.058549166
0.74,0.7269167,0.013083339
0.6,0.7021682,-0.1021682
0.76,0.5755733,0.18442667
0.86,0.73343897,0.12656105
0.79,0.8165158,-0.026515782
0.67,0.7401165,-0.07011646
0.44,0.64044523,-0.20044523
0.31,0.40592122,-0.09592122
0.51,0.28431404,0.22568595
0.48,0.49522704,-0.01522705
0.34,0.4464989,-0.1064989
0.37,0.3125714,0.0574286
0.24,0.36263466,-0.122634664
0.18,0.21380816,-0.033808157
0.21,0.17822786,0.031772137
0.18,0.20533688,-0.025336877
0.19,0.1656343,0.024365693
0.18,0.19087915,-0.010879144
0.14,0.16867115,-0.028671145
0.09,0.13387631,-0.043876305
0.05,0.096396655,-0.046396654
0.04,0.038360745,0.0016392544
0.01,0.034715626,-0.024715627
0.01,0.0,0.01
0.01,0.0,0.01
0.14,0.009040238,0.13095976
0.17,0.16256522,0.0074347854
0.25,0.17889014,0.07110986
0.27,0.25866753,0.011332482
0.24,0.26264852,-0.022648528
0.28,0.22801128,0.05198872
0.27,0.27470127,-0.0047012568
0.25,0.27567667,-0.025676668
0.19,0.24727859,-0.05727859
0.15,0.1774624,-0.027462393
0.14,0.15687273,-0.016872734
0.05,0.14659372,-0.09659372
0.02,0.046904102,-0.026904102
0.02,0.01654494,0.0034550596
0.01,0.010156191,-0.00015619118
0.01,0.0049918685,0.0050081313
0.01,0.012642495,-0.0026424956
0.01,0.01330681,-0.0033068098
0.01,0.0036527235,0.0063472763
0.01,0.0,0.01
0.01,0.018514084,-0.008514084
0.01,0.0059428196,0.00405718
0.01,0.0014357753,0.0085642245
0.01,0.018724542,-0.008724542
0.01,0.008992792,0.0010072077
0.0,0.011447849,-0.011447849
0.01,0.005649738,0.0043502618
0.01,0.011555644,-0.001555644
0.02,0.0,0.02
0.03,0.020633586,0.009366414
0.02,0.026638526,-0.006638527
0.03,0.020286476,0.009713523
0.01,0.028959071,-0.018959071
0.05,0.006762635,0.043237366
0.1,0.04936768,0.05063232
0.05,0.09880161,-0.048801612
0.04,0.044982363,-0.0049823634
0.04,0.051759224,-0.011759225
0.04,0.036795944,0.0032040551
0.05,0.044123538,0.005876463
0.02,0.04101611,-0.02101611
0.06,0.01574904,0.044250958
0.02,0.07363649,-0.053636488
0.01,0.0145665705,-0.0045665707
0.0,0.022795089,-0.022795089
0.01,0.0,0.01
0.01,0.010058591,-5.8591366e-05
0.01,0.0045478083,0.0054521915
0.03,0.010224042,0.019775957
0.01,0.02145917,-0.01145917
0.03,0.007554561,0.022445438
0.06,0.03157428,0.02842572
0.11,0.053679332,0.056320667
0.35,0.12509246,0.22490753
0.39,0.36003178,0.029968202
0.7,0.4053554,0.2946446
0.43,0.6983414,-0.26834142
0.18,0.4108039,-0.2308039
0.12,0.18297245,-0.06297245
0.04,0.14278847,-0.10278847
0.01,0.054049857,-0.04404986
0.01,0.0,0.01
0.03,0.00977849,0.020221509
0.05,0.05152303,-0.0015230291
0.13,0.064884946,0.06511505
0.27,0.14931192,0.120688096
0.3,0.3063497,-0.006349683
0.08,0.3177014,-0.2377014
0.07,0.070078954,-7.89538e-05
0.14,0.06700874,0.07299126
0.02,0.13889036,-0.11889036
0.01,0.007050326,0.0029496737
0.01,0.010559151,-0.0005591512
0.01,0.020333095,-0.010333095
0.01,0.012809218,-0.0028092181
0.0,0.025275946,-0.025275946
0.01,0.03561942,-0.02561942
0.06,0.01912081,0.04087919
0.07,0.045220494,0.024779506
0.02,0.07069851,-0.050698508
0.01,0.009896304,0.00010369532
0.02,0.0002403222,0.019759677
0.01,0.030039636,-0.020039637
0.01,0.009002615,0.000997385
0.0,0.010474756,-0.010474756
0.01,0.0,0.01
0.01,0.023062749,-0.013062749
0.01,0.017371746,-0.007371746
0.01,0.015174797,-0.005174797
0.01,0.0062009403,0.0037990594
0.01,0.0033054687,0.006694531
0.0,0.0,0.0
0.01,0.011830816,-0.0018308163
0.01,0.016237067,-0.0062370673
0.0,0.011218042,-0.011218042
0.01,0.0095337955,0.00046620425
0.01,0.007405961,0.0025940388
0.01,0.01343501,-0.00343501
0.01,0.009887454,0.00011254568
0.01,0.0042496044,0.0057503954
0.01,0.0,0.01
0.05,0.017470445,0.032529555
0.01,0.05627781,-0.046277814
0.01,0.013999553,-0.0039995536
0.01,0.000812741,0.009187259
0.01,0.009787363,0.00021263678
0.08,0.017128464,0.06287153
0.1,0.08233219,0.017667815
0.12,0.09521178,0.024788216
0.04,0.12920043,-0.08920043
0.07,0.0383089,0.0316911
0.08,0.079524286,0.00047571212
0.2,0.085896835,0.11410317
0.15,0.21359934,-0.06359933
0.51,0.1565126,0.35348737
0.2,0.50154155,-0.30154157
0.28,0.17844029,0.10155971
0.21,0.31593862,-0.10593863
0.31,0.21473356,0.09526645
0.23,0.32528603,-0.09528603
0.12,0.23152788,-0.11152788
0.24,0.13783875,0.10216124
0.35,0.23349416,0.11650583
0.25,0.34876359,-0.098763585
0.19,0.26726392,-0.07726392
0.24,0.20716311,0.032836884
0.19,0.24289684,-0.052896842
0.15,0.15040712,-0.00040711462
0.2,0.16048627,0.039513737
0.21,0.19459088,0.015409112
0.22,0.21257062,0.0074293762
0.21,0.19138992,0.018610075
0.2,0.22356348,-0.023563474
0.2,0.19522147,0.004778534
0.19,0.2129944,-0.0229944
0.2,0.17499422,0.025005788
0.19,0.22290528,-0.03290528
0.18,0.17262357,0.0073764324
0.16,0.19324279,-0.033242792
0.13,0.14113113,-0.011131138
0.12,0.14008585,-0.020085849
0.08,0.11920629,-0.03920629
0.07,0.07576561,-0.0057656094
0.07,0.072412305,-0.0024123043
0.08,0.060760498,0.0192395
0.09,0.096956834,-0.0069568306
0.09,0.08481554,0.005184464
0.09,0.09476422,-0.004764214
0.11,0.08511162,0.024888381
0.08,0.11136488,-0.03136488
0.03,0.077604026,-0.047604024
0.01,0.035815656,-0.025815656
0.01,0.0,0.01
0.01,0.001757225,0.008242775
0.0,0.012718489,-0.012718489
0.01,0.004187377,0.0058126226
0.0,0.011643158,-0.011643158
0.01,0.0,0.01
0.01,0.025678802,-0.015678803
0.01,0.0,0.01
0.02,0.021098344,-0.0010983441
0.01,0.0,0.01
0.01,0.02251579,-0.012515791
0.01,0.0,0.01
0.01,0.01447159,-0.00447159
0.04,0.012222027,0.027777972
0.04,0.043108627,-0.003108628
0.05,0.03416175,0.01583825
0.07,0.05199249,0.01800751
0.11,0.07265845,0.03734155
0.05,0.11520259,-0.065202594
0.04,0.043030187,-0.0030301884
0.06,0.0479895,0.0120105
0.22,0.06345039,0.1565496
0.3,0.22701128,0.07298873
0.28,0.31531078,-0.035310775
0.22,0.27487752,-0.05487752
0.2,0.22032632,-0.020326316
0.23,0.20201795,0.027982056
0.39,0.22773205,0.16226794
0.51,0.39608088,0.11391911
0.52,0.51256794,0.0074320436
0.34,0.5048353,-0.1648353
0.15,0.32074115,-0.17074114
0.12,0.14811303,-0.02811303
0.07,0.12765557,-0.057655565
0.09,0.07714094,0.012859061
0.1,0.07629175,0.023708254
0.11,0.10420912,0.005790882
0.16,0.114183515,0.04581648
0.29,0.16717258,0.12282741
0.27,0.2869054,-0.016905397
0.13,0.28366923,-0.15366924
0.11,0.12551458,-0.015514582
0.14,0.10970633,0.030293673
0.21,0.1309207,0.0790793
0.27,0.2190073,0.050992712
0.28,0.26958448,0.010415524
0.14,0.2851431,-0.1451431
0.16,0.12873754,0.031262457
0.14,0.16378538,-0.023785383
0.08,0.1481774,-0.0681774
0.12,0.08890131,0.031098686
0.28,0.12154263,0.15845737
0.37,0.29893988,0.07106012
0.34,0.37300116,-0.033001155
0.37,0.3187906,0.05120939
0.56,0.3609751,0.19902492
0.68,0.550573,0.12942702
0.81,0.68312925,0.12687075
0.92,0.79437053,0.12562948
0.88,0.8891974,-0.009197414
0.91,0.81573844,0.09426159
0.91,0.8767285,0.03327155
0.87,0.8608673,0.009132683
0.79,0.8279542,-0.03795415
0.77,0.7324958,0.037504196
0.86,0.74180853,0.11819148
0.64,0.8197306,-0.1797306
0.61,0.59114695,0.018853068
0.47,0.58329684,-0.11329684
0.4,0.43749124,-0.037491232
0.28,0.37258404,-0.092584044
0.16,0.25722876,-0.097228765
0.15,0.14739265,0.0026073605
0.1,0.14307182,-0.043071814
0.09,0.10372257,-0.013722569
0.09,0.09490331,-0.004903309
0.03,0.10570524,-0.07570524
0.01,0.008549387,0.0014506131
0.01,0.01561611,-0.00561611
0.01,0.011270321,-0.0012703212
0.0,0.011142157,-0.011142157
0.01,0.0069432547,0.003056745
0.01,0.020289443,-0.010289444
0.01,0.0,0.01
0.01,0.0073166136,0.0026833862
0.01,0.016147662,-0.006147662
0.01,0.0011754353,0.0088245645
0.03,0.0,0.03
0.01,0.022663437,-0.012663437
0.07,0.0066378117,0.06336219
0.15,0.060581863,0.08941814
0.21,0.14670548,0.063294515
0.22,0.206515,0.013485
0.25,0.21638049,0.03361951
0.17,0.24713057,-0.07713057
0.18,0.16262539,0.01737462
0.19,0.19009578,-9.5784664e-05
0.13,0.19118583,-0.061185837
0.14,0.13350822,0.0064917803
0.23,0.14060895,0.08939105
0.4,0.21938641,0.18061359
0.41,0.41273433,-0.0027343333
0.46,0.40428847,0.055711538
0.43,0.46202472,-0.03202471
0.63,0.40765172,0.22234827
0.39,0.6172845,-0.22728449
0.34,0.35634997,-0.016349971
0.48,0.34044963,0.13955036
0.37,0.46538585,-0.09538585
0.28,0.3435751,-0.06357509
0.24,0.26559415,-0.02559416
0.16,0.25375313,-0.09375313
0.11,0.1483474,-0.038347393
0.15,0.11329091,0.036709093
0.11,0.1534794,-0.043479398
0.1,0.117295116,-0.017295115
0.07,0.0988553,-0.028855301
0.06,0.057383128,0.0026168711
0.07,0.07060827,-0.00060827285
0.07,0.06668879,0.0033112094
0.06,0.06462381,-0.0046238117
0.06,0.049612038,0.010387961
0.07,0.0666144,0.0033856034
0.07,0.06709247,0.0029075295
0.06,0.08338262,-0.023382623
0.07,0.05903983,0.010960169
0.11,0.07596894,0.034031056
0.1,0.106394164,-0.006394163
0.11,0.10402107,0.005978927
0.14,0.114085704,0.025914297
0.16,0.13590199,0.024098009
0.16,0.16997929,-0.009979293
0.15,0.15577805,-0.0057780445
0.11,0.16833152,-0.05833152
0.1,0.100501515,-0.0005015135
0.11,0.09497378,0.015026219
0.1,0.10668965,-0.0066896453
0.1,0.1088563,-0.008856297
0.12,0.095813766,0.024186231
0.18,0.118900724,0.061099283
0.33,0.18975616,0.14024386
0.44,0.33829665,0.101703346
0.41,0.4463105,-0.036310494
0.6,0.39330637,0.20669365
0.63,0.5968729,0.03312707
0.6,0.6065603,-0.006560266
0.68,0.56467223,0.115327775
0.65,0.6682502,-0.018250227
0.5,0.6208863,-0.120886326
0.45,0.45777225,-0.007772267
0.54,0.44261074,0.09738928
0.51,0.52230936,-0.012309372
0.29,0.47628793,-0.18628794
0.35,0.26274982,0.08725017
0.27,0.3579436,-0.087943584
0.02,0.24634992,-0.22634992
0.01,0.0076356735,0.0023643263
0.01,0.023645027,-0.013645027
0.01,0.0071367044,0.0028632954
0.01,0.009506214,0.00049378537
0.01,0.0068195695,0.0031804303
0.01,0.025685418,-0.015685419
0.01,0.009034389,0.0009656111
0.01,0.02262245,-0.01262245
0.01,0.013680142,-0.0036801426
0.01,0.0031178538,0.006882146
0.01,0.0,0.01
0.01,0.015552238,-0.005552238
0.01,0.019258622,-0.009258622
0.01,0.0,0.01
0.01,0.010629071,-0.00062907115
0.01,0.015776083,-0.005776083
0.01,0.002263749,0.0077362508
0.01,0.0014692303,0.0085307695
0.01,0.017932266,-0.007932266
0.01,0.007030882,0.0029691178
0.01,0.007671211,0.0023287889
0.0,0.012446919,-0.012446919
0.01,0.0,0.01
0.01,0.00030743517,0.009692565
0.01,0.01436699,-0.00436699
0.01,0.0026462246,0.007353775
0.01,0.01069098,-0.0006909799
0.01,0.020284446,-0.010284446
0.01,0.009032266,0.00096773356
0.01,0.0,0.01
0.01,0.0073246052,0.0026753945
0.01,0.011762075,-0.0017620753
0.01,0.004171176,0.005828824
0.01,0.0035510752,0.0064489245
0.01,0.009628945,0.00037105475
0.01,0.01448513,-0.0044851303
0.01,0.0011938922,0.008806108
0.01,0.012776167,-0.0027761674
0.01,0.009879237,0.000120762736
0.01,0.0040983986,0.005901601
0.01,0.008530016,0.0014699837
0.01,0.015459018,-0.005459018
0.01,0.0,0.01
0.01,0.020257812,-0.010257812
0.01,0.009382849,0.00061715115
0.01,0.002728952,0.0072710477
0.01,0.010305559,-0.0003055595
0.03,0.005421428,0.024578571
0.01,0.023041623,-0.013041623
0.01,0.011711486,-0.0017114859
0.01,0.005558432,0.0044415677
0.01,0.0050773174,0.0049226824
0.02,0.004577961,0.015422039
0.02,0.015046373,0.0049536265
0.06,0.016615478,0.043384522
0.08,0.05775649,0.022243507
0.07,0.08518748,-0.01518748
0.07,0.064314,0.005686
0.03,0.072001725,-0.042001724
0.04,0.029111808,0.010888191
0.13,0.038262405,0.09173759
0.16,0.13632789,0.023672104
0.15,0.1734984,-0.023498401
0.16,0.15356942,0.006430581
0.15,0.17206357,-0.022063568
0.21,0.15641253,0.053587466
0.22,0.21798046,0.0020195395
0.25,0.2281468,0.021853194
0.25,0.24818848,0.0018115193
0.23,0.2452006,-0.0152006
0.22,0.23269789,-0.01269789
0.3,0.21950518,0.080494836
0.35,0.29866374,0.05133626
0.42,0.3440141,0.07598588
0.38,0.41449314,-0.03449315
0.39,0.36100855,0.028991431
0.4,0.38373145,0.016268551
0.41,0.38913006,0.02086994
0.51,0.39045432,0.11954567
0.46,0.49862102,-0.03862101
0.56,0.42940846,0.13059154
0.59,0.5375433,0.052456677
0.71,0.5597673,0.15023267
0.62,0.69119734,-0.07119733
0.55,0.5835313,-0.03353131
0.73,0.52973366,0.20026636
0.63,0.6999974,-0.06999743
0.8,0.5816492,0.21835083
0.7,0.76754314,-0.06754315
0.85,0.6561302,0.19386983
0.84,0.81686634,0.023133636
0.7,0.7837455,-0.08374554
0.75,0.6555269,0.09447312
0.85,0.72248614,0.12751389
0.84,0.8024276,0.037572384
0.76,0.7859374,-0.025937438
0.81,0.71827924,0.09172076
0.87,0.7682941,0.10170591
0.97,0.82013595,0.14986408
0.93,0.9120355,0.017964482
0.89,0.8699032,0.020096779
0.79,0.83967966,-0.049679637
0.81,0.7330515,0.07694852
0.75,0.7720878,-0.022087812
0.72,0.70251465,0.01748538
0.76,0.6808761,0.079123914
0.73,0.71581566,0.014184356
0.5,0.68379605,-0.18379605
0.67,0.44999063,0.22000939
0.71,0.6615054,0.048494577
0.77,0.65235305,0.11764693
0.72,0.7346916,-0.014691591
0.86,0.67382145,0.18617857
0.82,0.8164065,0.0035935044
0.65,0.7606981,-0.110698104
0.81,0.59568435,0.21431565
0.83,0.7880194,0.041980565
0.85,0.7580737,0.09192634
0.81,0.804795,0.0052049756
0.81,0.75954485,0.050455153
0.81,0.7694073,0.04059273
0.81,0.755306,0.054693997
0.8,0.77230716,0.027692854
0.76,0.7481574,0.011842608
0.79,0.7129171,0.07708293
0.81,0.7352219,0.07477808
0.87,0.76610065,0.10389936
0.88,0.81582534,0.06417465
0.91,0.8222351,0.08776492
0.92,0.853356,0.06664401
0.93,0.86717916,0.06282085
0.91,0.8715931,0.03840691
0.91,0.85017216,0.059827864
0.91,0.8561709,0.053829134
0.9,0.8542062,0.04579377
0.9,0.845947,0.05405295
0.91,0.84592503,0.06407499
0.86,0.86033344,-0.00033342838
0.84,0.7997017,0.040298283
0.77,0.7974245,-0.027424514
0.74,0.7181839,0.021816134
0.74,0.69983125,0.040168762
0.74,0.6988097,0.041190326
0.72,0.6934257,0.026574314
0.7,0.67312753,0.026872456
0.73,0.655397,0.07460302
0.78,0.6931273,0.0868727
0.7,0.72854865,-0.028548658
0.74,0.64989305,0.090106964
0.84,0.7033258,0.13667417
0.81,0.7914909,0.01850909
0.79,0.74743587,0.042564154
0.8,0.74601597,0.053984046
0.78,0.7536464,0.026353598
0.81,0.7277363,0.08226371
0.81,0.76187867,0.048121333
0.79,0.7624035,0.027596533
0.8,0.7394885,0.06051153
0.78,0.7539011,0.026098847
0.78,0.73019516,0.049804807
0.76,0.73652697,0.023473024
0.72,0.7104169,0.009583116
0.7,0.67420083,0.025799155
0.7,0.65615916,0.043840826
0.67,0.65787286,0.012127161
0.66,0.62589157,0.03410846
0.61,0.619517,-0.009517014
0.63,0.57088137,0.05911863
0.63,0.59377515,0.036224842
0.55,0.5902642,-0.04026419
0.51,0.51145405,-0.0014540553
0.48,0.4765377,0.0034622848
0.55,0.4479012,0.10209882
0.5,0.5194314,-0.019431412
0.54,0.4630006,0.076999426
0.45,0.5123597,-0.06235969
0.47,0.41200116,0.057998836
0.52,0.4471478,0.072852194
0.5,0.4905079,0.009492099
0.37,0.46676514,-0.09676513
0.49,0.3347462,0.1552538
0.53,0.4789139,0.05108607
0.38,0.49093542,-0.11093542
0.33,0.34729326,-0.017293245
0.29,0.31358302,-0.023583025
0.35,0.27153194,0.078468055
0.44,0.33316326,0.106836736
0.32,0.41698593,-0.096985936
0.3,0.2992713,0.0007287264
0.33,0.29327857,0.03672144
0.3,0.3141205,-0.014120489
0.29,0.27050897,0.019491017
0.24,0.29052398,-0.05052398
0.27,0.21924509,0.05075492
0.26,0.26170927,-0.0017092824
0.25,0.24538334,0.004616663
0.29,0.2478074,0.042192593
0.23,0.27954543,-0.049545422
0.23,0.21923135,0.010768652
0.23,0.21879311,0.011206895
0.2,0.22438812,-0.02438812
0.22,0.1897731,0.030226901
0.23,0.21459039,0.015409619
0.24,0.2228532,0.017146796
0.2,0.2354139,-0.03541389
0.23,0.20154178,0.028458223
0.22,0.22120477,-0.0012047738
0.24,0.21415675,0.025843248
0.24,0.23235913,0.0076408684
0.17,0.23600729,-0.06600729
0.31,0.17412676,0.13587324
0.26,0.3068179,-0.0468179
0.24,0.2388961,0.0011038929
0.35,0.23888072,0.11111927
0.38,0.35285932,0.027140677
0.46,0.37360644,0.086393565
0.43,0.4472838,-0.017283797
0.49,0.41819158,0.07180843
0.5,0.4817632,0.018236786
0.54,0.47136492,0.068635106
0.55,0.51487076,0.03512925
0.53,0.5238778,0.006122172
0.49,0.50379574,-0.013795733
0.6,0.46061885,0.13938117
0.53,0.5821087,-0.052108705
0.54,0.49026275,0.049737275
0.53,0.5208065,0.00919348
0.52,0.5031998,0.016800165
0.39,0.48938513,-0.09938514
0.37,0.36330888,0.006691128
0.35,0.3554544,-0.0054543912
0.44,0.3192826,0.120717406
0.29,0.42631125,-0.13631126
0.3,0.25982428,0.040175736
0.28,0.3021326,-0.022132605
0.46,0.26259458,0.19740543
0.48,0.4514435,0.028556496
0.43,0.47677585,-0.046775848
0.44,0.39948684,0.040513158
0.45,0.43140018,0.018599808
0.44,0.41657695,0.023423046
0.46,0.41714785,0.042852163
0.46,0.44130218,0.018697828
0.44,0.43897206,0.0010279417
0.47,0.4091578,0.060842186
0.5,0.4579835,0.042016506
0.5,0.4650259,0.0349741
0.54,0.49108362,0.0489164
0.44,0.504553,-0.06455302
0.46,0.40733463,0.052665383
0.35,0.4349183,-0.08491832
0.38,0.32124242,0.058757573
0.42,0.35705,0.062949985
0.27,0.39789385,-0.12789384
0.48,0.24466822,0.23533177
0.56,0.4778902,0.08210981
0.6,0.5268836,0.07311642
0.67,0.59475696,0.075243056
0.65,0.63840854,0.0115914345
0.61,0.6128316,-0.0028315783
0.71,0.5742718,0.13572818
0.61,0.6711787,-0.061178684
0.53,0.56133187,-0.031331897
0.43,0.5025989,-0.072598875
0.38,0.4038874,-0.023887396
0.34,0.35916775,-0.019167751
0.38,0.3180843,0.061915696
0.28,0.36788344,-0.08788344
0.22,0.25763345,-0.03763345
0.21,0.22019354,-0.010193542
0.19,0.19078413,-0.0007841289
0.2,0.17542133,0.024578676
0.2,0.18796428,0.0120357275
0.21,0.1958328,0.01416719
0.21,0.2027188,0.007281199
0.24,0.19505256,0.04494743
0.26,0.23907496,0.02092503
0.32,0.24172793,0.07827206
0.32,0.32242182,-0.0024218261
0.34,0.30441988,0.03558013
0.35,0.32876384,0.021236151
0.34,0.33563715,0.0043628514
0.34,0.32295385,0.017046154
0.33,0.32483053,0.005169481
0.3,0.32549182,-0.025491804
0.28,0.28203416,-0.0020341575
0.3,0.26547733,0.034522682
0.32,0.2855854,0.03441459
0.33,0.31196165,0.018038362
0.36,0.3187982,0.0412018
0.37,0.3409165,0.02908349
0.31,0.34649438,-0.036494374
0.19,0.2852004,-0.09520039
0.06,0.17951253,-0.11951253
0.01,0.055328123,-0.045328125
0.01,0.014349582,-0.004349582
0.01,0.002027221,0.007972779
0.01,0.00939259,0.0006074095
0.01,0.0128127085,-0.0028127087
0.01,0.010161192,-0.00016119238
0.01,0.013273485,-0.0032734852
0.01,0.0088590495,0.0011409502
0.01,0.006501997,0.003498003
0.01,0.0101590175,-0.00015901774
0.01,0.0,0.01
0.0,0.00075625256,-0.00075625256
0.01,0.0010160487,0.008983951
0.0,0.009344213,-0.009344213
0.01,0.0025767423,0.0074232575
0.01,0.0029364787,0.007063521
0.01,0.004076762,0.0059232377
0.01,0.006509955,0.0034900447
0.01,0.0037880633,0.0062119365
0.01,0.011074597,-0.0010745972
0.01,0.0063011283,0.0036988715
0.01,0.004124513,0.005875487
0.01,0.0028342623,0.0071657375
0.01,0.0,0.01
0.01,0.0075042127,0.002495787
0.01,0.011203789,-0.0012037894
0.01,0.0121167265,-0.0021167267
0.01,0.007916601,0.0020833984
0.01,0.0036816876,0.006318312
0.01,0.0060199406,0.003980059
0.01,0.009059844,0.00094015617
0.01,0.0069419807,0.003058019
0.01,0.006303373,0.003696627
0.01,0.010686582,-0.0006865822
0.01,0.006997887,0.0030021127
0.01,0.008936828,0.0010631718
0.01,0.0109884385,-0.0009884387
0.01,0.0041580703,0.0058419295
0.01,0.006884033,0.003115967
0.01,0.007441419,0.0025585806
0.01,0.00934925,0.00065074954
0.01,0.0067404127,0.003259587
0.01,0.011871289,-0.0018712897
0.01,0.0060138647,0.003986135
0.01,0.011348506,-0.0013485067
0.01,0.010304461,-0.00030446146
0.0,0.0057655005,-0.0057655005
0.01,0.0,0.01
0.0,0.013067966,-0.013067966
0.01,0.0,0.01
0.0,0.012419969,-0.012419969
0.01,0.0,0.01
0.0,0.010605378,-0.010605378
0.0,0.0,0.0
0.01,0.00013662688,0.009863373
0.0,0.009342908,-0.009342908
0.01,0.0013555754,0.008644424
0.01,0.008667899,0.0013321005
0.01,0.0030299276,0.006970072
0.01,0.006523299,0.0034767007
0.01,0.004952833,0.0050471667
0.01,0.013467994,-0.0034679938
0.01,0.0074682115,0.0025317883
0.01,0.007367708,0.002632292
0.01,0.010470001,-0.00047000125
0.01,0.007839689,0.0021603107
0.05,0.0042610895,0.045738913
0.03,0.04833916,-0.018339159
0.01,0.022213219,-0.012213219
0.0,0.011948413,-0.011948413
0.01,0.0,0.01
0.01,0.011370812,-0.0013708118
0.01,0.007488206,0.0025117937
0.02,0.010194723,0.009805277
0.1,0.013637497,0.0863625
0.22,0.10304052,0.11695948
0.19,0.24440832,-0.054408327
0.18,0.19175042,-0.011750415
0.2,0.18907614,0.010923862
0.28,0.2008301,0.0791699
0.2,0.28559172,-0.08559172
0.12,0.1970234,-0.07702341
0.09,0.1314365,-0.041436493
0.06,0.08779886,-0.027798865
0.04,0.066755675,-0.026755676
0.01,0.04220505,-0.032205053
0.02,0.01780073,0.0021992698
0.01,0.013762895,-0.0037628952
0.11,0.0041780397,0.10582196
0.13,0.12676325,0.0032367408
0.21,0.13491394,0.07508606
0.19,0.21441679,-0.02441679
0.21,0.18615365,0.023846343
0.15,0.21649253,-0.06649253
0.15,0.14851761,0.0014823973
0.24,0.15947165,0.08052835
0.14,0.24204747,-0.10204747
0.16,0.14681797,0.013182029
0.25,0.17126633,0.07873367
0.39,0.26301053,0.12698945
0.46,0.4016942,0.0583058
0.48,0.45454893,0.025451064
0.55,0.4624462,0.0875538
0.52,0.531098,-0.011098027
0.45,0.4881333,-0.038133323
0.58,0.41819143,0.16180855
0.63,0.57282245,0.057177544
0.63,0.58947754,0.040522456
0.74,0.5997926,0.14020741
0.73,0.70931995,0.02068007
0.69,0.68713737,0.0028626323
0.7,0.6519002,0.048099816
0.63,0.6766341,-0.046634078
0.76,0.589622,0.17037797
0.6,0.7203797,-0.12037969
0.86,0.5459041,0.3140959
0.93,0.83158994,0.09841007
0.94,0.87135166,0.06864834
0.98,0.88721704,0.092782974
0.97,0.9377666,0.032233417
0.97,0.9036373,0.06636274
0.97,0.9146485,0.055351555
0.97,0.9131104,0.056889653
0.97,0.9152296,0.05477041
0.97,0.9095702,0.06042981
0.44,0.9102156,-0.47021562
0.03,0.38584557,-0.35584557
0.01,0.064075984,-0.054075986
0.7,0.06857681,0.6314232
0.94,0.72187793,0.21812207
0.84,0.94053775,-0.10053778
0.92,0.8163756,0.1036244
0.97,0.8305454,0.1394546
0.97,0.9072265,0.062773526
0.97,0.89511657,0.07488346
0.97,0.93156195,0.03843808
0.97,0.89647007,0.07352996
0.97,0.8933513,0.07664871
0.97,0.90247035,0.06752968
0.97,0.92613435,0.04386568
0.97,0.9265904,0.043409646
0.97,0.9128867,0.05711335
0.97,0.9237653,0.046234727
0.97,0.9029093,0.06709075
0.97,0.9134486,0.056551456
0.97,0.9038409,0.06615913
0.97,0.9154453,0.0545547
0.97,0.9026764,0.067323625
0.84,0.9158231,-0.07582313
0.58,0.7811718,-0.20117182
0.84,0.5348934,0.30510658
0.84,0.8146037,0.025396287
0.92,0.779693,0.14030701
0.96,0.88636076,0.073639214
0.97,0.9045501,0.06544995
0.97,0.9065149,0.063485146
0.97,0.91241014,0.05758989
0.92,0.9134643,0.006535709
0.93,0.85677993,0.073220074
0.95,0.871201,0.07879901
0.94,0.8878033,0.05219668
0.97,0.8908452,0.07915485
0.96,0.9175624,0.042437553
0.95,0.8936213,0.056378663
0.97,0.8970709,0.072929144
0.97,0.9148553,0.055144727
0.97,0.91375864,0.056241393
0.97,0.9048654,0.065134645
0.92,0.9134257,0.0065743327
0.89,0.86110145,0.028898537
0.87,0.84019244,0.029807568
0.8,0.81696147,-0.016961455
0.67,0.7542145,-0.08421451
0.69,0.6186342,0.07136577
0.49,0.65813166,-0.16813165
0.42,0.4425326,-0.022532612
0.5,0.40536433,0.094635665
0.5,0.47914463,0.020855367
0.41,0.46116108,-0.05116108
0.35,0.37793007,-0.02793008
0.32,0.33405328,-0.014053285
0.33,0.29627392,0.033726096
0.29,0.30692875,-0.016928762
0.27,0.2658757,0.0041243136
0.24,0.2578761,-0.017876104
0.25,0.22693138,0.023068622
0.32,0.2299404,0.09005959
0.33,0.3091504,0.020849615
0.29,0.31617802,-0.026178032
0.31,0.27095434,0.03904566
0.3,0.2958967,0.004103303
0.29,0.2865824,0.0034175813
0.3,0.27178225,0.028217763
0.29,0.28861842,0.0013815761
0.22,0.2764493,-0.056449294
0.22,0.20993392,0.010066077
0.22,0.20886311,0.011136889
0.2,0.21113189,-0.011131883
0.21,0.19180347,0.018196523
0.22,0.2075855,0.0124145
0.22,0.21696226,0.0030377358
0.22,0.21032272,0.009677276
0.2,0.21299449,-0.012994483
0.2,0.18810771,0.011892289
0.27,0.19398116,0.076018855
0.26,0.26469654,-0.004696548
0.21,0.24371469,-0.033714697
0.15,0.20639215,-0.056392148
0.18,0.1457517,0.034248307
0.2,0.18573116,0.014268845
0.22,0.20160447,0.018395528
0.17,0.22210176,-0.05210176
0.23,0.15823497,0.071765035
0.32,0.23818178,0.08181821
0.33,0.31889397,0.011106044
0.39,0.3183929,0.07160708
0.42,0.38199532,0.038004667
0.44,0.4025799,0.037420094
0.53,0.41972393,0.11027604
0.49,0.5148511,-0.024851084
0.56,0.47132093,0.088679075
0.46,0.5365828,-0.07658282
0.51,0.4309441,0.079055905
0.58,0.4956962,0.0843038
0.61,0.56163156,0.048368454
0.55,0.5745963,-0.024596274
0.53,0.519597,0.0104029775
0.49,0.5079935,-0.01799351
0.5,0.4608394,0.03916061
0.44,0.47393584,-0.033935845
0.38,0.4126506,-0.03265059
0.41,0.35334206,0.05665794
0.43,0.39291942,0.037080586
0.41,0.4007029,0.009297103
0.48,0.3892845,0.0907155
0.47,0.45945668,0.010543317
0.51,0.43954945,0.070450544
0.52,0.48503637,0.034963608
0.53,0.49526402,0.034735948
0.58,0.49480385,0.08519614
0.67,0.5499567,0.12004334
0.72,0.6310055,0.0889945
0.67,0.6922397,-0.022239685
0.67,0.6231296,0.04687041
0.73,0.6390574,0.09094262
0.75,0.6907051,0.05929488
0.82,0.7094114,0.11058861
0.84,0.78003156,0.059968412
0.84,0.78642213,0.05357784
0.84,0.7854821,0.054517865
0.86,0.78925884,0.07074118
0.88,0.81360936,0.06639063
0.87,0.8277755,0.042224526
0.89,0.815014,0.07498598
0.9,0.833806,0.066194
0.9,0.84695053,0.053049445
0.88,0.8489541,0.031045914
0.87,0.8294778,0.040522218
0.83,0.81898844,0.011011541
0.86,0.77745986,0.082540154
0.78,0.8148519,-0.03485191
0.68,0.72798073,-0.047980726
0.76,0.6369802,0.123019814
0.79,0.7263497,0.06365031
0.79,0.73940885,0.05059117
0.79,0.7418498,0.04815024
0.74,0.7448011,-0.0048010945
0.65,0.68963087,-0.03963089
0.66,0.6079175,0.05208254
0.58,0.62502676,-0.04502678
0.57,0.53481567,0.035184324
0.58,0.5364429,0.043557107
0.65,0.54376525,0.10623473
0.69,0.6126623,0.07733768
0.66,0.64835894,0.011641085
0.58,0.61617875,-0.036178768
0.54,0.54088,-0.000880003
0.44,0.50863343,-0.06863344
0.5,0.4010698,0.09893021
0.52,0.47186065,0.048139334
0.52,0.48490262,0.03509736
0.59,0.48485625,0.105143726
0.59,0.5595491,0.03045088
0.53,0.549372,-0.019372046
0.46,0.49896723,-0.038967222
0.37,0.4250372,-0.0550372
0.44,0.34181798,0.09818202
0.51,0.41690338,0.093096614
0.3,0.47842592,-0.17842591
0.01,0.26408842,-0.25408843
0.0,0.014409034,-0.014409034
0.01,0.029431257,-0.019431258
0.01,0.014180636,-0.0041806363
0.01,0.0018163566,0.008183643
0.01,0.0025810823,0.0074189175
0.01,0.026889317,-0.016889317
0.01,0.029705139,-0.01970514
0.01,0.033006232,-0.023006232
0.08,0.0056563113,0.07434369
0.28,0.06908601,0.21091399
0.78,0.29426908,0.4857309
0.96,0.75110847,0.20889151
0.97,0.9268685,0.04313153
0.77,0.9302913,-0.16029131
0.76,0.7344265,0.025573492
0.67,0.7434257,-0.07342571
0.58,0.6397977,-0.059797704
0.27,0.5500989,-0.2800989
0.04,0.24370609,-0.20370609
0.01,0.06299327,-0.052993275
0.03,0.056984402,-0.026984403
0.13,0.078515604,0.05148439
0.11,0.13511421,-0.025114208
0.09,0.1113076,-0.021307595
0.09,0.11036371,-0.020363703
0.04,0.08423497,-0.04423497
0.09,0.03892556,0.051074445
0.23,0.08545692,0.14454308
0.8,0.23949061,0.5605094
0.66,0.78611195,-0.12611192
0.47,0.67163,-0.20163003
0.42,0.4538877,-0.033887714
0.47,0.42152232,0.04847768
0.57,0.45308685,0.11691314
0.42,0.5800742,-0.1600742
0.27,0.4218049,-0.1518049
0.34,0.25939074,0.08060926
0.3,0.34694642,-0.046946406
0.18,0.28108406,-0.10108405
0.19,0.17705442,0.0129455775
0.25,0.19185902,0.05814098
0.19,0.2369741,-0.046974108
0.09,0.1784683,-0.0884683
0.05,0.09868245,-0.048682448
0.05,0.06494398,-0.014943976
0.03,0.03155657,-0.0015565697
0.02,0.014902087,0.0050979126
0.02,0.020738829,-0.0007388294
0.01,0.026774071,-0.016774071
0.01,0.0125109,-0.0025109006
0.01,0.044276245,-0.034276247
0.01,0.024120506,-0.014120506
0.01,0.020999977,-0.010999978
0.01,0.006262459,0.003737541
0.01,0.0,0.01
0.01,0.0065234555,0.0034765443
0.01,0.01565112,-0.00565112
0.01,0.01963874,-0.00963874
0.04,0.0042828377,0.03571716
0.09,0.030099126,0.05990088
0.27,0.08585532,0.18414469
0.35,0.27987942,0.07012057
0.38,0.38686094,-0.0068609416
0.39,0.38307315,0.0069268346
0.4,0.38459048,0.015409529
0.37,0.404276,-0.03427601
0.32,0.35782605,-0.03782606
0.36,0.30515045,0.054849565
0.32,0.35601604,-0.036016047
0.3,0.31686568,-0.01686567
0.31,0.29832494,0.01167506
0.25,0.30132854,-0.05132854
0.31,0.23934756,0.07065244
0.22,0.2972951,-0.077295095
0.09,0.20996727,-0.11996727
0.13,0.0779558,0.052044198
0.08,0.13200423,-0.052004233
0.04,0.07869565,-0.03869565
0.03,0.027337676,0.0026623234
0.06,0.039769463,0.020230535
0.03,0.073131666,-0.043131664
0.02,0.019885998,0.000114001334
0.01,0.024436042,-0.014436042
0.01,0.00087650307,0.009123497
0.01,0.008855969,0.0011440311
0.01,0.009607075,0.000392925
0.01,0.005260838,0.0047391616
0.02,0.020560458,-0.00056045875
0.04,0.01558703,0.02441297
0.03,0.033024356,-0.0030243564
0.04,0.024465902,0.015534097
0.06,0.030307597,0.029692402
0.04,0.06629209,-0.026292093
0.04,0.03003216,0.009967839
0.04,0.040633693,-0.00063369423
0.04,0.039565206,0.00043479353
0.05,0.03484198,0.01515802
0.03,0.04639375,-0.016393749
0.03,0.02047869,0.009521309
0.05,0.028616108,0.021383893
0.07,0.045013323,0.024986677
0.04,0.07832641,-0.038326412
0.05,0.027314734,0.022685267
0.06,0.0518032,0.008196797
0.06,0.06747163,-0.007471632
0.07,0.042732745,0.027267255
0.11,0.06972919,0.040270813
0.08,0.11448613,-0.03448613
0.06,0.087384365,-0.027384367
0.04,0.06842577,-0.028425768
0.05,0.034876898,0.015123103
0.05,0.0473143,0.0026856996
0.1,0.048732143,0.05126786
0.5,0.11230069,0.3876993
0.51,0.49384382,0.016156167
0.34,0.5257358,-0.18573579
0.3,0.34183905,-0.041839033
0.3,0.29157057,0.008429438
0.28,0.29186538,-0.011865377
0.29,0.2724275,0.017572492
0.5,0.3017652,0.1982348
0.38,0.49436188,-0.11436188
0.32,0.34627336,-0.02627337
0.27,0.31958985,-0.049589843
0.33,0.27314496,0.056855053
0.3,0.32732904,-0.027329028
0.28,0.2734665,0.0065335035
0.19,0.2769227,-0.086922705
0.18,0.18262681,-0.0026268065
0.16,0.18066464,-0.020664647
0.08,0.1422309,-0.0622309
0.04,0.09776614,-0.05776614
0.05,0.03684423,0.01315577
0.08,0.041052952,0.038947046
0.04,0.07800074,-0.03800074
0.53,0.05022096,0.479779
0.23,0.51238215,-0.28238213
0.58,0.21131219,0.3686878
0.32,0.62334734,-0.30334735
0.29,0.29429552,-0.004295528
0.9,0.3138459,0.5861541
0.59,0.81735337,-0.2273534
0.37,0.5642034,-0.19420338
0.28,0.35806984,-0.078069836
0.09,0.30101657,-0.21101657
0.01,0.064637534,-0.054637536
0.01,0.04175569,-0.031755693
0.19,0.026071707,0.16392829
0.08,0.226246,-0.146246
0.12,0.06600255,0.05399745
0.11,0.14282767,-0.032827675
0.22,0.13808417,0.081915826
0.18,0.19972594,-0.019725934
0.15,0.20531093,-0.05531092
0.05,0.15032671,-0.10032672
0.04,0.03265716,0.0073428378
0.03,0.021453125,0.008546874
0.03,0.047361158,-0.017361159
0.01,0.052444242,-0.042444244
0.01,0.020965636,-0.010965636
0.01,0.023108074,-0.013108075
0.01,0.02737436,-0.017374361
0.01,0.033283155,-0.023283156
0.01,0.002859911,0.007140089
0.01,0.03485346,-0.024853459
0.03,0.0,0.03
0.02,0.006126171,0.013873829
0.07,0.022331381,0.04766862
0.24,0.07626274,0.16373725
0.18,0.25552186,-0.07552186
0.27,0.18456826,0.085431755
0.36,0.3104074,0.049592614
0.28,0.35843313,-0.078433126
0.26,0.27998057,-0.01998058
0.16,0.26533085,-0.105330855
0.12,0.15174337,-0.03174337
0.1,0.103414595,-0.0034145936
0.13,0.11400525,0.015994743
0.06,0.13356781,-0.07356781
0.11,0.07068563,0.039314367
0.25,0.123240575,0.12675942
0.18,0.28637785,-0.10637784
0.16,0.16803569,-0.00803569
0.13,0.16717865,-0.03717865
0.12,0.14467004,-0.024670042
0.11,0.090181194,0.019818805
0.09,0.11820072,-0.028200716
0.09,0.089855894,0.00014410913
0.04,0.095675685,-0.055675685
0.01,0.045327466,-0.035327464
0.01,0.007249005,0.0027509946
0.02,0.022327598,-0.0023275986
0.07,0.0111406,0.0588594
0.05,0.08968473,-0.03968473
0.03,0.056077056,-0.026077056
0.07,0.0303819,0.0396181
0.1,0.069434434,0.030565567
0.06,0.086282745,-0.026282746
0.01,0.053241447,-0.04324145
0.01,0.027738992,-0.017738992
0.01,0.013630593,-0.0036305934
0.03,0.01738814,0.012611859
0.12,0.034030154,0.08596984
0.08,0.118827075,-0.038827077
0.05,0.08792359,-0.037923586
0.01,0.058448024,-0.048448026
0.1,0.0,0.1
0.09,0.11145657,-0.02145657
0.07,0.093442604,-0.023442604
0.04,0.07191636,-0.031916358
0.01,0.03509844,-0.025098441
0.0,0.012422608,-0.012422608
0.01,0.0,0.01
0.01,0.033143476,-0.023143476
0.01,0.0,0.01
0.01,0.018313847,-0.008313848
0.01,0.021137433,-0.011137433
0.01,0.027958551,-0.017958552
0.01,0.0,0.01
0.01,0.018783715,-0.008783715
0.01,0.014292606,-0.0042926064
0.01,0.0,0.01
0.01,0.015555782,-0.0055557825
0.01,0.014673546,-0.004673546
0.01,0.01745206,-0.0074520595
0.02,0.0055943523,0.014405647
0.02,0.010417657,0.009582343
0.02,0.024529897,-0.004529897
0.01,0.0070856363,0.0029143635
0.02,0.02045215,-0.00045214966
0.01,0.018179636,-0.008179637
0.01,0.002020711,0.007979289
0.03,0.01925689,0.0107431095
0.04,0.02099584,0.019004159
0.04,0.030685795,0.009314204
0.05,0.041402668,0.008597333
0.07,0.063231364,0.0067686364
0.09,0.057735607,0.032264397
0.11,0.10073751,0.009262487
0.17,0.12056705,0.04943295
0.23,0.17514516,0.05485484
0.16,0.22998735,-0.06998736
0.15,0.15017697,-0.00017696619
0.21,0.16335566,0.04664433
0.25,0.22886811,0.021131888
0.29,0.24151507,0.04848492
0.36,0.29257601,0.067424
0.34,0.35625416,-0.016254157
0.36,0.3251201,0.034879923
0.31,0.35414156,-0.04414156
0.27,0.30877054,-0.038770527
0.18,0.26481345,-0.084813446
0.19,0.16487178,0.025128216
0.23,0.19662626,0.033373743
0.17,0.22211324,-0.052113235
0.23,0.16855,0.061450005
0.22,0.23455025,-0.014550254
0.19,0.20647158,-0.01647158
0.19,0.18612103,0.003878966
0.15,0.19461702,-0.044617012
0.13,0.15413688,-0.024136886
0.12,0.12086429,-0.0008642897
0.13,0.11744131,0.012558684
0.17,0.13225946,0.037740543
0.03,0.16977052,-0.13977052
0.07,0.023895273,0.04610473
0.03,0.082220756,-0.052220754
0.01,0.027315628,-0.017315628
0.01,0.015903445,-0.005903445
0.06,0.0013048984,0.0586951
0.03,0.06387771,-0.033877708
0.04,0.010243118,0.029756881
0.03,0.047395565,-0.017395565
0.02,0.020283451,-0.00028345175
0.01,0.02714543,-0.01714543
0.0,0.0,0.0
0.01,0.003764186,0.0062358137
0.01,0.012989001,-0.0029890016
0.01,0.0,0.01
0.0,0.016413812,-0.016413812
0.01,0.00082419254,0.009175807
0.01,0.0,0.01
0.0,0.002071144,-0.002071144
0.01,0.005331371,0.004668629
0.03,0.0,0.03
0.01,0.01555737,-0.0055573704
0.01,0.01709113,-0.007091131
0.01,0.010629562,-0.00062956195
0.01,0.0026637595,0.0073362403
0.01,0.0044604335,0.0055395663
0.01,0.013352541,-0.0033525415
0.01,0.0030777697,0.00692223
0.01,0.013256429,-0.003256429
0.01,0.0028891508,0.007110849
0.01,0.010433802,-0.0004338026
0.01,0.0046433974,0.0053566024
0.01,0.014488058,-0.0044880584
0.01,0.0,0.01
0.01,0.0128537845,-0.0028537847
0.01,0.010815287,-0.00081528723
0.01,0.0069040842,0.0030959155
0.02,0.008248294,0.011751706
0.07,0.019134443,0.050865557
0.09,0.0718835,0.018116504
0.11,0.09193508,0.018064916
0.1,0.11564735,-0.015647352
0.08,0.10163961,-0.021639615
0.09,0.08851532,0.0014846846
0.09,0.0880135,0.0019865036
0.21,0.096051276,0.11394872
0.27,0.22084263,0.04915738
0.34,0.2803218,0.059678197
0.23,0.34849328,-0.118493274
0.2,0.22323233,-0.023232326
0.39,0.21066663,0.17933336
0.3,0.39347857,-0.09347856
0.31,0.28310752,0.026892483
0.39,0.31208283,0.07791716
0.53,0.38017336,0.14982662
0.3,0.5323353,-0.23233527
0.28,0.27878743,0.0012125671
0.33,0.29306677,0.036933243
0.36,0.32081586,0.039184153
0.38,0.33732784,0.042672157
0.36,0.36672166,-0.0067216456
0.25,0.3552599,-0.105259895
0.22,0.23436925,-0.014369249
0.44,0.2164117,0.2235883
0.79,0.44134146,0.34865856
0.94,0.79372036,0.14627963
0.91,0.9188007,-0.008800685
0.94,0.8843608,0.055639207
0.96,0.89517707,0.06482291
0.94,0.89973533,0.040264666
0.88,0.8917969,-0.011796892
0.93,0.8326286,0.0973714
0.91,0.8857886,0.024211407
0.83,0.84109515,-0.011095166
0.86,0.7955663,0.064433694
0.83,0.8223393,0.007660687
0.75,0.7886156,-0.038615584
0.77,0.7018293,0.06817067
0.86,0.7367379,0.12326211
0.72,0.80784094,-0.087840915
0.81,0.6538197,0.15618032
0.92,0.7766701,0.14332992
0.88,0.86087775,0.019122243
0.93,0.82148236,0.10851765
0.94,0.8808861,0.05911392
0.89,0.8834866,0.006513357
0.8,0.82939947,-0.029399455
0.82,0.75821364,0.061786354
0.84,0.779161,0.060838997
0.66,0.7885076,-0.12850755
0.63,0.60775816,0.02224183
0.79,0.6033376,0.18666244
0.56,0.7537833,-0.19378328
0.58,0.49798182,0.08201817
0.63,0.5615707,0.06842929
0.53,0.58919394,-0.05919397
0.48,0.4896925,-0.00969252
0.5,0.45240095,0.047599047
0.35,0.47511995,-0.12511995
0.37,0.30708936,0.062910646
0.22,0.35626125,-0.13626125
0.27,0.18876064,0.08123937
0.36,0.2740152,0.085984826
0.22,0.3383176,-0.118317604
0.24,0.19384952,0.046150476
0.41,0.24503262,0.16496737
0.26,0.4007728,-0.14077282
0.25,0.23606692,0.013933077
0.31,0.24450687,0.06549314
0.22,0.30803293,-0.08803293
0.28,0.18841249,0.09158751
0.31,0.2764547,0.033545315
0.27,0.30318108,-0.03318107
0.16,0.27003738,-0.11003739
0.27,0.14525063,0.12474938
0.28,0.28534657,-0.0053465664
0.33,0.26286346,0.067136556
0.31,0.31843325,-0.008433253
0.37,0.29689327,0.073106736
0.3,0.36685532,-0.06685531
0.31,0.26952848,0.040471524
0.33,0.30847526,0.021524757
0.33,0.30881953,0.02118048
0.28,0.32129723,-0.041297227
0.35,0.26659852,0.08340147
0.43,0.34815204,0.081847966
0.52,0.41847426,0.101525724
0.52,0.49284858,0.027151406
0.62,0.5059129,0.114087105
0.65,0.5911289,0.05887109
0.5,0.6128087,-0.112808704
0.28,0.4538876,-0.17388761
0.08,0.26548728,-0.18548729
0.06,0.07157507,-0.011575069
0.02,0.07730033,-0.057300333
0.01,0.022799665,-0.012799665
0.01,0.015787026,-0.005787026
0.0,0.020246739,-0.020246739
0.01,0.026081247,-0.016081247
0.01,0.033057295,-0.023057295
0.03,0.010902266,0.019097734
0.2,0.025242023,0.17475799
0.88,0.23130359,0.6486964
0.33,0.83600175,-0.5060017
0.1,0.31933337,-0.21933338
0.22,0.1554173,0.064582705
0.14,0.22610779,-0.08610779
0.24,0.1306712,0.10932879
0.16,0.26595837,-0.10595837
0.33,0.18175055,0.14824946
0.5,0.40807724,0.09192276
0.29,0.46963546,-0.17963547
0.24,0.29373848,-0.05373849
0.61,0.25722447,0.35277554
0.76,0.5794468,0.1805532
0.57,0.7361893,-0.16618931
0.59,0.5572912,0.032708764
0.59,0.57070166,0.019298315
0.59,0.5637611,0.026238859
0.62,0.5449731,0.07502693
0.5,0.6156314,-0.1156314
0.26,0.482534,-0.222534
0.09,0.22619843,-0.13619843
0.01,0.084341,-0.074341
0.01,0.047444016,-0.037444018
0.0,0.034835234,-0.034835234
0.01,0.0062916,0.0037083998
0.02,0.04248102,-0.02248102
0.11,0.014240368,0.09575963
0.09,0.10214771,-0.01214771
0.14,0.08008405,0.059915952
0.28,0.16061814,0.11938186
0.87,0.30124563,0.5687544
0.22,0.86029446,-0.64029443
0.38,0.20678738,0.17321262
0.39,0.41824174,-0.028241754
0.55,0.38872886,0.16127115
0.38,0.5620819,-0.18208188
0.11,0.4057212,-0.29572117
0.07,0.14052437,-0.07052437
0.2,0.03561943,0.16438058
0.46,0.19801892,0.26198107
0.36,0.52494335,-0.16494334
0.5,0.36670303,0.13329697
0.74,0.47988325,0.26011676
0.45,0.71932,-0.26932
0.48,0.43253192,0.047468066
0.8,0.45806575,0.34193426
0.72,0.7902844,-0.07028437
0.1,0.6491077,-0.5491077
0.06,0.13646698,-0.07646698
0.03,0.11140926,-0.08140926
0.01,0.04987731,-0.03987731
0.0,0.030006433,-0.030006433
0.07,0.0,0.07
0.03,0.07689032,-0.04689032
0.01,0.022568492,-0.012568492
0.01,0.01697904,-0.006979041
0.01,0.009973571,2.6429072e-05
0.0,0.017439958,-0.017439958
0.01,0.0,0.01
0.01,0.023049463,-0.013049463
0.11,0.0,0.11
0.18,0.09548688,0.08451313
0.32,0.17403753,0.14596246
0.38,0.3756222,0.0043777823
0.58,0.43947393,0.14052606
0.64,0.5662412,0.07375878
0.58,0.6313251,-0.051325142
0.27,0.5676458,-0.29764578
0.16,0.24312289,-0.083122894
0.09,0.1564805,-0.0664805
0.04,0.10008286,-0.06008286
0.03,0.035347283,-0.0053472836
0.04,0.031063886,0.008936113
0.08,0.06851516,0.011484839
0.05,0.11337056,-0.063370556
0.05,0.06450183,-0.014501829
0.01,0.078360684,-0.06836069
0.03,0.0,0.03
0.05,0.04657682,0.0034231804
0.02,0.04804422,-0.02804422
0.03,0.014336812,0.015663188
0.01,0.029156093,-0.019156093
0.01,0.044227555,-0.034227557
0.01,0.045095775,-0.035095774
0.01,0.011957075,-0.0019570757
0.01,0.026511315,-0.016511315
0.01,0.019614391,-0.009614391
0.01,0.009540016,0.00045998394
0.01,0.0066821706,0.0033178292
0.0,0.008079791,-0.008079791
0.01,0.0,0.01
0.01,0.0023554247,0.007644575
0.01,0.009135535,0.0008644648
0.01,0.009404242,0.00059575774
0.01,0.022734601,-0.012734601
0.01,0.012389759,-0.0023897588
0.01,0.0019038059,0.008096194
0.0,0.014885781,-0.014885781
0.01,0.020890495,-0.010890495
0.01,0.002960043,0.0070399567
0.01,0.002828367,0.0071716327
0.01,0.0031688213,0.0068311784
0.01,0.010410044,-0.00041004457
0.01,0.019146638,-0.009146638
0.02,0.013283117,0.006716883
0.01,0.017943844,-0.007943844
0.02,0.01587264,0.004127359
0.05,0.0014304798,0.048569523
0.04,0.054772876,-0.014772877
0.03,0.034287065,-0.004287066
0.05,0.04581869,0.0041813105
0.06,0.031655133,0.028344866
0.04,0.08079042,-0.040790424
0.04,0.030749166,0.009250833
0.03,0.047807936,-0.017807936
0.06,0.026293296,0.033706702
0.11,0.056688547,0.053311452
0.07,0.12583908,-0.055839084
0.26,0.0721966,0.18780339
0.23,0.27889445,-0.04889445
0.16,0.22554,-0.06554
0.1,0.17115699,-0.071156986
0.08,0.10545504,-0.025455043
0.09,0.077588454,0.01241155
0.11,0.0906979,0.0193021
0.07,0.12627625,-0.056276254
0.15,0.052904718,0.09709529
0.23,0.17247935,0.057520658
0.41,0.23485686,0.17514314
0.41,0.43210703,-0.022107035
0.38,0.41250244,-0.032502443
0.4,0.37183976,0.028160244
0.52,0.38507763,0.13492236
0.82,0.5055722,0.3144278
0.93,0.819387,0.11061299
0.96,0.89358187,0.06641811
0.98,0.9363354,0.043664634
0.97,0.92894447,0.04105556
0.97,0.9201267,0.049873352
0.96,0.92106867,0.03893131
0.93,0.92144835,0.008551657
0.87,0.86430997,0.005690038
0.92,0.8243053,0.09569472
0.81,0.8702991,-0.0602991
0.75,0.76364696,-0.01364696
0.8,0.7111169,0.0888831
0.76,0.76401055,-0.004010558
0.64,0.710341,-0.07034099
0.52,0.5999464,-0.0799464
0.38,0.4871096,-0.107109606
0.43,0.35168016,0.07831985
0.36,0.41548654,-0.05548653
0.31,0.32982618,-0.019826174
0.39,0.29422677,0.09577322
0.43,0.37049443,0.05950558
0.53,0.4101665,0.11983347
0.67,0.5204852,0.1495148
0.86,0.6448537,0.2151463
0.79,0.84209776,-0.052097738
0.83,0.7354301,0.09456986
0.72,0.787495,-0.06749499
0.49,0.66788614,-0.17788613
0.52,0.44616863,0.07383135
0.65,0.4910965,0.15890348
0.78,0.6214087,0.15859127
0.74,0.7536144,-0.013614416
0.69,0.69578326,-0.00578326
0.4,0.65540373,-0.25540373
0.38,0.35989198,0.020108014
0.21,0.36295137,-0.15295137
0.01,0.17764245,-0.16764244
0.04,0.0,0.04
0.76,0.030876487,0.7291235
0.81,0.766886,0.043114007
0.81,0.81106395,-0.0010639429
0.81,0.79485106,0.015148938
0.73,0.75481117,-0.024811149
0.53,0.6752117,-0.14521176
0.28,0.48807484,-0.20807484
0.03,0.2650883,-0.23508829
0.01,0.0036251973,0.0063748024
0.01,0.024790127,-0.014790127
0.01,0.039225087,-0.029225087
0.01,0.05183173,-0.04183173
0.01,0.02142202,-0.011422019
0.01,0.032426607,-0.022426607
0.01,0.0596625,-0.0496625
0.01,0.0015013479,0.008498652
0.05,0.041108478,0.008891523
0.07,0.041553926,0.028446075
0.08,0.082529075,-0.0025290772
0.21,0.0632319,0.1467681
0.14,0.21976274,-0.07976274
0.01,0.13249527,-0.12249527
0.01,0.025775202,-0.015775202
0.04,0.020359335,0.019640664
0.16,0.06389355,0.09610645
0.21,0.18568186,0.024318129
0.24,0.21764876,0.022351235
0.23,0.22976004,0.0002399683
0.17,0.21572143,-0.045721427
0.17,0.16504732,0.004952684
0.22,0.15452965,0.06547035
0.2,0.22360182,-0.023601815
0.16,0.18655205,-0.026552051
0.03,0.18379207,-0.15379207
0.01,0.04988374,-0.03988374
0.01,0.005438432,0.0045615677
0.01,0.0,0.01
0.01,0.027527736,-0.017527737
0.01,0.0019343551,0.008065645
0.01,0.013803692,-0.0038036918
0.01,0.017701227,-0.0077012274
0.01,0.01695956,-0.0069595594
0.01,0.021762384,-0.011762384
0.01,0.0129927425,-0.0029927427
0.01,0.0,0.01
0.01,0.0,0.01
0.01,0.018995197,-0.008995198
0.0,0.005064385,-0.005064385
0.01,0.012935911,-0.0029359115
0.01,0.013251903,-0.0032519028
0.01,0.004127605,0.005872395
0.01,0.009365151,0.0006348491
0.01,0.020983769,-0.010983769
0.03,0.009392131,0.020607868
0.1,0.030171458,0.06982854
0.29,0.09639299,0.193607
0.45,0.29810283,0.15189716
0.75,0.47193068,0.27806932
0.79,0.7372092,0.05279082
0.57,0.80229926,-0.23229927
0.6,0.5393083,0.060691714
0.5,0.5971553,-0.09715527
0.2,0.47362876,-0.27362877
0.06,0.17611597,-0.11611597
0.07,0.08164115,-0.011641152
0.04,0.08499124,-0.04499124
0.01,0.03482431,-0.024824312
0.04,0.038354732,0.001645267
0.02,0.05999077,-0.03999077
0.07,0.017681006,0.052318994
0.15,0.067095116,0.08290489
0.23,0.16240932,0.06759068
0.26,0.25127774,0.008722246
0.18,0.24200661,-0.062006608
0.16,0.16642451,-0.0064245164
0.18,0.16205302,0.017946988
0.14,0.1907931,-0.050793096
0.11,0.13380878,-0.023808777
0.11,0.12315648,-0.013156481
0.08,0.12712504,-0.04712504
0.09,0.08866391,0.0013360903
0.07,0.099199854,-0.029199854
0.06,0.09026432,-0.030264322
0.05,0.056018367,-0.0060183667
0.03,0.047213204,-0.017213205
0.01,0.018039832,-0.008039832
0.01,0.0,0.01
0.01,0.0041604433,0.0058395565
0.02,0.010166917,0.009833083
0.01,0.026542218,-0.016542219
0.02,0.020581506,-0.00058150664
0.01,0.01360184,-0.0036018398
0.01,0.0052835327,0.004716467
0.0,0.0053533353,-0.0053533353
0.01,0.0009535067,0.009046493
0.04,0.018935934,0.021064065
0.1,0.02680133,0.073198676
0.21,0.10947671,0.100523286
0.28,0.23522305,0.044776946
0.24,0.29191542,-0.051915422
0.21,0.22463188,-0.014631882
0.16,0.22282766,-0.06282766
0.15,0.14841639,0.0015836209
0.18,0.14899129,0.03100872
0.17,0.1968817,-0.026881695
0.19,0.16709138,0.022908613
0.24,0.18973528,0.050264716
0.1,0.24470128,-0.14470127
0.1,0.09591101,0.0040889904
0.14,0.11585407,0.024145931
0.15,0.13419193,0.015808076
0.28,0.14664157,0.13335843
0.4,0.2919979,0.1080021
0.54,0.39704973,0.1429503
0.51,0.54648244,-0.036482453
0.38,0.4794095,-0.09940949
0.15,0.36894837,-0.21894836
0.31,0.1271373,0.1828627
0.44,0.3175212,0.12247878
0.51,0.43440098,0.075599015
0.71,0.5044966,0.2055034
0.92,0.6732608,0.24673921
0.85,0.9098069,-0.059806883
0.7,0.8206836,-0.12068361
0.49,0.6700998,-0.18009979
0.27,0.4571616,-0.1871616
0.28,0.23543027,0.04456973
0.31,0.26504996,0.04495004
0.3,0.2957975,0.004202515
0.24,0.28686592,-0.046865925
0.24,0.23109348,0.008906513
0.3,0.24746127,0.052538738
0.22,0.28181928,-0.061819285
0.19,0.21602215,-0.026022151
0.28,0.17487435,0.10512565
0.26,0.28773212,-0.027732134
0.37,0.24050134,0.12949866
0.45,0.35891843,0.09108156
0.56,0.41956383,0.14043617
0.57,0.5557735,0.014226496
0.53,0.5527688,-0.022768855
0.58,0.5085831,0.071416855
0.61,0.5684903,0.041509688
0.71,0.5814804,0.1285196
0.61,0.6797024,-0.06970239
0.58,0.57456607,0.005433917
0.54,0.5528173,-0.012817264
0.34,0.4954117,-0.15541169
0.11,0.29588604,-0.18588604
0.2,0.099006824,0.10099318
0.37,0.21806405,0.15193595
0.53,0.35664928,0.17335069
0.69,0.54105365,0.14894634
0.67,0.67054117,-0.00054115057
0.7,0.6353925,0.0646075
0.56,0.66304266,-0.10304266
0.56,0.5090925,0.050907493
0.61,0.5283621,0.08163792
0.68,0.5813671,0.09863293
0.51,0.633952,-0.12395203
0.4,0.4676501,-0.06765008
0.47,0.40576488,0.06423512
0.65,0.45331132,0.19668865
0.44,0.62820804,-0.18820804
0.44,0.4096777,0.030322284
0.45,0.43727702,0.012722969
0.33,0.4046083,-0.074608296
0.44,0.3053671,0.13463289
0.56,0.42243057,0.13756943
0.49,0.52417314,-0.03417313
0.54,0.45388895,0.08611107
0.77,0.5111028,0.2588972
0.91,0.76276875,0.14723128
0.91,0.8736783,0.0363217
0.94,0.8635126,0.07648742
0.95,0.8899418,0.060058177
0.97,0.9013362,0.068663836
0.98,0.89569986,0.08430016
0.96,0.92809826,0.031901717
0.97,0.90118754,0.06881249
0.97,0.91686064,0.05313939
0.97,0.90631044,0.06368959
0.96,0.92337275,0.036627233
0.97,0.90839976,0.061600268
0.96,0.91182727,0.048172712
0.96,0.89837474,0.061625242
0.92,0.9040645,0.01593554
0.95,0.86171126,0.088288724
0.85,0.89339554,-0.04339552
0.95,0.79355824,0.15644175
0.89,0.9056693,-0.015669286
0.92,0.83355963,0.086440384
0.87,0.8696897,0.00031030178
0.79,0.81837034,-0.02837032
0.71,0.74022377,-0.030223787
0.7,0.67551744,0.024482548
0.76,0.65939385,0.10060614
0.67,0.7175163,-0.047516286
0.58,0.6192183,-0.039218307
0.49,0.5434234,-0.053423405
0.47,0.45991993,0.010080069
0.46,0.44289044,0.017109573
0.4,0.42507392,-0.025073916
0.39,0.36960062,0.020399362
0.29,0.36545402,-0.07545403
0.3,0.2730714,0.026928604
0.22,0.27892846,-0.05892846
0.21,0.19895439,0.011045605
0.16,0.20147346,-0.041473463
0.12,0.14632146,-0.026321463
0.13,0.112742156,0.01725784
0.1,0.1250884,-0.025088392
0.03,0.09391017,-0.06391017
0.02,0.016368126,0.003631873
0.01,0.016607817,-0.0066078175
0.01,0.0,0.01
0.02,0.0,0.02
0.01,0.010039862,-3.986247e-05
0.01,9.581633e-05,0.009904183
0.01,0.0,0.01
0.01,0.0043175984,0.0056824014
0.01,0.0052414853,0.0047585145
0.0,0.0,0.0
0.01,0.0,0.01
0.01,0.0,0.01
0.01,0.005958248,0.004041752
0.01,0.0052696075,0.0047303922
0.0,0.0016778614,-0.0016778614
0.01,0.0,0.01
0.01,0.0053360406,0.004663959
0.01,0.005097745,0.004902255
0.01,0.0071018497,0.0028981501
0.01,0.0020386465,0.007961353
0.01,0.011686483,-0.0016864836
0.01,0.005095087,0.004904913
0.01,0.0075430684,0.0024569314
0.01,0.0026057195,0.0073942803
0.01,0.006012029,0.0039879708
0.01,0.012454074,-0.002454074
0.02,0.0058866777,0.014113322
0.03,0.018519344,0.0114806555
0.04,0.021148026,0.018851973
0.05,0.03996215,0.010037851
0.04,0.04678418,-0.006784182
0.03,0.04359509,-0.013595091
0.07,0.026460094,0.043539904
0.03,0.06919843,-0.03919843
0.04,0.029691651,0.010308348
0.04,0.046215564,-0.006215565
0.01,0.037660763,-0.027660763
0.01,0.008102732,0.001897268
0.01,0.010067976,-6.79763e-05
0.01,0.007881718,0.002118282
0.01,0.009211412,0.0007885881
0.02,0.0055412194,0.01445878
0.03,0.019507755,0.010492245
0.02,0.023984455,-0.003984455
0.01,0.017257249,-0.007257249
0.01,0.0025225375,0.0074774623
0.0,0.0073946547,-0.0073946547
0.01,0.0,0.01
0.01,0.00820087,0.0017991299
0.01,0.01183575,-0.0018357504
0.01,0.009303626,0.0006963741
0.01,0.0033536758,0.006646324
0.01,0.014917852,-0.0049178526
0.01,0.0049467646,0.005053235
0.01,0.0047578067,0.005242193
0.01,0.0048227757,0.005177224
0.01,0.011576755,-0.0015767552
0.01,0.0058027133,0.0041972864
0.01,0.011514591,-0.0015145913
0.01,0.009464789,0.0005352106
0.01,0.00247192,0.0075280797
0.01,0.008867101,0.001132899
0.01,0.006745346,0.003254654
0.01,0.0100605115,-6.0511753e-05
0.01,0.006445693,0.003554307
0.01,0.011043793,-0.0010437928
0.01,0.005601856,0.004398144
0.12,0.0077068955,0.1122931
0.5,0.1277761,0.3722239
0.42,0.5008895,-0.08088949
0.26,0.43643194,-0.17643195
0.19,0.26767275,-0.07767275
0.12,0.1915731,-0.0715731
0.07,0.116779394,-0.046779394
0.04,0.070763,-0.030763
0.03,0.04604224,-0.016042242
0.06,0.026808621,0.033191375
0.24,0.06466316,0.17533684
0.27,0.26952183,0.00047817826
0.35,0.28597313,0.06402686
0.33,0.35923213,-0.029232115
0.23,0.32063073,-0.090630725
0.24,0.22026482,0.019735172
0.29,0.23047054,0.059529454
0.35,0.28159618,0.06840381
0.3,0.3298238,-0.02982378
0.22,0.29692143,-0.07692143
0.2,0.22015984,-0.02015984
0.15,0.20657636,-0.056576356
0.08,0.14510316,-0.06510316
0.11,0.08357165,0.02642835
0.24,0.11671761,0.12328239
0.39,0.24644555,0.14355443
0.35,0.39690393,-0.046903938
0.28,0.32976276,-0.049762756
0.34,0.2720109,0.06798911
0.39,0.32999647,0.06000352
0.15,0.38232675,-0.23232675
0.17,0.13728018,0.03271982
0.16,0.18875416,-0.02875416
0.12,0.15020664,-0.030206643
0.05,0.13656995,-0.08656995
0.08,0.063081704,0.016918294
0.07,0.08874565,-0.018745653
0.06,0.05006887,0.0099311285
0.28,0.061908573,0.21809143
0.91,0.32303706,0.58696294
0.96,0.8444212,0.11557877
0.96,0.94372773,0.016272247
0.97,0.9574927,0.012507319
0.98,0.9301381,0.049861908
0.97,0.9153825,0.054617524
0.97,0.92373776,0.046262264
0.97,0.9105415,0.059458554
0.97,0.9227876,0.047212422
0.97,0.9074292,0.06257081
0.97,0.9330771,0.03692293
0.97,0.93322575,0.036774278
0.97,0.9185202,0.051479816
0.94,0.9039853,0.036014676
0.97,0.8870604,0.082939625
0.96,0.90086865,0.059131324
0.97,0.9002602,0.06973982
0.84,0.90409076,-0.06409079
0.01,0.78789216,-0.7778922
0.01,0.021919021,-0.011919022
0.01,0.08657168,-0.07657168
0.01,0.03338755,-0.02338755
0.01,0.031682685,-0.021682685
0.01,0.00457746,0.00542254
0.01,0.062827356,-0.05282736
0.03,0.057471238,-0.027471239
0.08,0.04254773,0.03745227
0.09,0.09263864,-0.002638638
0.09,0.1181741,-0.028174095
0.11,0.053275198,0.0567248
0.08,0.12007673,-0.040076733
0.19,0.08181797,0.10818203
0.24,0.18610351,0.053896487
0.34,0.2483013,0.091698706
0.36,0.359199,0.0008010268
0.42,0.3693083,0.050691694
0.39,0.40558589,-0.015585899
0.41,0.38535646,0.02464354
0.42,0.4095056,0.010494381
0.44,0.40352714,0.036472857
0.42,0.40696973,0.013030261
0.44,0.41044077,0.029559225
0.47,0.3942763,0.07572371
0.45,0.45820403,-0.008204043
0.48,0.43231753,0.047682464
0.38,0.46386105,-0.08386105
0.35,0.36473343,-0.014733434
0.31,0.32487082,-0.014870822
0.26,0.2903301,-0.030330122
0.27,0.2517199,0.018280119
0.18,0.24807207,-0.068072066
0.15,0.16660108,-0.01660107
0.11,0.13251324,-0.02251324
0.06,0.1320461,-0.0720461
0.04,0.07385304,-0.03385304
0.03,0.01875488,0.011245118
0.02,0.026493689,-0.0064936895
0.01,0.02151217,-0.01151217
0.01,0.0056823455,0.0043176543
0.0,0.018724058,-0.018724058
0.01,0.0045902096,0.00540979
0.01,0.0024596173,0.0075403824
0.01,0.013126757,-0.0031267572
0.01,0.014449709,-0.0044497093
0.01,0.0,0.01
0.01,0.007662507,0.002337493
0.01,0.00062470883,0.009375291
0.01,0.004286606,0.005713394
0.01,0.01582151,-0.005821511
0.01,0.015123496,-0.005123496
0.01,0.0,0.01
0.01,0.0007730592,0.009226941
0.01,0.0016919374,0.008308062
0.01,0.013966238,-0.0039662383
0.02,0.002274394,0.017725606
0.01,0.02639255,-0.01639255
0.03,0.0061336877,0.02386631
0.01,0.015924186,-0.0059241857
0.01,0.00072969496,0.009270305
0.01,0.0050433706,0.004956629
0.01,0.0107773,-0.00077730045
0.01,0.022013143,-0.012013143
0.01,0.004232466,0.0057675336
0.01,0.013248506,-0.0032485062
0.08,0.009304544,0.07069545
0.04,0.0834484,-0.043448403
0.42,0.021509012,0.39849097
0.96,0.42822903,0.53177094
0.36,0.90796864,-0.5479686
0.21,0.35978454,-0.14978455
0.26,0.24433337,0.015666619
0.34,0.25349048,0.086509526
0.54,0.32712173,0.21287829
0.69,0.55916965,0.13083035
0.61,0.67239726,-0.06239724
0.59,0.6280505,-0.038050532
0.19,0.57037795,-0.38037795
0.18,0.17465757,0.005342439
0.53,0.20233186,0.32766813
0.7,0.5248808,0.17511916
0.59,0.6856839,-0.09568393
0.06,0.59438264,-0.53438264
0.01,0.07407599,-0.06407599
0.0,0.061462395,-0.061462395
0.01,0.03968022,-0.02968022
0.04,0.026198404,0.013801595
0.01,0.008266462,0.0017335378
0.01,0.02416373,-0.014163731
0.13,0.053632937,0.07636706
0.34,0.17714588,0.16285412
0.14,0.34457284,-0.20457284
0.01,0.18166123,-0.17166123
0.01,0.0,0.01
0.01,0.0,0.01
0.0,0.025932116,-0.025932116
0.01,0.029425887,-0.019425888
0.01,0.04655488,-0.03655488
0.01,0.0,0.01
0.01,0.0057129376,0.004287062
0.01,0.047323853,-0.037323855
0.01,0.040011674,-0.030011674
0.01,0.0,0.01
0.01,0.0,0.01
0.01,0.0,0.01
0.01,0.022429306,-0.012429306
0.01,0.005217081,0.004782919
0.01,0.02376839,-0.01376839
0.01,0.023849854,-0.0138498545
0.01,0.0096066855,0.0003933143
0.01,0.025268234,-0.015268235
0.01,0.0003904011,0.009609599
0.07,0.010464467,0.059535533
0.12,0.06684705,0.05315295
0.2,0.14910717,0.05089283
0.35,0.20309876,0.14690123
0.49,0.3444083,0.1455917
0.5,0.49657714,0.0034228563
0.59,0.49892575,0.09107423
0.68,0.58874243,0.09125757
0.59,0.66219103,-0.07219106
0.34,0.55856633,-0.21856633
0.01,0.334243,-0.324243
0.16,0.031465337,0.12853466
0.35,0.1847638,0.16523619
0.25,0.3271789,-0.077178895
0.27,0.26269373,0.0073062778
0.21,0.29962283,-0.08962284
0.37,0.20244642,0.16755359
0.31,0.37376115,-0.063761145
0.26,0.30160677,-0.041606784
0.2,0.25129694,-0.051296934
0.46,0.20333688,0.25666314
0.39,0.4713956,-0.081395626
0.37,0.37527317,-0.0052731633
0.36,0.37411535,-0.014115334
0.38,0.34387705,0.036122948
0.37,0.3764854,-0.0064854026
0.31,0.37744564,-0.067445636
0.28,0.306559,-0.026558995
0.37,0.2686086,0.101391405
0.48,0.35891414,0.12108585
0.45,0.48470023,-0.034700245
0.45,0.41685933,0.03314066
0.49,0.43722123,0.05277878
0.48,0.4455523,0.0344477
0.4,0.46590647,-0.065906465
0.49,0.37898427,0.11101574
0.5,0.5018196,-0.0018196106
0.44,0.45209435,-0.012094349
0.26,0.4260155,-0.1660155
0.36,0.22176975,0.13823026
0.1,0.3718747,-0.2718747
0.09,0.07715121,0.012848794
0.1,0.10403605,-0.0040360466
0.09,0.09271957,-0.0027195662
0.13,0.10681996,0.023180038
0.12,0.12011588,-0.00011588633
0.08,0.12624076,-0.046240762
0.01,0.063038506,-0.053038508
0.01,0.018756114,-0.008756114
0.01,0.018674675,-0.008674676
0.09,0.0,0.09
0.12,0.10171838,0.018281616
0.15,0.10191019,0.048089817
0.14,0.17628394,-0.03628394
0.15,0.13482326,0.015176743
0.29,0.1638196,0.1261804
0.21,0.2856098,-0.07560982
0.23,0.21788816,0.012111843
0.2,0.23141015,-0.031410143
0.1,0.20405793,-0.10405793
0.07,0.09751366,-0.02751366
0.07,0.075640626,-0.005640626
0.06,0.07525389,-0.01525389
0.07,0.05718185,0.01281815
0.11,0.06950776,0.040492237
0.1,0.11793223,-0.017932229
0.16,0.11049856,0.049501434
0.19,0.15656388,0.03343612
0.27,0.1923417,0.07765831
0.27,0.26963606,0.00036394596
0.34,0.2715357,0.06846431
0.4,0.3259909,0.07400912
0.31,0.39955568,-0.08955568
0.45,0.30117658,0.14882341
0.58,0.45277452,0.12722546
0.4,0.5630578,-0.16305777
0.51,0.37854975,0.13145024
0.65,0.5104074,0.13959259
0.66,0.62112427,0.03887576
0.55,0.645151,-0.09515101
0.4,0.5173036,-0.11730358
0.3,0.37728542,-0.07728541
0.2,0.2845133,-0.08451329
0.21,0.17981791,0.030182078
0.22,0.19969161,0.02030839
0.19,0.22139089,-0.03139089
0.16,0.18271832,-0.022718325
0.19,0.16497163,0.025028363
0.25,0.19867913,0.051320866
0.27,0.23608099,0.03391902
0.31,0.26369953,0.04630047
0.26,0.29960942,-0.039609432
0.13,0.2575879,-0.12758791
0.02,0.11030418,-0.09030418
0.19,0.023615588,0.16638441
0.32,0.2123233,0.1076767
0.25,0.33976787,-0.08976787
0.2,0.23503165,-0.035031646
0.15,0.219013,-0.069013
0.12,0.15092808,-0.030928083
0.12,0.11718855,0.0028114468
0.29,0.1296855,0.16031449
0.15,0.29721057,-0.14721057
0.07,0.12791301,-0.057913013
0.16,0.067057155,0.09294284
0.29,0.16451843,0.12548156
0.29,0.28896505,0.0010349452
0.82,0.29957163,0.52042836
0.94,0.7932322,0.1467678
0.89,0.94608176,-0.05608177
0.61,0.86036587,-0.25036585
0.58,0.58090407,-0.00090408325
0.74,0.5656109,0.17438912
0.67,0.6984447,-0.028444707
0.56,0.62298214,-0.06298214
0.7,0.5400437,0.15995628
0.79,0.6724429,0.11755711
0.89,0.775855,0.11414498
0.93,0.85691535,0.07308465
0.87,0.9027588,-0.032758772
0.75,0.7996313,-0.049631298
0.85,0.69743943,0.15256059
0.79,0.7910719,-0.0010718703
0.76,0.7413602,0.018639803
0.93,0.7014411,0.2285589
0.97,0.8963471,0.07365292
0.97,0.9103381,0.059661925
0.96,0.9263159,0.033684075
0.96,0.9132216,0.04677838
0.86,0.9072436,-0.047243595
0.97,0.7979055,0.17209452
0.95,0.932374,0.017625988
0.97,0.8871137,0.08288634
0.94,0.9055257,0.034474313
0.95,0.87799746,0.07200253
0.95,0.8970269,0.05297309
0.96,0.89857924,0.06142074
0.96,0.9026077,0.0573923
0.89,0.9089204,-0.018920422
0.92,0.82984436,0.09015566
0.92,0.8738688,0.046131194
0.83,0.86280394,-0.032803953
0.78,0.7783415,0.0016584992
0.82,0.72875965,0.09124035
0.8,0.7787447,0.021255314
0.67,0.748646,-0.078646004
0.72,0.6255292,0.0944708
0.63,0.6847039,-0.05470389
0.63,0.5894221,0.04057789
0.51,0.5933447,-0.0833447
0.42,0.4732569,-0.0532569
0.38,0.39003235,-0.010032356
0.34,0.34945834,-0.009458333
0.3,0.31650108,-0.01650107
0.32,0.27748442,0.042515576
0.24,0.30981484,-0.069814846
0.2,0.21700378,-0.017003775
0.13,0.19066215,-0.06066215
0.14,0.12650853,0.013491467
0.05,0.13733973,-0.08733973
0.01,0.02620414,-0.016204141
0.07,0.0059155934,0.06408441
0.04,0.062255874,-0.022255875
0.01,0.029651007,-0.019651007
0.04,0.005426133,0.034573868
0.01,0.041013695,-0.031013696
0.01,0.0010399576,0.008960042
0.01,0.0053835325,0.0046164673
0.01,0.006922094,0.0030779056
0.01,0.0,0.01
0.0,0.0,0.0
0.01,0.0,0.01
0.0,0.0028567426,-0.0028567426
0.01,0.0,0.01
0.01,0.0019078609,0.008092139
0.01,0.0031121504,0.0068878494
0.01,0.0071968697,0.00280313
0.01,0.0028300546,0.007169945
0.01,0.008054549,0.0019454509
0.01,0.00037905574,0.009620944
0.01,0.0038324464,0.0061675534
0.01,0.01012866,-0.00012866035
0.01,0.00069664605,0.009303354
0.02,0.009143451,0.010856548
0.01,0.014434487,-0.004434487
0.01,0.012431728,-0.002431728
0.02,0.009090489,0.010909511
0.02,0.0146487905,0.005351209
0.01,0.012280693,-0.0022806935
0.01,0.006525364,0.003474636
0.01,0.007153902,0.0028460976
0.01,0.008446993,0.0015530065
0.01,0.01013572,-0.00013571978
0.01,0.0032548644,0.0067451354
0.01,0.015313513,-0.005313513
0.01,0.008760166,0.0012398334
0.01,0.0077937823,0.0022062175
0.01,0.0062724613,0.0037275385
0.01,0.012052117,-0.0020521171
0.01,0.0053527392,0.0046472605
0.0,0.011915908,-0.011915908
0.01,0.0,0.01
0.01,0.0127324145,-0.0027324148
0.0,0.0013860799,-0.0013860799
0.01,0.009559315,0.00044068508
0.02,0.004651431,0.015348569
0.03,0.015761388,0.014238611
0.07,0.02667736,0.043322638
0.06,0.07411043,-0.014110435
0.09,0.051325694,0.03867431
0.14,0.10070416,0.039295837
0.19,0.14077097,0.049229026
0.22,0.20230792,0.017692074
0.27,0.22765996,0.042340055
0.3,0.27109993,0.028900087
0.38,0.29863945,0.08136055
0.47,0.37828112,0.09171888
0.39,0.46787232,-0.077872336
0.23,0.37095964,-0.14095964
0.16,0.22542436,-0.06542437
0.05,0.16002442,-0.11002442
0.24,0.04980395,0.19019604
0.29,0.25310555,0.03689444
0.29,0.2906054,-0.0006054044
0.27,0.29674798,-0.026747972
0.23,0.26421872,-0.034218714
0.07,0.22700866,-0.15700865
0.01,0.060195796,-0.0501958
0.01,0.02638129,-0.01638129
0.1,0.0,0.1
0.22,0.09894411,0.121055886
0.24,0.23634852,0.00365147
0.14,0.24474445,-0.10474445
0.08,0.14414223,-0.06414223
0.14,0.08880445,0.051195547
0.39,0.15340531,0.23659468
0.43,0.4093319,0.02066812
0.44,0.4386738,0.0013262033
0.37,0.42809922,-0.05809921
0.26,0.3611828,-0.10118282
0.11,0.25267264,-0.14267264
0.05,0.11892379,-0.06892379
0.06,0.053458773,0.006541226
0.03,0.055508323,-0.025508324
0.01,0.017567288,-0.0075672884
0.01,0.023411961,-0.0134119615
0.01,0.03279645,-0.02279645
0.01,0.01453411,-0.0045341104
0.01,0.01014032,-0.00014032051
0.01,0.0,0.01
0.01,0.0,0.01
0.01,0.007764794,0.0022352058
0.01,0.011332259,-0.0013322588
0.01,0.024629088,-0.014629088
0.0,0.019536149,-0.019536149
0.0,0.006333271,-0.006333271
0.01,0.0019574463,0.008042553
0.01,0.0069512,0.0030488
0.01,0.01484238,-0.00484238
0.01,0.018769793,-0.008769793
0.01,0.0,0.01
0.01,0.0,0.01
0.01,0.0066191275,0.0033808723
0.01,0.009594062,0.00040593743
0.01,0.013852444,-0.0038524438
0.01,0.004761139,0.005238861
0.01,0.0,0.01
0.01,0.015918698,-0.0059186984
0.01,0.0169107,-0.0069107004
0.01,0.009145027,0.00085497275
0.01,0.0052381996,0.0047618
0.0,0.009670364,-0.009670364
0.01,0.0,0.01
0.01,0.0061365096,0.0038634902
0.0,0.0032871962,-0.0032871962
0.01,0.003804868,0.0061951317
0.01,0.010362009,-0.0003620088
0.01,0.011421718,-0.0014217179
0.02,0.0026219897,0.01737801
0.01,0.013237549,-0.0032375492
0.06,0.004220484,0.055779517
0.02,0.061544724,-0.041544724
0.01,0.011805991,-0.0018059909
0.01,0.019936638,-0.009936638
0.01,0.0,0.01
0.02,0.012380442,0.007619558
0.04,0.012257155,0.027742844
0.02,0.037434924,-0.017434925
0.0,0.009258669,-0.009258669
0.01,0.0054312926,0.004568707
0.0,0.013423821,-0.013423821
0.01,0.0021523554,0.007847644
0.01,0.00091287866,0.009087121
0.01,0.0,0.01
0.01,0.01011057,-0.00011057034
0.01,0.009457053,0.0005429471
0.01,0.010774335,-0.0007743351
0.01,0.01520234,-0.00520234
0.0,0.0054039117,-0.0054039117
0.01,0.0,0.01
0.01,0.0032615308,0.006738469
0.01,0.008341431,0.0016585691
0.02,0.008598981,0.011401018
0.01,0.02561043,-0.01561043
0.01,0.01119373,-0.0011937302
0.01,0.010795226,-0.00079522654
0.01,0.0076493565,0.0023506433
0.01,0.0042869356,0.005713064
0.01,0.0038426612,0.0061573386
0.03,0.008385865,0.021614134
0.01,0.030547805,-0.020547805
0.14,0.01300149,0.12699851
0.19,0.14975728,0.040242717
0.32,0.20151545,0.11848454
0.26,0.33767563,-0.07767564
0.55,0.2550556,0.2949444
0.65,0.5567011,0.09329885
0.65,0.6579398,-0.0079398155
0.6,0.64237624,-0.04237622
0.65,0.580862,0.06913799
0.53,0.63126916,-0.101269186
0.59,0.49156255,0.09843743
0.76,0.57879096,0.18120903
0.83,0.737283,0.09271699
0.96,0.7890661,0.1709339
0.92,0.93621325,-0.016213238
0.91,0.86518663,0.044813395
0.81,0.86849165,-0.058491647
0.78,0.75276726,0.027232707
0.79,0.7433177,0.0466823
0.58,0.7376455,-0.15764552
0.28,0.53396416,-0.25396416
0.22,0.24802221,-0.028022215
0.17,0.24238051,-0.07238051
0.16,0.17027839,-0.010278389
0.17,0.16483755,0.0051624477
0.41,0.1639532,0.2460468
0.56,0.44655612,0.11344388
0.47,0.556641,-0.086640984
0.63,0.44784293,0.18215707
0.83,0.6256727,0.20432729
0.83,0.7871856,0.042814374
0.8,0.7860061,0.013993919
0.95,0.75282514,0.19717485
0.97,0.91007197,0.05992806
0.97,0.8933772,0.076622844
0.97,0.9247475,0.045252502
0.97,0.9242672,0.045732856
0.97,0.9325787,0.037421346
0.96,0.9105166,0.04948336
0.97,0.9085527,0.061447322
0.97,0.9088986,0.061101437
0.81,0.9046005,-0.0946005
0.63,0.74947053,-0.11947054
0.45,0.5865132,-0.13651323
0.45,0.41939446,0.030605525
0.25,0.42924762,-0.17924762
0.39,0.21833648,0.17166351
0.34,0.39319962,-0.05319962
0.22,0.31616184,-0.09616184
0.16,0.2064624,-0.0464624
0.12,0.15621659,-0.036216594
0.15,0.123120695,0.02687931
0.27,0.13190763,0.13809238
0.6,0.26602086,0.33397916
0.56,0.61997765,-0.05997765
0.73,0.5454639,0.1845361
0.62,0.7162902,-0.09629017
0.81,0.5670023,0.2429977
0.82,0.79341364,0.026586354
0.62,0.77428734,-0.15428734
0.53,0.57790715,-0.047907174
0.51,0.49860293,0.011397064
0.57,0.4999849,0.0700151
0.48,0.53612983,-0.056129843
0.45,0.45326275,-0.0032627583
0.53,0.42597586,0.10402411
0.58,0.5087465,0.07125348
0.58,0.53754014,0.042459846
0.66,0.5335462,0.12645382
0.59,0.6326957,-0.0426957
0.56,0.53259623,0.027403772
0.57,0.5302049,0.0397951
0.56,0.5258897,0.034110308
0.59,0.5339979,0.05600208
0.42,0.54182565,-0.121825665
0.41,0.3910616,0.018938392
0.4,0.39597297,0.004027039
0.42,0.39173958,0.02826041
0.43,0.38876164,0.041238368
0.57,0.41372982,0.15627018
0.75,0.5492612,0.20073879
0.78,0.72831607,0.051683903
0.88,0.74431777,0.13568223
0.88,0.82949126,0.050508738
0.91,0.8304867,0.07951331
0.95,0.8435247,0.10647529
0.97,0.902806,0.067194045
0.97,0.9133712,0.056628823
0.97,0.9074913,0.0625087
0.93,0.9109534,0.019046605
0.97,0.88394034,0.08605969
0.97,0.92428625,0.045713782
0.94,0.9100394,0.029960573
0.86,0.8839105,-0.023910463
0.87,0.8067523,0.06324768
0.9,0.82591987,0.07408011
0.78,0.84483147,-0.064831495
0.77,0.72155666,0.048443317
0.77,0.7326156,0.03738439
0.84,0.7265971,0.1134029
0.85,0.7916013,0.058398724
0.87,0.79706,0.07293999
0.82,0.8201196,-0.00011962652
0.84,0.7640894,0.07591057
0.8,0.79513043,0.0048695803
0.74,0.75199497,-0.011994958
0.73,0.6976074,0.03239262
0.64,0.6830902,-0.043090224
0.76,0.5945851,0.16541487
0.74,0.7267268,0.013273239
0.67,0.68767655,-0.017676532
0.63,0.6281477,0.0018522739
0.61,0.5939513,0.01604873
0.64,0.57255584,0.067444146
0.64,0.6022823,0.0377177
0.7,0.5976001,0.102399886
0.74,0.65487254,0.08512747
0.86,0.69317734,0.16682267
0.87,0.8072151,0.06278491
0.86,0.81604373,0.04395628
0.87,0.80646634,0.063533664
0.88,0.81660116,0.06339884
0.61,0.8259387,-0.21593869
0.79,0.5552907,0.23470932
0.82,0.77021503,0.04978496
0.87,0.757864,0.11213601
0.93,0.82164913,0.10835087
0.97,0.87966895,0.09033108
0.93,0.9105699,0.0194301
0.93,0.867206,0.06279403
0.96,0.874757,0.08524299
0.96,0.9047175,0.055282474
0.92,0.89792156,0.022078454
0.85,0.8590215,-0.009021461
0.93,0.7936074,0.1363926
0.91,0.8878483,0.022151709
0.94,0.8452069,0.09479308
0.93,0.8948798,0.03512019
0.78,0.86947274,-0.08947277
0.74,0.7301363,0.009863734
0.86,0.6984172,0.16158283
0.96,0.8257545,0.13424546
0.94,0.89400756,0.045992434
0.85,0.875647,-0.025646985
0.88,0.7910155,0.08898449
0.85,0.83622813,0.013771892
0.79,0.792494,-0.0024939775
0.9,0.74306774,0.15693223
0.82,0.85700893,-0.03700894
0.92,0.7541534,0.16584665
0.85,0.87679183,-0.026791811
0.93,0.79005563,0.13994437
0.84,0.8837608,-0.043760836
0.9,0.7789314,0.1210686
0.82,0.8530291,-0.03302908
0.84,0.7617204,0.078279555
0.87,0.79457176,0.07542825
0.79,0.8170296,-0.027029574
0.86,0.73804164,0.121958375
0.95,0.81505215,0.13494784
0.87,0.8938502,-0.023850203
0.84,0.80909705,0.030902922
0.77,0.7892049,-0.019204915
0.7,0.72355366,-0.02355367
0.64,0.65191567,-0.011915684
0.54,0.605217,-0.06521696
0.62,0.49681288,0.123187125
0.76,0.5965152,0.16348481
0.85,0.70803773,0.14196229
0.8,0.8180883,-0.018088281
0.66,0.74063945,-0.08063942
0.61,0.6188324,-0.008832395
0.67,0.5676734,0.10232663
0.66,0.635804,0.024196029
0.68,0.61237425,0.06762576
0.69,0.63729405,0.052705944
0.73,0.63642985,0.09357017
0.66,0.68800175,-0.028001726
0.63,0.6193141,0.010685921
0.56,0.5960463,-0.036046326
0.49,0.52481437,-0.034814358
0.59,0.4516269,0.13837308
0.54,0.5638106,-0.023810565
0.56,0.49778533,0.062214673
0.54,0.52799016,0.012009859
0.59,0.5033503,0.08664966
0.49,0.5551818,-0.06518179
0.49,0.44891292,0.04108709
0.49,0.46721026,0.022789747
0.51,0.45220488,0.057795107
0.56,0.4853398,0.07466021
0.6,0.52726954,0.07273048
0.64,0.56709254,0.07290745
0.64,0.6014136,0.038586378
0.57,0.59400487,-0.024004877
0.63,0.5321206,0.09787941
0.63,0.6025702,0.02742982
0.66,0.58813655,0.07186347
0.68,0.6147937,0.06520629
0.57,0.64760804,-0.07760805
0.59,0.52684814,0.06315184
0.73,0.56650996,0.16349006
0.74,0.6867071,0.05329293
0.78,0.6941763,0.085823655
0.67,0.728551,-0.058550954
0.64,0.630234,0.009765983
0.7,0.6007039,0.09929609
0.78,0.6669429,0.11305708
0.87,0.731881,0.13811898
0.87,0.8216554,0.048344612
0.86,0.8078151,0.05218494
0.84,0.80434763,0.03565234
0.85,0.7917066,0.058293402
0.76,0.80273175,-0.042731762
0.67,0.7123027,-0.042302668
0.78,0.6290123,0.15098768
0.8,0.7430085,0.056991518
0.78,0.74520004,0.034799933
0.82,0.7290751,0.09092492
0.83,0.7785731,0.051426888
0.89,0.77731526,0.11268473
0.88,0.839718,0.04028201
0.85,0.826489,0.023511052
0.83,0.79357344,0.036426544
0.8,0.7774303,0.022569716
0.77,0.7509908,0.019009173
0.73,0.7247485,0.005251527
0.78,0.68683755,0.09316242
0.77,0.7370208,0.03297919
0.76,0.7213356,0.0386644
0.73,0.7162045,0.013795495
0.73,0.68665636,0.043343663
0.55,0.68806195,-0.13806194
0.13,0.50289863,-0.37289864
0.01,0.111277685,-0.10127769
0.01,0.043240808,-0.03324081
0.01,0.022084774,-0.012084775
0.01,0.0072426368,0.002757363
0.01,0.00019993633,0.009800063
0.01,0.030458447,-0.020458447
0.01,0.04383543,-0.033835433
0.01,0.031538986,-0.021538986
0.01,0.016603267,-0.006603267
0.01,0.010633975,-0.0006339755
0.01,0.0,0.01
0.01,0.0065121865,0.0034878133
0.01,0.0,0.01
0.01,0.011639433,-0.0016394332
0.01,0.015784208,-0.005784208
0.01,0.013822741,-0.003822741
0.01,0.0,0.01
0.01,0.003107084,0.006892916
0.01,0.013549121,-0.0035491213
0.01,0.0036147889,0.006385211
0.01,0.00026435964,0.00973564
0.0,0.0054796133,-0.0054796133
0.01,0.0,0.01
0.0,0.001373386,-0.001373386
0.01,0.0,0.01
0.0,0.014438162,-0.014438162
0.01,0.0038660448,0.006133955
0.01,0.021416372,-0.011416372
0.04,0.00352606,0.036473937
0.04,0.033643764,0.0063562356
0.03,0.03231079,-0.002310792
0.05,0.029666925,0.020333076
0.05,0.042057894,0.007942107
0.01,0.04302068,-0.033020683
0.03,0.011828836,0.018171163
0.01,0.036865816,-0.026865816
0.04,0.0,0.04
0.01,0.042765386,-0.03276539
0.01,0.0061565917,0.003843408
0.04,0.016980758,0.023019241
0.01,0.03158904,-0.021589039
0.0,0.008020645,-0.008020645
0.05,0.00039871596,0.049601287
0.05,0.050123766,-0.00012376532
0.05,0.05229468,-0.0022946782
0.05,0.052121527,-0.0021215267
0.03,0.05389007,-0.023890072
0.02,0.026039498,-0.0060394984
0.06,0.017030235,0.042969763
0.04,0.065944426,-0.025944427
0.07,0.03757309,0.03242691
0.01,0.072645,-0.062645
0.05,0.005262783,0.04473722
0.08,0.05575124,0.024248756
0.01,0.081965975,-0.07196598
0.02,0.0064303186,0.013569681
0.01,0.024464838,-0.014464838
0.08,0.004356757,0.07564324
0.12,0.08030426,0.03969574
0.15,0.121448904,0.028551102
0.09,0.1612064,-0.07120639
0.2,0.08922937,0.110770635
0.18,0.21878804,-0.038788036
0.17,0.18182139,-0.011821389
0.23,0.1809388,0.04906121
0.22,0.23802465,-0.018024653
0.27,0.22187512,0.048124894
0.24,0.26965395,-0.029653952
0.29,0.23979387,0.050206125
0.24,0.292389,-0.05238901
0.21,0.23109463,-0.021094635
0.18,0.21405168,-0.03405167
0.32,0.17551884,0.14448115
0.32,0.32623935,-0.0062393546
0.3,0.29868135,0.0013186634
0.34,0.29699737,0.043002635
0.34,0.337778,0.0022220016
0.26,0.3328899,-0.072889924
0.27,0.23580669,0.034193322
0.29,0.27220064,0.017799348
0.26,0.27862522,-0.01862523
0.35,0.24422206,0.105777934
0.35,0.3453731,0.0046269
0.33,0.33516997,-0.005169958
0.31,0.31486034,-0.0048603415
0.26,0.30329877,-0.04329878
0.16,0.25492138,-0.09492138
0.19,0.14368263,0.04631737
0.18,0.19483842,-0.014838412
0.05,0.15733321,-0.10733321
0.01,0.056365915,-0.046365917
0.0,0.01225839,-0.01225839
0.01,0.0099333245,6.6675246e-05
0.03,0.008948648,0.021051351
0.01,0.026159294,-0.016159294
0.07,0.0037273448,0.06627265
0.09,0.07579503,0.0142049715
0.07,0.08588247,-0.01588247
0.06,0.07371933,-0.0137193315
0.07,0.065559745,0.0044402555
0.05,0.06537899,-0.015378986
0.05,0.03947088,0.0105291195
0.04,0.045816384,-0.005816385
0.04,0.03905616,0.00094383955
0.04,0.034518905,0.005481094
0.04,0.046083294,-0.0060832947
0.03,0.04031242,-0.010312421
0.02,0.022747293,-0.0027472936
0.01,0.009147007,0.00085299276
0.01,0.012085671,-0.0020856708
0.01,0.001621699,0.008378301
0.01,0.0,0.01
0.01,0.011848771,-0.0018487712
0.01,0.00421275,0.0057872497
0.01,0.007900791,0.0020992085
0.0,0.0023096036,-0.0023096036
0.01,0.009818194,0.00018180534
0.01,0.002695201,0.007304799
0.01,0.0063980743,0.0036019254
0.01,0.0021265838,0.007873416
0.01,0.009744178,0.0002558222
0.01,0.00908065,0.0009193495
0.01,0.008551372,0.0014486276
0.01,0.0,0.01
0.01,0.007196008,0.0028039915
0.01,0.0109313745,-0.0009313747
0.01,0.0030752085,0.0069247913
0.01,0.0047295596,0.00527044
0.01,0.013082182,-0.0030821823
0.01,0.003292581,0.0067074187
0.0,0.0065264264,-0.0065264264
0.01,0.0007618014,0.009238198
0.01,0.0057671713,0.0042328285
0.0,0.00795262,-0.00795262
0.01,0.0040254965,0.0059745032
0.01,0.0064931195,0.0035068803
0.01,0.0067298077,0.003270192
0.01,0.010725966,-0.00072596595
0.01,0.00054494105,0.009455059
0.01,0.010744166,-0.00074416585
0.01,0.0028696172,0.0071303826
0.01,0.008557368,0.0014426317
0.01,0.006338956,0.003661044
0.01,0.008069243,0.0019307565
0.0,0.0029375423,-0.0029375423
0.01,0.00026286207,0.009737138
0.01,0.0105225835,-0.0005225837
0.01,0.006784945,0.003215055
0.01,0.014887942,-0.004887942
0.03,0.0063893786,0.023610622
0.04,0.02353396,0.016466038
0.05,0.03609732,0.013902679
0.04,0.053251296,-0.013251297
0.1,0.034050692,0.065949306
0.22,0.111231275,0.108768724
0.15,0.23417805,-0.084178045
0.11,0.15181723,-0.041817233
0.23,0.121904776,0.10809523
0.28,0.24236216,0.037637845
0.27,0.2820472,-0.012047201
0.26,0.27212024,-0.012120247
0.21,0.26785624,-0.057856247
0.22,0.2082905,0.011709496
0.22,0.22309859,-0.0030985922
0.3,0.21764623,0.082353786
0.3,0.3041947,-0.004194677
0.21,0.28897703,-0.07897703
0.15,0.2025404,-0.05254039
0.14,0.15178527,-0.011785269
0.12,0.14596853,-0.02596853
0.06,0.11169633,-0.051696334
0.02,0.057323024,-0.037323024
0.01,0.018139385,-0.008139385
0.01,0.00656911,0.00343089
0.02,0.0127305705,0.007269429
0.01,0.034108184,-0.024108185
0.0,0.011823244,-0.011823244
0.01,0.0,0.01
0.01,0.012684281,-0.0026842812
0.01,0.0062014433,0.0037985565
0.01,0.0055305045,0.0044694953
0.0,0.005839044,-0.005839044
0.01,0.0,0.01
0.01,0.004521683,0.005478317
0.01,0.0074431943,0.0025568055
0.01,0.006998742,0.0030012578
0.01,0.006671453,0.0033285469
0.01,0.009839648,0.0001603514
0.01,0.0076753814,0.0023246184
0.01,0.0028850548,0.007114945
0.0,0.0022622626,-0.0022622626
0.03,0.0032083336,0.026791666
0.01,0.024563322,-0.014563322
0.02,0.0,0.02
0.07,0.019420255,0.050579745
0.03,0.06402126,-0.03402126
0.1,0.023391413,0.07660859
0.06,0.10845582,-0.048455823
0.07,0.060064025,0.009935975
0.15,0.07131586,0.07868414
0.16,0.15492879,0.005071208
0.1,0.16938785,-0.069387846
0.17,0.09691056,0.07308944
0.14,0.18748166,-0.047481656
0.24,0.13280313,0.10719687
0.3,0.2511431,0.048856914
0.29,0.30625072,-0.01625073
0.27,0.28719583,-0.01719582
0.26,0.2663791,-0.0063790977
0.34,0.2547045,0.0852955
0.39,0.33634618,0.053653806
0.32,0.38268742,-0.06268743
0.55,0.30968127,0.24031875
0.59,0.54488117,0.04511881
0.59,0.5651212,0.0248788
0.67,0.56829184,0.101708174
0.74,0.6606943,0.07930571
0.76,0.6945808,0.0654192
0.76,0.72553164,0.034468353
0.83,0.71444327,0.11555672
0.86,0.7930355,0.06696451
0.92,0.80411506,0.11588496
0.8,0.8704293,-0.070429265
0.78,0.75233626,0.027663708
0.79,0.7486429,0.0413571
0.79,0.74106795,0.048932076
0.77,0.74820983,0.021790147
0.61,0.72426456,-0.11426455
0.54,0.56867117,-0.028671145
0.58,0.50531685,0.07468313
0.61,0.5493164,0.060683608
0.58,0.57145995,0.008540034
0.55,0.5425119,0.0074881315
0.5,0.51949435,-0.019494355
0.48,0.47000808,0.009991914
0.38,0.44800264,-0.06800264
0.29,0.34964246,-0.059642464
0.27,0.2736913,-0.0036912858
0.57,0.25041643,0.31958356
0.53,0.56297886,-0.032978892
0.57,0.5110903,0.058909714
0.42,0.5461258,-0.12612584
0.45,0.38783184,0.06216815
0.44,0.4381865,0.0018135011
0.45,0.40924138,0.04075861
0.39,0.42984518,-0.0398452
0.43,0.36497682,0.065023184
0.54,0.41604915,0.12395087
0.56,0.5215361,0.03846389
0.49,0.5254824,-0.035482407
0.46,0.4721054,-0.012105405
0.52,0.42507252,0.09492746
0.57,0.49654168,0.073458314
0.54,0.5298755,0.010124505
0.51,0.51435125,-0.0043512583
0.48,0.46929666,0.010703325
0.47,0.45949727,0.010502726
0.54,0.42908907,0.11091095
0.52,0.53141487,-0.0114148855
0.52,0.48031944,0.03968054
0.49,0.49101868,-0.0010186732
0.52,0.45267478,0.067325205
0.46,0.50889736,-0.048897356
0.28,0.4257908,-0.14579079
0.08,0.25772724,-0.17772724
0.05,0.06531137,-0.015311372
0.03,0.06588499,-0.03588499
0.01,0.03335502,-0.02335502
0.01,0.005562408,0.004437592
0.02,0.009031095,0.010968905
0.03,0.03630428,-0.006304281
0.04,0.037260845,0.0027391538
0.07,0.041420527,0.028579473
0.06,0.062465087,-0.002465088
0.05,0.050495744,-0.000495743
0.04,0.04081087,-0.00081086904
0.05,0.03717162,0.01282838
0.04,0.043672014,-0.003672015
0.05,0.027193416,0.022806585
0.06,0.049237892,0.010762107
0.04,0.06411296,-0.024112962
0.03,0.037188683,-0.0071886834
0.03,0.023753095,0.006246904
0.02,0.020467352,-0.00046735257
0.01,0.020679852,-0.010679852
0.01,0.0026554596,0.00734454
0.01,0.012944564,-0.0029445644
0.01,0.0,0.01
0.01,0.006272436,0.0037275637
0.01,0.0026276931,0.0073723067
0.0,0.020845115,-0.020845115
0.04,0.0,0.04
0.06,0.04104586,0.01895414
0.08,0.05380322,0.026196778
0.05,0.08492285,-0.03492285
0.1,0.04503463,0.054965373
0.11,0.10483074,0.0051692575
0.07,0.11596662,-0.045966618
0.01,0.07264789,-0.062647894
0.01,0.017270636,-0.007270636
0.07,0.009530269,0.06046973
0.1,0.0595382,0.0404618
0.1,0.10037247,-0.00037246943
0.07,0.10165697,-0.031656973
0.06,0.07049933,-0.010499332
0.05,0.064707875,-0.0147078745
0.07,0.055169463,0.014830537
0.04,0.07606855,-0.03606855
0.03,0.035125718,-0.005125718
0.04,0.030742465,0.0092575345
0.04,0.033281907,0.0067180917
0.02,0.04692396,-0.026923962
0.03,0.021968773,0.008031227
0.03,0.035880335,-0.0058803353
0.01,0.024010012,-0.014010012
0.01,0.0,0.01
0.03,0.015489008,0.014510991
0.04,0.022858812,0.017141188
0.04,0.047100298,-0.007100299
0.01,0.03460223,-0.024602229
0.03,0.016609639,0.01339036
0.01,0.023693232,-0.013693232
0.01,0.003995156,0.006004844
0.01,0.004975321,0.005024679
0.01,0.010851144,-0.0008511441
0.01,0.0069622975,0.0030377023
0.02,0.008523294,0.011476706
0.02,0.021484084,-0.0014840849
0.01,0.016080031,-0.0060800314
0.02,0.0075701512,0.012429848
0.01,0.021290233,-0.011290234
0.01,0.0,0.01
0.01,0.0041868556,0.005813144
0.0,0.011948195,-0.011948195
0.01,0.0,0.01
0.01,0.0133444425,-0.0033444427
0.01,0.0015939511,0.008406049
0.02,0.01561317,0.004386829
0.01,0.011362072,-0.0013620723
0.0,0.00943068,-0.00943068
0.01,0.0,0.01
0.02,0.015905509,0.004094491
0.04,0.013220839,0.02677916
0.09,0.04087455,0.049125455
0.06,0.089238085,-0.029238086
0.08,0.054193966,0.025806032
0.09,0.08531528,0.004684724
0.11,0.09465792,0.015342079
0.13,0.11700864,0.012991354
0.18,0.13666424,0.043335766
0.25,0.19152592,0.05847408
0.28,0.2551526,0.024847388
0.34,0.27866104,0.06133896
0.36,0.34029976,0.019700259
0.34,0.35651213,-0.016512126
0.4,0.32848436,0.07151565
0.3,0.39449853,-0.094498515
0.26,0.28582484,-0.025824845
0.2,0.2597139,-0.059713885
0.2,0.18998815,0.010011852
0.19,0.20230259,-0.012302592
0.1,0.18436053,-0.08436053
0.18,0.09904227,0.08095774
0.21,0.18565147,0.024348527
0.27,0.20849155,0.06150846
0.36,0.276641,0.083359
0.42,0.35209304,0.067906946
0.42,0.4123671,0.0076328814
0.4,0.39143026,0.008569747
0.41,0.386387,0.023613006
0.38,0.39355415,-0.013554156
0.35,0.36810607,-0.018106073
0.34,0.33222458,0.007775426
0.35,0.3307659,0.019234091
0.28,0.34067172,-0.060671717
0.28,0.26608685,0.013913155
0.26,0.2730537,-0.013053715
0.28,0.2521122,0.027887791
0.26,0.26499563,-0.004995644
0.25,0.24449165,0.0055083483
0.23,0.23816676,-0.00816676
0.22,0.21635689,0.0036431104
0.21,0.21000214,-2.1457672e-06
0.23,0.19586109,0.034138918
0.24,0.23229417,0.0077058226
0.2,0.22350036,-0.023500353
0.2,0.1945877,0.0054123104
0.17,0.19919963,-0.02919963
0.17,0.16602118,0.0039788187
0.15,0.17107339,-0.021073386
0.14,0.14373207,-0.0037320703
0.13,0.14303714,-0.013037145
0.13,0.12596479,0.0040352046
0.08,0.13348804,-0.053488046
0.04,0.06937532,-0.029375322
0.02,0.034700505,-0.014700506
0.01,0.016885912,-0.0068859123
0.01,0.0,0.01
0.01,0.0011816788,0.008818321
0.01,0.006398184,0.0036018156
0.01,0.0,0.01
0.01,0.0061536133,0.0038463864
0.01,0.006802964,0.0031970358
0.01,0.0014398918,0.008560108
0.01,0.001297541,0.008702459
0.01,0.0010799933,0.008920006
0.01,0.008505832,0.0014941674
0.01,0.003045898,0.006954102
0.01,0.006764468,0.003235532
0.01,0.0056588175,0.0043411823
0.01,0.0047800597,0.00521994
0.01,0.00359736,0.0064026397
0.01,0.0053577963,0.0046422035
0.01,0.008076962,0.0019230377
0.01,0.004374901,0.005625099
0.01,0.0060975812,0.0039024185
0.01,0.0075549884,0.0024450114
0.01,0.0048207697,0.00517923
0.01,0.004739644,0.005260356
0.01,0.011851892,-0.0018518921
0.01,0.0038589593,0.0061410405
0.0,0.014475657,-0.014475657
0.01,0.0,0.01
0.01,0.011843736,-0.0018437365
0.03,0.0058863983,0.024113601
0.03,0.029221725,0.0007782746
0.05,0.022710707,0.027289294
0.06,0.04911994,0.0108800605
0.05,0.056081235,-0.0060812347
0.06,0.050427996,0.009572003
0.05,0.06397986,-0.013979856
0.05,0.051937364,-0.0019373633
0.05,0.0528697,-0.0028696992
0.04,0.050936807,-0.010936808
0.04,0.04032047,-0.00032047182
0.03,0.042799324,-0.0127993245
0.02,0.026698478,-0.006698478
0.01,0.016887277,-0.0068872776
0.01,0.007411941,0.0025880588
0.01,0.007228557,0.0027714428
0.01,0.0069517847,0.003048215
0.01,0.0060605723,0.0039394274
0.01,0.009868188,0.00013181195
0.01,0.0033732504,0.0066267494
0.01,0.008452564,0.0015474362
0.01,0.006867498,0.0031325016
0.01,0.0064537814,0.0035462184
0.01,0.007108804,0.002891196
0.01,0.0058474215,0.0041525783
0.01,0.007323576,0.0026764236
0.01,0.0069136377,0.003086362
0.01,0.008131711,0.001868289
0.01,0.008550705,0.0014492944
0.01,0.006591468,0.0034085317
0.01,0.0051228777,0.004877122
0.01,0.008223372,0.0017766282
0.01,0.006894625,0.003105375
0.01,0.00843031,0.0015696902
0.01,0.005872719,0.004127281
0.01,0.010547107,-0.0005471073
0.01,0.0052013025,0.0047986973
0.01,0.007894011,0.0021059886
0.01,0.008144828,0.0018551722
0.01,0.0068381876,0.0031618122
0.01,0.0077403523,0.0022596475
0.01,0.0067905867,0.003209413
0.01,0.008643717,0.0013562832
0.01,0.00608827,0.00391173
0.01,0.009256426,0.00074357353
0.01,0.005732119,0.0042678807
0.03,0.0075566964,0.022443302
0.02,0.025743797,-0.005743798
0.03,0.014390247,0.015609752
0.0,0.028325623,-0.028325623
0.01,0.0,0.01
0.02,0.012040794,0.007959206
0.01,0.014596969,-0.004596969
0.03,0.0073092617,0.022690738
0.04,0.027484097,0.0125159025
0.02,0.03473035,-0.014730349
0.04,0.016167795,0.023832204
0.1,0.039516784,0.060483217
0.08,0.10440834,-0.02440834
0.07,0.07778849,-0.007788487
0.12,0.07369665,0.046303347
0.18,0.13122705,0.04877296
0.19,0.18931702,0.0006829798
0.17,0.19219883,-0.022198826
0.24,0.17858955,0.061410442
0.32,0.24662255,0.073377445
0.26,0.31907505,-0.059075058
0.29,0.25346828,0.036531717
0.33,0.29644707,0.033552945
0.32,0.32411325,-0.004113257
0.32,0.30634552,0.01365447
0.31,0.3154666,-0.00546661
0.32,0.30488458,0.01511541
0.33,0.30771178,0.022288233
0.26,0.31625545,-0.05625546
0.33,0.24933122,0.08066879
0.51,0.32763755,0.18236244
0.51,0.49613833,0.013861656
0.73,0.4928248,0.23717523
0.76,0.7285502,0.031449795
0.81,0.7189492,0.0910508
0.83,0.7786587,0.051341295
0.87,0.78491104,0.08508897
0.74,0.8260557,-0.086055696
0.62,0.69213796,-0.07213795
0.69,0.58747196,0.102528036
0.84,0.6616454,0.17835456
0.88,0.79706097,0.08293903
0.89,0.83071965,0.059280336
0.92,0.8441849,0.07581514
0.91,0.8699308,0.040069222
0.9,0.8490001,0.05099988
0.91,0.8496256,0.06037444
0.89,0.8516243,0.038375676
0.86,0.83582366,0.02417636
0.85,0.7976473,0.052352726
0.84,0.8036617,0.03633827
0.86,0.7918917,0.06810832
0.85,0.8177832,0.032216847
0.79,0.7970402,-0.0070402026
0.72,0.7470699,-0.027069867
0.72,0.67559016,0.04440987
0.67,0.68581516,-0.015815139
0.64,0.62268466,0.017315328
0.44,0.60175,-0.16175002
0.32,0.40003818,-0.08003819
0.36,0.2990533,0.060946703
0.32,0.34127918,-0.021279186
0.32,0.29081938,0.029180616
0.22,0.30262107,-0.08262107
0.21,0.20883746,0.001162529
0.31,0.20806624,0.10193376
0.41,0.29543948,0.114560515
0.42,0.39548877,0.024511218
0.35,0.39859188,-0.048591882
0.4,0.32983696,0.07016304
0.46,0.37904906,0.080950946
0.37,0.43039957,-0.060399562
0.49,0.3444001,0.1455999
0.53,0.4874713,0.04252866
0.47,0.49846697,-0.02846697
0.41,0.43699905,-0.026999056
0.41,0.39651,0.013489991
0.44,0.39401126,0.04598874
0.42,0.41249648,0.0075035095
0.42,0.3904763,0.0295237
0.41,0.39824164,0.011758357
0.13,0.38456023,-0.25456023
0.01,0.09946198,-0.08946198
0.01,0.026488023,-0.016488023
0.01,0.021908926,-0.011908926
0.01,0.0023153033,0.0076846965
0.01,0.0,0.01
0.01,0.013351375,-0.0033513755
0.02,0.017277855,0.0027221441
0.02,0.029363355,-0.009363355
0.01,0.038676053,-0.028676054
0.03,0.00419911,0.02580089
0.02,0.006318435,0.0136815645
0.03,0.011006368,0.018993631
0.04,0.042273328,-0.0022733286
0.04,0.03290069,0.007099308
0.04,0.035763606,0.0042363927
0.03,0.039571114,-0.009571115
0.03,0.029599266,0.0004007332
0.02,0.024871837,-0.004871838
0.03,0.013897557,0.016102443
0.02,0.032311678,-0.012311678
0.03,0.007906145,0.022093855
0.04,0.03461153,0.0053884685
0.03,0.029779455,0.00022054464
0.11,0.015165981,0.094834015
0.16,0.112106994,0.047893003
0.21,0.1718855,0.038114488
0.19,0.22672994,-0.036729947
0.1,0.19542433,-0.09542433
0.11,0.109221965,0.00077803433
0.09,0.11558321,-0.025583208
0.05,0.089947134,-0.039947134
0.02,0.04737942,-0.02737942
0.01,0.018877525,-0.008877525
0.01,0.004750248,0.0052497517
0.01,0.01949151,-0.009491511
0.0,0.017628068,-0.017628068
0.01,0.0024673603,0.0075326394
0.01,0.0076318365,0.0023681633
0.01,0.005640298,0.0043597016
0.01,0.00888242,0.0011175796
0.01,0.0054086056,0.004591394
0.01,0.008221332,0.0017786678
0.01,0.0066228453,0.0033771545
0.01,0.012819265,-0.0028192652
0.03,0.017801946,0.012198053
0.05,0.023689723,0.026310278
0.05,0.048156526,0.0018434748
0.08,0.05190421,0.02809579
0.08,0.08397719,-0.0039771944
0.07,0.08751777,-0.017517768
0.06,0.06859949,-0.008599494
0.05,0.05816099,-0.00816099
0.04,0.05299811,-0.012998112
0.04,0.03496332,0.005036678
0.04,0.039455242,0.00054475665
0.04,0.04104415,-0.0010441504
0.01,0.038850285,-0.028850285
0.01,0.011964405,-0.0019644052
0.02,0.007270823,0.012729176
0.01,0.009588821,0.00041117892
0.04,0.005383538,0.034616463
0.04,0.03297195,0.0070280507
0.05,0.043845214,0.006154787
0.03,0.051082447,-0.021082448
0.02,0.024717087,-0.0047170874
0.04,0.023990275,0.016009724
0.03,0.037529133,-0.007529134
0.01,0.025021935,-0.015021935
0.03,0.0033416338,0.026658366
0.05,0.02532982,0.02467018
0.01,0.055984244,-0.045984246
0.05,0.006322738,0.043677263
0.13,0.056619465,0.07338053
0.07,0.13128679,-0.061286785
0.13,0.06337047,0.06662952
0.15,0.13763542,0.012364581
0.15,0.16083123,-0.010831222
0.11,0.16421728,-0.05421728
0.04,0.11222748,-0.07222748
0.01,0.04505302,-0.035053022
0.01,0.008499553,0.0015004463
0.01,0.007476434,0.0025235657
0.16,0.01609026,0.14390974
0.2,0.17890532,0.02109468
0.2,0.20879222,-0.008792222
0.18,0.21185522,-0.03185521
0.19,0.1850986,0.0049013942
0.15,0.19653255,-0.04653254
0.15,0.1463899,0.0036101043
0.14,0.15443936,-0.014439359
0.13,0.13603367,-0.006033674
0.1,0.1355695,-0.035569496
0.08,0.0970413,-0.017041303
0.11,0.09603129,0.013968706
0.11,0.11828399,-0.008283988
0.13,0.10941777,0.020582229
0.09,0.13670352,-0.046703517
0.13,0.08646625,0.043533742
0.14,0.14198339,-0.0019833893
0.1,0.13681386,-0.036813863
0.09,0.09959436,-0.0095943585
0.08,0.08983767,-0.009837672
0.15,0.07540825,0.074591756
0.32,0.15234251,0.16765748
0.44,0.3352758,0.1047242
0.49,0.4517918,0.038208216
0.57,0.5054875,0.06451249
0.64,0.5577022,0.0822978
0.66,0.6159013,0.044098735
0.57,0.6317361,-0.061736107
0.51,0.5357921,-0.025792122
0.44,0.4858663,-0.04586631
0.42,0.4138795,0.006120473
0.45,0.4017548,0.04824519
0.43,0.43111324,-0.001113236
0.4,0.4159852,-0.01598519
0.39,0.38000798,0.009992003
0.37,0.36771768,0.0022823215
0.24,0.34160504,-0.10160504
0.1,0.21551202,-0.11551202
0.12,0.0854401,0.034559898
0.15,0.116840325,0.03315968
0.16,0.14412992,0.01587008
0.14,0.15200658,-0.012006581
0.13,0.13885024,-0.008850247
0.13,0.13981718,-0.009817183
0.12,0.13301603,-0.013016038
0.15,0.12106636,0.028933644
0.17,0.1581101,0.011889905
0.18,0.17094378,0.009056225
0.16,0.17721945,-0.017219454
0.12,0.16037449,-0.040374495
0.07,0.123180844,-0.053180844
0.03,0.060817093,-0.030817093
0.01,0.02469014,-0.01469014
0.01,0.003791498,0.0062085018
0.0,0.0037018694,-0.0037018694
0.01,0.0,0.01
0.01,0.011225954,-0.0012259539
0.01,0.0,0.01
0.01,0.003105266,0.0068947338
0.01,0.0037243664,0.0062756334
0.01,0.0,0.01
0.01,0.0,0.01
0.01,0.0060233045,0.0039766952
0.01,0.013696027,-0.0036960272
0.01,0.009182479,0.00081752054
0.01,0.008606033,0.0013939664
0.01,0.00081503764,0.009184962
0.01,0.0047462974,0.0052537024
0.01,0.011167716,-0.0011677165
0.01,0.0054286513,0.0045713484
0.01,0.0027838834,0.0072161164
0.01,0.0019375887,0.008062411
0.01,0.010003232,-3.2326207e-06
0.01,0.005636342,0.004363658
0.01,0.005734614,0.0042653857
0.01,0.0067988224,0.0032011773
0.01,0.009798223,0.00020177662
0.01,0.008262645,0.0017373543
0.01,0.007080488,0.0029195119
0.01,0.008614434,0.0013855658
0.01,0.011809293,-0.0018092934
0.01,0.008428174,0.0015718257
0.01,0.013305805,-0.003305805
0.01,0.0031669457,0.006833054
0.01,0.0072727893,0.0027272105
0.01,0.005654406,0.004345594
0.01,0.008573569,0.0014264304
0.01,0.0075556953,0.0024443045
0.01,0.004982289,0.005017711
0.01,0.008818202,0.001181798
0.01,0.0074706282,0.0025293715
0.01,0.008644702,0.0013552979
0.01,0.00571308,0.0042869197
0.01,0.009178564,0.0008214358
0.01,0.008506728,0.0014932714
0.03,0.009064429,0.020935569
0.07,0.024706872,0.04529313
0.09,0.071821585,0.018178418
0.06,0.09118467,-0.03118467
0.07,0.062024295,0.007975705
0.16,0.07610454,0.08389546
0.27,0.17136723,0.09863278
0.3,0.28002295,0.019977063
0.26,0.30404252,-0.044042528
0.23,0.2617362,-0.03173621
0.15,0.23258282,-0.08258282
0.13,0.14743392,-0.017433926
0.13,0.13370539,-0.0037053972
0.1,0.13066301,-0.030663006
0.08,0.09214576,-0.012145765
0.1,0.07556048,0.024439521
0.08,0.11051081,-0.030510813
0.07,0.083181344,-0.013181344
0.02,0.07558389,-0.05558389
0.01,0.017196633,-0.007196633
0.01,0.0035938807,0.006406119
0.0,0.0,0.0
0.01,0.0,0.01
0.01,0.012858335,-0.0028583352
0.01,0.009319631,0.0006803684
0.01,0.012971228,-0.0029712282
0.01,0.011708045,-0.0017080456
0.01,0.01217729,-0.0021772906
0.01,0.0053328965,0.0046671033
0.01,0.0076812888,0.002318711
0.0,0.008552656,-0.008552656
0.01,0.0,0.01
0.01,0.006240801,0.0037591988
0.02,0.0034537744,0.016546225
0.01,0.017308492,-0.0073084924
0.18,0.0059049493,0.17409506
0.22,0.19646747,0.023532525
0.28,0.23155661,0.048443392
0.41,0.29420137,0.11579862
0.36,0.4090106,-0.049010575
0.48,0.34908232,0.13091767
0.48,0.47290862,0.007091373
0.28,0.46623072,-0.18623072
0.3,0.26094455,0.039055467
0.19,0.30441466,-0.11441466
0.14,0.17792052,-0.03792052
0.09,0.14323503,-0.053235024
0.08,0.10171127,-0.021711275
0.12,0.0903935,0.029606499
0.03,0.12513588,-0.09513588
0.01,0.032601796,-0.022601796
0.01,0.006795954,0.0032040458
0.07,0.0008859616,0.06911404
0.03,0.079304904,-0.049304903
0.01,0.02286681,-0.01286681
0.01,0.022456802,-0.012456803
0.0,0.0,0.0
0.01,0.0014432482,0.008556752
0.05,0.025568947,0.024431054
0.14,0.06537402,0.074625984
0.34,0.15553094,0.18446906
0.71,0.3518278,0.35817218
0.93,0.70247614,0.22752386
0.88,0.91533,-0.035329998
0.82,0.8575859,-0.037585914
0.79,0.7858516,0.0041484237
0.8,0.7474257,0.052574337
0.76,0.76392496,-0.003924966
0.66,0.7238726,-0.063872576
0.57,0.62382174,-0.053821743
0.65,0.5452913,0.10470867
0.81,0.62354445,0.18645555
0.93,0.7887062,0.14129382
0.97,0.88819087,0.08180916
0.97,0.9159261,0.05407393
0.91,0.897499,0.012501001
0.87,0.84566057,0.024339437
0.87,0.8160676,0.05393243
0.89,0.8205596,0.069440365
0.82,0.834996,-0.014995992
0.84,0.76264495,0.07735503
0.76,0.8043548,-0.044354796
0.77,0.71537393,0.054626048
0.86,0.7338962,0.12610382
0.9,0.82373244,0.07626754
0.94,0.8441681,0.09583187
0.95,0.8827782,0.06722176
0.93,0.8903951,0.039604902
0.86,0.8695198,-0.009519815
0.87,0.80701053,0.06298947
0.85,0.8206049,0.029395103
0.91,0.79411054,0.11588949
0.93,0.8595135,0.070486486
0.97,0.8710716,0.09892845
0.97,0.9184619,0.05153811
0.97,0.9113867,0.0586133
0.97,0.91335,0.056650043
0.97,0.9116156,0.05838442
0.97,0.90989417,0.06010586
0.97,0.91250706,0.05749297
0.97,0.90830195,0.06169808
0.96,0.908288,0.051711977
0.92,0.9044107,0.015589297
0.93,0.86418796,0.06581205
0.95,0.8801418,0.06985819
0.96,0.8960439,0.06395608
0.97,0.8970915,0.07290852
0.97,0.91326094,0.056739092
0.97,0.9097482,0.060251832
0.97,0.91417885,0.05582118
0.97,0.9111614,0.058838606
0.97,0.9137858,0.056214213
0.97,0.9082539,0.06174612
0.97,0.9114611,0.058538914
0.97,0.9118789,0.058121145
0.97,0.9130463,0.05695373
0.97,0.9127312,0.057268858
0.97,0.9129766,0.057023406
0.95,0.9127127,0.037287295
0.94,0.89210427,0.04789573
0.96,0.8857559,0.07424408
0.96,0.9034776,0.05652237
0.88,0.90026426,-0.020264268
0.74,0.8238425,-0.083842516
0.74,0.69335824,0.046641767
0.69,0.702325,-0.012324989
0.81,0.64449626,0.16550374
0.97,0.76987183,0.2001282
0.97,0.9129191,0.057080925
0.97,0.9098739,0.060126126
0.95,0.91324246,0.03675753
0.87,0.8914392,-0.021439195
0.83,0.81341326,0.016586721
0.89,0.78180784,0.108192146
0.85,0.83904684,0.010953188
0.88,0.78871405,0.091285944
0.9,0.8293187,0.070681274
0.97,0.84715426,0.12284577
0.97,0.91793185,0.052068174
0.97,0.9087342,0.061265826
0.97,0.91306436,0.056935668
0.97,0.9097112,0.060288846
0.97,0.90873885,0.061261177
0.97,0.90934455,0.060655475
0.97,0.9113569,0.058643103
0.97,0.9097657,0.06023431
0.97,0.9107927,0.05920732
0.97,0.91204715,0.05795288
0.97,0.91269875,0.057301283
0.97,0.91326255,0.056737483
0.97,0.9116323,0.05836773
0.97,0.9162495,0.053750515
0.97,0.9109262,0.059073806
0.97,0.91462433,0.055375695
0.97,0.9098587,0.060141325
0.97,0.91129935,0.05870068
0.97,0.9089086,0.061091423
0.97,0.9130362,0.0569638
0.97,0.91181076,0.058189273
0.97,0.9143582,0.05564183
0.97,0.9125358,0.057464242
0.97,0.91265154,0.05734849
0.97,0.91208357,0.057916462
0.97,0.9109086,0.05909145
0.97,0.91249007,0.05750996
0.97,0.9114659,0.058534145
0.97,0.911909,0.058091044
0.96,0.91259515,0.047404826
0.96,0.90262437,0.05737561
0.97,0.90277886,0.067221165
0.97,0.91385525,0.056144774
0.97,0.9106958,0.059304237
0.95,0.91111726,0.038882732
0.97,0.8925723,0.077427745
0.97,0.9147492,0.055250823
0.97,0.91067886,0.059321165
0.97,0.91181886,0.058181167
0.96,0.9118024,0.048197567
0.97,0.9015517,0.068448305
0.96,0.91337764,0.046622336
0.97,0.9018566,0.06814343
0.96,0.9130541,0.04694587
0.96,0.90141135,0.058588624
0.95,0.9028165,0.047183514
0.97,0.8929324,0.07706761
0.96,0.9138842,0.046115756
0.96,0.9007981,0.059201896
0.97,0.9031806,0.06681943
0.96,0.9124242,0.04757577
0.97,0.9014425,0.0685575
0.96,0.91269726,0.047302723
0.97,0.9017317,0.0682683
0.96,0.9125635,0.047436476
0.97,0.9012742,0.068725824
0.94,0.9131764,0.02682358
0.97,0.8820799,0.08792013
0.77,0.915246,-0.14524603
0.92,0.7115786,0.20842141
0.79,0.8860776,-0.09607756
0.72,0.72692823,-0.0069282055
0.88,0.6796997,0.20030028
0.85,0.8438444,0.00615561
0.74,0.7834631,-0.04346311
0.67,0.6914525,-0.021452487
0.62,0.6340736,-0.01407361
0.71,0.5766034,0.13339657
0.51,0.6727996,-0.1627996
0.5,0.46320173,0.03679827
0.35,0.4816838,-0.1316838
0.29,0.3210278,-0.031027794
0.39,0.2715316,0.118468374
0.42,0.37739623,0.04260376
0.39,0.39699614,-0.006996155
0.43,0.36387968,0.06612033
0.49,0.40923,0.080770016
0.49,0.47237915,0.017620862
0.54,0.45368677,0.08631325
0.48,0.51481014,-0.034810156
0.39,0.43636745,-0.046367466
0.38,0.37198287,0.008017123
0.32,0.3450798,-0.025079817
0.27,0.30096185,-0.030961841
0.25,0.25457758,-0.004577577
0.21,0.2431363,-0.03313631
0.12,0.20099925,-0.08099925
0.06,0.1136005,-0.0536005
0.03,0.054920442,-0.024920443
0.05,0.028472297,0.021527704
0.02,0.038282707,-0.018282708
0.02,0.011024188,0.008975811
0.02,0.008630894,0.011369105
0.02,0.007878316,0.012121684
0.02,0.014307942,0.0056920573
0.01,0.012226946,-0.002226946
0.01,0.02640387,-0.01640387
0.01,0.0,0.01
0.0,0.0,0.0
0.01,0.010733459,-0.00073345937
0.01,0.0075325705,0.0024674293
0.01,0.005208941,0.0047910586
0.01,0.0073470315,0.0026529683
0.01,0.0,0.01
0.01,0.0,0.01
0.01,0.008640914,0.0013590856
0.01,0.003333209,0.0066667907
0.01,0.0028288737,0.007171126
0.07,0.0014318284,0.06856817
0.15,0.067414224,0.08258578
0.21,0.15877044,0.05122955
0.25,0.21832378,0.031676218
0.25,0.24877432,0.0012256801
0.22,0.2560465,-0.036046505
0.24,0.21589877,0.024101228
0.26,0.24896814,0.011031851
0.24,0.26556873,-0.025568739
0.22,0.22957754,-0.009577543
0.23,0.22545879,0.0045412183
0.24,0.22960633,0.010393664
0.2,0.23565578,-0.03565578
0.19,0.20428775,-0.014287755
0.17,0.19114497,-0.021144971
0.17,0.16653849,0.00346151
0.17,0.16766982,0.002330184
0.15,0.16420473,-0.014204726
0.1,0.15420921,-0.05420921
0.06,0.09735522,-0.037355218
0.01,0.05887357,-0.048873574
0.01,0.006696867,0.003303133
0.01,0.011895055,-0.0018950552
0.01,0.012935068,-0.0029350687
0.01,0.013560936,-0.003560936
0.01,0.009876225,0.00012377463
0.01,0.00422962,0.0057703797
0.0,0.015619695,-0.015619695
0.01,0.0,0.01
0.0,0.008109264,-0.008109264
0.01,0.0,0.01
0.03,0.0093590645,0.020640936
0.05,0.020767078,0.029232923
0.08,0.04625663,0.033743367
0.08,0.08028093,-0.0002809316
0.08,0.08644277,-0.0064427704
0.14,0.07588854,0.064111464
0.11,0.14748995,-0.03748995
0.08,0.107099414,-0.027099416
0.05,0.08710748,-0.03710748
0.02,0.05319406,-0.03319406
0.04,0.024155434,0.015844565
0.04,0.02637718,0.0136228185
0.05,0.04110574,0.008894261
0.05,0.05356472,-0.003564719
0.05,0.039345574,0.010654427
0.04,0.05348929,-0.013489291
0.04,0.03339263,0.0066073686
0.09,0.042889,0.047111005
0.08,0.08820413,-0.008204132
0.12,0.08324017,0.03675983
0.09,0.12470533,-0.034705326
0.1,0.09202197,0.00797803
0.13,0.10682634,0.023173653
0.14,0.13736477,0.0026352257
0.15,0.15018629,-0.00018627942
0.19,0.15656076,0.033439234
0.18,0.19794418,-0.017944172
0.16,0.18031363,-0.020313635
0.18,0.16397052,0.016029492
0.12,0.19035752,-0.070357524
0.13,0.115693145,0.014306851
0.1,0.13592526,-0.03592526
0.12,0.09736276,0.02263724
0.13,0.12281467,0.007185325
0.1,0.135543,-0.035543002
0.1,0.10185104,-0.0018510371
0.11,0.10027626,0.009723738
0.14,0.119521126,0.020478874
0.09,0.1396669,-0.049666896
0.06,0.093773454,-0.033773456
0.1,0.059232153,0.04076785
0.08,0.10307371,-0.02307371
0.09,0.0774506,0.0125494
0.01,0.09568637,-0.08568637
0.06,0.006236732,0.053763267
0.07,0.06608939,0.0039106086
0.01,0.066066496,-0.0560665
0.01,0.008064868,0.0019351318
0.0,0.010519643,-0.010519643
0.01,0.0,0.01
0.01,0.0055246223,0.0044753775
0.01,0.012974344,-0.0029743444
0.0,0.012299538,-0.012299538
0.01,0.0,0.01
0.01,0.0052223057,0.004777694
0.01,0.00037548319,0.009624517
0.01,0.0073026847,0.002697315
0.01,0.0071240943,0.0028759055
0.01,0.007177376,0.0028226236
0.01,0.008308414,0.0016915854
0.01,0.005802799,0.0041972008
0.01,0.008742658,0.0012573414
0.01,0.008179449,0.0018205512
0.01,0.0014722999,0.0085277
0.01,0.0024643186,0.007535681
0.02,0.015270159,0.004729841
0.1,0.012773039,0.087226965
0.06,0.10051024,-0.04051024
0.08,0.048685648,0.03131435
0.08,0.09082702,-0.01082702
0.1,0.076290324,0.023709677
0.08,0.10651785,-0.026517853
0.09,0.075176865,0.014823139
0.15,0.10495147,0.045048535
0.16,0.15426044,0.0057395548
0.12,0.1616242,-0.041624196
0.09,0.12015252,-0.030152515
0.08,0.10007335,-0.020073354
0.1,0.08352647,0.016473532
0.12,0.10089868,0.019101314
0.15,0.11732344,0.032676563
0.17,0.15821263,0.01178737
0.13,0.17001306,-0.04001306
0.1,0.1296864,-0.029686399
0.32,0.10893986,0.21106014
0.17,0.33000952,-0.16000952
0.14,0.16045576,-0.020455763
0.14,0.15070777,-0.010707766
0.37,0.14319178,0.22680822
0.54,0.3892312,0.15076882
0.52,0.5488806,-0.028880596
0.48,0.51061004,-0.030610055
0.49,0.47019315,0.019806862
0.47,0.47070232,-0.00070232153
0.46,0.44766924,0.0123307705
0.44,0.45216194,-0.01216194
0.4,0.42652613,-0.026526123
0.39,0.37518448,0.014815509
0.34,0.37559742,-0.035597414
0.3,0.32302955,-0.023029536
0.25,0.292691,-0.042690992
0.2,0.22932559,-0.02932559
0.16,0.19530267,-0.03530267
0.13,0.15265684,-0.022656843
0.11,0.12825519,-0.018255189
0.09,0.0942929,-0.004292898
0.08,0.097892836,-0.017892838
0.07,0.07598948,-0.005989477
0.05,0.07418674,-0.024186742
0.03,0.03472145,-0.0047214497
0.01,0.025273463,-0.015273463
0.01,0.004958447,0.0050415527
0.01,0.015659146,-0.0056591462
0.0,0.013413848,-0.013413848
0.01,0.0,0.01
0.0,0.0022546835,-0.0022546835
0.01,0.0,0.01
0.01,0.011006502,-0.0010065027
0.01,0.0,0.01
0.01,0.00030346215,0.009696538
0.01,0.0,0.01
0.01,0.012897411,-0.0028974116
0.01,0.007127356,0.002872644
0.01,0.0,0.01
0.01,0.0014957935,0.008504206
0.01,0.0044174697,0.00558253
0.01,0.010141522,-0.00014152192
0.01,0.0075672856,0.0024327142
0.01,0.005628016,0.004371984
0.01,0.0,0.01
0.01,0.012999619,-0.0029996196
0.0,0.0028074477,-0.0028074477
0.01,0.0072320662,0.0027679335
0.01,0.0,0.01
0.01,0.0055783624,0.0044216374
0.02,0.008221788,0.011778211
0.02,0.019640733,0.000359267
0.01,0.01692912,-0.00692912
0.02,0.005929159,0.014070841
0.04,0.016498111,0.023501888
0.02,0.039515845,-0.019515846
0.01,0.01480812,-0.0048081204
0.01,0.0073225936,0.0026774062
0.01,0.010501649,-0.00050164945
0.0,0.0075203953,-0.0075203953
0.01,0.0021831598,0.00781684
0.01,0.00920088,0.0007991195
0.01,0.0063047055,0.0036952943
0.01,0.015039699,-0.0050396994
0.01,0.009389183,0.0006108172
0.01,0.008629639,0.0013703611
0.01,0.0024770107,0.007522989
0.01,0.005050443,0.0049495567
0.01,0.012232913,-0.002232913
0.01,0.004033357,0.005966643
0.01,0.005290415,0.0047095846
0.01,0.012552436,-0.0025524367
0.01,0.011200493,-0.0012004934
0.01,0.006797174,0.0032028258
0.01,0.007859541,0.0021404587
0.01,0.010148542,-0.00014854223
0.01,0.0026654638,0.007334536
0.01,0.0088713635,0.0011286363
0.01,0.0068185236,0.0031814761
0.01,0.013648613,-0.0036486136
0.01,0.0048750527,0.005124947
0.01,0.007948259,0.002051741
0.01,0.0045183916,0.005481608
0.01,0.00997847,2.1529384e-05
0.01,0.0071346853,0.0028653145
0.01,0.008321683,0.0016783169
0.01,0.0076178694,0.0023821304
0.01,0.0081679,0.0018320996
0.01,0.008325897,0.0016741026
0.0,0.0035660323,-0.0035660323
0.01,0.0,0.01
0.08,0.011458313,0.06854168
0.08,0.081604965,-0.0016049668
0.14,0.07307707,0.06692293
0.21,0.15346245,0.05653754
0.14,0.21603869,-0.07603869
0.18,0.1404771,0.0395229
0.19,0.19198133,-0.001981333
0.2,0.19703506,0.0029649436
0.32,0.19983785,0.120162144
0.31,0.32666278,-0.016662776
0.48,0.30057472,0.17942527
0.45,0.49129957,-0.04129958
0.39,0.432804,-0.042804003
0.49,0.37770927,0.11229074
0.52,0.48641562,0.033584356
0.55,0.49478295,0.055217057
0.72,0.5268537,0.19314635
0.75,0.6985085,0.0514915
0.75,0.71432775,0.035672247
0.69,0.70924,-0.019240022
0.76,0.65812457,0.101875424
0.83,0.73082644,0.099173546
0.87,0.7891851,0.0808149
0.83,0.81498504,0.015014946
0.79,0.7865248,0.0034752488
0.84,0.7404502,0.09954977
0.8,0.7992091,0.00079089403
0.9,0.75381607,0.14618391
0.8,0.85898924,-0.058989227
0.79,0.74016714,0.04983288
0.9,0.7498363,0.15016365
0.74,0.8531705,-0.113170505
0.79,0.687166,0.102834046
0.74,0.75446385,-0.014463842
0.6,0.69625926,-0.09625924
0.73,0.55070245,0.17929757
0.84,0.70641434,0.13358563
0.84,0.7886176,0.051382363
0.86,0.79272896,0.067271054
0.89,0.8134437,0.076556265
0.88,0.8373064,0.042693615
0.87,0.82644117,0.043558836
0.8,0.814836,-0.014836013
0.81,0.75215733,0.057842672
0.95,0.7610407,0.1889593
0.93,0.8956995,0.034300506
0.83,0.86494976,-0.03494978
0.78,0.78029335,-0.00029337406
0.82,0.73696715,0.08303285
0.85,0.77751374,0.07248628
0.78,0.7959327,-0.015932739
0.85,0.73066056,0.119339466
0.89,0.8020022,0.087997794
0.85,0.8290055,0.020994544
0.79,0.79777706,-0.0077770352
0.78,0.74113894,0.038861036
0.82,0.734678,0.08532202
0.85,0.770295,0.079705
0.88,0.79436266,0.08563733
0.9,0.8292927,0.07070726
0.94,0.84452546,0.09547454
0.84,0.88119996,-0.041199982
0.72,0.78429055,-0.06429052
0.67,0.67637897,-0.0063789487
0.76,0.6299347,0.13006526
0.79,0.7177831,0.07221693
0.79,0.7330141,0.056985915
0.87,0.74101055,0.12898946
0.95,0.8237317,0.12626827
0.9,0.89276075,0.0072392225
0.83,0.8394786,-0.009478629
0.84,0.7778035,0.062196493
0.88,0.79012364,0.089876354
0.91,0.8253829,0.08461714
0.94,0.85086584,0.08913416
0.96,0.8820724,0.07792759
0.97,0.90293133,0.067068696
0.97,0.90996003,0.060039997
0.96,0.9147484,0.045251608
0.97,0.90217793,0.0678221
0.97,0.91101015,0.058989882
0.97,0.91012496,0.05987507
0.97,0.9135582,0.056441844
0.97,0.90931666,0.06068337
0.97,0.91359663,0.0564034
0.97,0.91179395,0.05820608
0.97,0.9116827,0.058317304
0.97,0.9093329,0.060667157
0.97,0.9125042,0.057495832
0.97,0.9148843,0.0551157
0.97,0.912248,0.057752013
0.97,0.9132199,0.0567801
0.97,0.91286284,0.05713719
0.97,0.9122941,0.05770594
0.97,0.9103332,0.059666812
0.97,0.9105091,0.05949092
0.97,0.9117241,0.058275938
0.97,0.9148423,0.05515772
0.97,0.9134402,0.0565598
0.97,0.91131,0.05869001
0.97,0.9125584,0.05744165
0.97,0.91292,0.05708003
0.97,0.91058606,0.05941397
0.97,0.9113556,0.058644414
0.97,0.9114086,0.058591425
0.97,0.91364324,0.056356788
0.97,0.9124352,0.057564855
0.97,0.9111012,0.058898807
0.97,0.9124178,0.0575822
0.97,0.91217893,0.057821095
0.97,0.911785,0.058215022
0.97,0.9116711,0.058328927
0.97,0.9124315,0.05756855
0.97,0.9120562,0.05794382
0.97,0.9120756,0.05792445
0.97,0.91182625,0.058173776
0.97,0.9116542,0.058345854
0.95,0.91231066,0.03768933
0.97,0.89221984,0.07778019
0.97,0.9144196,0.055580437
0.96,0.9108987,0.049101293
0.96,0.9016904,0.058309555
0.97,0.90377784,0.06622219
0.97,0.9119406,0.058059454
0.95,0.9112551,0.038744867
0.95,0.8924053,0.057594717
0.96,0.8948475,0.06515247
0.97,0.9029546,0.06704545
0.95,0.9114646,0.038535416
0.97,0.8918567,0.07814336
0.97,0.91420466,0.05579537
0.97,0.91017485,0.059825182
0.97,0.91189396,0.058106065
0.97,0.9123771,0.05762291
0.97,0.91185004,0.058149993
0.97,0.9112943,0.058705747
0.97,0.91217875,0.057821274
0.97,0.91189826,0.058101773
0.97,0.9119977,0.058002353
0.97,0.91173303,0.058266997
0.97,0.91229504,0.057704985
0.97,0.9121218,0.057878256
0.97,0.911783,0.05821705
0.97,0.9124558,0.05754423
0.97,0.91146886,0.058531165
0.97,0.9124932,0.0575068
0.97,0.9114256,0.058574438
0.97,0.9125198,0.057480216
0.97,0.91157913,0.058420897
0.97,0.9121923,0.057807744
0.97,0.91166437,0.058335662
0.97,0.9124397,0.057560325
0.97,0.91182536,0.05817467
0.97,0.91218185,0.057818174
0.97,0.9118511,0.05814892
0.97,0.9121171,0.057882905
0.96,0.9122832,0.047716796
0.97,0.9017099,0.068290114
0.97,0.91322374,0.056776285
0.97,0.91151667,0.058483362
0.97,0.9119637,0.058036327
0.96,0.9119134,0.048086584
0.97,0.902034,0.067966044
0.97,0.91332483,0.056675196
0.96,0.9114717,0.048528254
0.97,0.9017414,0.06825864
0.96,0.9132701,0.046729863
0.96,0.9013654,0.05863458
0.97,0.903216,0.066784024
0.97,0.91282845,0.057171583
0.97,0.9110216,0.05897844
0.97,0.91207147,0.057928562
0.93,0.91175306,0.018246949
0.97,0.87259334,0.097406685
0.97,0.9166136,0.05338645
0.95,0.9094495,0.04055047
0.93,0.89164233,0.038357675
0.95,0.8753631,0.07463688
0.94,0.89499694,0.045003057
0.91,0.88250977,0.027490258
0.9,0.85467756,0.04532242
0.93,0.8483366,0.08166343
0.87,0.875811,-0.005810976
0.89,0.8126794,0.077320576
0.82,0.84243345,-0.02243346
0.79,0.76651776,0.023482263
0.85,0.743553,0.10644704
0.83,0.80616343,0.023836553
0.84,0.7734134,0.066586554
0.95,0.79189956,0.15810043
0.97,0.8968464,0.073153615
0.97,0.90441453,0.065585494
0.97,0.90946805,0.060531974
0.97,0.9118445,0.058155537
0.97,0.9083384,0.0616616
0.97,0.9111731,0.058826923
0.97,0.908937,0.06106305
0.97,0.91326284,0.056737185
0.97,0.9093745,0.060625553
0.97,0.9134212,0.056578815
0.93,0.91367555,0.01632446
0.86,0.87385213,-0.013852119
0.75,0.8078202,-0.0578202
0.66,0.70355344,-0.043553412
0.76,0.61729366,0.14270633
0.82,0.725829,0.09417099
0.78,0.765577,0.014422953
0.81,0.7265122,0.08348781
0.83,0.7662196,0.06378037
0.86,0.7777055,0.08229452
0.84,0.8083221,0.0316779
0.79,0.7876979,0.0023021102
0.76,0.7382922,0.021707773
0.8,0.71201146,0.087988555
0.79,0.753275,0.036725044
0.81,0.7396409,0.07035911
0.85,0.7631941,0.08680594
0.8,0.79840314,0.001596868
0.7,0.7474411,-0.047441125
0.65,0.6565641,-0.0065641403
0.64,0.6129235,0.027076483
0.52,0.5991737,-0.07917374
0.61,0.47617042,0.1338296
0.65,0.5852314,0.06476855
0.59,0.60376096,-0.013760984
0.49,0.5419164,-0.05191636
0.43,0.45688838,-0.02688837
0.38,0.4068802,-0.026880205
0.31,0.3471524,-0.03715241
0.27,0.2854545,-0.015454501
0.2,0.2505592,-0.050559208
0.17,0.19001944,-0.020019442
0.16,0.16016825,-0.00016824901
0.14,0.15214685,-0.012146845
0.16,0.137704,0.022295997
0.16,0.15238228,0.007617712
0.17,0.15020567,0.01979433
0.15,0.16636893,-0.016368926
0.15,0.15362066,-0.0036206543
0.08,0.14408152,-0.06408152
0.01,0.06539655,-0.05539655
0.01,0.0035948083,0.0064051915
0.01,0.0053583644,0.0046416353
0.01,0.0013625044,0.008637495
0.01,0.004123589,0.0058764108
0.02,0.0065954383,0.013404561
0.06,0.017424341,0.042575657
0.05,0.0561091,-0.0061091
0.05,0.04049298,0.009507019
0.04,0.042347774,-0.0023477748
0.06,0.031429842,0.028570157
0.09,0.053909846,0.036090158
0.13,0.08124964,0.048750356
0.17,0.1359371,0.034062907
0.22,0.17088352,0.049116477
0.3,0.2203785,0.07962151
0.4,0.31128913,0.088710874
0.37,0.40468284,-0.03468284
0.45,0.35773405,0.092265934
0.38,0.44078344,-0.060783446
0.23,0.36613443,-0.13613443
0.27,0.21688484,0.053115174
0.28,0.26776266,0.01223734
0.18,0.2710603,-0.09106028
0.15,0.16729039,-0.017290384
0.19,0.15961306,0.03038694
0.16,0.19927478,-0.039274782
0.24,0.15090574,0.08909425
0.6,0.24184404,0.35815597
0.67,0.60084015,0.069159865
0.79,0.67859715,0.11140287
0.8,0.78530544,0.0146945715
0.92,0.7581438,0.16185623
0.95,0.873783,0.076216996
0.95,0.8977012,0.052298784
0.94,0.9061036,0.033896387
0.92,0.89698315,0.02301687
0.9,0.86605644,0.033943534
0.96,0.85662854,0.10337144
0.96,0.92078567,0.039214313
0.88,0.9105321,-0.030532122
0.94,0.8256234,0.114376605
0.97,0.895107,0.07489306
0.97,0.90473026,0.06526977
0.97,0.90961194,0.06038809
0.97,0.9090148,0.060985208
0.97,0.9135255,0.056474507
0.97,0.91001296,0.05998707
0.96,0.9173292,0.042670786
0.97,0.90421176,0.06578827
0.97,0.9183319,0.051668108
0.97,0.9092872,0.060712814
0.97,0.91872084,0.051279187
0.97,0.91309047,0.05690956
0.97,0.9143977,0.055602312
0.97,0.9141664,0.055833638
0.95,0.9144333,0.035566688
0.96,0.8932271,0.06677288
0.97,0.9029522,0.067047834
0.97,0.9145247,0.055475354
0.94,0.90799,0.03201002
0.93,0.8830389,0.04696113
0.93,0.8770732,0.05292678
0.95,0.87496376,0.07503623
0.9,0.8908498,0.009150147
0.92,0.84708226,0.07291776
0.87,0.86804605,0.0019539595
0.86,0.8138064,0.0461936
0.8,0.8118292,-0.011829197
0.7,0.7513163,-0.05131632
0.61,0.6542563,-0.04425627
0.53,0.57143456,-0.041434586
0.46,0.4954449,-0.035444885
0.44,0.42699182,0.013008177
0.37,0.41545165,-0.04545164
0.36,0.34239513,0.017604887
0.34,0.3434673,-0.0034672916
0.32,0.31820023,0.0017997622
0.29,0.29826742,-0.008267432
0.23,0.2703097,-0.040309682
0.22,0.21163177,0.008368224
0.22,0.2063956,0.013604403
0.23,0.20488417,0.025115833
0.23,0.2176836,0.012316406
0.18,0.21841672,-0.038416713
0.14,0.17248222,-0.03248222
0.12,0.13363338,-0.013633378
0.15,0.119738296,0.03026171
0.19,0.14496672,0.045033276
0.23,0.19328277,0.036717236
0.3,0.22791801,0.072082
0.28,0.29814696,-0.018146962
0.37,0.26535487,0.10464513
0.42,0.35779452,0.062205464
0.38,0.4024428,-0.022442818
0.35,0.3579327,-0.007932693
0.26,0.33584857,-0.07584858
0.23,0.24817498,-0.018174976
0.32,0.22019753,0.099802464
0.2,0.31555218,-0.11555217
0.03,0.18396442,-0.15396442
0.02,0.02804668,-0.008046681
0.04,0.030039893,0.009960106
0.06,0.03589359,0.02410641
0.02,0.05585242,-0.03585242
0.07,0.01553645,0.05446355
0.12,0.085483484,0.034516513
0.13,0.11973955,0.010260448
0.12,0.13040695,-0.010406949
0.08,0.12766612,-0.047666118
0.11,0.08293082,0.027069181
0.12,0.104211286,0.015788712
0.08,0.12071823,-0.040718235
0.04,0.083345205,-0.043345205
0.01,0.042605057,-0.03260506
0.01,0.011614645,-0.0016146451
0.07,0.013059646,0.056940354
0.11,0.07863473,0.031365268
0.08,0.10706438,-0.027064383
0.08,0.07013204,0.009867959
0.1,0.08093651,0.019063495
0.06,0.109086365,-0.049086366
0.05,0.058550447,-0.0085504465
0.04,0.046622314,-0.0066223145
0.04,0.029165313,0.010834686
0.09,0.035165146,0.054834858
0.14,0.096067965,0.043932036
0.17,0.15511332,0.014886677
0.13,0.17447534,-0.044475347
0.06,0.13224517,-0.072245166
0.06,0.065152965,-0.005152967
0.06,0.066915646,-0.0069156475
0.12,0.061763197,0.0582368
0.18,0.1129643,0.067035705
0.21,0.1826015,0.027398497
0.19,0.2216313,-0.031631306
0.21,0.19727291,0.012727082
0.17,0.20829798,-0.03829798
0.15,0.16872822,-0.018728212
0.12,0.16059297,-0.040592976
0.09,0.11659686,-0.02659686
0.07,0.09206651,-0.022066511
0.07,0.06455293,0.0054470673
0.06,0.0743364,-0.014336403
0.06,0.06403627,-0.004036274
0.01,0.064829566,-0.054829568
0.06,0.00077400357,0.059225995
0.1,0.06863209,0.031367913
0.08,0.102734536,-0.022734538
0.06,0.087356985,-0.027356986
0.12,0.057817593,0.062182404
0.24,0.13088512,0.10911487
0.3,0.24827924,0.05172077
0.55,0.29931188,0.25068814
0.65,0.55392873,0.09607124
0.64,0.64974713,-0.009747148
0.48,0.6375271,-0.15752712
0.63,0.46731907,0.16268092
0.58,0.62577486,-0.045774877
0.31,0.54044807,-0.23044807
0.39,0.28895938,0.1010406
0.63,0.3840403,0.2459597
0.31,0.60832953,-0.29832953
0.14,0.27132562,-0.13132562
0.36,0.16005741,0.1999426
0.96,0.3763818,0.58361816
0.77,0.9665395,-0.19653952
0.32,0.74000484,-0.42000484
0.56,0.3017922,0.2582078
0.5,0.5575563,-0.05755627
0.6,0.42759487,0.17240515
0.68,0.5902493,0.08975071
0.73,0.68540263,0.044597387
0.64,0.6952654,-0.055265427
0.54,0.58370775,-0.04370773
0.55,0.5250529,0.024947107
0.69,0.5382373,0.15176272
0.67,0.668327,0.0016730428
0.61,0.6073662,0.00263381
0.52,0.5875124,-0.06751239
0.51,0.48695982,0.023040175
0.55,0.4772187,0.072781324
0.46,0.51461715,-0.054617137
0.61,0.43284887,0.17715114
0.55,0.5972091,-0.047209084
0.69,0.5042224,0.1857776
0.68,0.6659447,0.014055312
0.83,0.63597286,0.19402713
0.85,0.79562235,0.054377675
0.83,0.7921248,0.037875175
0.85,0.7860066,0.063993394
0.79,0.7866763,0.0033237338
0.75,0.7453455,0.0046545267
0.74,0.6977074,0.042292595
0.7,0.7135078,-0.013507783
0.64,0.6593597,-0.019359708
0.61,0.5899712,0.02002883
0.45,0.58113897,-0.13113898
0.34,0.4220816,-0.082081586
0.34,0.3196581,0.020341903
0.39,0.30262625,0.08737373
0.24,0.3723634,-0.1323634
0.2,0.22080506,-0.02080506
0.14,0.19862011,-0.05862011
0.14,0.12028762,0.019712381
0.1,0.14875828,-0.048758276
0.03,0.087176785,-0.057176784
0.03,0.026709717,0.0032902826
0.02,0.013341414,0.0066585857
0.03,0.020831663,0.009168336
0.01,0.025189923,-0.015189923
0.01,0.002577681,0.0074223187
0.01,0.006368449,0.0036315508
0.01,3.8338825e-05,0.009961661
0.0,0.015722044,-0.015722044
0.01,0.0,0.01
0.03,0.005319221,0.024680778
0.05,0.018971456,0.031028545
0.04,0.04872503,-0.008725032
0.05,0.029972501,0.0200275
0.07,0.051655427,0.018344574
0.08,0.055869043,0.024130955
0.06,0.07586591,-0.01586591
0.24,0.055005603,0.1849944
0.32,0.25352442,0.06647557
0.33,0.31848732,0.011512697
0.29,0.32529572,-0.035295725
0.3,0.29299754,0.007002473
0.34,0.29122937,0.048770636
0.41,0.33880642,0.071193576
0.36,0.39512327,-0.03512326
0.32,0.35051915,-0.030519158
0.28,0.31094307,-0.030943066
0.33,0.2775703,0.052429706
0.43,0.32119814,0.10880187
0.37,0.42256594,-0.052565932
0.39,0.34857136,0.041428626
0.47,0.3855997,0.084400296
0.62,0.4375584,0.18244159
0.67,0.60867894,0.06132108
0.73,0.6376891,0.092310905
0.76,0.70364237,0.056357622
0.84,0.7123169,0.1276831
0.85,0.79815716,0.05184287
0.78,0.8040122,-0.024012208
0.71,0.7414259,-0.031425893
0.79,0.67080474,0.11919528
0.79,0.76142865,0.028571367
0.64,0.748731,-0.10873103
0.54,0.5944693,-0.054469287
0.53,0.510576,0.019423962
0.57,0.4990067,0.070993304
0.53,0.5422519,-0.012251914
0.52,0.49431956,0.025680423
0.53,0.4901134,0.039886564
0.55,0.4932346,0.056765407
0.49,0.5199678,-0.029967785
0.46,0.45465088,0.0053491294
0.49,0.4416468,0.048353195
0.51,0.4497964,0.060203582
0.53,0.47671092,0.053289056
0.53,0.5016973,0.02830267
0.56,0.49959457,0.060405433
0.58,0.52853954,0.051460445
0.57,0.5455993,0.024400711
0.57,0.53686404,0.03313595
0.61,0.5412133,0.06878674
0.64,0.57903135,0.060968637
0.63,0.5928432,0.03715682
0.66,0.5907284,0.069271624
0.67,0.6230681,0.046931922
0.64,0.6316395,0.008360505
0.61,0.59508395,0.014916062
0.66,0.5725141,0.08748591
0.59,0.6223346,-0.032334626
0.59,0.5524372,0.037562788
0.61,0.5556408,0.054359198
0.56,0.5748539,-0.014853895
0.44,0.5187859,-0.0787859
0.45,0.40650803,0.04349196
0.56,0.43361476,0.12638524
0.68,0.524809,0.155191
0.61,0.6452696,-0.03526956
0.57,0.56628597,0.003714025
0.55,0.54739356,0.0026064515
0.48,0.5129811,-0.032981128
0.43,0.43844017,-0.008440167
0.23,0.4066946,-0.17669459
0.02,0.20965739,-0.18965739
0.0,0.008806223,-0.008806223
0.0,0.019702652,-0.019702652
0.01,0.023165325,-0.013165325
0.01,0.014632251,-0.0046322513
0.01,0.008470205,0.0015297951
0.01,0.02197589,-0.01197589
0.02,0.023050075,-0.0030500758
0.03,0.025839906,0.004160093
0.03,0.028589834,0.0014101658
0.05,0.018059513,0.03194049
0.04,0.042032354,-0.0020323545
0.08,0.02438263,0.05561737
0.09,0.081696235,0.008303769
0.07,0.07816661,-0.008166611
0.03,0.07039709,-0.040397085
0.01,0.029566275,-0.019566275
0.01,0.012090562,-0.0020905621
0.01,0.003043184,0.0069568157
0.01,0.010328377,-0.0003283769
0.01,0.0049268156,0.005073184
0.01,0.0010207817,0.008979218
0.01,0.005319014,0.0046809856
0.01,0.0,0.01
0.0,0.00058356486,-0.00058356486
0.01,0.0022232905,0.0077767093
0.01,0.012608197,-0.0026081968
0.01,0.0045911856,0.005408814
0.01,0.0068424465,0.0031575533
0.01,0.0029280689,0.007071931
0.01,0.010438806,-0.0004388066
0.01,0.009224631,0.0007753689
0.01,0.004235966,0.0057640336
0.01,0.0082966145,0.0017033853
0.03,0.008027168,0.021972831
0.01,0.03202396,-0.02202396
0.01,0.0049423985,0.0050576013
0.01,0.0027549732,0.0072450265
0.01,0.0030815694,0.0069184303
0.01,0.012927685,-0.0029276852
0.02,0.0075955614,0.012404438
0.03,0.020828752,0.0091712475
0.03,0.022166392,0.0078336075
0.03,0.022716366,0.0072836336
0.01,0.030307291,-0.020307291
0.03,0.01243426,0.017565738
0.01,0.028245969,-0.018245969
0.01,0.008175902,0.0018240977
0.0,0.0052743647,-0.0052743647
0.01,0.0,0.01
0.01,0.010146579,-0.000146579
0.01,0.008747455,0.001252545
0.01,0.009834307,0.00016569253
0.01,0.0028626714,0.0071373284
0.01,0.007182019,0.002817981
0.01,0.0064377785,0.0035622213
0.01,0.006829705,0.0031702947
0.01,0.008736504,0.0012634955
0.01,0.0054608565,0.0045391433
0.01,0.0032117888,0.006788211
0.01,0.0096255895,0.0003744103
0.01,0.010954683,-0.00095468294
0.01,0.013484603,-0.003484603
0.01,0.00974625,0.00025375
0.01,0.0058069583,0.0041930415
0.01,0.008613879,0.0013861209
0.01,0.0076385327,0.002361467
0.01,0.0063760066,0.0036239931
0.02,0.0065639326,0.013436067
0.02,0.016881552,0.003118448
0.03,0.0144695565,0.015530443
0.07,0.029026398,0.040973604
0.1,0.06909177,0.030908234
0.07,0.09928174,-0.029281743
0.09,0.0705144,0.0194856
0.08,0.09784815,-0.017848149
0.11,0.0804486,0.029551402
0.14,0.12062175,0.019378252
0.18,0.1498435,0.030156508
0.17,0.18437755,-0.014377549
0.16,0.17418702,-0.014187023
0.14,0.16576874,-0.025768742
0.17,0.14340489,0.026595116
0.14,0.17931296,-0.03931296
0.17,0.14091605,0.029083952
0.16,0.17950688,-0.019506887
0.23,0.16365202,0.06634799
0.3,0.23120911,0.0687909
0.28,0.3039055,-0.023905486
0.22,0.27000767,-0.05000767
0.24,0.22010918,0.019890815
0.25,0.23879255,0.011207446
0.26,0.24341936,0.016580626
0.3,0.25289214,0.047107875
0.27,0.29824674,-0.02824673
0.25,0.2576991,-0.007699102
0.21,0.24936496,-0.039364964
0.21,0.19961624,0.010383755
0.22,0.20978685,0.010213152
0.23,0.21321766,0.016782343
0.24,0.22783716,0.012162834
0.29,0.23310347,0.056896523
0.32,0.2865643,0.033435702
0.32,0.30108282,0.018917173
0.26,0.30897927,-0.048979282
0.18,0.2511734,-0.0711734
0.14,0.1740746,-0.034074605
0.12,0.13236704,-0.012367047
0.06,0.11727225,-0.05727225
0.01,0.05401904,-0.044019043
0.0,0.011191485,-0.011191485
0.01,0.007360544,0.0026394557
0.01,0.004999876,0.0050001238
0.01,0.0059135547,0.004086445
0.0,0.0038746428,-0.0038746428
0.01,0.0,0.01
0.0,0.001298394,-0.001298394
0.01,0.00042694993,0.00957305
0.01,0.0023442805,0.0076557193
0.01,0.00195916,0.00804084
0.01,0.005518155,0.0044818446
0.01,0.004697323,0.005302677
0.01,0.006061972,0.0039380277
0.01,0.0032697655,0.0067302343
0.0,0.01174417,-0.01174417
0.01,0.0,0.01
0.0,0.0041066054,-0.0041066054
0.01,0.0,0.01
0.01,0.008557856,0.0014421437
0.01,0.0,0.01
0.01,0.010361584,-0.00036158413
0.01,0.001960136,0.008039864
0.01,0.008998417,0.0010015825
0.01,0.0026353616,0.007364638
0.01,0.0076631485,0.0023368513
0.0,0.0072908336,-0.0072908336
0.01,0.0,0.01
0.08,0.004737815,0.07526218
0.13,0.07565614,0.054343857
0.09,0.13454913,-0.044549122
0.05,0.08450076,-0.03450076
0.04,0.05354642,-0.013546422
0.02,0.037374385,-0.017374385
0.01,0.013523096,-0.0035230964
0.01,0.011792043,-0.0017920434
0.01,0.011232741,-0.0012327414
0.02,0.0032797102,0.01672029
0.06,0.01724953,0.04275047
0.06,0.06125258,-0.0012525804
0.15,0.058789924,0.09121008
0.23,0.1612039,0.0687961
0.29,0.2450972,0.044902787
0.4,0.3081138,0.09188619
0.64,0.40231904,0.23768094
0.58,0.64050215,-0.06050217
0.52,0.5625116,-0.042511642
0.63,0.51004785,0.11995214
0.59,0.620544,-0.030544043
0.42,0.55593944,-0.13593945
0.38,0.39959216,-0.019592166
0.32,0.37875003,-0.058750033
0.29,0.3081983,-0.018198311
0.37,0.2777285,0.09227151
0.39,0.35967743,0.030322552
0.36,0.36876285,-0.008762836
0.45,0.3364592,0.1135408
0.32,0.42986834,-0.10986835
0.2,0.29019797,-0.090197966
0.27,0.18580884,0.08419117
0.25,0.26399422,-0.013994217
0.22,0.22371118,-0.003711179
0.42,0.22281404,0.19718595
0.32,0.41249257,-0.09249258
0.43,0.3066584,0.12334162
0.6,0.42797664,0.17202339
0.66,0.59832764,0.06167239
0.77,0.6512325,0.1187675
0.76,0.7460767,0.013923287
0.68,0.71169406,-0.031694055
0.85,0.63486254,0.21513748
0.79,0.81699365,-0.026993632
0.84,0.7348022,0.10519779
0.89,0.7994511,0.09054887
0.91,0.84374714,0.06625289
0.94,0.8517709,0.08822912
0.94,0.8965857,0.043414295
0.87,0.8876498,-0.01764977
0.88,0.8192906,0.060709417
0.83,0.8222735,0.0077264905
0.8,0.77865005,0.021349967
0.78,0.7548369,0.025163054
0.81,0.73172843,0.07827157
0.72,0.75789106,-0.03789103
0.66,0.6792776,-0.019277573
0.59,0.623845,-0.033845007
0.7,0.5583562,0.14164376
0.74,0.6650803,0.0749197
0.68,0.6955404,-0.015540421
0.62,0.6285101,-0.008510113
0.63,0.5827676,0.04723239
0.47,0.5954725,-0.12547252
0.54,0.42257395,0.11742607
0.51,0.5181246,-0.00812459
0.49,0.47828194,0.011718065
0.43,0.4533983,-0.02339828
0.41,0.40510732,0.004892677
0.34,0.39383918,-0.053839177
0.33,0.30908382,0.020916194
0.24,0.31709373,-0.077093735
0.25,0.21487314,0.035126865
0.26,0.23577128,0.024228707
0.18,0.2453161,-0.065316096
0.1,0.1627351,-0.0627351
0.16,0.09300198,0.06699802
0.09,0.16336836,-0.073368356
0.07,0.06837939,0.001620613
0.05,0.06331608,-0.013316076
0.01,0.045652233,-0.035652235
0.01,0.0001832731,0.009816727
0.01,0.0,0.01
0.0,0.015093172,-0.015093172
0.0,0.0,0.0
0.0,0.0,0.0
0.01,0.0,0.01
0.01,0.0009629857,0.009037014
0.01,0.005734695,0.0042653047
0.01,0.00023861043,0.009761389
0.01,0.003757799,0.0062422007
0.01,0.0047607366,0.005239263
0.0,0.002467258,-0.002467258
0.01,0.0028450657,0.007154934
0.01,0.004096886,0.0059031136
0.01,0.001111716,0.008888284
0.05,0.009787787,0.040212214
0.16,0.037673585,0.12232641
0.38,0.1697797,0.21022029
0.32,0.39406374,-0.07406375
0.36,0.3280546,0.031945407
0.41,0.36727118,0.04272881
0.35,0.4039876,-0.053987592
0.24,0.33204848,-0.09204848
0.23,0.23472154,-0.004721537
0.27,0.24162662,0.02837339
0.21,0.26438832,-0.05438833
0.23,0.20322302,0.026776984
0.24,0.236219,0.0037809908
0.22,0.23907387,-0.019073874
0.15,0.2190276,-0.06902759
0.14,0.13533314,0.004666865
0.17,0.1459053,0.0240947
0.21,0.16847591,0.041524082
0.23,0.20182802,0.028171986
0.45,0.21876802,0.23123197
0.53,0.46375722,0.066242754
0.49,0.52666616,-0.036666155
0.49,0.4804548,0.009545207
0.58,0.48335907,0.096640915
0.66,0.57082355,0.089176476
0.69,0.62377477,0.06622523
0.76,0.66506076,0.09493923
0.8,0.7251992,0.07480079
0.86,0.75370437,0.106295645
0.77,0.8169822,-0.04698223
0.77,0.72618353,0.043816447
0.77,0.74110866,0.028891325
0.79,0.71989644,0.070103586
0.85,0.751359,0.09864104
0.48,0.80077684,-0.32077685
0.22,0.4293787,-0.20937869
0.16,0.20313461,-0.043134615
0.18,0.17021064,0.009789363
0.14,0.17611392,-0.036113918
0.13,0.13896656,-0.008966565
0.09,0.13163614,-0.04163614
0.08,0.10642834,-0.026428342
0.06,0.0938981,-0.033898104
0.05,0.056142457,-0.006142456
0.02,0.058581308,-0.038581308
0.01,0.0016022921,0.008397708
0.0,0.00026933104,-0.00026933104
0.01,0.0,0.01
0.0,0.021732438,-0.021732438
0.01,0.011125222,-0.0011252221
0.01,0.024490254,-0.014490254
0.01,0.0,0.01
0.01,0.007826232,0.0021737674
0.01,0.012321818,-0.002321818
0.01,0.0018130261,0.008186974
0.07,0.0014356729,0.068564326
0.04,0.07222605,-0.03222605
0.01,0.03587085,-0.02587085
0.01,0.0,0.01
0.01,0.0,0.01
0.01,0.009996008,3.9916486e-06
0.01,0.012580687,-0.0025806874
0.01,0.016972125,-0.006972125
0.01,0.0051502977,0.004849702
0.01,0.0,0.01
0.01,0.012672534,-0.0026725344
0.01,0.012298113,-0.002298113
0.01,0.0,0.01
0.01,0.0,0.01
0.01,0.0061279014,0.0038720984
0.01,0.019783087,-0.009783087
0.0,0.007533662,-0.007533662
0.01,0.0006459337,0.009354066
0.02,0.009457078,0.010542922
0.04,0.015537199,0.0244628
0.04,0.035208337,0.004791662
0.06,0.032423172,0.027576827
0.07,0.06432378,0.0056762174
0.08,0.069841065,0.010158934
0.07,0.08862411,-0.018624112
0.09,0.07557749,0.014422514
0.05,0.097389616,-0.047389615
0.08,0.044311784,0.035688214
0.06,0.08579665,-0.025796648
0.03,0.06592684,-0.03592684
0.01,0.033137955,-0.023137955
0.02,0.007519977,0.012480022
0.01,0.02185628,-0.01185628
0.03,0.0012984201,0.02870158
0.05,0.029561814,0.020438187
0.06,0.04391507,0.016084928
0.07,0.06275122,0.0072487816
0.02,0.07705344,-0.057053443
0.01,0.011744689,-0.0017446894
0.01,0.0020005181,0.007999482
0.01,0.0,0.01
0.01,0.0039468296,0.00605317
0.08,0.016998164,0.063001834
0.21,0.08379025,0.12620974
0.14,0.23284751,-0.09284751
0.22,0.14108114,0.07891886
0.15,0.23395754,-0.08395754
0.1,0.1491555,-0.049155496
0.13,0.104967006,0.02503299
0.15,0.13521726,0.014782742
0.38,0.15563886,0.22436114
0.41,0.40181065,0.00818935
0.2,0.40830573,-0.20830573
0.23,0.18874262,0.04125738
0.15,0.24544345,-0.09544344
0.2,0.13156857,0.06843144
0.13,0.20018633,-0.07018633
0.13,0.134673,-0.004673004
0.05,0.14427316,-0.094273165
0.07,0.034038432,0.03596157
0.17,0.099537075,0.07046293
0.17,0.17845659,-0.008456588
0.18,0.17275196,0.007248044
0.36,0.1817156,0.17828442
0.66,0.36762175,0.29237828
0.78,0.68978035,0.09021962
0.66,0.75726575,-0.09726572
0.69,0.64262867,0.047371328
0.6,0.6642362,-0.064236164
0.71,0.5700034,0.13999659
0.62,0.68149734,-0.06149733
0.72,0.5961059,0.123894155
0.59,0.6963508,-0.10635084
0.38,0.550634,-0.17063403
0.55,0.3683454,0.1816546
0.48,0.5534492,-0.073449224
0.49,0.4364024,0.0535976
0.36,0.46238497,-0.102384955
0.43,0.32788974,0.10211027
0.39,0.42675763,-0.036757648
0.46,0.3497304,0.110269606
0.4,0.43964112,-0.039641112
0.28,0.37286687,-0.09286687
0.24,0.2744376,-0.03443761
0.27,0.21759817,0.05240184
0.41,0.2587304,0.15126958
0.38,0.40692362,-0.026923627
0.47,0.3587004,0.111299604
0.58,0.46758786,0.112412125
0.8,0.5626196,0.23738039
0.81,0.7826458,0.02735418
0.9,0.7713752,0.1286248
0.97,0.86024296,0.109757066
0.97,0.90768474,0.062315285
0.97,0.91167516,0.058324873
0.97,0.9033664,0.06663364
0.97,0.92294526,0.047054768
0.97,0.9083073,0.061692715
0.96,0.92370886,0.036291122
0.97,0.8977764,0.072223604
0.97,0.9184007,0.051599324
0.97,0.9134846,0.056515455
0.97,0.9154912,0.054508805
0.96,0.91574556,0.044254422
0.89,0.8996266,-0.009626627
0.97,0.8354417,0.13455832
0.96,0.9093764,0.050623596
0.85,0.9056818,-0.055681765
0.9,0.7897911,0.11020887
0.96,0.8677447,0.092255294
0.97,0.89456195,0.07543808
0.97,0.91228056,0.05771947
0.94,0.91618323,0.023816764
0.84,0.8827683,-0.0427683
0.44,0.7833456,-0.34334558
0.33,0.39409405,-0.06409404
0.26,0.31655824,-0.05655825
0.36,0.24954908,0.11045094
0.63,0.34558636,0.28441364
0.46,0.6199268,-0.1599268
0.25,0.43047667,-0.18047667
0.17,0.24228412,-0.07228412
0.14,0.16321321,-0.023213208
0.21,0.12262979,0.0873702
0.13,0.20197642,-0.07197642
0.04,0.115055665,-0.075055666
0.01,0.03673332,-0.026733322
0.03,0.0113425795,0.01865742
0.02,0.060439773,-0.040439773
0.01,0.032928646,-0.022928646
0.22,0.0098171905,0.21018282
0.22,0.25155047,-0.031550467
0.2,0.22687213,-0.026872128
0.29,0.20465638,0.085343614
0.02,0.27200222,-0.2520022
0.01,0.020298058,-0.010298058
0.02,0.018931119,0.0010688808
0.01,0.014010649,-0.0040106494
0.02,0.00727964,0.0127203595
0.01,0.015150087,-0.005150087
0.02,0.036608584,-0.016608585
0.05,0.03633982,0.013660181
0.01,0.05653029,-0.04653029
0.01,0.027871111,-0.017871112
0.01,0.010589658,-0.0005896585
0.01,0.0,0.01
0.01,0.0,0.01
0.01,0.017350385,-0.007350385
0.01,0.0054732263,0.0045267735
0.01,0.008679563,0.0013204366
0.01,0.024727633,-0.014727633
0.01,0.020614153,-0.010614153
0.01,0.01550572,-0.00550572
0.01,0.013064681,-0.0030646808
0.01,0.013229109,-0.0032291096
0.01,0.010436425,-0.0004364252
0.01,0.018224617,-0.008224618
0.01,0.008474782,0.0015252177
0.01,0.0069254506,0.0030745491
0.01,0.01476807,-0.00476807
0.01,0.014949372,-0.0049493723
0.01,0.00770084,0.0022991598
0.01,0.0030535422,0.0069464575
0.01,0.0,0.01
0.01,0.022335244,-0.012335245
0.01,0.011389712,-0.0013897121
0.01,0.010215846,-0.00021584611
0.01,0.0081344275,0.0018655723
0.01,0.0,0.01
0.01,0.013628367,-0.0036283676
0.01,0.021670846,-0.0116708465
0.01,0.0140318815,-0.0040318817
0.01,0.010720163,-0.0007201629
0.01,0.009150093,0.00084990636
0.01,0.0071190763,0.0028809234
0.01,0.0,0.01
0.01,0.011939317,-0.0019393172
0.01,0.015723698,-0.005723698
0.01,0.008534757,0.0014652424
0.01,0.022270184,-0.012270184
0.01,0.0,0.01
0.01,0.010759853,-0.00075985305
0.01,0.008405743,0.0015942566
0.01,0.007099353,0.002900647
0.0,0.006761199,-0.006761199
0.01,0.005292384,0.004707616
0.03,0.009409757,0.020590242
0.02,0.027861044,-0.007861044
0.01,0.013363238,-0.0033632386
0.01,0.011492422,-0.0014924221
0.01,0.00036790408,0.009632096
0.01,0.016937075,-0.0069370754
0.01,0.011118559,-0.0011185594
0.0,0.009783749,-0.009783749
0.01,0.0011494886,0.008850511
0.01,0.0,0.01
0.01,0.005744124,0.004255876
0.04,0.015816849,0.02418315
0.01,0.04230135,-0.03230135
0.01,0.0065904856,0.0034095142
0.12,0.014531214,0.10546878
0.07,0.12491692,-0.05491692
0.05,0.059783466,-0.009783465
0.19,0.0582735,0.1317265
0.08,0.1942909,-0.11429091
0.12,0.08115953,0.038840465
0.05,0.13963123,-0.08963123
0.12,0.049686037,0.07031396
0.12,0.14195131,-0.02195131
0.09,0.11776076,-0.027760759
0.18,0.10560239,0.074397616
0.07,0.18798228,-0.117982276
0.2,0.072054364,0.12794563
0.2,0.22931303,-0.029313028
0.28,0.2057,0.074300006
0.2,0.30053967,-0.10053967
0.28,0.18698539,0.09301461
0.39,0.296144,0.09385598
0.37,0.37961265,-0.00961265
0.27,0.36350453,-0.09350452
0.28,0.2621862,0.017813802
0.34,0.2952685,0.044731498
0.31,0.3270417,-0.017041683
0.22,0.29556096,-0.07556096
0.27,0.22104807,0.04895194
0.3,0.28236616,0.017633855
0.24,0.27910224,-0.03910224
0.21,0.22862603,-0.018626034
0.18,0.21389678,-0.033896774
0.11,0.17895399,-0.06895399
0.14,0.10000688,0.039993122
0.16,0.13613755,0.023862451
0.19,0.17111485,0.01888515
0.19,0.17044123,0.019558772
0.16,0.19888674,-0.03888674
0.15,0.14176232,0.00823769
0.18,0.16798238,0.012017623
0.18,0.17647512,0.0035248846
0.16,0.17664659,-0.016646594
0.2,0.15991677,0.04008323
0.21,0.20636386,0.0036361367
0.26,0.21027602,0.049723968
0.28,0.2543104,0.025689602
0.3,0.27996427,0.020035744
0.27,0.2946334,-0.024633378
0.32,0.25965312,0.06034687
0.35,0.3216692,0.028330803
0.38,0.33309007,0.04690993
0.26,0.3567366,-0.09673661
0.17,0.25104117,-0.08104117
0.1,0.1675661,-0.067566104
0.06,0.10293673,-0.04293673
0.07,0.053235993,0.016764008
0.04,0.054786578,-0.014786579
0.04,0.041629665,-0.0016296655
0.04,0.028987898,0.011012102
0.04,0.03496903,0.0050309673
0.01,0.033772968,-0.023772968
0.01,0.014879263,-0.004879263
0.01,0.0031541325,0.0068458673
0.01,0.0,0.01
0.01,0.008737061,0.0012629386
0.01,0.004334351,0.0056656487
0.01,0.013350192,-0.0033501927
0.01,0.016326308,-0.0063263085
0.01,0.009011803,0.0009881966
0.01,0.010895216,-0.00089521613
0.01,0.0025268458,0.007473154
0.01,0.006382066,0.003617934
0.01,0.005150702,0.004849298
0.12,0.008421684,0.111578315
0.11,0.12989886,-0.019898862
0.09,0.102123424,-0.012123421
0.13,0.089906,0.040093996
0.13,0.13765742,-0.0076574236
0.1,0.12995508,-0.029955082
0.16,0.10891935,0.051080644
0.21,0.16668917,0.04331082
0.26,0.21654996,0.043450028
0.26,0.2585353,0.0014646947
0.52,0.2606392,0.2593608
0.4,0.5194316,-0.119431585
0.46,0.38317293,0.07682708
0.75,0.46105188,0.28894812
0.64,0.7249265,-0.084926486
0.82,0.6030318,0.21696818
0.96,0.7992356,0.1607644
0.82,0.9115932,-0.091593206
0.36,0.7735909,-0.4135909
0.14,0.32812813,-0.18812813
0.04,0.16274081,-0.12274081
0.04,0.054861657,-0.014861658
0.18,0.06232144,0.11767857
0.37,0.16386126,0.20613874
0.38,0.41586995,-0.035869956
0.32,0.3749872,-0.054987222
0.35,0.310279,0.039720982
0.35,0.3393813,0.010618687
0.32,0.33630097,-0.016300976
0.29,0.306383,-0.016383022
0.35,0.27333277,0.07666722
0.63,0.34888196,0.28111804
0.27,0.61507815,-0.34507814
0.12,0.23528753,-0.115287535
0.02,0.1600243,-0.1400243
0.04,0.02861884,0.011381159
0.1,0.040164888,0.059835114
0.16,0.111216396,0.0487836
0.14,0.18567888,-0.045678884
0.21,0.16139871,0.048601285
0.15,0.20743985,-0.05743985
0.12,0.14328398,-0.02328398
0.13,0.11601349,0.013986506
0.06,0.1250782,-0.0650782
0.03,0.057966627,-0.027966628
0.01,0.019582279,-0.009582279
0.01,0.039309584,-0.029309584
0.01,0.022809848,-0.012809848
0.01,0.01680026,-0.0068002604
0.01,0.020787898,-0.010787899
0.01,0.008709527,0.0012904732
0.01,0.0110219885,-0.0010219887
0.01,0.0020575356,0.007942464
0.02,0.028226342,-0.0082263425
0.07,0.034421645,0.035578355
0.13,0.061842605,0.06815739
0.13,0.124672815,0.00532718
0.07,0.131171,-0.061171003
0.03,0.06354169,-0.033541687
0.03,0.038083747,-0.008083748
0.02,0.033726387,-0.013726387
0.06,0.0076087695,0.05239123
0.09,0.0648002,0.0251998
0.05,0.09226905,-0.042269047
0.05,0.06483214,-0.014832143
0.01,0.04905827,-0.039058268
0.01,0.0010264907,0.008973509
0.01,0.00078251027,0.0092174895
0.01,0.016256763,-0.006256763
0.01,0.020303471,-0.010303471
0.0,0.0084174825,-0.0084174825
0.01,0.0021927655,0.0078072343
0.01,0.017224997,-0.0072249975
0.05,0.012891519,0.03710848
0.02,0.06115824,-0.04115824
0.02,0.020278778,-0.00027877837
0.03,0.010842982,0.019157019
0.01,0.027484968,-0.017484969
0.01,0.0,0.01
0.01,0.021347793,-0.011347793
0.01,0.006844328,0.003155672
0.01,0.00961624,0.00038375985
0.01,0.013387086,-0.003387086
0.01,0.0260936,-0.0160936
0.01,0.0056636017,0.004336398
0.01,0.016412573,-0.006412573
0.02,0.0036292411,0.016370758
0.01,0.010609882,-0.0006098822
0.01,0.0022199173,0.0077800825
0.02,0.013982005,0.006017994
0.02,0.028985238,-0.008985238
0.02,0.020693457,-0.0006934572
0.03,0.016920373,0.0130796265
0.04,0.027747886,0.012252113
0.01,0.021747246,-0.011747247
0.01,0.025969494,-0.015969494
0.01,0.013963925,-0.003963925
0.01,0.011845611,-0.0018456113
0.03,0.009642385,0.020357614
0.1,0.024011927,0.07598808
0.18,0.08911179,0.09088822
0.15,0.1903077,-0.0403077
0.22,0.155733,0.064266995
0.2,0.22905064,-0.029050633
0.12,0.20506048,-0.085060485
0.02,0.12878609,-0.10878609
0.09,0.020140743,0.06985926
0.13,0.104857154,0.025142841
0.08,0.10836704,-0.028367043
0.12,0.08237734,0.03762266
0.17,0.1304611,0.039538905
0.13,0.1905442,-0.060544208
0.1,0.12561314,-0.025613137
0.02,0.11478524,-0.09478524
0.01,0.011189066,-0.0011890661
0.06,0.0,0.06
0.02,0.047076494,-0.027076494
0.01,0.01899389,-0.00899389
0.01,0.014877932,-0.0048779324
0.02,0.014865886,0.005134113
0.03,0.03612762,-0.00612762
0.01,0.023749705,-0.013749706
0.01,0.007015368,0.0029846318
0.08,0.005651421,0.07434858
0.14,0.084866345,0.055133656
0.1,0.14690277,-0.04690277
0.07,0.11567152,-0.045671523
0.02,0.06861823,-0.04861823
0.01,0.015826296,-0.0058262963
0.01,0.007316878,0.0026831217
0.01,0.009155143,0.0008448567
0.09,0.018242368,0.07175764
0.65,0.10155985,0.5484401
0.55,0.6284449,-0.0784449
0.55,0.56777763,-0.017777622
0.43,0.56461143,-0.13461143
0.08,0.41427422,-0.33427423
0.03,0.061839066,-0.031839065
0.01,0.035636507,-0.025636507
0.26,0.022254704,0.23774529
0.58,0.28498507,0.29501492
0.58,0.5571643,0.022835672
0.55,0.5941136,-0.044113576
0.6,0.54832923,0.05167079
0.97,0.5922736,0.37772644
0.97,0.96446776,0.0055322647
0.98,0.95099187,0.02900815
0.98,0.91357625,0.066423774
0.97,0.9178498,0.05215025
0.96,0.89454174,0.06545824
0.82,0.9162296,-0.09622961
0.57,0.78345263,-0.21345264
0.06,0.5411563,-0.4811563
0.01,0.061184123,-0.051184125
0.01,0.06651333,-0.05651333
0.01,0.047154866,-0.03715487
0.01,0.03037517,-0.02037517
0.02,0.011201916,0.008798083
0.01,0.046172574,-0.036172576
0.04,0.041469127,-0.0014691278
0.08,0.033743534,0.046256464
0.14,0.09144926,0.04855074
0.2,0.1925695,0.0074305087
0.22,0.2043422,0.015657797
0.26,0.21935828,0.04064171
0.27,0.26480192,0.0051980913
0.26,0.26389763,-0.0038976371
0.12,0.25632915,-0.13632914
0.08,0.127635,-0.047635004
0.14,0.09360607,0.04639393
0.27,0.13933715,0.13066286
0.19,0.27557033,-0.085570335
0.41,0.1879189,0.2220811
0.27,0.42895174,-0.15895173
0.15,0.2236089,-0.07360889
0.14,0.1385,0.0014999956
0.19,0.12659228,0.06340772
0.05,0.19432855,-0.14432855
0.01,0.030661808,-0.020661809
0.02,0.008216543,0.011783456
0.01,0.019477371,-0.009477371
0.05,0.035758134,0.014241867
0.01,0.054545864,-0.044545867
0.03,0.0,0.03
0.06,0.027537394,0.032462604
0.05,0.036816947,0.013183054
0.06,0.05262749,0.0073725097
0.05,0.068997845,-0.018997844
0.02,0.056835122,-0.036835123
0.01,0.0,0.01
0.01,0.021131793,-0.011131793
0.03,0.014572658,0.015427342
0.01,0.027445352,-0.017445352
0.01,0.026909849,-0.016909849
0.01,0.015448424,-0.0054484243
0.01,0.0,0.01
0.01,0.017824423,-0.007824423
0.01,0.01926576,-0.00926576
0.01,0.0122806,-0.0022806004
0.01,0.017867457,-0.007867457
0.01,0.0,0.01
0.01,0.023260996,-0.013260996
0.01,0.014877306,-0.0048773065
0.01,0.020149967,-0.010149967
0.01,0.0022167582,0.0077832416
0.01,0.016411148,-0.0064111482
0.01,0.0012113322,0.008788668
0.02,0.008050958,0.011949042
0.03,0.01734363,0.01265637
0.01,0.03725986,-0.027259862
0.01,0.0049237628,0.005076237
0.01,0.0,0.01
0.01,0.017641257,-0.0076412577
0.01,0.017820667,-0.007820668
0.04,0.018846354,0.021153646
0.03,0.040188096,-0.010188097
0.01,0.028703226,-0.018703226
0.01,0.0,0.01
0.0,0.0235098,-0.0235098
0.01,0.0,0.01
0.02,0.014601056,0.005398943
0.13,0.013902111,0.11609788
0.04,0.14882812,-0.10882812
0.02,0.030416792,-0.010416793
0.1,0.039461426,0.060538575
0.1,0.09092384,0.009076163
0.11,0.09656502,0.013434976
0.15,0.12113996,0.028860047
0.14,0.16016729,-0.020167291
0.18,0.16404484,0.015955165
0.2,0.18880971,0.011190295
0.33,0.2125146,0.11748542
0.31,0.32842988,-0.018429875
0.53,0.30500937,0.2249906
0.51,0.53847426,-0.028474271
0.57,0.5041332,0.06586677
0.47,0.5589582,-0.088958174
0.52,0.45271793,0.06728205
0.53,0.5086697,0.021330297
0.46,0.50555027,-0.045550257
0.54,0.4339665,0.106033534
0.48,0.5297303,-0.04973033
0.32,0.44913745,-0.12913746
0.19,0.30534592,-0.115345925
0.17,0.18160422,-0.01160422
0.21,0.17700411,0.03299588
0.21,0.1915826,0.018417388
0.24,0.19269718,0.047302812
0.18,0.23930492,-0.059304908
0.13,0.17935468,-0.049354687
0.15,0.119516425,0.030483581
0.16,0.15585254,0.004147455
0.15,0.16491391,-0.014913902
0.14,0.13797538,0.0020246208
0.13,0.14051655,-0.010516554
0.1,0.1322054,-0.032205395
0.13,0.09329538,0.036704615
0.16,0.14458576,0.015414238
0.16,0.16692872,-0.006928727
0.14,0.1702611,-0.0302611
0.12,0.13798198,-0.017981984
0.1,0.11730402,-0.017304018
0.08,0.1058727,-0.0258727
0.1,0.075410366,0.024589635
0.11,0.10272014,0.007279858
0.11,0.110214375,-0.00021437556
0.05,0.09818983,-0.04818983
0.03,0.04687398,-0.01687398
0.03,0.031607747,-0.0016077477
0.02,0.021889096,-0.0018890966
0.01,0.014076123,-0.0040761232
0.01,0.003994424,0.006005576
0.01,0.006854657,0.0031453427
0.05,0.009274808,0.040725194
0.13,0.051286094,0.0787139
0.11,0.14863731,-0.03863731
0.09,0.09696091,-0.006960906
0.1,0.09069641,0.009303592
0.08,0.10333769,-0.023337692
0.16,0.08612132,0.073878676
0.14,0.16650109,-0.02650109
0.15,0.14584988,0.0041501224
0.19,0.1595874,0.0304126
0.19,0.19176671,-0.0017667115
0.21,0.19048426,0.019515738
0.22,0.21641983,0.003580168
0.23,0.22065626,0.009343743
0.21,0.22998075,-0.019980758
0.15,0.214608,-0.06460799
0.14,0.14701937,-0.007019371
0.12,0.1430917,-0.023091696
0.11,0.11429252,-0.004292518
0.07,0.110076234,-0.040076233
0.09,0.06306193,0.026938073
0.07,0.098842934,-0.028842933
0.05,0.059640475,-0.009640474
0.03,0.049422257,-0.019422257
0.01,0.0329647,-0.0229647
0.04,0.0016262718,0.038373727
0.04,0.036235303,0.0037646964
0.05,0.03494154,0.015058462
0.06,0.053273402,0.0067265965
0.07,0.052144427,0.017855573
0.08,0.07571987,0.0042801276
0.06,0.08090969,-0.020909693
0.04,0.06876177,-0.028761774
0.04,0.040641017,-0.00064101815
0.05,0.038410097,0.011589903
0.02,0.04460992,-0.02460992
0.01,0.01860259,-0.008602589
0.0,0.00085700676,-0.00085700676
0.01,0.007579739,0.0024202606
0.01,0.0,0.01
0.01,0.011376001,-0.0013760012
0.01,0.005473596,0.0045264037
0.01,0.0039159935,0.0060840063
0.01,0.010966592,-0.00096659176
0.01,0.005875772,0.004124228
0.01,0.002228288,0.007771712
0.01,0.0018587634,0.008141236
0.05,0.012578236,0.037421763
0.06,0.043262027,0.016737971
0.05,0.0602466,-0.010246601
0.11,0.049904443,0.060095556
0.12,0.1153787,0.004621297
0.14,0.12021766,0.019782342
0.15,0.14865573,0.0013442785
0.13,0.15798774,-0.027987748
0.14,0.1388451,0.0011548996
0.16,0.13815977,0.02184023
0.11,0.1714801,-0.061480105
0.17,0.104220346,0.065779656
0.19,0.18888657,0.0011134297
0.09,0.19104566,-0.10104565
0.09,0.089454025,0.00054597855
0.12,0.09873524,0.021264754
0.07,0.12805319,-0.058053188
0.15,0.05811052,0.091889486
0.28,0.16377036,0.11622964
0.51,0.28825146,0.22174853
0.6,0.52933913,0.07066089
0.63,0.6086776,0.02132237
0.72,0.6257794,0.09422064
0.81,0.7021649,0.107835114
0.81,0.7723799,0.037620127
0.78,0.76927185,0.010728121
0.83,0.74039745,0.08960253
0.82,0.7961781,0.02382189
0.87,0.76903564,0.10096437
0.79,0.8356159,-0.045615852
0.71,0.74870026,-0.038700283
0.65,0.67599905,-0.02599907
0.78,0.61453295,0.16546702
0.75,0.74932396,0.0006760359
0.69,0.6931,-0.003099978
0.81,0.64719534,0.16280466
0.79,0.7699707,0.020029306
0.67,0.73260355,-0.06260353
0.66,0.6240711,0.035928905
0.76,0.6345264,0.12547362
0.75,0.72082686,0.029173136
0.61,0.6963159,-0.08631587
0.53,0.5690528,-0.039052844
0.5,0.5040455,-0.0040454865
0.47,0.47528666,-0.005286664
0.31,0.4294786,-0.11947858
0.35,0.28727198,0.06272802
0.39,0.34037912,0.049620867
0.25,0.36378744,-0.11378744
0.29,0.2214807,0.068519294
0.3,0.2895846,0.010415405
0.23,0.2825596,-0.0525596
0.24,0.20985599,0.030144006
0.21,0.22524694,-0.015246943
0.21,0.20117378,0.008826211
0.13,0.19525288,-0.065252885
0.13,0.118769385,0.01123061
0.13,0.13398647,-0.003986478
0.09,0.12406575,-0.034065746
0.08,0.08326891,-0.0032689124
0.08,0.07127835,0.00872165
0.06,0.085707314,-0.025707316
0.05,0.046419337,0.0035806634
0.03,0.04187067,-0.011870669
0.03,0.024045575,0.005954424
0.03,0.021125628,0.008874372
0.01,0.017891183,-0.007891184
0.0,0.005424034,-0.005424034
0.01,0.0,0.01
0.01,0.0015851092,0.008414891
0.01,0.009022109,0.0009778906
0.01,0.002732234,0.0072677657
0.01,0.0030458104,0.0069541894
0.01,0.0051611494,0.0048388503
0.01,0.0040891115,0.0059108883
0.01,0.0,0.01
0.01,0.008387223,0.0016127769
0.01,0.0048805587,0.005119441
0.01,0.0068105236,0.0031894762
0.01,0.0072946306,0.0027053691
0.01,0.007854056,0.0021459442
0.01,0.010638034,-0.0006380342
0.01,0.0037654117,0.006234588
0.0,0.004618397,-0.004618397
0.01,0.0,0.01
0.01,0.004328117,0.005671883
0.01,0.0084134145,0.0015865853
0.0,0.015881289,-0.015881289
0.01,0.0,0.01
0.01,0.0069237147,0.0030762851
0.01,0.0060495343,0.0039504655
0.01,0.007891721,0.0021082787
0.0,0.007767341,-0.007767341
0.01,0.004192801,0.0058071986
0.03,0.005580622,0.024419378
0.08,0.027307194,0.052692804
0.04,0.07589027,-0.035890274
0.01,0.03460177,-0.02460177
0.01,0.013185309,-0.0031853095
0.01,0.008465025,0.0015349751
0.01,0.010761162,-0.0007611625
0.01,0.0072522312,0.0027477685
0.01,0.0153448,-0.0053448007
0.01,0.0058065336,0.004193466
0.01,0.003492266,0.006507734
0.01,0.015015481,-0.0050154813
0.01,0.011079525,-0.0010795249
0.01,0.0024785679,0.007521432
0.01,0.012478178,-0.0024781786
0.01,0.0033205021,0.0066794977
0.01,0.007679835,0.0023201648
0.01,0.008607758,0.0013922416
0.01,0.008585551,0.001414449
0.01,0.006559469,0.003440531
0.02,0.0058291415,0.014170858
0.01,0.020488292,-0.010488292
0.01,0.009477163,0.00052283704
0.01,0.0058715977,0.004128402
0.01,0.007260357,0.0027396427
0.03,0.010339118,0.019660883
0.05,0.025062617,0.024937384
0.05,0.042990312,0.0070096888
0.05,0.050319098,-0.0003190972
0.06,0.052993633,0.007006366
0.03,0.06209889,-0.03209889
0.01,0.025443314,-0.015443314
0.01,0.008350533,0.0016494663
0.01,0.008169774,0.0018302258
0.01,0.007899376,0.0021006241
0.01,0.009844142,0.00015585776
0.01,0.009237748,0.00076225214
0.01,0.008879439,0.0011205608
0.0,0.009676592,-0.009676592
0.01,0.0,0.01
0.01,0.006203224,0.0037967758
0.01,0.004881814,0.0051181857
0.02,0.009946551,0.010053448
0.09,0.015052974,0.07494703
0.22,0.092749834,0.12725016
0.14,0.24100025,-0.10100025
0.04,0.13766354,-0.097663544
0.04,0.04689423,-0.006894231
0.07,0.046568695,0.023431305
0.04,0.070889436,-0.030889437
0.05,0.038403116,0.011596885
0.01,0.058328748,-0.04832875
0.0,0.0063157305,-0.0063157305
0.03,0.0036195498,0.02638045
0.02,0.040242657,-0.020242658
0.01,0.022722982,-0.012722982
0.01,0.0,0.01
0.02,0.002093574,0.017906426
0.01,0.0173656,-0.007365601
0.01,0.011602374,-0.001602374
0.01,0.0139651075,-0.0039651077
0.01,0.013271773,-0.0032717735
0.02,0.006280491,0.013719508
0.01,0.010178473,-0.00017847307
0.01,0.010811207,-0.0008112071
0.0,0.01698838,-0.01698838
0.01,0.0,0.01
0.01,0.010287015,-0.000287015
0.01,0.011078527,-0.0010785274
0.01,0.00716783,0.0028321696
0.0,0.0,0.0
0.01,0.0,0.01
0.01,0.00982683,0.00017317012
0.07,0.009753386,0.060246617
0.08,0.06900849,0.010991506
0.06,0.07597947,-0.015979473
0.08,0.059007585,0.020992413
0.11,0.09072213,0.01927787
0.09,0.11539394,-0.025393933
0.08,0.08154347,-0.0015434697
0.1,0.08180867,0.01819133
0.09,0.11482966,-0.024829656
0.1,0.08555851,0.01444149
0.13,0.098330066,0.03166993
0.12,0.13906536,-0.019065358
0.15,0.12396466,0.026035346
0.15,0.15430848,-0.004308477
0.15,0.15272461,-0.0027246028
0.15,0.15502115,-0.00502114
0.13,0.14690858,-0.016908586
0.21,0.13192923,0.07807076
0.24,0.21971756,0.020282432
0.2,0.2361955,-0.0361955
0.26,0.19720115,0.06279884
0.15,0.26170918,-0.11170918
0.2,0.14603859,0.05396141
0.31,0.20947918,0.10052082
0.29,0.31298572,-0.022985727
0.29,0.27933365,0.010666341
0.27,0.28241256,-0.012412548
0.31,0.26503265,0.044967353
0.43,0.30135053,0.12864947
0.35,0.42639774,-0.07639775
0.57,0.33151782,0.23848218
0.61,0.56312263,0.046877384
0.76,0.58363545,0.17636454
0.8,0.7523569,0.047643125
0.91,0.76726377,0.14273626
0.88,0.8649196,0.015080392
0.96,0.82839596,0.13160402
0.97,0.91291773,0.057082295
0.93,0.915017,0.014982998
0.97,0.8732217,0.09677833
0.97,0.91943896,0.05056107
0.95,0.9165247,0.03347528
0.95,0.9023205,0.047679484
0.97,0.89298105,0.077018976
0.97,0.9248558,0.0451442
0.97,0.90586555,0.06413448
0.97,0.9173238,0.0526762
0.97,0.91080225,0.059197783
0.97,0.9148471,0.055152953
0.94,0.90770245,0.03229755
0.81,0.8899952,-0.079995215
0.74,0.75581664,-0.015816629
0.41,0.7055142,-0.2955142
0.36,0.3648831,-0.0048830807
0.48,0.35752988,0.12247011
0.61,0.4546284,0.1553716
0.44,0.5857534,-0.14575338
0.46,0.4049205,0.05507952
0.52,0.4595217,0.06047827
0.69,0.4891113,0.2008887
0.95,0.658915,0.291085
0.92,0.9323225,-0.012322485
0.95,0.863448,0.086551964
0.97,0.8984217,0.071578324
0.97,0.89759475,0.07240528
0.97,0.9119624,0.05803764
0.97,0.91166186,0.058338165
0.97,0.91448474,0.05551529
0.97,0.907191,0.06280905
0.81,0.92180955,-0.11180955
0.78,0.7544279,0.025572062
0.61,0.75291324,-0.14291322
0.51,0.5588446,-0.048844635
0.43,0.48369372,-0.05369371
0.29,0.39181483,-0.101814836
0.18,0.26358587,-0.08358586
0.12,0.16548197,-0.045481972
0.14,0.12669104,0.013308957
0.31,0.14019853,0.16980147
0.37,0.31171334,0.058286667
0.39,0.36759406,0.022405922
0.48,0.37966776,0.10033223
0.58,0.45922536,0.12077463
0.57,0.5519348,0.018065214
0.47,0.5451043,-0.075104326
0.47,0.43607688,0.03392312
0.33,0.45097747,-0.12097746
0.5,0.29832458,0.20167542
0.62,0.4962415,0.123758495
0.63,0.5959012,0.034098804
0.62,0.61114985,0.008850157
0.64,0.592225,0.04777497
0.67,0.61718416,0.052815855
0.7,0.62245065,0.07754934
0.64,0.65532345,-0.01532346
0.54,0.5855472,-0.045547187
0.97,0.49858305,0.47141698
0.97,0.9391546,0.030845404
0.98,0.9109045,0.06909549
0.98,0.9373249,0.042675138
0.97,0.92726266,0.042737365
0.97,0.91578066,0.054219365
0.97,0.913834,0.056166053
0.97,0.920923,0.049077034
0.97,0.90480846,0.06519157
0.95,0.9076765,0.04232347
0.97,0.88872844,0.08127159
0.86,0.92598975,-0.06598973
0.8,0.8026123,-0.0026122928
0.66,0.7583478,-0.09834778
0.84,0.6153788,0.22462118
0.93,0.80504215,0.12495786
0.96,0.87570757,0.08429241
0.97,0.8968226,0.07317746
0.95,0.9170247,0.032975316
0.97,0.8845321,0.085467935
0.96,0.91878885,0.04121113
0.81,0.89569527,-0.08569527
0.91,0.75607634,0.15392369
0.83,0.86490875,-0.03490877
0.89,0.7757784,0.11422157
0.95,0.8453099,0.104690075
0.97,0.90309656,0.06690347
0.97,0.90211767,0.06788236
0.94,0.9143025,0.02569747
0.9,0.8806938,0.019306183
0.84,0.8456624,-0.0056624413
0.82,0.7845349,0.03546512
0.83,0.7725641,0.05743587
0.82,0.7833146,0.036685407
0.88,0.77045035,0.10954964
0.89,0.8279897,0.06201029
0.79,0.83471483,-0.04471481
0.72,0.73287547,-0.012875438
0.58,0.6862826,-0.10628259
0.57,0.5307219,0.03927809
0.64,0.54235125,0.09764874
0.51,0.6046381,-0.09463811
0.54,0.46148497,0.07851505
0.41,0.5173026,-0.10730258
0.5,0.3777342,0.122265786
0.45,0.47474694,-0.024746954
0.55,0.4226675,0.12733251
0.47,0.5260017,-0.056001693
0.38,0.43432283,-0.05432284
0.36,0.36317605,-0.0031760335
0.33,0.33055502,-0.00055500865
0.27,0.31223455,-0.04223454
0.25,0.24180348,0.008196518
0.32,0.23779748,0.08220251
0.26,0.30410197,-0.044101983
0.21,0.23622234,-0.026222348
0.23,0.207555,0.022445008
0.2,0.22290576,-0.022905752
0.29,0.19722916,0.09277083
0.21,0.27352744,-0.06352745
0.33,0.19838704,0.13161297
0.28,0.32144666,-0.041446656
0.29,0.26134932,0.028650671
0.29,0.27602386,0.013976127
0.36,0.29160824,0.06839177
0.45,0.34454817,0.10545182
0.56,0.45137733,0.10862267
0.44,0.5340829,-0.09408289
0.51,0.4194371,0.09056288
0.42,0.4978118,-0.07781181
0.54,0.38660598,0.15339404
0.55,0.52389187,0.026108146
0.64,0.5231074,0.116892576
0.73,0.61119413,0.118805885
0.72,0.6949024,0.025097609
0.73,0.6692408,0.060759246
0.73,0.69933534,0.030664682
0.53,0.6916914,-0.16169143
0.53,0.49178985,0.038210124
0.49,0.4990554,-0.009055376
0.52,0.46078944,0.05921054
0.64,0.4816159,0.15838408
0.65,0.61920035,0.030799627
0.57,0.60080457,-0.030804574
0.61,0.5461472,0.06385279
0.62,0.5748525,0.04514748
0.64,0.59154356,0.04845643
0.65,0.59882677,0.05117321
0.69,0.6129945,0.077005506
0.57,0.6414696,-0.071469605
0.58,0.5311066,0.048893392
0.73,0.54334104,0.18665898
0.72,0.7024487,0.017551303
0.65,0.6684761,-0.018476129
0.81,0.6155376,0.19446242
0.76,0.77690756,-0.016907573
0.82,0.6997278,0.12027222
0.55,0.77789193,-0.22789192
0.72,0.50490224,0.21509778
0.75,0.70407337,0.04592663
0.81,0.6939007,0.1160993
0.76,0.76165414,-0.0016541481
0.81,0.7172839,0.0927161
0.69,0.7666141,-0.07661408
0.63,0.6403583,-0.010358334
0.61,0.6000435,0.009956539
0.64,0.5797578,0.060242176
0.65,0.59840655,0.051593423
0.53,0.6048343,-0.07483435
0.63,0.48958644,0.14041355
0.69,0.61154854,0.078451455
0.67,0.6358794,0.03412062
0.67,0.63504094,0.034959078
0.73,0.62642,0.10358
0.73,0.69817483,0.031825185
0.75,0.6689173,0.0810827
0.81,0.7129973,0.097002685
0.76,0.7541358,0.005864203
0.73,0.71343756,0.016562462
0.67,0.67889047,-0.00889045
0.8,0.6365613,0.16343874
0.83,0.75412405,0.07587594
0.73,0.7805539,-0.05055386
0.69,0.6757771,0.01422292
0.59,0.65837836,-0.06837839
0.64,0.5522336,0.08776641
0.62,0.59808457,0.021915436
0.55,0.5840093,-0.034009278
0.56,0.51212186,0.047878146
0.62,0.53045297,0.08954704
0.64,0.57392204,0.06607795
0.62,0.6044024,0.015597582
0.56,0.584968,-0.024967968
0.55,0.5224226,0.0275774
0.56,0.51657784,0.043422163
0.48,0.521299,-0.041299015
0.38,0.44349605,-0.06349605
0.38,0.3480621,0.031937897
0.47,0.36253738,0.107462615
0.48,0.44701123,0.032988757
0.45,0.45267913,-0.0026791394
0.4,0.4179619,-0.01796189
0.4,0.37986636,0.020133644
0.37,0.37921596,-0.009215951
0.44,0.33965436,0.10034564
0.47,0.4191715,0.050828487
0.42,0.43494755,-0.014947563
0.35,0.38999355,-0.039993554
0.23,0.3235069,-0.09350689
0.08,0.21662033,-0.13662033
0.02,0.07667509,-0.056675088
0.01,0.016339066,-0.0063390657
0.01,0.0055577066,0.004442293
0.01,0.008607915,0.0013920851
0.01,0.003331311,0.0066686887
0.01,0.016651487,-0.006651487
0.0,0.0015699081,-0.0015699081
0.01,0.0,0.01
0.01,0.014071684,-0.0040716846
0.01,0.0,0.01
0.01,0.0021137353,0.0078862645
0.01,0.0017187092,0.0082812905
0.01,0.020778157,-0.010778157
0.01,0.014278494,-0.004278494
0.01,0.0061997985,0.0038002012
0.01,0.0,0.01
0.01,0.0023899823,0.0076100174
0.01,0.0077684,0.0022315998
0.01,0.009703045,0.000296955
0.01,0.006162606,0.0038373936
0.01,0.0,0.01
0.01,0.0090994,0.0009006001
0.01,0.0026841369,0.007315863
0.01,0.00050073303,0.009499267
0.01,0.0054313038,0.004568696
0.01,0.011681424,-0.0016814247
0.01,0.010761132,-0.0007611327
0.01,0.011423651,-0.0014236514
0.01,0.0066725183,0.0033274814
0.01,0.00533065,0.0046693496
0.01,0.008354997,0.0016450025
0.01,0.008331702,0.0016682977
0.01,0.009095013,0.00090498663
0.01,0.0027722288,0.007227771
0.01,0.010300109,-0.0003001094
0.01,0.011375556,-0.001375556
0.01,0.008489639,0.0015103612
0.01,0.0053315703,0.0046684295
0.01,0.0078096082,0.0021903915
0.01,0.0065653045,0.0034346953
0.01,0.008797457,0.0012025423
0.01,0.010375839,-0.00037583895
0.01,0.007721262,0.0022787377
0.01,0.010302218,-0.0003022179
0.01,0.010584207,-0.0005842075
0.01,0.005052058,0.0049479418
0.01,0.007722049,0.0022779508
0.03,0.010141412,0.019858588
0.01,0.03022149,-0.02022149
0.06,0.008607093,0.051392905
0.1,0.05953376,0.04046624
0.1,0.101380944,-0.0013809428
0.17,0.09853841,0.07146159
0.16,0.18401091,-0.024010912
0.17,0.1650479,0.004952103
0.15,0.17915054,-0.02915053
0.14,0.156738,-0.016737998
0.11,0.14705236,-0.037052363
0.13,0.10558304,0.024416953
0.12,0.13799764,-0.017997645
0.11,0.119858965,-0.009858966
0.06,0.11772562,-0.05772562
0.08,0.0606855,0.019314498
0.07,0.09273243,-0.02273243
0.01,0.06806629,-0.058066294
0.03,0.0055704694,0.02442953
0.04,0.023800297,0.016199702
0.02,0.032679494,-0.012679495
0.05,0.01764079,0.032359213
0.02,0.05030421,-0.030304212
0.03,0.021029843,0.008970156
0.01,0.027464893,-0.017464893
0.01,0.0039193016,0.006080698
0.0,0.009914554,-0.009914554
0.01,0.0,0.01
0.03,0.009695293,0.020304706
0.01,0.031488523,-0.021488523
0.01,0.010228546,-0.00022854656
0.01,0.005686463,0.004313537
0.01,0.005039351,0.0049606487
0.0,0.007813195,-0.007813195
0.01,0.0,0.01
0.01,0.00735604,0.0026439596
0.01,0.0066077644,0.0033922354
0.01,0.006304429,0.0036955709
0.01,0.01038491,-0.00038491003
0.01,0.0073259743,0.0026740255
0.0,0.008813126,-0.008813126
0.01,0.0,0.01
0.0,0.00970132,-0.00970132
0.01,0.0,0.01
0.01,0.013790462,-0.0037904624
0.01,0.009143161,0.0008568391
0.01,0.01250913,-0.0025091302
0.01,0.0,0.01
0.01,0.010325799,-0.000325799
0.01,0.0025798902,0.0074201096
0.01,0.003196178,0.006803822
0.01,0.007928655,0.0020713452
0.01,0.009160693,0.000839307
0.01,0.009484494,0.0005155057
0.01,0.0052458197,0.00475418
0.01,0.006664373,0.0033356268
0.01,0.0059401086,0.004059891
0.01,0.006370129,0.0036298707
0.01,0.006909376,0.0030906238
0.01,0.011303572,-0.0013035722
0.01,0.004298169,0.0057018306
0.01,0.011453987,-0.0014539873
0.01,0.004973471,0.0050265286
0.01,0.005017627,0.0049823727
0.01,0.0063793063,0.0036206935
0.01,0.007570207,0.0024297927
0.01,0.0056117233,0.0043882765
0.01,0.010778265,-0.0007782653
0.01,0.004110126,0.005889874
0.0,0.008132563,-0.008132563
0.01,0.0,0.01
0.01,0.008540367,0.001459633
0.01,0.0058279,0.0041720998
0.01,0.0070534237,0.002946576
0.01,0.00891838,0.0010816194
0.01,0.007830419,0.0021695811
0.01,0.0054629855,0.0045370143
0.06,0.0053073224,0.05469268
0.07,0.05710473,0.012895271
0.15,0.0668335,0.0831665
0.15,0.16244102,-0.012441009
0.16,0.1534465,0.006553501
0.15,0.1685943,-0.018594295
0.12,0.15531969,-0.035319693
0.1,0.12524246,-0.025242455
0.1,0.09970775,0.00029224902
0.09,0.1018976,-0.011897594
0.09,0.08828737,0.0017126352
0.09,0.091971934,-0.0019719303
0.09,0.09337467,-0.003374666
0.11,0.09294006,0.017059937
0.11,0.11455175,-0.0045517534
0.1,0.11095432,-0.01095432
0.04,0.099857874,-0.059857875
0.01,0.033136845,-0.023136845
0.01,0.009634496,0.00036550406
0.0,0.0048895236,-0.0048895236
0.01,0.0025049709,0.007495029
0.01,0.007127843,0.002872157
0.01,0.008074754,0.0019252459
0.01,0.007902196,0.002097804
0.01,0.0072214156,0.0027785841
0.01,0.012588563,-0.0025885636
0.0,0.0071582254,-0.0071582254
0.01,0.0,0.01
0.01,0.0022702366,0.007729763
0.01,0.005404746,0.0045952536
0.01,0.0075941617,0.002405838
0.01,0.010486207,-0.0004862072
0.01,0.0066264234,0.0033735763
0.01,0.0086236,0.0013763998
0.02,0.005291933,0.014708066
0.01,0.018839851,-0.008839851
0.04,0.0030304622,0.036969535
0.06,0.040616877,0.019383121
0.04,0.053071342,-0.013071343
0.06,0.04056322,0.01943678
0.13,0.05710955,0.072890446
0.14,0.13604759,0.003952414
0.12,0.14831348,-0.02831348
0.08,0.12306366,-0.043063663
0.09,0.08408206,0.005917944
0.07,0.09635834,-0.026358336
0.02,0.06862488,-0.048624877
0.01,0.020627558,-0.010627558
0.04,0.011052404,0.028947596
0.09,0.03093468,0.059065323
0.17,0.095395945,0.07460406
0.1,0.18347688,-0.08347688
0.11,0.09790775,0.012092248
0.08,0.1221585,-0.0421585
0.07,0.07725115,-0.007251151
0.03,0.075632535,-0.045632534
0.02,0.027044026,-0.0070440266
0.09,0.02242358,0.06757642
0.14,0.08970859,0.05029141
0.07,0.15363102,-0.08363102
0.01,0.0703478,-0.060347803
0.01,0.020775283,-0.010775283
0.06,0.006646663,0.053353336
0.09,0.05300475,0.036995254
0.08,0.09741549,-0.017415494
0.15,0.07946181,0.07053819
0.23,0.15946928,0.07053073
0.21,0.23314703,-0.023147032
0.25,0.21635546,0.033644542
0.3,0.26233017,0.037669837
0.25,0.30047607,-0.050476074
0.26,0.23624977,0.023750216
0.15,0.26514542,-0.115145415
0.17,0.14796877,0.022031233
0.09,0.18546037,-0.09546037
0.01,0.07497827,-0.06497827
0.01,0.01920451,-0.009204511
0.05,0.012706118,0.03729388
0.12,0.051395558,0.06860444
0.38,0.12615333,0.25384665
0.75,0.38676322,0.36323678
0.74,0.7321439,0.007856131
0.85,0.7442181,0.10578191
0.95,0.84812224,0.10187775
0.89,0.8985504,-0.0085504055
0.68,0.8344006,-0.15440059
0.35,0.63996446,-0.28996447
0.58,0.32823452,0.25176546
0.69,0.5774739,0.11252612
0.79,0.6513531,0.1386469
0.58,0.7789282,-0.19892824
0.38,0.5598111,-0.17981112
0.6,0.36454126,0.23545876
0.48,0.5817616,-0.10176161
0.42,0.43242556,-0.012425572
0.34,0.3958553,-0.055855304
0.18,0.31634912,-0.13634911
0.15,0.15248683,-0.002486825
0.15,0.15879917,-0.0087991655
0.12,0.1620204,-0.042020403
0.1,0.10802395,-0.0080239475
0.07,0.105485365,-0.035485364
0.09,0.075098775,0.014901228
0.11,0.09617981,0.013820186
0.11,0.11527976,-0.005279757
0.16,0.11568178,0.044318214
0.19,0.17158397,0.018416032
0.29,0.19324704,0.09675296
0.31,0.27794743,0.032052577
0.33,0.30995303,0.02004698
0.5,0.31631005,0.18368995
0.56,0.50377077,0.056229234
0.61,0.5562427,0.05375731
0.59,0.5958345,-0.00583452
0.62,0.5704936,0.049506426
0.84,0.57104176,0.2689582
0.8,0.8213408,-0.021340787
0.88,0.7464167,0.1335833
0.91,0.83846927,0.07153076
0.92,0.8465796,0.073420405
0.93,0.8665192,0.063480794
0.95,0.8968817,0.05311829
0.97,0.8982394,0.071760654
0.97,0.9076258,0.062374234
0.97,0.9058186,0.06418145
0.97,0.91499513,0.055004895
0.97,0.9159742,0.05402583
0.97,0.91002226,0.05997777
0.97,0.91050243,0.059497595
0.97,0.9187729,0.051227152
0.97,0.91397655,0.05602348
0.97,0.9181218,0.051878214
0.97,0.9148353,0.055164754
0.97,0.91496575,0.05503428
0.97,0.9086932,0.061306834
0.97,0.91590476,0.05409527
0.97,0.9158355,0.05416453
0.97,0.9130798,0.05692023
0.93,0.9115536,0.018446386
0.83,0.87703574,-0.047035754
0.88,0.77629924,0.10370076
0.96,0.84494483,0.115055144
0.97,0.90321255,0.06678748
0.92,0.90492135,0.015078664
0.88,0.8639777,0.016022325
0.85,0.825631,0.024369001
0.68,0.8019309,-0.1219309
0.36,0.62966067,-0.26966065
0.24,0.32528216,-0.08528216
0.15,0.23111846,-0.08111845
0.09,0.14459732,-0.05459732
0.08,0.091535844,-0.011535846
0.02,0.087182164,-0.06718217
0.02,0.022183843,-0.0021838434
0.01,0.02638575,-0.01638575
0.01,0.012058294,-0.0020582946
0.01,0.011227731,-0.0012277309
0.01,0.0050238874,0.0049761124
0.01,0.008634968,0.001365032
0.02,0.004848579,0.015151421
0.06,0.015045702,0.044954296
0.13,0.049326926,0.08067307
0.37,0.12623852,0.24376148
0.52,0.38221902,0.13778096
0.32,0.5334176,-0.21341759
0.09,0.31025934,-0.22025934
0.01,0.09558865,-0.08558865
0.01,0.028775724,-0.018775724
0.07,0.010664182,0.05933582
0.19,0.06347947,0.12652053
0.16,0.1875322,-0.027532205
0.26,0.16128899,0.098711
0.32,0.27347353,0.04652646
0.23,0.32009614,-0.09009613
0.17,0.23351304,-0.06351304
0.09,0.17812948,-0.088129476
0.2,0.0662434,0.13375661
0.27,0.19948722,0.07051279
0.24,0.26397255,-0.023972556
0.19,0.22762637,-0.03762637
0.2,0.18939681,0.0106031895
0.2,0.20898895,-0.008988947
0.24,0.20694955,0.033050448
0.2,0.25516537,-0.055165365
0.18,0.20341296,-0.023412958
0.22,0.19816984,0.021830156
0.22,0.22477812,-0.004778117
0.22,0.21617365,0.00382635
0.21,0.20811485,0.0018851459
0.2,0.19953705,0.00046294928
0.19,0.19167446,-0.0016744584
0.08,0.1936247,-0.11362471
0.01,0.083816126,-0.07381613
0.01,0.0124683585,-0.0024683587
0.0,0.010254802,-0.010254802
0.01,0.0063818786,0.0036181211
0.0,0.018697,-0.018697
0.01,0.0,0.01
0.02,0.006212296,0.013787704
0.01,0.020338044,-0.010338044
0.01,0.018364413,-0.008364413
0.0,0.010381011,-0.010381011
0.01,0.0,0.01
0.01,0.0025980938,0.007401906
0.01,0.010035744,-3.574416e-05
0.01,0.017006539,-0.007006539
0.01,0.008600864,0.0013991361
0.0,0.0,0.0
0.01,0.0,0.01
0.01,0.018975327,-0.008975327
0.01,0.01776349,-0.00776349
0.01,0.011672206,-0.0016722064
0.01,0.0,0.01
0.01,0.0071032476,0.0028967522
0.01,0.006200874,0.0037991256
0.01,0.011672409,-0.0016724095
0.01,0.0,0.01
0.01,0.005676319,0.004323681
0.01,0.012305981,-0.0023059808
0.01,0.010122232,-0.00012223236
0.01,0.011826478,-0.0018264782
0.01,0.0043208823,0.0056791175
0.01,0.01061734,-0.0006173402
0.0,0.008173183,-0.008173183
0.01,0.0,0.01
0.01,0.0029438492,0.0070561506
0.01,0.006455711,0.0035442887
0.01,0.01021365,-0.00021365006
0.01,0.01036245,-0.00036245026
0.01,0.0075646425,0.0024353573
0.01,0.012098795,-0.002098795
0.01,0.010034448,-3.444776e-05
0.01,0.0087302085,0.0012697913
0.01,0.0065867305,0.0034132693
0.01,0.0,0.01
0.01,0.011366928,-0.0013669282
0.01,0.015018998,-0.005018998
0.01,0.009669558,0.00033044163
0.01,0.0124356225,-0.0024356227
0.0,0.004316872,-0.004316872
0.01,0.0,0.01
0.0,0.013544076,-0.013544076
0.01,0.00038847513,0.009611525
0.01,0.00885741,0.0011425894
0.01,0.006091688,0.003908312
0.01,0.010578692,-0.0005786922
0.01,0.0058192722,0.0041807275
0.03,0.0069685206,0.023031479
0.06,0.024848256,0.035151742
0.06,0.06135831,-0.0013583116
0.14,0.055536218,0.08446378
0.29,0.15115048,0.13884951
0.3,0.30725756,-0.007257551
0.33,0.30063555,0.029364467
0.27,0.3385644,-0.068564385
0.28,0.26568976,0.014310241
0.54,0.2819334,0.25806662
0.5,0.53547955,-0.035479546
0.45,0.48983318,-0.039833188
0.29,0.43770307,-0.14770308
0.24,0.2762069,-0.036206916
0.18,0.23592794,-0.055927932
0.14,0.17439272,-0.034392715
0.12,0.14147219,-0.021472193
0.13,0.10626437,0.023735628
0.15,0.13714069,0.012859315
0.14,0.15180017,-0.01180017
0.09,0.14370185,-0.053701848
0.13,0.08698387,0.04301613
0.18,0.1401943,0.03980571
0.21,0.18395893,0.02604106
0.27,0.20838436,0.061615646
0.35,0.2761553,0.0738447
0.43,0.3453626,0.0846374
0.41,0.4300388,-0.020038813
0.38,0.40178746,-0.021787465
0.41,0.37717307,0.03282693
0.36,0.39765728,-0.03765726
0.33,0.34402934,-0.014029324
0.42,0.31169558,0.10830441
0.46,0.4281705,0.031829506
0.53,0.42841798,0.10158199
0.49,0.5090657,-0.019065678
0.45,0.45527864,-0.005278647
0.43,0.42890307,0.0010969341
0.52,0.4109654,0.10903457
0.51,0.4880951,0.021904886
0.49,0.47732124,0.012678772
0.44,0.45979482,-0.019794822
0.42,0.4166252,0.0033747852
0.42,0.40047494,0.019525051
0.45,0.395018,0.054981977
0.45,0.42494214,0.025057852
0.51,0.4319331,0.078066885
0.43,0.4882679,-0.05826789
0.36,0.3970511,-0.03705108
0.31,0.3397237,-0.029723704
0.3,0.29971257,0.0002874434
0.25,0.27752784,-0.027527839
0.24,0.22871633,0.011283666
0.21,0.22871307,-0.018713072
0.18,0.1932211,-0.0132211
0.16,0.17799227,-0.017992273
0.15,0.160566,-0.010565996
0.19,0.14830408,0.041695923
0.17,0.19193967,-0.021939665
0.09,0.15730883,-0.06730883
0.01,0.08127061,-0.071270615
0.02,0.00015382655,0.019846173
0.01,0.026330851,-0.016330851
0.0,0.0054814126,-0.0054814126
0.01,0.002635289,0.007364711
0.01,0.0026206095,0.0073793903
0.01,0.0041851643,0.0058148354
0.01,0.0057538394,0.0042461604
0.01,0.011135908,-0.0011359081
0.01,0.0,0.01
0.01,0.0,0.01
0.01,0.0,0.01
0.01,0.0,0.01
0.01,0.006417688,0.0035823118
0.01,0.0012363307,0.008763669
0.01,0.013552927,-0.0035529276
0.01,0.0012007859,0.008799214
0.01,0.0045219343,0.0054780655
0.01,0.008548364,0.0014516357
0.01,0.0079872515,0.0020127483
0.02,0.0043547973,0.015645202
0.08,0.011154452,0.06884555
0.16,0.07251474,0.087485254
0.23,0.17250669,0.057493314
0.41,0.2422229,0.16777709
0.63,0.41732752,0.21267247
0.53,0.63214576,-0.10214579
0.51,0.52487856,-0.014878571
0.4,0.50302047,-0.10302046
0.32,0.38201863,-0.062018633
0.36,0.3065865,0.05341351
0.3,0.35669607,-0.056696057
0.29,0.2882575,0.0017424822
0.2,0.28762725,-0.08762725
0.22,0.19832295,0.021677047
0.23,0.22135176,0.0086482465
0.21,0.22646153,-0.016461536
0.12,0.2020754,-0.08207541
0.1,0.106050014,-0.006050013
0.1,0.10462603,-0.0046260282
0.15,0.08723232,0.062767684
0.17,0.151976,0.018023998
0.28,0.16510548,0.114894524
0.42,0.28872412,0.13127586
0.54,0.43983796,0.10016206
0.51,0.5526171,-0.042617083
0.5,0.50344867,-0.0034486651
0.64,0.48651052,0.15348947
0.68,0.62728906,0.05271095
0.39,0.64313287,-0.25313288
0.29,0.3576981,-0.06769812
0.25,0.28108412,-0.03108412
0.19,0.24033509,-0.050335094
0.11,0.17544457,-0.065444574
0.11,0.13068953,-0.020689532
0.04,0.115381,-0.075381
0.03,0.032489315,-0.0024893153
0.09,0.036122944,0.05387706
0.13,0.099094406,0.03090559
0.26,0.13385224,0.12614775
0.55,0.2568286,0.2931714
0.44,0.54964614,-0.10964614
0.61,0.45499778,0.15500224
0.77,0.5893853,0.18061471
0.83,0.7297977,0.10020226
0.88,0.8164427,0.06355727
0.68,0.8499095,-0.16990948
0.6,0.6400774,-0.04007739
0.44,0.583555,-0.14355499
0.27,0.40922382,-0.13922381
0.2,0.25189844,-0.051898435
0.22,0.20934911,0.010650888
0.13,0.21874705,-0.088747054
0.05,0.11104165,-0.06104165
0.13,0.05921544,0.070784554
0.09,0.13055654,-0.040556535
0.06,0.09571639,-0.03571639
0.09,0.05328141,0.036718592
0.05,0.09654702,-0.04654702
0.03,0.033757128,-0.0037571285
0.06,0.028353151,0.031646848
0.2,0.07402821,0.1259718
0.56,0.23484857,0.32515144
0.58,0.546085,0.033914983
0.41,0.5972496,-0.18724963
0.28,0.4191405,-0.13914049
0.17,0.27519107,-0.10519107
0.08,0.15791859,-0.07791859
0.11,0.07200088,0.037999116
0.22,0.13641264,0.08358736
0.21,0.1946813,0.015318692
0.14,0.21040948,-0.07040948
0.13,0.14045815,-0.0104581565
0.09,0.13921623,-0.049216226
0.09,0.09536673,-0.0053667277
0.07,0.078720726,-0.008720726
0.05,0.062075727,-0.012075726
0.06,0.04352262,0.01647738
0.08,0.044782534,0.035217464
0.11,0.072394356,0.037605643
0.17,0.12121608,0.04878392
0.24,0.18322662,0.05677338
0.23,0.25016567,-0.020165667
0.25,0.23643424,0.013565764
0.3,0.26153603,0.03846398
0.35,0.29645646,0.053543538
0.41,0.35623455,0.053765446
0.49,0.38908744,0.10091257
0.53,0.47001234,0.059987634
0.53,0.5033083,0.026691675
0.51,0.49586353,0.014136463
0.53,0.49675465,0.033245325
0.52,0.51864535,0.0013546348
0.55,0.4926483,0.05735171
0.62,0.53390276,0.08609724
0.5,0.59515977,-0.09515977
0.38,0.46189934,-0.081899345
0.41,0.35101235,0.058987647
0.28,0.3938917,-0.11389169
0.25,0.25380015,-0.0038001537
0.21,0.23511298,-0.025112987
0.18,0.2000411,-0.020041093
0.13,0.1755179,-0.045517907
0.1,0.1290767,-0.029076703
0.1,0.09998149,1.8514693e-05
0.13,0.087596096,0.0424039
0.11,0.13581307,-0.025813073
0.08,0.09710032,-0.01710032
0.06,0.07746207,-0.017462071
0.05,0.059410565,-0.009410564
0.01,0.049011458,-0.039011456
0.01,0.0005680844,0.009431915
0.01,0.016830247,-0.006830247
0.01,5.5985525e-05,0.009944014
0.01,0.0032874085,0.0067125913
0.01,0.010815559,-0.0008155592
0.01,0.006516468,0.003483532
0.01,0.0036764052,0.0063235946
0.01,0.010810266,-0.0008102665
0.01,0.0,0.01
0.01,0.0,0.01
0.01,0.007663833,0.0023361668
0.01,0.0063816532,0.0036183465
0.01,0.008617243,0.001382757
0.01,0.007972961,0.0020270385
0.0,0.0,0.0
0.01,0.0,0.01
0.01,0.012689598,-0.0026895981
0.02,0.0017881114,0.018211888
0.03,0.018717084,0.011282915
0.04,0.025418185,0.014581814
0.04,0.035549045,0.0044509545
0.01,0.029813603,-0.019813603
0.01,0.00037815794,0.009621842
0.03,0.011400055,0.018599944
0.05,0.025784565,0.024215436
0.04,0.048308924,-0.008308925
0.01,0.038979128,-0.028979128
0.01,0.010526393,-0.00052639283
0.01,0.0015821364,0.008417863
0.01,0.008671842,0.0013281582
0.02,0.012277018,0.0077229813
0.04,0.018327933,0.021672066
0.03,0.038336493,-0.008336494
0.02,0.023149693,-0.0031496938
0.01,0.021809574,-0.011809574
0.01,0.008810909,0.0011890903
0.03,0.0071177892,0.02288221
0.03,0.02487214,0.0051278602
0.03,0.02772549,0.0022745095
0.02,0.024630867,-0.0046308674
0.02,0.015333606,0.0046663936
0.04,0.020778539,0.01922146
0.02,0.040268816,-0.020268817
0.02,0.011745193,0.0082548065
0.01,0.015805703,-0.005805703
0.01,0.0042782705,0.0057217292
0.0,0.007878877,-0.007878877
0.01,0.0035309847,0.006469015
0.01,0.01378491,-0.0037849098
0.01,0.004094409,0.005905591
0.01,0.008224338,0.0017756615
0.03,0.0014239158,0.028576083
0.06,0.030517306,0.029482692
0.07,0.06034234,0.009657659
0.05,0.072807275,-0.022807274
0.07,0.047300674,0.022699326
0.1,0.08006761,0.01993239
0.15,0.09925242,0.05074759
0.16,0.15361004,0.0063899606
0.11,0.16515665,-0.05515665
0.13,0.11319454,0.016805455
0.13,0.13807935,-0.00807935
0.13,0.14035858,-0.010358587
0.15,0.13204408,0.017955929
0.1,0.15621401,-0.056214012
0.1,0.10066004,-0.0006600395
0.13,0.102470934,0.02752906
0.11,0.1331947,-0.0231947
0.11,0.11530031,-0.0053003132
0.09,0.11034833,-0.020348325
0.09,0.09534005,-0.005340047
0.04,0.09531158,-0.055311583
0.08,0.03185416,0.048145838
0.06,0.08845748,-0.028457481
0.02,0.05571139,-0.03571139
0.01,0.017630532,-0.0076305326
0.01,0.005805428,0.0041945716
0.01,0.006865698,0.0031343019
0.01,0.0065821866,0.0034178132
0.01,0.0063441927,0.003655807
0.01,0.004390346,0.005609654
0.01,0.00014700368,0.009852996
0.01,0.004785599,0.0052144006
0.01,0.007918837,0.0020811632
0.01,0.005739606,0.004260394
0.0,0.0030724742,-0.0030724742
0.01,0.0,0.01
0.01,0.011012561,-0.0010125609
0.05,0.0,0.05
0.13,0.049438376,0.08056162
0.05,0.14026785,-0.09026785
0.06,0.04496599,0.015034009
0.07,0.07025622,-0.00025621802
0.11,0.06496088,0.045039117
0.23,0.120328985,0.10967102
0.5,0.23905309,0.26094693
0.62,0.5010961,0.118903875
0.53,0.6373432,-0.10734326
0.68,0.5144821,0.16551793
0.83,0.67403924,0.15596074
0.94,0.79325473,0.14674526
0.98,0.9090365,0.0709635
0.98,0.9280913,0.05190873
0.97,0.9274992,0.042500854
0.97,0.9117265,0.058273554
0.98,0.92262626,0.057373762
0.93,0.93645656,-0.006456554
0.83,0.8824408,-0.052440822
0.72,0.7748089,-0.054808855
0.7,0.6833431,0.016656876
0.57,0.6656083,-0.095608294
0.47,0.5294026,-0.059402615
0.32,0.4406158,-0.12061581
0.27,0.29803082,-0.028030813
0.33,0.26086432,0.069135696
0.36,0.3097155,0.050284505
0.36,0.3428067,0.017193317
0.21,0.34214973,-0.13214974
0.19,0.19819908,-0.008199081
0.11,0.18369299,-0.07369299
0.09,0.09958012,-0.009580113
0.08,0.08352875,-0.0035287514
0.07,0.070220046,-0.00022004545
0.05,0.068907626,-0.018907625
0.06,0.030803721,0.029196277
0.05,0.064165674,-0.014165673
0.02,0.040992543,-0.020992544
0.02,0.015412866,0.0045871334
0.03,0.0071459133,0.022854086
0.03,0.022039413,0.007960586
0.01,0.014504321,-0.004504321
0.02,0.0,0.02
0.01,0.018322077,-0.008322077
0.01,0.0002347622,0.009765238
0.0,0.0,0.0
0.01,0.0,0.01
0.04,0.008500383,0.031499617
0.03,0.030803185,-0.0008031856
0.01,0.025832051,-0.015832052
0.01,0.008673454,0.0013265461
0.01,0.0,0.01
0.01,2.5270507e-05,0.009974729
0.01,0.007104382,0.0028956179
0.01,0.008272534,0.0017274655
0.01,0.0,0.01
0.01,0.0050633084,0.0049366914
0.07,0.008808779,0.061191224
0.08,0.07401842,0.0059815794
0.09,0.07597113,0.014028877
0.11,0.08594651,0.024053492
0.12,0.10834008,0.01165992
0.11,0.12366633,-0.013666332
0.11,0.1131966,-0.003196597
0.12,0.12248781,-0.002487816
0.16,0.12128389,0.038716108
0.15,0.17346507,-0.023465067
0.12,0.15384541,-0.033845417
0.09,0.13212125,-0.042121246
0.06,0.091717996,-0.031717997
0.13,0.060993053,0.06900694
0.11,0.14047563,-0.030475631
0.08,0.108959064,-0.028959066
0.07,0.087204166,-0.017204165
0.02,0.066462785,-0.046462785
0.03,0.021700446,0.008299554
0.04,0.031689353,0.008310646
0.04,0.03618695,0.0038130507
0.03,0.036717117,-0.0067171175
0.06,0.028927077,0.031072922
0.02,0.06685866,-0.046858657
0.01,0.014658165,-0.0046581654
0.01,0.013439124,-0.0034391247
0.11,0.00041025504,0.10958974
0.12,0.123925775,-0.003925778
0.14,0.13040526,0.0095947385
0.14,0.15169297,-0.011692971
0.07,0.1420101,-0.07201009
0.09,0.076226495,0.013773508
0.09,0.09374571,-0.003745705
0.17,0.09205743,0.07794257
0.33,0.17940764,0.15059237
0.43,0.33408803,0.09591198
0.28,0.43979666,-0.15979666
0.34,0.27092502,0.06907499
0.32,0.35151052,-0.031510532
0.35,0.3029801,0.0470199
0.32,0.3446502,-0.024650216
0.25,0.31634367,-0.066343665
0.28,0.2527952,0.027204812
0.48,0.27150357,0.20849642
0.45,0.47457832,-0.024578333
0.35,0.43766522,-0.08766523
0.38,0.3428951,0.037104905
0.39,0.37054282,0.019457161
0.55,0.36185813,0.18814188
0.38,0.53494513,-0.15494514
0.29,0.35787517,-0.06787518
0.33,0.29091853,0.039081484
0.39,0.316494,0.073506
0.33,0.37108758,-0.041087568
0.34,0.30960596,0.030394047
0.32,0.34521347,-0.02521348
0.25,0.29485464,-0.04485464
0.24,0.2477345,-0.0077345073
0.22,0.22520077,-0.0052007735
0.17,0.22109845,-0.05109845
0.17,0.15113597,0.018864036
0.18,0.16582598,0.014174029
0.2,0.1790162,0.0209838
0.18,0.19314174,-0.013141736
0.14,0.17638671,-0.036386713
0.1,0.1333705,-0.033370502
0.06,0.10804297,-0.04804297
0.01,0.063507415,-0.053507417
0.01,0.0009541735,0.009045826
0.01,0.0,0.01
0.01,0.005561021,0.0044389786
0.01,0.0072671315,0.0027328683
0.01,0.025614854,-0.015614854
0.0,0.0,0.0
0.01,0.0,0.01
0.01,0.007916228,0.0020837719
0.01,0.0017770324,0.008222967
0.01,0.005825391,0.0041746087
0.01,0.0,0.01
0.07,0.0,0.07
0.01,0.07226408,-0.062264085
0.06,0.018235767,0.04176423
0.04,0.057538234,-0.017538235
0.17,0.027095012,0.142905
0.14,0.1922713,-0.052271307
0.17,0.14479038,0.02520962
0.18,0.1882569,-0.008256897
0.24,0.17415349,0.0658465
0.27,0.24428272,0.025717288
0.28,0.26952085,0.010479152
0.34,0.27659124,0.06340876
0.4,0.33981797,0.060182035
0.34,0.39153254,-0.051532537
0.43,0.32658547,0.103414536
0.62,0.42572498,0.19427502
0.53,0.6176815,-0.08768153
0.51,0.49171954,0.018280447
0.59,0.496464,0.09353596
0.59,0.56199646,0.028003514
0.59,0.5569676,0.033032358
0.52,0.5547046,-0.034704626
0.63,0.5043947,0.12560529
0.46,0.6028141,-0.14281407
0.51,0.41850755,0.091492444
0.57,0.48720193,0.082798064
0.54,0.5521662,-0.012166202
0.56,0.49246925,0.06753075
0.57,0.53560364,0.03439635
0.58,0.5390337,0.040966272
0.45,0.5426264,-0.09262639
0.5,0.41815275,0.08184725
0.47,0.47324008,-0.0032400787
0.47,0.44126457,0.028735429
0.57,0.44337845,0.12662154
0.65,0.54244936,0.10755062
0.61,0.61600566,-0.006005645
0.56,0.56922525,-0.009225249
0.54,0.5346215,0.0053785443
0.56,0.5084642,0.051535785
0.49,0.52810854,-0.038108528
0.38,0.44793648,-0.06793648
0.26,0.35512337,-0.09512338
0.17,0.24420507,-0.07420507
0.13,0.16650937,-0.03650938
0.11,0.1253677,-0.015367702
0.07,0.11535352,-0.045353517
0.07,0.056792773,0.013207227
0.09,0.069733165,0.020266838
0.06,0.09534341,-0.035343412
0.05,0.04270962,0.007290382
0.06,0.04904832,0.010951679
0.03,0.05455038,-0.02455038
0.01,0.017371379,-0.007371379
0.01,0.0,0.01
0.0,0.01292645,-0.01292645
0.01,0.0,0.01
0.01,0.006294626,0.003705374
0.01,0.013756323,-0.003756323
0.01,0.01065371,-0.0006537102
0.01,0.0,0.01
0.01,0.0034868736,0.006513126
0.01,0.0015377346,0.008462265
0.01,0.0,0.01
0.01,0.0016972851,0.008302715
0.01,0.0020211171,0.007978883
0.01,0.0034853294,0.0065146703
0.01,0.0,0.01
0.01,0.025294783,-0.015294783
0.01,0.0004689768,0.009531023
0.01,0.0023233742,0.0076766256
0.01,0.0068034474,0.0031965524
0.01,0.010031842,-3.184192e-05
0.01,0.0055056494,0.0044943504
0.01,0.005439289,0.004560711
0.01,0.007116515,0.0028834846
0.01,0.0050507803,0.0049492195
0.01,0.0066219056,0.0033780942
0.01,0.007169094,0.0028309058
0.01,0.0056704646,0.004329535
0.01,0.008921957,0.0010780431
0.01,0.01013068,-0.00013068039
0.01,0.008483311,0.0015166886
0.01,0.0064382227,0.003561777
0.01,0.005639187,0.0043608127
0.01,0.0077255173,0.0022744825
0.01,0.0091908155,0.0008091843
0.01,0.011867675,-0.0018676752
0.01,0.014423425,-0.0044234255
0.01,0.0061507,0.0038492996
0.01,0.004907949,0.005092051
0.01,0.010970686,-0.00097068585
0.01,0.006425457,0.0035745427
0.01,0.008015031,0.0019849688
0.0,0.0107928645,-0.0107928645
0.01,0.003959762,0.006040238
0.01,0.0036863927,0.006313607
0.02,0.007479719,0.012520281
0.06,0.017773004,0.042226993
0.17,0.0571047,0.1128953
0.27,0.18669917,0.083300844
0.17,0.28622308,-0.11622308
0.09,0.16549063,-0.07549062
0.12,0.10025423,0.019745767
0.08,0.13165885,-0.051658854
0.12,0.07378431,0.04621569
0.1,0.12146154,-0.021461539
0.08,0.10963865,-0.029638655
0.04,0.080931574,-0.040931575
0.14,0.043342743,0.09665726
0.18,0.15618245,0.023817554
0.13,0.18952851,-0.059528515
0.07,0.12501593,-0.05501593
0.06,0.060089506,-8.950755e-05
0.07,0.06413166,0.005868338
0.11,0.06841334,0.04158666
0.16,0.11258064,0.047419354
0.23,0.16339344,0.06660657
0.37,0.2389295,0.13107051
0.36,0.38655588,-0.026555866
0.34,0.35503134,-0.015031338
0.33,0.34338644,-0.013386428
0.3,0.32305408,-0.023054063
0.36,0.2930317,0.06696832
0.37,0.35249716,0.017502844
0.39,0.3543763,0.0356237
0.41,0.36936697,0.040633023
0.35,0.4011185,-0.051118493
0.43,0.33424422,0.095755786
0.44,0.430382,0.009617984
0.45,0.42141676,0.028583229
0.42,0.42604524,-0.006045252
0.5,0.39922625,0.10077375
0.38,0.48206967,-0.102069676
0.48,0.3492837,0.1307163
0.5,0.46079654,0.039203465
0.42,0.47419512,-0.054195136
0.43,0.39483342,0.03516659
0.6,0.4216707,0.17832932
0.73,0.5771282,0.15287185
0.67,0.7210056,-0.051005602
0.51,0.6231537,-0.113153696
0.64,0.48586094,0.15413904
0.73,0.62148947,0.108510554
0.77,0.6813928,0.08860719
0.65,0.7132676,-0.06326765
0.66,0.6195462,0.04045385
0.76,0.63344055,0.12655944
0.73,0.7224903,0.0075097084
0.69,0.68007386,0.00992614
0.66,0.6645257,-0.0045256615
0.61,0.61677706,-0.006777048
0.63,0.5700606,0.059939384
0.7,0.5902524,0.10974759
0.66,0.6666709,-0.0066708922
0.61,0.60544467,0.0045553446
0.68,0.5739133,0.10608673
0.7,0.6437626,0.0562374
0.76,0.66234696,0.09765303
0.77,0.7180542,0.051945806
0.78,0.7165276,0.06347239
0.79,0.7326479,0.057352126
0.75,0.7417269,0.008273125
0.8,0.70201135,0.097988665
0.8,0.75692964,0.043070376
0.85,0.74462557,0.105374455
0.88,0.7991303,0.080869675
0.77,0.83082306,-0.060823083
0.85,0.71582305,0.13417697
0.88,0.8111397,0.06886029
0.78,0.82094574,-0.04094577
0.87,0.7275645,0.14243549
0.9,0.83213866,0.06786132
0.92,0.83534163,0.084658384
0.87,0.85541177,0.014588237
0.96,0.81769484,0.14230514
0.97,0.9125753,0.057424724
0.97,0.9057129,0.064287126
0.96,0.9055062,0.054493785
0.91,0.90422386,0.005776167
0.89,0.85517216,0.03482783
0.94,0.83541846,0.104581535
0.96,0.8892632,0.070736766
0.97,0.899806,0.070194006
0.96,0.9103979,0.04960209
0.94,0.9025664,0.037433624
0.94,0.8813181,0.058681905
0.97,0.88895416,0.081045866
0.96,0.9114497,0.048550308
0.95,0.89977324,0.050226748
0.95,0.89268076,0.057319224
0.93,0.89458305,0.03541696
0.97,0.87153745,0.09846258
0.95,0.91787404,0.03212595
0.95,0.887931,0.062069
0.93,0.8939316,0.03606838
0.9,0.8747723,0.025227666
0.78,0.8474521,-0.06745213
0.72,0.7291225,-0.009122491
0.74,0.680122,0.05987799
0.75,0.6993381,0.05066192
0.82,0.70382464,0.11617535
0.88,0.77403677,0.10596323
0.88,0.82499015,0.055009842
0.88,0.8218448,0.05815518
0.84,0.8275485,0.01245147
0.87,0.7894031,0.080596924
0.75,0.81707215,-0.06707215
0.76,0.69528425,0.06471574
0.81,0.71840674,0.091593266
0.76,0.762959,-0.002959013
0.82,0.7030198,0.116980195
0.87,0.7814005,0.0885995
0.9,0.81844294,0.081557035
0.95,0.8442407,0.10575926
0.97,0.8944895,0.0755105
0.96,0.90794504,0.05205494
0.97,0.8973602,0.07263982
0.97,0.91047883,0.0595212
0.84,0.9073267,-0.067326725
0.73,0.7828126,-0.052812576
0.6,0.6836808,-0.08368075
0.61,0.5586052,0.05139482
0.73,0.5777645,0.15223551
0.78,0.6954842,0.08451575
0.75,0.7305589,0.019441128
0.68,0.7010357,-0.021035671
0.72,0.63883626,0.081163764
0.72,0.6813546,0.038645446
0.94,0.6710432,0.26895678
0.9,0.89267373,0.0073262453
0.97,0.8272161,0.14278394
0.97,0.91178095,0.058219075
0.97,0.9071295,0.0628705
0.97,0.9091344,0.06086564
0.91,0.9157973,-0.005797267
0.88,0.8533265,0.026673496
0.93,0.8289962,0.101003826
0.97,0.87879246,0.091207564
0.97,0.9125745,0.0574255
0.97,0.9105181,0.05948192
0.97,0.9131912,0.05680883
0.97,0.91128,0.058720052
0.97,0.91306704,0.056932986
0.97,0.906514,0.06348604
0.97,0.9130926,0.056907415
0.97,0.906164,0.06383604
0.97,0.91577834,0.05422169
0.85,0.9110412,-0.061041176
0.61,0.79792094,-0.18792093
0.58,0.56073624,0.019263744
0.71,0.55576485,0.15423512
0.76,0.67115164,0.08884835
0.93,0.7105267,0.2194733
0.95,0.88743436,0.062565625
0.97,0.89191294,0.07808709
0.97,0.915048,0.054952025
0.96,0.90934634,0.050653636
0.97,0.9011248,0.06887525
0.97,0.90568197,0.06431806
0.97,0.90559304,0.06440699
0.97,0.90769875,0.062301278
0.97,0.9133065,0.056693554
0.97,0.9122359,0.057764113
0.97,0.91710037,0.05289966
0.95,0.9151283,0.034871697
0.95,0.8935036,0.05649638
0.92,0.8957793,0.024220705
0.93,0.8596732,0.070326805
0.96,0.8779468,0.082053185
0.97,0.9025266,0.06747341
0.94,0.9102502,0.02974981
0.97,0.88047445,0.08952558
0.96,0.91329116,0.046708822
0.96,0.8975948,0.06240517
0.84,0.9052126,-0.06521261
0.75,0.7848174,-0.034817398
0.91,0.7102158,0.19978422
0.94,0.8712089,0.06879109
0.96,0.8741946,0.08580536
0.96,0.9011831,0.05881685
0.96,0.9004013,0.059598684
0.96,0.8993653,0.060634673
0.91,0.90195596,0.008044064
0.87,0.8562038,0.01379621
0.84,0.81847024,0.021529734
0.93,0.7875197,0.14248031
0.93,0.87696314,0.05303687
0.95,0.87271297,0.07728702
0.94,0.8919386,0.04806137
0.95,0.8828031,0.067196906
0.95,0.8948159,0.055184066
0.93,0.8915967,0.038403332
0.93,0.8747792,0.055220783
0.94,0.8736795,0.06632048
0.93,0.88259447,0.04740554
0.89,0.8720058,0.017994165
0.83,0.83611906,-0.0061190724
0.93,0.779691,0.15030903
0.95,0.8838261,0.06617391
0.88,0.88682777,-0.0068277717
0.8,0.8218301,-0.021830082
0.82,0.75478125,0.06521875
0.79,0.7756172,0.014382839
0.65,0.74069417,-0.09069419
0.6,0.60264456,-0.0026445389
0.52,0.5663718,-0.046371818
0.55,0.48096728,0.06903273
0.62,0.51765525,0.10234475
0.55,0.5846416,-0.034641564
0.39,0.50979763,-0.11979765
0.14,0.3614151,-0.22141509
0.07,0.12598577,-0.05598577
0.07,0.07593207,-0.0059320703
0.13,0.07276339,0.057236604
0.2,0.12144693,0.07855307
0.19,0.20709346,-0.017093465
0.13,0.20059448,-0.07059449
0.07,0.12105315,-0.05105315
0.01,0.0645033,-0.0545033
0.01,0.0030064788,0.006993521
0.01,0.0,0.01
0.01,0.0,0.01
0.07,0.0,0.07
0.15,0.068401895,0.08159811
0.22,0.15797006,0.062029943
0.25,0.22977279,0.020227209
0.14,0.25612912,-0.116129115
0.12,0.13559064,-0.015590645
0.13,0.12032738,0.009672612
0.25,0.12763603,0.12236397
0.19,0.25660264,-0.06660265
0.28,0.18703817,0.09296183
0.42,0.2834644,0.13653558
0.45,0.4150765,0.034923494
0.53,0.43626982,0.09373015
0.6,0.5249275,0.07507253
0.6,0.5812074,0.01879263
0.5,0.57669425,-0.07669425
0.53,0.47281736,0.05718261
0.7,0.51459336,0.18540663
0.81,0.66726524,0.14273477
0.91,0.7659857,0.1440143
0.98,0.875659,0.10434103
0.97,0.9341724,0.035827637
0.97,0.90974015,0.06025988
0.97,0.9246553,0.04534471
0.97,0.92004883,0.049951196
0.97,0.91665435,0.05334568
0.97,0.9070616,0.06293845
0.97,0.9112224,0.05877763
0.97,0.9104786,0.059521437
0.97,0.91748416,0.052515864
0.97,0.91808105,0.051918983
0.97,0.9203317,0.049668312
0.97,0.91471463,0.055285394
0.97,0.91573226,0.054267764
0.97,0.9181766,0.051823437
0.97,0.91039973,0.059600294
0.93,0.9142144,0.015785635
0.92,0.87014943,0.049850583
0.92,0.8716459,0.04835409
0.94,0.8672236,0.07277638
0.97,0.8859961,0.084003925
0.97,0.91430724,0.055692792
0.91,0.9097931,0.00020694733
0.6,0.8564099,-0.25640988
0.67,0.55126613,0.11873388
0.78,0.6481304,0.13186955
0.63,0.7356899,-0.10568988
0.73,0.56912977,0.16087025
0.83,0.6998303,0.13016969
0.96,0.777776,0.18222398
0.88,0.9316945,-0.051694512
0.84,0.8215965,0.01840347
0.88,0.79154503,0.08845496
0.81,0.82747066,-0.017470658
0.69,0.7469404,-0.056940377
0.71,0.6441997,0.06580025
0.91,0.6763835,0.23361653
0.97,0.8549653,0.1150347
0.97,0.9163101,0.053689957
0.97,0.91561675,0.054383278
0.97,0.91611624,0.05388379
0.97,0.9094223,0.06057775
0.97,0.906975,0.06302506
0.97,0.9140086,0.05599141
0.97,0.9060463,0.06395376
0.96,0.9068084,0.053191602
0.97,0.90017974,0.069820285
0.97,0.9141191,0.055880904
0.97,0.9116253,0.058374703
0.91,0.9155792,-0.0055791736
0.73,0.85168207,-0.12168205
0.5,0.6840334,-0.1840334
0.41,0.461619,-0.051618993
0.46,0.3901496,0.069850415
0.59,0.4399016,0.15009838
0.64,0.55169636,0.088303626
0.62,0.60186017,0.01813984
0.55,0.57774734,-0.027747333
0.68,0.5195153,0.16048473
0.68,0.6483099,0.03169012
0.63,0.63271457,-0.0027145743
0.54,0.58807755,-0.048077524
0.53,0.5039352,0.026064754
0.5,0.4956739,0.004326105
0.73,0.45650476,0.27349526
0.69,0.70539224,-0.015392244
0.83,0.6443975,0.18560249
0.82,0.80125964,0.018740356
0.83,0.7675743,0.062425673
0.71,0.78249675,-0.07249677
0.35,0.6648821,-0.31488213
0.22,0.3072913,-0.0872913
0.28,0.2074889,0.07251111
0.42,0.2704001,0.14959988
0.45,0.3939269,0.0560731
0.3,0.41733325,-0.11733323
0.5,0.2881171,0.21188289
0.75,0.5073859,0.24261409
0.64,0.7510804,-0.11108041
0.76,0.60718715,0.15281284
0.75,0.7535747,-0.003574729
0.86,0.6798579,0.1801421
0.78,0.8179347,-0.03793472
0.71,0.72601676,-0.016016781
0.75,0.6731616,0.076838374
0.83,0.7091967,0.1208033
0.83,0.7896975,0.040302455
0.75,0.79065496,-0.040654957
0.69,0.71898496,-0.028984964
0.59,0.6462947,-0.05629474
0.37,0.5531912,-0.18319118
0.16,0.34023643,-0.18023643
0.5,0.1475697,0.35243028
0.75,0.4923978,0.2576022
0.77,0.7245991,0.045400858
0.84,0.7668735,0.073126495
0.84,0.7967126,0.043287396
0.91,0.797223,0.112777054
0.86,0.8560145,0.003985524
0.5,0.8073243,-0.3073243
0.41,0.44873828,-0.03873828
0.26,0.39620113,-0.13620114
0.47,0.22807434,0.24192566
0.95,0.465218,0.48478198
0.81,0.94724375,-0.13724375
0.71,0.7717569,-0.06175691
0.45,0.693352,-0.243352
0.41,0.40362945,0.0063705444
0.19,0.37912238,-0.18912238
0.05,0.16697012,-0.11697012
0.01,0.058071174,-0.048071176
0.01,0.0015757345,0.008424265
0.01,0.022902267,-0.012902267
0.01,0.039472908,-0.029472908
0.01,0.05562359,-0.045623593
0.01,0.017855966,-0.007855967
0.01,0.04896543,-0.038965434
0.01,0.028529784,-0.018529784
0.01,0.008912526,0.0010874737
0.2,0.016152345,0.18384767
0.97,0.20792589,0.7620741
0.98,0.9148783,0.06512171
0.94,0.9553042,-0.015304208
0.64,0.92974377,-0.28974378
0.67,0.6009845,0.0690155
0.75,0.6666338,0.083366215
0.97,0.73096406,0.23903596
0.95,0.9498956,0.00010436773
0.95,0.8773701,0.07262987
0.95,0.89611924,0.05388075
0.97,0.8922622,0.07773781
0.97,0.92643154,0.043568492
0.97,0.919241,0.050759017
0.97,0.90214413,0.067855895
0.97,0.90786284,0.062137187
0.97,0.9023584,0.067641616
0.97,0.9296746,0.040325403
0.97,0.90110743,0.0688926
0.97,0.9203122,0.049687803
0.97,0.9003978,0.06960225
0.97,0.9293016,0.04069841
0.97,0.90854853,0.061451495
0.96,0.91828644,0.041713536
0.85,0.8978839,-0.04788387
0.68,0.8129382,-0.1329382
0.33,0.6295583,-0.2995583
0.15,0.3029173,-0.1529173
0.01,0.1557184,-0.1457184
0.25,0.030883832,0.21911617
0.32,0.2593795,0.060620487
0.14,0.325809,-0.185809
0.34,0.14658856,0.19341144
0.34,0.34412217,-0.004122168
0.45,0.31513458,0.1348654
0.62,0.4540736,0.1659264
0.11,0.6151842,-0.5051842
0.53,0.09500559,0.4349944
0.01,0.54525685,-0.53525686
0.01,0.0175647,-0.007564701
0.01,0.063250676,-0.053250678
0.01,0.026359517,-0.016359517
0.01,0.07896978,-0.06896978
0.01,0.04557112,-0.03557112
0.73,0.023534657,0.70646536
0.57,0.71866596,-0.14866596
0.81,0.53348297,0.27651703
0.98,0.8434386,0.1365614
0.9,0.9125135,-0.012513518
0.76,0.85342973,-0.093429744
0.58,0.6875435,-0.10754353
0.49,0.57093865,-0.08093864
0.32,0.45038408,-0.13038409
0.49,0.3283192,0.16168082
0.61,0.4780361,0.13196391
0.6,0.5999488,5.120039e-05
0.45,0.57019186,-0.12019187
0.45,0.4230269,0.026973099
0.39,0.42608178,-0.03608179
0.42,0.36532447,0.05467552
0.41,0.37483823,0.035161763
0.45,0.38706565,0.06293434
0.4,0.44516045,-0.045160443
0.32,0.3573019,-0.037301898
0.32,0.3075358,0.0124641955
0.31,0.29354906,0.016450942
0.4,0.32769018,0.07230982
0.37,0.3780328,-0.008032799
0.42,0.3771818,0.04281819
0.37,0.39964703,-0.029647022
0.33,0.3484947,-0.018494695
0.29,0.3265187,-0.036518723
0.3,0.26106212,0.038937896
0.37,0.30439746,0.06560254
0.35,0.33380198,0.01619801
0.23,0.34298903,-0.11298902
0.22,0.21638098,0.0036190152
0.24,0.23961471,0.00038528442
0.21,0.2376031,-0.027603105
0.25,0.18136863,0.068631366
0.3,0.23655976,0.06344025
0.28,0.30300647,-0.023006469
0.26,0.26035473,-0.00035473704
0.23,0.25604767,-0.026047662
0.26,0.22922143,0.030778557
0.27,0.2490341,0.020965904
0.26,0.26285568,-0.0028556883
0.24,0.25224116,-0.01224117
0.19,0.252639,-0.062639
0.25,0.16176309,0.08823691
0.15,0.25562254,-0.10562253
0.11,0.14518067,-0.035180673
0.14,0.11100897,0.028991029
0.17,0.14108595,0.02891405
0.15,0.16901146,-0.019011453
0.18,0.14571148,0.034288526
0.24,0.1926998,0.04730019
0.26,0.22456487,0.035435125
0.23,0.25842252,-0.02842252
0.19,0.22182216,-0.03182216
0.23,0.1817803,0.04821971
0.21,0.23682867,-0.026828676
0.15,0.20271385,-0.05271384
0.18,0.15921234,0.020787671
0.23,0.18051158,0.049488425
0.14,0.23759933,-0.09759933
0.17,0.12763786,0.04236214
0.15,0.17789872,-0.027898714
0.13,0.15167211,-0.021672115
0.21,0.12442514,0.08557485
0.18,0.20615134,-0.02615133
0.16,0.18756995,-0.02756995
0.17,0.15526329,0.014736712
0.21,0.18011907,0.029880926
0.13,0.20738538,-0.07738538
0.14,0.12764429,0.012355715
0.23,0.13833025,0.09166975
0.24,0.24112521,-0.0011252165
0.23,0.23862343,-0.008623421
0.34,0.22206147,0.11793853
0.34,0.3558821,-0.015882105
0.21,0.31182736,-0.10182737
0.2,0.20768447,-0.007684469
0.27,0.1896141,0.08038591
0.32,0.27292728,0.04707271
0.28,0.2998051,-0.019805104
0.25,0.27603555,-0.026035547
0.19,0.25927386,-0.06927386
0.27,0.18245971,0.0875403
0.24,0.26875356,-0.028753564
0.18,0.22536696,-0.045366958
0.11,0.18469743,-0.074697435
0.2,0.09311605,0.10688395
0.2,0.21318331,-0.013183311
0.19,0.18960734,0.0003926605
0.11,0.19372474,-0.08372474
0.18,0.10370017,0.07629984
0.19,0.19453584,-0.004535839
0.2,0.19317983,0.006820172
0.18,0.19455202,-0.014552012
0.14,0.18960284,-0.049602836
0.13,0.15691543,-0.026915431
0.12,0.12152227,-0.0015222728
0.11,0.12469185,-0.014691852
0.06,0.11922018,-0.059220184
0.03,0.043232918,-0.013232918
0.01,0.030395536,-0.020395536
0.01,0.006611405,0.0033885948
0.01,0.013840642,-0.003840642
0.01,0.015054693,-0.0050546937
0.01,0.011713874,-0.0017138738
0.01,0.0,0.01
0.01,0.00454551,0.00545449
0.01,0.020697758,-0.010697758
0.01,0.0,0.01
0.01,0.0,0.01
0.01,0.010639603,-0.0006396035
0.01,0.01691482,-0.0069148205
0.03,0.0,0.03
0.09,0.020748274,0.06925173
0.16,0.097326204,0.06267379
0.17,0.16815557,0.0018444359
0.29,0.17850764,0.11149235
0.51,0.30627662,0.20372337
0.61,0.5079607,0.10203934
0.72,0.61768025,0.10231978
0.8,0.7164615,0.08353853
0.82,0.7747511,0.045248866
0.88,0.7726214,0.1073786
0.77,0.8435298,-0.07352984
0.81,0.7252406,0.084759414
0.89,0.7847856,0.10521436
0.96,0.8446161,0.11538386
0.96,0.90418005,0.05581993
0.96,0.9096197,0.05038029
0.97,0.90869653,0.061303496
0.98,0.91800976,0.06199026
0.98,0.9264152,0.053584814
0.97,0.9221958,0.047804236
0.97,0.907803,0.06219703
0.97,0.91251373,0.057486296
0.97,0.9107053,0.0592947
0.97,0.9171871,0.052812934
0.97,0.9152965,0.054703534
0.97,0.92063904,0.04936099
0.97,0.91312265,0.056877375
0.97,0.91822404,0.051775992
0.97,0.9146224,0.055377603
0.97,0.915241,0.054759026
0.97,0.91137123,0.058628798
0.97,0.91551554,0.054484487
0.97,0.91079533,0.059204698
0.97,0.9145489,0.055451155
0.97,0.9102646,0.059735417
0.97,0.9117385,0.058261514
0.97,0.91207194,0.057928085
0.97,0.9137709,0.056229115
0.97,0.9120028,0.057997227
0.97,0.9120254,0.057974637
0.97,0.9119638,0.05803621
0.97,0.9108499,0.0591501
0.97,0.9119458,0.05805421
0.97,0.9103861,0.059613943
0.97,0.9123821,0.057617903
0.97,0.91218495,0.057815075
0.97,0.91236866,0.057631373
0.97,0.9112047,0.058795333
0.97,0.9117049,0.05829513
0.97,0.9120615,0.057938516
0.97,0.91125417,0.05874586
0.97,0.9107827,0.059217334
0.97,0.9118898,0.058110237
0.97,0.91236234,0.05763769
0.97,0.91145784,0.058542192
0.97,0.9119234,0.05807662
0.97,0.91188085,0.058119178
0.97,0.91180784,0.058192194
0.97,0.9117788,0.05822122
0.97,0.9115461,0.058453918
0.97,0.91201997,0.05798006
0.97,0.91221076,0.057789266
0.97,0.91190696,0.05809307
0.97,0.9119353,0.0580647
0.97,0.91175365,0.058246374
0.97,0.9121596,0.057840407
0.97,0.9118489,0.058151126
0.97,0.91181904,0.058180988
0.97,0.9119059,0.058094144
0.97,0.91176546,0.058234572
0.97,0.91217005,0.057829976
0.97,0.9118595,0.058140516
0.97,0.9118463,0.05815375
0.97,0.912136,0.05786401
0.97,0.9119638,0.05803621
0.97,0.9119463,0.058053732
0.97,0.91197956,0.058020473
0.97,0.91197443,0.0580256
0.97,0.9119323,0.05806774
0.97,0.91199255,0.05800748
0.97,0.9119725,0.058027506
0.97,0.91183364,0.058166385
0.97,0.9120784,0.057921648
0.97,0.91200423,0.057995796
0.97,0.911982,0.05801803
0.97,0.9119797,0.058020353
0.97,0.9119484,0.058051646
0.97,0.91201663,0.0579834
0.97,0.91198313,0.058016896
0.97,0.9119965,0.058003545
0.97,0.91187376,0.05812627
0.97,0.91205585,0.05794418
0.97,0.9119681,0.058031917
0.97,0.9119781,0.058021903
0.97,0.9120201,0.05797994
0.97,0.91195816,0.05804187
0.97,0.91203237,0.057967663
0.97,0.91198087,0.05801916
0.97,0.91197217,0.058027864
0.97,0.9119966,0.058003426
0.97,0.91199327,0.058006763
0.97,0.9120016,0.05799842
0.97,0.91195345,0.05804658
0.97,0.9119979,0.058002114
0.97,0.9120053,0.057994723
0.97,0.9119788,0.058021247
0.97,0.9119781,0.058021903
0.97,0.91198814,0.05801189
0.97,0.911999,0.05800104
0.97,0.91197646,0.058023572
0.97,0.91201115,0.057988882
0.97,0.91197,0.05803001
0.97,0.9119936,0.058006406
0.97,0.9120017,0.0579983
0.96,0.9119905,0.048009455
0.97,0.90212125,0.06787878
0.96,0.91320443,0.046795547
0.88,0.9015071,-0.021507084
0.89,0.8239971,0.066002905
0.85,0.8431678,0.006832242
0.82,0.7969231,0.023076892
0.68,0.77159977,-0.09159976
0.61,0.6338986,-0.023898602
0.6,0.5759193,0.024080753
0.26,0.5636405,-0.30364048
0.26,0.22753163,0.032468364
0.31,0.26038,0.049620003
0.39,0.29431766,0.09568232
0.39,0.38107687,0.008923113
0.32,0.3688603,-0.04886031
0.27,0.309893,-0.039893
0.32,0.25217807,0.06782192
0.38,0.30445325,0.07554674
0.3,0.35538125,-0.05538124
0.24,0.28689992,-0.04689993
0.22,0.22461931,-0.0046193153
0.29,0.2059668,0.08403319
0.33,0.2851682,0.044831812
0.46,0.31381586,0.14618415
0.61,0.45331714,0.15668288
0.56,0.60122424,-0.04122424
0.22,0.53902435,-0.31902435
0.1,0.18801576,-0.08801576
0.23,0.10936638,0.120633624
0.26,0.22143485,0.038565144
0.22,0.24382888,-0.023828879
0.18,0.20518665,-0.025186643
0.16,0.19185914,-0.031859145
0.22,0.16134015,0.05865985
0.36,0.2190517,0.14094831
0.42,0.37206042,0.04793957
0.47,0.4207359,0.049264103
0.57,0.4574108,0.11258918
0.55,0.5413383,0.008661687
0.52,0.51594186,0.0040581226
0.5,0.49180576,0.008194238
0.44,0.48790932,-0.04790932
0.34,0.40900102,-0.06900102
0.22,0.31913298,-0.099132985
0.26,0.20989007,0.050109923
0.25,0.27047506,-0.02047506
0.23,0.244791,-0.014790997
0.25,0.22438566,0.025614336
0.15,0.24388036,-0.093880355
0.07,0.13283654,-0.062836535
0.18,0.049884725,0.13011529
0.12,0.17951205,-0.059512056
0.18,0.11292621,0.0670738
0.01,0.18339567,-0.17339566
0.01,0.0027113315,0.0072886683
0.01,0.018864432,-0.008864433
0.13,0.008674612,0.12132538
0.09,0.1456015,-0.055601493
0.1,0.09954314,0.00045686215
0.12,0.11575614,0.004243858
0.18,0.10524018,0.074759826
0.17,0.19691229,-0.026912287
0.15,0.18355371,-0.033553705
0.16,0.15431,0.0056899935
0.15,0.15120797,-0.0012079626
0.11,0.14881462,-0.03881462
0.11,0.10624918,0.003750816
0.11,0.11346382,-0.0034638196
0.09,0.10763035,-0.017630346
0.07,0.08701503,-0.017015032
0.07,0.06986943,0.00013057142
0.07,0.080861,-0.010861002
0.05,0.074372984,-0.024372984
0.06,0.029829582,0.030170416
0.04,0.066324726,-0.026324727
0.03,0.03060545,-0.00060545094
0.03,0.028343925,0.0016560741
0.04,0.026504433,0.013495566
0.09,0.044826858,0.045173146
0.23,0.08823897,0.14176103
0.28,0.24447897,0.03552103
0.1,0.2979967,-0.1979967
0.04,0.08955654,-0.04955654
0.03,0.05882541,-0.028825412
0.01,0.031947896,-0.021947896
0.01,0.0005984362,0.009401564
0.01,0.0,0.01
0.01,0.016514277,-0.0065142773
0.01,0.02145183,-0.011451831
0.01,0.02355344,-0.013553441
0.01,0.023230512,-0.013230512
0.01,0.0062052216,0.0037947781
0.01,0.0,0.01
0.01,0.015674774,-0.005674774
0.01,0.0033896286,0.006610371
0.01,0.003916478,0.006083522
0.01,0.017227221,-0.0072272215
0.01,0.013012586,-0.0030125864
0.01,0.011309838,-0.0013098381
0.01,0.0,0.01
0.01,0.02320085,-0.013200849
0.01,0.0,0.01
0.01,0.0056543425,0.0043456573
0.01,0.017636245,-0.0076362453
0.01,0.019389011,-0.009389011
0.01,0.0,0.01
0.01,0.0038924739,0.006107526
0.01,0.0068971086,0.0031028911
0.01,0.014551435,-0.004551435
0.01,0.0078047253,0.0021952745
0.01,0.010718896,-0.0007188963
0.01,0.010072899,-7.2899275e-05
0.01,0.010952712,-0.00095271226
0.01,0.009882628,0.00011737179
0.01,0.0053216387,0.004678361
0.01,0.004685305,0.0053146947
0.01,0.012500897,-0.0025008973
0.01,0.0131201055,-0.0031201057
0.01,0.0,0.01
0.01,0.011734583,-0.0017345836
0.01,0.019332085,-0.009332085
0.01,0.00502369,0.00497631
0.01,0.0013938751,0.008606125
0.01,0.0051952135,0.0048047863
0.01,0.0046733934,0.0053266063
0.01,0.00636122,0.0036387797
0.01,0.018525561,-0.008525562
0.01,0.009817901,0.00018209871
0.01,0.009875851,0.00012414902
0.03,0.0012994912,0.028700508
0.03,0.027854891,0.0021451078
0.03,0.02612245,0.0038775485
0.01,0.036323957,-0.026323957
0.01,0.0,0.01
0.01,0.0120181665,-0.0020181667
0.01,0.0,0.01
0.06,0.01380766,0.04619234
0.11,0.05527538,0.05472462
0.14,0.11682006,0.02317994
0.15,0.15285599,-0.0028559864
0.16,0.15079919,0.009200811
0.14,0.16847625,-0.028476253
0.14,0.14090319,-0.0009031892
0.12,0.14803787,-0.028037868
0.19,0.1240721,0.0659279
0.17,0.19683047,-0.026830465
0.12,0.16292141,-0.042921416
0.08,0.13543047,-0.055430472
0.1,0.0793872,0.020612799
0.19,0.1108249,0.0791751
0.25,0.1894003,0.0605997
0.34,0.26000792,0.079992086
0.29,0.33909392,-0.049093932
0.23,0.2816681,-0.051668093
0.18,0.22279154,-0.04279153
0.16,0.18012299,-0.02012299
0.18,0.157073,0.022927001
0.15,0.17147858,-0.021478578
0.14,0.14902534,-0.009025335
0.14,0.1461144,-0.0061143935
0.12,0.15085067,-0.030850671
0.13,0.12167984,0.008320153
0.13,0.13890404,-0.00890404
0.1,0.13370757,-0.033707567
0.09,0.0967421,-0.0067420974
0.14,0.08409168,0.055908322
0.17,0.14611727,0.023882732
0.27,0.16870417,0.10129584
0.22,0.27732116,-0.05732116
0.21,0.21311742,-0.0031174272
0.23,0.21701089,0.012989119
0.26,0.23109785,0.028902143
0.29,0.25375897,0.036241025
0.27,0.2915755,-0.02157548
0.24,0.267281,-0.027281001
0.22,0.23667158,-0.016671583
0.2,0.21282975,-0.012829751
0.17,0.19352001,-0.023520008
0.14,0.16878685,-0.028786853
0.13,0.13402459,-0.004024595
0.12,0.12859271,-0.008592717
0.13,0.11688242,0.013117574
0.16,0.13091466,0.029085338
0.2,0.16585581,0.034144193
0.16,0.19310729,-0.033107296
0.3,0.15441214,0.14558788
0.45,0.29686087,0.15313911
0.36,0.4547512,-0.09475118
0.57,0.34477618,0.22522381
0.86,0.5646404,0.2953596
0.88,0.84928125,0.030718744
0.93,0.86287594,0.06712407
0.65,0.89131874,-0.24131876
0.55,0.6036798,-0.053679764
0.28,0.52619046,-0.24619046
0.04,0.25418675,-0.21418676
0.01,0.061402425,-0.051402427
0.01,0.02787993,-0.01787993
0.02,0.023022318,-0.0030223187
0.08,0.031107778,0.048892222
0.14,0.09463696,0.04536304
0.19,0.1499176,0.040082395
0.19,0.20767163,-0.01767163
0.23,0.20130804,0.028691962
0.35,0.23907241,0.11092758
0.37,0.34574324,0.024256766
0.37,0.33913255,0.030867457
0.34,0.36006683,-0.020066828
0.38,0.32757074,0.05242926
0.35,0.38261157,-0.03261158
0.4,0.35164303,0.04835698
0.51,0.40455472,0.105445266
0.48,0.49969083,-0.019690841
0.46,0.4645415,-0.0045414865
0.3,0.4329955,-0.13299549
0.22,0.28940803,-0.06940803
0.18,0.19306052,-0.01306051
0.14,0.15792601,-0.017926008
0.1,0.13020846,-0.030208461
0.09,0.0823453,0.007654704
0.09,0.09226627,-0.0022662655
0.04,0.0835431,-0.0435431
0.01,0.055610217,-0.04561022
0.06,0.021268858,0.038731143
0.09,0.051420454,0.03857955
0.18,0.08415188,0.09584813
0.13,0.19911267,-0.06911267
0.12,0.12801698,-0.008016981
0.49,0.12350869,0.36649132
0.59,0.48552677,0.1044732
0.43,0.60117805,-0.17117804
0.32,0.43233,-0.11233002
0.16,0.32721442,-0.16721442
0.15,0.14905944,0.0009405613
0.09,0.14918691,-0.059186906
0.05,0.109535515,-0.059535515
0.1,0.03747271,0.06252729
0.14,0.10873571,0.03126429
0.19,0.14637817,0.043621823
0.38,0.20437475,0.17562525
0.48,0.36854666,0.111453325
0.5,0.48414022,0.015859783
0.44,0.52338636,-0.08338636
0.28,0.4166941,-0.1366941
0.23,0.25765237,-0.027652368
0.19,0.21736605,-0.027366057
0.16,0.17232457,-0.012324572
0.12,0.15946306,-0.039463066
0.09,0.11525715,-0.025257148
0.11,0.09366578,0.01633422
0.09,0.12941352,-0.03941351
0.09,0.092511296,-0.0025112927
0.1,0.10669637,-0.006696366
0.12,0.10473587,0.015264124
0.08,0.1040745,-0.024074502
0.12,0.06406497,0.055935025
0.09,0.11424784,-0.02424784
0.04,0.09359631,-0.05359631
0.03,0.03992623,-0.009926232
0.01,0.026875706,-0.016875707
0.01,0.008236196,0.0017638039
0.01,0.0119047575,-0.0019047577
0.01,0.019627623,-0.0096276235
0.01,0.0068123573,0.0031876424
0.01,0.0,0.01
0.01,0.012380522,-0.002380522
0.01,0.008912383,0.0010876171
0.01,0.0,0.01
0.01,0.0,0.01
0.01,0.009316295,0.0006837044
0.01,0.0058122408,0.004187759
0.01,0.01123471,-0.0012347102
0.01,0.015914137,-0.005914137
0.01,0.0044813063,0.0055186935
0.01,0.00019161217,0.009808388
0.01,0.0046294704,0.0053705294
0.01,0.01310568,-0.0031056805
0.01,0.012135175,-0.0021351753
0.01,0.0051872227,0.004812777
0.01,0.010874095,-0.0008740956
0.01,0.0109643955,-0.0009643957
0.01,0.010823917,-0.00082391687
0.05,0.008467691,0.041532308
0.05,0.04540346,0.0045965426
0.06,0.0467375,0.013262499
0.09,0.0515973,0.038402703
0.08,0.09571074,-0.015710741
0.07,0.089558624,-0.019558623
0.08,0.07596838,0.004031621
0.08,0.08288924,-0.0028892383
0.06,0.080289885,-0.020289887
0.09,0.045298345,0.04470166
0.09,0.10265876,-0.01265876
0.09,0.1003237,-0.010323696
0.09,0.089006536,0.0009934679
0.07,0.10040708,-0.030407079
0.07,0.07646718,-0.0064671785
0.07,0.06763594,0.0023640618
0.06,0.07342836,-0.013428364
0.06,0.05716493,0.0028350689
0.05,0.062156767,-0.012156766
0.05,0.052572444,-0.0025724433
0.07,0.042957164,0.027042836
0.04,0.07079991,-0.03079991
0.05,0.042745043,0.007254958
0.04,0.04995347,-0.009953469
0.01,0.033656985,-0.023656985
0.01,0.010556966,-0.0005569663
0.0,0.010093642,-0.010093642
0.01,0.007253967,0.0027460326
0.01,0.005548207,0.0044517927
0.01,0.0038603153,0.0061396845
0.01,0.007978407,0.002021593
0.01,0.0037980694,0.0062019303
0.01,0.0055881683,0.0044118315
0.01,0.011601683,-0.001601683
0.01,0.009993234,6.7660585e-06
0.01,0.006253735,0.0037462646
0.01,0.0022620726,0.007737927
0.01,0.0076766144,0.0023233853
0.01,0.010275094,-0.00027509406
0.01,0.0049383137,0.005061686
0.0,0.010500574,-0.010500574
0.01,0.0,0.01
0.0,0.011428231,-0.011428231
0.01,0.0014159642,0.008584036
0.0,0.008400185,-0.008400185
0.01,0.0,0.01
0.02,0.010890077,0.009109923
0.11,0.014242464,0.09575754
0.1,0.112705715,-0.0127057135
0.07,0.10491674,-0.034916736
0.05,0.07797547,-0.027975466
0.07,0.046830833,0.023169167
0.06,0.071835145,-0.011835147
0.08,0.05283142,0.02716858
0.06,0.087037385,-0.027037386
0.09,0.055731386,0.034268618
0.08,0.09767565,-0.017675653
0.13,0.07809539,0.051904604
0.32,0.14613836,0.17386164
0.5,0.3298117,0.17018831
0.58,0.5150445,0.06495547
0.52,0.60558534,-0.085585356
0.69,0.50012785,0.18987215
0.62,0.67774636,-0.05774635
0.6,0.57397383,0.02602619
0.47,0.586097,-0.116097
0.34,0.45057362,-0.11057362
0.35,0.32757849,0.022421509
0.35,0.33239442,0.017605573
0.41,0.34140456,0.06859544
0.39,0.39856324,-0.00856325
0.27,0.37399805,-0.103998035
0.33,0.24470703,0.08529298
0.32,0.31963465,0.00036534667
0.46,0.29879636,0.16120365
0.57,0.43366536,0.13633463
0.46,0.55371404,-0.09371403
0.34,0.4244001,-0.08440009
0.57,0.32467997,0.24532002
0.76,0.556818,0.20318198
0.6,0.7496667,-0.14966667
0.41,0.56554925,-0.15554926
0.41,0.40288857,0.00711143
0.53,0.39564064,0.13435933
0.6,0.50305575,0.09694427
0.6,0.5656057,0.034394324
0.72,0.58679307,0.13320696
0.42,0.6757555,-0.2557555
0.43,0.36552906,0.06447095
0.89,0.41638774,0.47361225
0.98,0.86775756,0.11224246
0.97,0.93815625,0.03184378
0.67,0.94058496,-0.27058494
0.42,0.61822397,-0.19822398
0.4,0.3851211,0.014878899
0.32,0.37332737,-0.05332738
0.22,0.29649025,-0.07649025
0.39,0.21090077,0.17909922
0.82,0.38570046,0.43429953
0.97,0.8338851,0.13611495
0.97,0.97428465,-0.0042846203
0.98,0.9161749,0.06382513
0.91,0.9384911,-0.02849108
0.97,0.8401413,0.12985873
0.97,0.9045422,0.06545782
0.97,0.91041774,0.059582293
0.97,0.9005089,0.06949115
0.97,0.9058475,0.06415254
0.96,0.9154637,0.044536293
0.97,0.9182174,0.051782608
0.97,0.9277858,0.042214215
0.97,0.9163061,0.05369395
0.96,0.9096545,0.05034548
0.93,0.90223837,0.027761638
0.95,0.86606055,0.08393943
0.96,0.89498246,0.06501752
0.94,0.9024793,0.037520707
0.97,0.87791336,0.09208667
0.95,0.91481113,0.035188854
0.96,0.8910625,0.06893748
0.97,0.9047061,0.06529391
0.87,0.9164506,-0.046450615
0.82,0.818334,0.0016660094
0.91,0.7812475,0.12875253
0.89,0.8608887,0.029111266
0.91,0.82338977,0.08661026
0.89,0.85991824,0.030081749
0.89,0.8384515,0.05154848
0.85,0.8342379,0.01576215
0.78,0.7981343,-0.018134356
0.77,0.7331061,0.036893904
0.75,0.7306275,0.019372523
0.7,0.70350635,-0.0035063624
0.62,0.65103716,-0.031037152
0.59,0.5764525,0.01354748
0.51,0.5560082,-0.04600823
0.47,0.47087383,-0.0008738339
0.43,0.44084704,-0.010847032
0.35,0.40343052,-0.053430527
0.32,0.3234679,-0.0034679174
0.28,0.29735488,-0.017354876
0.27,0.26459476,0.005405247
0.26,0.253164,0.006835997
0.21,0.24307734,-0.033077344
0.16,0.19398296,-0.033982962
0.12,0.1502976,-0.0302976
0.09,0.10996406,-0.019964054
0.07,0.08278718,-0.012787178
0.08,0.063210644,0.016789354
0.04,0.0751162,-0.035116203
0.03,0.027060172,0.0029398277
0.01,0.017881408,-0.007881409
0.01,0.0,0.01
0.0,0.000970928,-0.000970928
0.01,0.0,0.01
0.01,0.0002953615,0.009704638
0.01,0.0,0.01
0.01,0.00699214,0.00300786
0.01,0.00061445124,0.0093855485
0.01,0.0027633589,0.007236641
0.01,0.0012046639,0.008795336
0.01,0.0,0.01
0.01,0.00022728182,0.009772718
0.01,0.0012627337,0.008737266
0.01,0.0047885086,0.005211491
0.01,0.010368757,-0.00036875717
0.01,0.0059683453,0.0040316544
0.02,0.004566064,0.015433935
0.02,0.010513344,0.009486656
0.02,0.0128687965,0.007131203
0.04,0.010705965,0.029294034
0.03,0.037859075,-0.007859075
0.05,0.02012546,0.02987454
0.07,0.048609488,0.021390513
0.06,0.07060641,-0.010606412
0.04,0.056774892,-0.016774893
0.04,0.039863814,0.00013618544
0.03,0.03959892,-0.00959892
0.02,0.026990449,-0.0069904495
0.01,0.01920491,-0.009204911
0.01,0.00832211,0.0016778894
0.01,0.008530553,0.0014694463
0.01,0.005233519,0.004766481
0.0,0.010754703,-0.010754703
0.02,0.00010721944,0.01989278
0.06,0.01838567,0.04161433
0.08,0.05742079,0.022579208
0.04,0.08333445,-0.043334454
0.03,0.037459742,-0.007459743
0.04,0.03195654,0.008043461
0.04,0.038586237,0.0014137626
0.04,0.03993678,6.321818e-05
0.01,0.04234744,-0.03234744
0.0,0.008184837,-0.008184837
0.01,0.0,0.01
0.01,0.010679818,-0.000679818
0.01,0.016077112,-0.0060771126
0.01,0.006309311,0.0036906889
0.01,0.003976509,0.006023491
0.01,0.0016728565,0.008327143
0.01,0.0073548555,0.0026451442
0.01,0.012283249,-0.002283249
0.01,0.008103579,0.0018964205
0.01,0.0072300136,0.0027699862
0.01,0.003360927,0.0066390727
0.01,0.006316362,0.0036836378
0.01,0.010806045,-0.0008060448
0.01,0.010556827,-0.0005568275
0.01,0.0058940127,0.004105987
0.01,0.009281687,0.00071831234
0.01,0.009045256,0.0009547435
0.01,0.005132824,0.0048671756
0.01,0.0055297883,0.0044702115
0.01,0.0062365755,0.0037634242
0.01,0.008315006,0.0016849935
0.01,0.008969655,0.0010303445
0.01,0.007578641,0.0024213586
0.01,0.0066049714,0.0033950284
0.01,0.008865774,0.0011342261
0.01,0.0087893335,0.0012106663
0.01,0.006104406,0.0038955938
0.01,0.0054271035,0.0045728963
0.01,0.008993201,0.0010067988
0.01,0.010173181,-0.0001731813
0.01,0.008577096,0.0014229035
0.01,0.004846804,0.005153196
0.0,0.008634211,-0.008634211
0.01,0.0,0.01
0.0,0.011031896,-0.011031896
0.01,0.0,0.01
0.01,0.008337399,0.0016626008
0.01,0.0071959402,0.0028040595
0.01,0.012101989,-0.0021019895
0.01,0.004554983,0.0054450165
0.01,0.008427895,0.0015721051
0.01,0.0045471545,0.0054528452
0.01,0.0065485593,0.0034514405
0.01,0.010844812,-0.000844812
0.01,0.0075946636,0.0024053361
0.01,0.007851109,0.0021488909
0.01,0.008237451,0.0017625485
0.01,0.006906558,0.003093442
0.01,0.0068091145,0.0031908853
0.01,0.0076203905,0.0023796093
0.01,0.007846888,0.0021531116
0.01,0.008342379,0.001657621
0.01,0.0068717813,0.0031282185
0.0,0.006398957,-0.006398957
0.01,0.0,0.01
0.01,0.008021653,0.001978347
0.01,0.0074088387,0.002591161
0.01,0.006915683,0.0030843168
0.03,0.00799137,0.02200863
0.04,0.026236786,0.0137632135
0.03,0.032777302,-0.0027773026
0.06,0.02584597,0.034154028
0.05,0.060907178,-0.010907177
0.05,0.04771235,0.0022876523
0.06,0.051352035,0.008647963
0.05,0.06106022,-0.011060219
0.03,0.050258674,-0.020258674
0.04,0.024742438,0.015257562
0.01,0.040161308,-0.030161308
0.05,0.00086283125,0.049137168
0.07,0.05252713,0.01747287
0.08,0.06640684,0.01359316
0.06,0.083870515,-0.023870517
0.07,0.056796864,0.013203137
0.01,0.076898925,-0.06689893
0.05,0.0,0.05
0.04,0.053512722,-0.013512723
0.06,0.030830959,0.02916904
0.08,0.061823823,0.018176176
0.06,0.07763568,-0.017635684
0.05,0.06261199,-0.012611989
0.04,0.04566565,-0.0056656525
0.05,0.03953348,0.01046652
0.04,0.04677998,-0.00677998
0.01,0.033159323,-0.023159323
0.04,0.0073903445,0.032609656
0.01,0.034768857,-0.024768857
0.0,0.0055037793,-0.0055037793
0.01,0.004255628,0.0057443716
0.02,0.004520295,0.015479704
0.02,0.015371315,0.0046286844
0.01,0.012002752,-0.0020027524
0.01,0.009965113,3.4886412e-05
0.01,0.0072174203,0.0027825795
0.0,0.004104806,-0.004104806
0.01,0.0006639715,0.009336028
0.01,0.00951787,0.00048212986
0.01,0.0019166227,0.008083377
0.01,0.008634814,0.0013651857
0.01,0.006556073,0.0034439266
0.01,0.013303615,-0.0033036154
0.01,0.0027038734,0.0072961263
0.01,0.010789234,-0.0007892344
0.01,0.0058113113,0.0041886885
0.01,0.007540934,0.002459066
0.01,0.0049141515,0.0050858483
0.01,0.0099476315,5.236827e-05
0.01,0.0072853565,0.0027146433
0.01,0.007986981,0.0020130184
0.01,0.006091384,0.0039086156
0.01,0.011067148,-0.0010671485
0.01,0.0055707693,0.0044292305
0.05,0.007094969,0.042905033
0.06,0.048966095,0.011033904
0.05,0.055646278,-0.005646277
0.04,0.049975395,-0.009975396
0.01,0.040232122,-0.030232122
0.01,0.0068499185,0.0031500813
0.01,0.006468596,0.0035314038
0.01,0.013130626,-0.003130626
0.01,0.005244117,0.0047558825
0.01,0.0060994606,0.0039005391
0.01,0.009409187,0.0005908124
0.02,0.010722704,0.009277295
0.08,0.015495028,0.064504966
0.15,0.077714555,0.07228545
0.22,0.16309214,0.056907862
0.34,0.22939368,0.11060633
0.49,0.35232913,0.13767087
0.58,0.4989289,0.08107108
0.56,0.5836741,-0.02367407
0.51,0.5441656,-0.03416562
0.39,0.49618274,-0.106182754
0.46,0.37215495,0.08784506
0.37,0.45498377,-0.084983766
0.26,0.34784418,-0.08784419
0.2,0.25669786,-0.05669786
0.27,0.2007353,0.06926471
0.54,0.26859593,0.2714041
0.88,0.5533906,0.32660937
0.98,0.86955214,0.11044788
0.98,0.9693855,0.010614514
0.98,0.94875014,0.03124988
0.98,0.91833997,0.06166005
0.97,0.91877097,0.05122906
0.97,0.9169304,0.05306965
0.97,0.9138216,0.05617845
0.97,0.9140252,0.05597484
0.97,0.9124892,0.057510853
0.97,0.93083966,0.03916037
0.97,0.92785954,0.042140484
0.85,0.9263916,-0.07639158
0.72,0.7942653,-0.07426524
0.64,0.67566687,-0.035666883
0.54,0.5946267,-0.054626703
0.58,0.5029603,0.07703966
0.67,0.54716086,0.12283915
0.62,0.6331753,-0.013175309
0.63,0.5737275,0.056272507
0.52,0.6002511,-0.0802511
0.59,0.48388928,0.10611069
0.77,0.5641358,0.20586419
0.96,0.73326325,0.22673672
0.98,0.92467606,0.05532396
0.97,0.9328158,0.03718424
0.97,0.9056537,0.06434631
0.97,0.90987164,0.06012839
0.97,0.9093627,0.060637355
0.97,0.9145244,0.055475652
0.97,0.90943843,0.060561597
0.97,0.9124936,0.057506442
0.97,0.91341746,0.05658257
0.96,0.91992563,0.04007435
0.92,0.9027703,0.017229736
0.81,0.8651123,-0.055112302
0.64,0.75193983,-0.11193985
0.52,0.594382,-0.07438201
0.62,0.4845839,0.13541609
0.61,0.590036,0.01996404
0.56,0.56312084,-0.0031208396
0.51,0.52985954,-0.019859552
0.41,0.47974744,-0.06974745
0.28,0.3856866,-0.105686605
0.29,0.25379214,0.036207855
0.17,0.27529836,-0.105298355
0.06,0.15040492,-0.09040491
0.02,0.052373275,-0.032373276
0.04,0.014887849,0.02511215
0.08,0.050076358,0.02992364
0.01,0.07180942,-0.06180942
0.01,4.7612935e-05,0.009952387
0.0,0.009342641,-0.009342641
0.01,0.0,0.01
0.01,0.010117436,-0.00011743605
0.01,0.011325585,-0.001325585
0.0,0.009431518,-0.009431518
0.01,0.0,0.01
0.0,0.0050944965,-0.0050944965
0.01,0.0,0.01
0.01,0.0036087502,0.0063912496
0.01,0.0,0.01
0.01,0.00643948,0.0035605198
0.01,0.00037504733,0.009624952
0.01,0.0068552177,0.003144782
0.01,0.009994811,5.188398e-06
0.04,0.0,0.04
0.01,0.026369188,-0.016369188
0.01,0.0,0.01
0.0,0.011756043,-0.011756043
0.02,0.0,0.02
0.04,0.024341114,0.015658885
0.08,0.033688188,0.04631181
0.18,0.07924494,0.100755066
0.23,0.18632267,0.04367733
0.17,0.23785499,-0.067854986
0.28,0.16827393,0.111726075
0.27,0.291058,-0.021057993
0.26,0.26743707,-0.00743708
0.33,0.2540563,0.07594371
0.29,0.33301574,-0.04301575
0.26,0.2879074,-0.027907401
0.44,0.26475525,0.17524475
0.41,0.43729046,-0.027290463
0.34,0.39732704,-0.057327032
0.28,0.3290489,-0.0490489
0.36,0.2762096,0.08379042
0.23,0.3524016,-0.12240161
0.28,0.21443234,0.06556766
0.28,0.27624297,0.0037570298
0.36,0.27563024,0.08436978
0.37,0.35756713,0.012432873
0.36,0.3608135,-0.0008134842
0.48,0.3525536,0.12744638
0.76,0.4685345,0.2914655
0.7,0.7379732,-0.037973225
0.82,0.6875907,0.13240927
0.66,0.791993,-0.131993
0.74,0.6194202,0.12057984
0.8,0.7016733,0.09832668
0.91,0.77055264,0.13944739
0.83,0.8575678,-0.027567804
0.81,0.78048134,0.029518664
0.87,0.76714313,0.102856874
0.88,0.83080065,0.049199343
0.92,0.8255228,0.094477236
0.86,0.88161373,-0.021613717
0.87,0.79796576,0.07203424
0.76,0.82178617,-0.061786175
0.68,0.69901615,-0.019016147
0.83,0.6490153,0.18098468
0.84,0.78778726,0.052212715
0.88,0.7833978,0.0966022
0.86,0.82572126,0.03427875
0.8,0.81931174,-0.019311726
0.74,0.7467493,-0.0067492723
0.66,0.69993544,-0.03993541
0.56,0.6138537,-0.05385369
0.6,0.52212137,0.077878654
0.57,0.56513524,0.0048647523
0.56,0.531436,0.028563976
0.52,0.5233177,-0.0033177137
0.4,0.49107248,-0.09107247
0.39,0.3766881,0.013311893
0.46,0.36462915,0.09537086
0.64,0.43365395,0.20634604
0.6,0.61547625,-0.015476227
0.57,0.5602639,0.009736121
0.65,0.53562427,0.11437571
0.68,0.6156565,0.06434351
0.6,0.6298612,-0.029861152
0.46,0.56129026,-0.101290256
0.44,0.4314136,0.008586407
0.23,0.4105159,-0.1805159
0.07,0.2069536,-0.13695359
0.04,0.07600636,-0.03600636
0.03,0.06447224,-0.034472242
0.02,0.03134512,-0.011345122
0.11,0.003849147,0.10615085
0.16,0.117026255,0.042973742
0.24,0.16981208,0.07018791
0.27,0.2402416,0.029758409
0.36,0.26353192,0.09646809
0.47,0.3752407,0.094759285
0.52,0.45874834,0.06125164
0.46,0.49503696,-0.03503695
0.34,0.4318415,-0.09184149
0.27,0.3337026,-0.06370258
0.24,0.26285645,-0.022856459
0.23,0.23135732,-0.001357317
0.23,0.23180522,-0.0018052161
0.29,0.2245831,0.06541689
0.35,0.29418147,0.055818528
0.4,0.33725378,0.06274623
0.37,0.39196762,-0.02196762
0.38,0.3334036,0.046596408
0.39,0.36032718,0.029672801
0.39,0.35482728,0.0351727
0.55,0.36894614,0.18105388
0.58,0.5290667,0.0509333
0.59,0.5423974,0.047602594
0.62,0.564378,0.05562198
0.58,0.6072092,-0.027209222
0.42,0.5471786,-0.12717864
0.39,0.39427054,-0.0042705536
0.27,0.3748277,-0.1048277
0.38,0.2493657,0.1306343
0.31,0.3745935,-0.064593494
0.33,0.27935928,0.050640732
0.45,0.33507818,0.11492181
0.44,0.42536083,0.014639169
0.43,0.41175354,0.018246472
0.5,0.41447705,0.08552295
0.46,0.47965008,-0.019650072
0.42,0.41937065,0.00062933564
0.5,0.38804182,0.111958176
0.54,0.48612952,0.0538705
0.57,0.50303817,0.066961825
0.63,0.54036826,0.08963174
0.76,0.59628403,0.16371596
0.85,0.74239767,0.10760236
0.82,0.810854,0.009145975
0.8,0.7785859,0.021414101
0.89,0.7545584,0.1354416
0.93,0.8458208,0.08417922
0.9,0.8630513,0.03694868
0.94,0.84544975,0.09455025
0.95,0.8805069,0.069493115
0.91,0.8879858,0.0220142
0.95,0.8514236,0.09857637
0.92,0.9080576,0.011942446
0.87,0.8672515,0.0027484894
0.93,0.81532586,0.11467415
0.93,0.8855071,0.0444929
0.94,0.8682845,0.071715474
0.9,0.8854816,0.01451838
0.86,0.8423743,0.01762569
0.71,0.81056166,-0.10056168
0.93,0.6612718,0.2687282
0.93,0.9015849,0.028415084
0.95,0.8597785,0.090221465
0.97,0.89299107,0.07700896
0.97,0.91553813,0.054461896
0.97,0.90904945,0.060950577
0.96,0.912254,0.047746003
0.96,0.90256464,0.057435334
0.94,0.9009917,0.03900832
0.91,0.88013124,0.029868782
0.96,0.85484874,0.105151236
0.92,0.90868586,0.011314154
0.97,0.8655771,0.10442293
0.97,0.91341424,0.05658579
0.97,0.91551375,0.054486275
0.97,0.90782183,0.062178195
0.97,0.9148587,0.05514133
0.97,0.90542305,0.06457698
0.97,0.9154575,0.05454254
0.97,0.9087348,0.06126523
0.97,0.91354537,0.05645466
0.97,0.90929997,0.06070006
0.97,0.91505706,0.054942966
0.97,0.9087865,0.061213553
0.97,0.9148457,0.055154324
0.97,0.9111412,0.05885881
0.97,0.914185,0.05581504
0.97,0.9117111,0.05828893
0.97,0.91189057,0.058109462
0.97,0.9124213,0.057578743
0.97,0.9107896,0.05921042
0.97,0.91102135,0.058978677
0.97,0.9119793,0.05802071
0.97,0.91235346,0.057646573
0.97,0.9130731,0.056926906
0.97,0.9118757,0.058124304
0.97,0.9111839,0.058816135
0.97,0.9125991,0.05740094
0.97,0.91260165,0.05739838
0.97,0.9112583,0.05874175
0.97,0.9114277,0.058572352
0.97,0.91303086,0.056969166
0.97,0.9109777,0.059022307
0.97,0.9128537,0.05714631
0.97,0.9121318,0.057868242
0.97,0.9115975,0.05840254
0.97,0.911644,0.058356047
0.97,0.91223377,0.05776626
0.97,0.911765,0.05823505
0.97,0.91179836,0.05820167
0.97,0.9126523,0.057347715
0.97,0.9111763,0.058823705
0.97,0.91195536,0.058044672
0.97,0.912279,0.05772102
0.97,0.911902,0.05809802
0.93,0.9118358,0.018164217
0.96,0.87276804,0.087231934
0.97,0.9064497,0.06355035
0.97,0.9106246,0.059375405
0.96,0.91111356,0.04888642
0.94,0.9022861,0.037713885
0.94,0.88303995,0.056960046
0.94,0.88576454,0.05423546
0.97,0.8834829,0.086517155
0.95,0.91379535,0.036204636
0.97,0.88966787,0.08033216
0.97,0.9133943,0.056605756
0.96,0.9110755,0.048924506
0.96,0.90189195,0.05810803
0.89,0.9033055,-0.013305485
0.89,0.833132,0.056867957
0.89,0.8408183,0.0491817
0.95,0.837705,0.11229497
0.83,0.89516366,-0.06516367
0.88,0.7714124,0.10858762
0.95,0.83681977,0.11318022
0.95,0.89491504,0.055084944
0.96,0.8863474,0.073652565
0.97,0.9041213,0.06587875
0.96,0.91020143,0.04979855
0.97,0.8983501,0.07164991
0.97,0.9130926,0.056907415
0.89,0.9114361,-0.021436095
0.83,0.83186394,-0.0018639565
0.93,0.7808505,0.14914948
0.98,0.88358325,0.09641677
0.98,0.9195819,0.06041813
0.98,0.91620076,0.06379926
0.97,0.92400146,0.045998573
0.95,0.90866387,0.04133612
0.88,0.8946523,-0.014652312
0.75,0.8241935,-0.07419348
0.63,0.70237696,-0.07237697
0.57,0.5864171,-0.016417086
0.56,0.5352194,0.024780631
0.47,0.52497137,-0.054971367
0.46,0.43731087,0.022689134
0.39,0.43775624,-0.047756255
0.39,0.36333126,0.026668727
0.51,0.37207183,0.13792816
0.57,0.48587304,0.08412695
0.49,0.5335308,-0.043530762
0.5,0.447992,0.052008003
0.64,0.4754718,0.16452819
0.43,0.6038698,-0.17386979
0.5,0.3822224,0.117777586
0.55,0.48336267,0.06663734
0.38,0.5136849,-0.13368493
0.26,0.3461696,-0.0861696
0.26,0.24435088,0.01564911
0.36,0.2598326,0.10016742
0.27,0.3414361,-0.07143608
0.18,0.25142467,-0.07142466
0.1,0.17134517,-0.07134517
0.07,0.10064818,-0.03064818
0.03,0.057827607,-0.027827607
0.01,0.01319298,-0.0031929798
0.01,0.01096187,-0.00096186996
0.07,0.0,0.07
0.1,0.06943738,0.030562624
0.08,0.10958125,-0.029581249
0.01,0.08818267,-0.078182675
0.01,0.00444887,0.0055511296
0.01,0.016842265,-0.006842265
0.01,0.0,0.01
0.01,0.0017954968,0.008204503
0.01,0.016608313,-0.006608313
0.01,0.015066866,-0.005066866
0.01,0.010090567,-9.0567395e-05
0.01,0.008087901,0.0019120984
0.01,0.017132962,-0.0071329623
0.01,0.0,0.01
0.0,0.0012211408,-0.0012211408
0.01,0.0,0.01
0.01,0.010571722,-0.00057172216
0.01,0.0057641882,0.0042358115
0.0,0.014634868,-0.014634868
0.0,0.0,0.0
0.03,0.0,0.03
0.13,0.02581377,0.10418622
0.2,0.15293814,0.04706186
0.16,0.21883449,-0.058834493
0.13,0.16120102,-0.03120102
0.14,0.15591346,-0.015913457
0.13,0.14649938,-0.016499385
0.14,0.12117129,0.018828712
0.17,0.14693236,0.023067638
0.18,0.18569659,-0.00569658
0.19,0.1808262,0.009173796
0.17,0.19850852,-0.028508514
0.16,0.17151164,-0.011511639
0.16,0.1693842,-0.0093842
0.2,0.16360933,0.036390677
0.23,0.20009883,0.029901177
0.17,0.22814555,-0.058145553
0.16,0.16298264,-0.0029826462
0.16,0.16338845,-0.0033884495
0.17,0.16935207,0.0006479323
0.15,0.17295407,-0.022954062
0.23,0.15565042,0.07434958
0.21,0.23680447,-0.026804477
0.26,0.208579,0.051420987
0.19,0.26751179,-0.07751179
0.26,0.18154864,0.07845135
0.19,0.27823976,-0.08823976
0.21,0.17750074,0.032499254
0.31,0.21022315,0.09977685
0.24,0.31503916,-0.07503916
0.24,0.2302235,0.009776488
0.3,0.24003421,0.059965804
0.34,0.30446392,0.03553608
0.41,0.34104145,0.06895855
0.49,0.39921176,0.090788245
0.47,0.4805947,-0.010594696
0.41,0.43772882,-0.027728826
0.55,0.3901798,0.1598202
0.46,0.53569496,-0.07569495
0.57,0.44027948,0.12972051
0.55,0.5455175,0.0044825077
0.64,0.5255468,0.1144532
0.66,0.60690945,0.053090572
0.75,0.63264346,0.11735654
0.73,0.71098423,0.019015789
0.75,0.6913203,0.0586797
0.76,0.70639324,0.05360675
0.8,0.72127664,0.07872337
0.93,0.75171375,0.17828625
0.89,0.87799805,0.012001932
0.85,0.8275128,0.022487223
0.89,0.80096066,0.089039326
0.96,0.8488991,0.11110085
0.91,0.9042221,0.005777955
0.9,0.8514915,0.048508465
0.96,0.85752296,0.102477014
0.97,0.90152127,0.06847876
0.91,0.9102156,-0.00021559
0.95,0.8485036,0.1014964
0.96,0.9072796,0.052720368
0.95,0.8966513,0.05334866
0.96,0.89621466,0.063785315
0.97,0.9047445,0.06525552
0.95,0.91377914,0.03622085
0.95,0.89033186,0.059668124
0.97,0.8946942,0.07530582
0.96,0.9175486,0.04245138
0.96,0.8977784,0.062221587
0.97,0.9056883,0.06431174
0.97,0.9112508,0.0587492
0.96,0.9125262,0.04747379
0.97,0.90152043,0.0684796
0.97,0.91718936,0.05281067
0.94,0.90726006,0.032739937
0.87,0.88550866,-0.015508652
0.77,0.81578994,-0.045789957
0.75,0.72341096,0.026589036
0.83,0.71012497,0.119875014
0.71,0.78462315,-0.07462317
0.69,0.6537517,0.036248326
0.62,0.65630424,-0.036304235
0.59,0.57948446,0.010515511
0.6,0.5529693,0.047030747
0.57,0.5662532,0.0037468076
0.62,0.5301614,0.089838624
0.58,0.58375543,-0.0037554502
0.52,0.5346286,-0.014628649
0.5,0.48255432,0.017445683
0.57,0.46922985,0.100770146
0.53,0.53858554,-0.008585572
0.52,0.48418915,0.03581083
0.51,0.48987004,0.020129949
0.54,0.47601432,0.063985705
0.59,0.50823516,0.08176482
0.47,0.54985565,-0.07985565
0.49,0.4359564,0.05404362
0.29,0.46625745,-0.17625746
0.11,0.24992156,-0.13992156
0.15,0.09909933,0.050900675
0.14,0.15855153,-0.018551528
0.16,0.12733102,0.032668978
0.19,0.15063311,0.039366886
0.08,0.19481607,-0.11481607
0.12,0.07022633,0.04977367
0.12,0.1277406,-0.0077406093
0.19,0.10916662,0.080833375
0.23,0.19945812,0.030541882
0.25,0.22803138,0.021968618
0.15,0.24225888,-0.09225887
0.17,0.13391319,0.036086813
0.19,0.18508212,0.004917875
0.3,0.1869181,0.11308192
0.33,0.29945868,0.03054133
0.43,0.33586845,0.09413156
0.46,0.42809373,0.031906277
0.34,0.4532296,-0.1132296
0.34,0.31590098,0.024099022
0.22,0.34674868,-0.12674868
0.13,0.19184078,-0.061840788
0.1,0.12014778,-0.020147778
0.14,0.09405254,0.045947462
0.11,0.13939047,-0.02939047
0.13,0.10390918,0.026090816
0.12,0.14420536,-0.024205364
0.12,0.12002531,-2.5309622e-05
0.1,0.13752188,-0.037521876
0.09,0.0882676,0.0017324015
0.05,0.09917849,-0.049178492
0.06,0.04205139,0.017948609
0.02,0.05898764,-0.03898764
0.02,0.0089665735,0.011033426
0.03,0.027723264,0.0022767354
0.05,0.03115641,0.018843591
0.05,0.047364704,0.0026352964
0.01,0.043509334,-0.033509336
0.01,0.013843013,-0.0038430132
0.03,0.01052981,0.019470189
0.03,0.020532101,0.009467898
0.01,0.033496924,-0.023496924
0.01,0.0,0.01
0.01,0.0073277783,0.0026722215
0.0,0.007048253,-0.007048253
0.01,0.0,0.01
0.01,0.016040672,-0.006040672
0.01,0.008741471,0.0012585288
0.01,0.0017645638,0.008235436
0.01,0.008835286,0.0011647139
0.01,0.017038789,-0.007038789
0.01,0.0018702392,0.008129761
0.01,0.009781526,0.00021847337
0.01,0.0,0.01
0.01,0.011435352,-0.0014353525
0.01,0.0014823843,0.0085176155
0.01,0.023461903,-0.013461903
0.0,0.006662715,-0.006662715
0.01,0.0,0.01
0.01,0.0,0.01
0.01,0.015193766,-0.005193766
0.01,0.0,0.01
0.01,0.015023984,-0.0050239842
0.97,0.011887753,0.9581123
0.96,0.8803949,0.0796051
0.97,0.9556719,0.014328122
0.97,0.9650123,0.0049877167
0.95,0.9042016,0.04579836
0.97,0.8956938,0.07430625
0.97,0.92292154,0.04707849
0.97,0.9270443,0.042955756
0.97,0.9199427,0.05005735
0.97,0.90598017,0.06401986
0.97,0.91915077,0.05084926
0.97,0.9387538,0.031246245
0.97,0.93122995,0.03877008
0.97,0.91133446,0.058665574
0.97,0.91789436,0.052105665
0.97,0.89447254,0.07552749
0.97,0.9195575,0.050442517
0.97,0.89999986,0.07000017
0.97,0.9227337,0.047266304
0.97,0.9052681,0.064731956
0.94,0.92687845,0.013121545
0.92,0.88225377,0.03774625
0.81,0.87588996,-0.065889955
0.74,0.75484073,-0.014840722
0.62,0.70944893,-0.08944893
0.57,0.5781517,-0.00815171
0.52,0.5391315,-0.019131541
0.45,0.48734695,-0.03734696
0.27,0.41630965,-0.14630964
0.27,0.2527666,0.017233402
0.45,0.26416817,0.18583182
0.51,0.4278533,0.082146704
0.46,0.48583648,-0.025836468
0.44,0.4344441,0.005555898
0.56,0.41996115,0.14003885
0.75,0.5255417,0.22445828
0.78,0.7128075,0.067192495
0.77,0.7433425,0.026657462
0.76,0.72373617,0.036263824
0.75,0.705322,0.044677973
0.8,0.70002216,0.09997785
0.85,0.77080834,0.079191685
0.88,0.80225563,0.077744365
0.88,0.82993835,0.050061643
0.96,0.8253584,0.13464159
0.98,0.9052763,0.07472372
0.95,0.9164951,0.033504903
0.95,0.8873574,0.062642574
0.96,0.8900731,0.06992686
0.88,0.900797,-0.020797014
0.87,0.818626,0.05137402
0.83,0.82101107,0.008988917
0.92,0.7805309,0.13946909
0.93,0.8696273,0.06037271
0.98,0.8769089,0.10309112
0.98,0.9235874,0.056412637
0.91,0.92031753,-0.010317504
0.78,0.8486099,-0.06860995
0.7,0.7341459,-0.03414589
0.71,0.6619512,0.048048794
0.8,0.66909987,0.13090014
0.86,0.75228345,0.10771656
0.84,0.8066992,0.033300757
0.77,0.78405356,-0.014053583
0.76,0.7266185,0.033381462
0.82,0.7150928,0.104907215
0.81,0.77657527,0.033424735
0.71,0.7550043,-0.04500431
0.7,0.6625496,0.037450373
0.65,0.65589345,-0.005893469
0.6,0.60474706,-0.004747033
0.55,0.55986786,-0.009867847
0.5,0.517413,-0.01741302
0.34,0.46612743,-0.12612742
0.35,0.30899164,0.041008353
0.28,0.33353353,-0.053533524
0.08,0.25805956,-0.17805956
0.11,0.070939474,0.039060526
0.14,0.11764301,0.022356987
0.12,0.13385949,-0.013859488
0.1,0.11105985,-0.01105985
0.11,0.09462452,0.01537548
0.14,0.113139845,0.026860155
0.15,0.14467134,0.00532867
0.15,0.14742978,0.0025702268
0.13,0.14829583,-0.01829584
0.09,0.13087296,-0.04087296
0.05,0.07345075,-0.02345075
0.04,0.042075597,-0.0020755976
0.05,0.043515824,0.006484177
0.04,0.045213394,-0.0052133948
0.06,0.0218808,0.038119197
0.08,0.06168375,0.018316247
0.09,0.08061975,0.009380251
0.1,0.08672079,0.0132792145
0.11,0.09356591,0.016434088
0.11,0.1125032,-0.0025032014
0.12,0.10214123,0.017858766
0.13,0.12051105,0.009488948
0.13,0.13551891,-0.0055189133
0.13,0.11865371,0.011346288
0.12,0.13651773,-0.016517736
0.1,0.1289579,-0.028957896
0.11,0.10643771,0.0035622865
0.14,0.10910201,0.03089799
0.13,0.14143303,-0.011433035
0.09,0.13798676,-0.04798676
0.08,0.090691894,-0.010691896
0.08,0.08456893,-0.0045689344
0.04,0.07953903,-0.03953903
0.03,0.02587178,0.0041282196
0.02,0.0359973,-0.015997302
0.01,0.017930007,-0.007930007
0.01,0.0,0.01
0.0,0.012498516,-0.012498516
0.01,0.00489833,0.0051016696
0.01,0.004549755,0.005450245
0.01,0.0011719726,0.008828027
0.01,0.014140105,-0.004140105
0.01,0.0034656618,0.006534338
0.01,0.008678128,0.0013218718
0.01,0.013273772,-0.003273772
0.01,0.006682107,0.0033178926
0.01,0.0045348816,0.005465118
0.01,0.005380988,0.0046190117
0.01,0.010034119,-3.4119003e-05
0.01,0.006960593,0.0030394066
0.01,0.0034240056,0.006575994
0.01,0.008071237,0.0019287625
0.01,0.0067019025,0.0032980973
0.01,0.009566354,0.00043364614
0.01,0.0059516924,0.0040483074
0.01,0.0051903147,0.004809685
0.01,0.009880831,0.00011916831
0.01,0.0067886524,0.0032113474
0.0,0.007700976,-0.007700976
0.01,0.0003388673,0.0096611325
0.01,0.0098906495,0.00010935031
0.0,0.009944662,-0.009944662
0.01,0.0,0.01
0.01,0.004114777,0.005885223
0.0,0.011602389,-0.011602389
0.01,0.0,0.01
0.01,0.00772183,0.0022781696
0.01,0.007478456,0.0025215438
0.01,0.0075157853,0.0024842145
0.01,0.0053250175,0.0046749823
0.01,0.0112835625,-0.0012835627
0.01,0.0063779037,0.003622096
0.01,0.004072249,0.005927751
0.01,0.01382969,-0.0038296906
0.01,0.008647521,0.0013524788
0.01,0.0064454395,0.0035545602
0.01,0.009326892,0.0006731078
0.04,0.008835955,0.031164045
0.22,0.03312605,0.18687394
0.2,0.23388438,-0.033884376
0.19,0.21807827,-0.028078273
0.17,0.19277011,-0.022770107
0.14,0.17804101,-0.03804101
0.15,0.14411955,0.00588046
0.11,0.15391047,-0.043910474
0.14,0.1173252,0.022674799
0.21,0.14125036,0.06874964
0.2,0.2169549,-0.016954899
0.18,0.2051706,-0.025170594
0.14,0.18660735,-0.046607345
0.06,0.14703183,-0.08703183
0.03,0.05039999,-0.02039999
0.04,0.029904911,0.010095088
0.02,0.036244716,-0.016244717
0.05,0.011630894,0.038369108
0.08,0.048538424,0.031461574
0.07,0.088908434,-0.018908434
0.06,0.07525465,-0.01525465
0.07,0.061234765,0.008765236
0.06,0.071163125,-0.011163127
0.06,0.06275702,-0.002757024
0.07,0.06060821,0.009391792
0.09,0.075320326,0.014679678
0.11,0.09237772,0.017622277
0.13,0.11001456,0.019985437
0.14,0.1346283,0.0053717047
0.13,0.14718965,-0.017189652
0.11,0.13961965,-0.029619649
0.1,0.10704575,-0.007045746
0.08,0.1062434,-0.026243404
0.07,0.08195376,-0.011953756
0.07,0.071733065,-0.0017330647
0.05,0.06591874,-0.015918743
0.04,0.04102955,-0.001029551
0.02,0.03276032,-0.012760319
0.01,0.02115808,-0.011158081
0.02,0.0066856276,0.013314372
0.02,0.011300821,0.008699179
0.02,0.015559245,0.0044407547
0.01,0.01472639,-0.0047263904
0.01,0.004383141,0.0056168586
0.0,0.0031492133,-0.0031492133
0.01,0.0,0.01
0.0,0.0029295683,-0.0029295683
0.01,0.0,0.01
0.01,0.0063404087,0.003659591
0.01,0.009620216,0.00037978403
0.01,0.0067240587,0.0032759411
0.01,0.004720537,0.005279463
0.01,0.006442232,0.0035577677
0.01,0.0015922375,0.008407762
0.01,0.003924638,0.0060753617
0.01,0.0063845348,0.003615465
0.01,0.0041090753,0.0058909245
0.01,0.0097297095,0.0002702903
0.01,0.0055736657,0.004426334
0.01,0.004465889,0.0055341106
0.01,0.0074781682,0.0025218315
0.01,0.0068223607,0.003177639
0.01,0.005925454,0.0040745456
0.01,0.0056888824,0.0043111173
0.01,0.005891368,0.004108632
0.01,0.008200327,0.0017996728
0.01,0.0030241944,0.0069758054
0.01,0.0058350572,0.0041649425
0.01,0.010071099,-7.109903e-05
0.01,0.009032723,0.0009672772
0.01,0.011268819,-0.001268819
0.01,0.006498034,0.0035019657
0.01,0.0047934074,0.0052065924
0.01,0.0058220625,0.0041779373
0.01,0.008184404,0.0018155957
0.01,0.0057001896,0.00429981
0.01,0.010010174,-1.0173768e-05
0.01,0.011393547,-0.0013935473
0.0,0.006811224,-0.006811224
0.01,6.1048195e-05,0.009938952
0.01,0.0073271953,0.0026728045
0.01,0.007427806,0.0025721937
0.0,0.007849107,-0.007849107
0.01,0.0,0.01
0.01,0.010062376,-6.237626e-05
0.0,0.0088036405,-0.0088036405
0.01,0.0,0.01
0.01,0.008043705,0.0019562952
0.02,0.0056670476,0.014332952
0.03,0.014589468,0.015410531
0.04,0.025660552,0.014339447
0.06,0.03891652,0.021083478
0.03,0.05741126,-0.027411262
0.04,0.028522365,0.011477634
0.01,0.041365184,-0.031365186
0.01,0.0025197398,0.00748026
0.0,0.01148645,-0.01148645
0.01,0.0,0.01
0.01,0.014759872,-0.0047598723
0.01,0.0046913084,0.0053086914
0.01,0.010708208,-0.0007082084
0.03,0.009805159,0.02019484
0.07,0.024196979,0.04580302
0.09,0.066559836,0.023440167
0.06,0.0942812,-0.034281198
0.04,0.059131563,-0.019131564
0.08,0.041694578,0.03830542
0.05,0.08683294,-0.03683294
0.04,0.04689893,-0.006898932
0.06,0.041776694,0.018223304
0.11,0.06097441,0.049025588
0.13,0.11900316,0.010996833
0.11,0.13454442,-0.024544418
0.19,0.12152334,0.068476655
0.27,0.19976015,0.07023986
0.39,0.27041605,0.119583935
0.4,0.39490205,0.0050979555
0.42,0.39779168,0.022208303
0.38,0.40907714,-0.029077142
0.34,0.36613616,-0.02613616
0.37,0.33394486,0.036055148
0.33,0.3672598,-0.037259787
0.3,0.3191725,-0.01917249
0.34,0.28720292,0.05279708
0.2,0.3361382,-0.13613819
0.21,0.18566267,0.024337322
0.17,0.21460888,-0.044608876
0.1,0.16340454,-0.06340454
0.16,0.09642597,0.06357402
0.13,0.15974092,-0.02974093
0.13,0.1256171,0.0043828934
0.06,0.1287516,-0.0687516
0.07,0.059603922,0.010396078
0.04,0.07605029,-0.03605029
0.04,0.03483995,0.0051600486
0.01,0.046570487,-0.03657049
0.02,0.0,0.02
0.01,0.02898648,-0.01898648
0.0,0.0014520306,-0.0014520306
0.01,0.0053673647,0.004632635
0.01,0.011084067,-0.0010840669
0.01,0.00034004636,0.009659953
0.01,0.0,0.01
0.01,0.010822948,-0.0008229483
0.01,0.006037778,0.0039622216
0.01,0.0010188818,0.008981118
0.01,0.009760825,0.00023917481
0.01,0.003998382,0.0060016178
0.01,0.003931308,0.0060686916
0.01,0.0035427194,0.0064572804
0.01,0.010922313,-0.00092231296
0.01,0.0,0.01
0.01,0.009055931,0.00094406866
0.01,0.0040182546,0.005981745
0.15,0.0095228255,0.14047718
0.32,0.15276323,0.16723676
0.36,0.33612692,0.02387309
0.36,0.38029826,-0.020298243
0.46,0.36057138,0.099428624
0.52,0.4569557,0.06304428
0.48,0.5010832,-0.021083206
0.39,0.4665138,-0.07651383
0.41,0.37920493,0.030795068
0.42,0.40480953,0.015190452
0.42,0.39688745,0.023112535
0.47,0.4054199,0.06458011
0.51,0.46365783,0.046342164
0.5,0.49039346,0.00960654
0.44,0.46739894,-0.027398944
0.43,0.42446187,0.0055381358
0.43,0.40688297,0.023117036
0.39,0.40333703,-0.013337046
0.39,0.36117673,0.028823256
0.51,0.37042543,0.13957456
0.5,0.49258116,0.007418841
0.56,0.46304297,0.09695703
0.58,0.54139924,0.038600743
0.55,0.5545101,-0.0045101047
0.57,0.5201944,0.04980558
0.51,0.5469136,-0.036913633
0.52,0.47785676,0.042143226
0.54,0.49188715,0.04811287
0.47,0.51167953,-0.04167953
0.51,0.4331497,0.076850295
0.51,0.4937163,0.01628369
0.53,0.4778986,0.052101374
0.42,0.49943992,-0.07943994
0.27,0.3982188,-0.1282188
0.02,0.254864,-0.23486401
0.01,0.012978217,-0.0029782169
0.01,0.025860142,-0.015860142
0.01,0.011438033,-0.0014380328
0.01,0.012573713,-0.0025737137
0.01,0.0059087817,0.004091218
0.01,0.02374253,-0.013742531
0.01,0.03031007,-0.02031007
0.01,0.029555224,-0.019555224
0.01,0.0147462115,-0.0047462117
0.01,0.0061142882,0.0038857115
0.01,0.0041339565,0.0058660433
0.01,0.0,0.01
0.01,0.0048512537,0.005148746
0.01,0.01240257,-0.00240257
0.01,0.009389278,0.0006107222
0.01,0.0,0.01
0.01,0.004591165,0.0054088347
0.01,0.0056848517,0.004315148
0.01,0.012628514,-0.0026285145
0.01,0.0016266014,0.008373398
0.01,0.0,0.01
0.01,0.010849545,-0.000849545
0.01,0.0,0.01
0.01,0.00734316,0.0026568398
0.01,0.0070434585,0.0029565413
0.01,0.01588172,-0.005881721
0.01,0.011354227,-0.0013542268
0.01,0.0095326565,0.00046734326
0.01,0.0024970341,0.0075029656
0.01,0.011159442,-0.0011594426
0.01,0.006462604,0.003537396
0.01,0.002025731,0.007974269
0.01,0.003939109,0.006060891
0.01,0.009868631,0.00013136864
0.01,0.009448632,0.0005513681
0.04,0.015007621,0.024992378
0.07,0.029846454,0.040153548
0.06,0.0693694,-0.009369399
0.09,0.061358795,0.028641209
0.12,0.08930625,0.030693747
0.18,0.12444133,0.055558674
0.2,0.18688789,0.013112113
0.25,0.20657507,0.043424934
0.24,0.2547495,-0.014749512
0.21,0.2442506,-0.034250602
0.2,0.2152177,-0.015217692
0.23,0.20463301,0.025366992
0.19,0.2300612,-0.040061206
0.18,0.19047089,-0.010470882
0.13,0.18590294,-0.055902943
0.22,0.13070416,0.089295834
0.16,0.227109,-0.067109
0.11,0.15549023,-0.045490235
0.1,0.118188515,-0.018188514
0.11,0.098802954,0.011197045
0.12,0.11343171,0.0065682903
0.13,0.115600675,0.01439932
0.14,0.13896476,0.0010352433
0.11,0.13491727,-0.024917275
0.1,0.11100061,-0.011000611
0.11,0.10649003,0.0035099685
0.1,0.116143934,-0.016143933
0.08,0.10913785,-0.02913785
0.07,0.07356288,-0.0035628825
0.07,0.077107094,-0.007107094
0.05,0.070651546,-0.020651545
0.06,0.047330663,0.012669336
0.05,0.05674112,-0.0067411177
0.09,0.051868536,0.038131468
0.12,0.09258585,0.02741415
0.12,0.123712406,-0.0037124082
0.12,0.12053331,-0.00053331256
0.11,0.12436502,-0.014365017
0.09,0.11103255,-0.02103255
0.09,0.09479454,-0.004794538
0.09,0.08609311,0.0039068907
0.11,0.090640426,0.019359574
0.11,0.10996836,3.1642616e-05
0.12,0.10998394,0.010016054
0.14,0.13209555,0.007904455
0.17,0.14441484,0.02558516
0.16,0.17127933,-0.01127933
0.14,0.16015728,-0.020157278
0.21,0.14740638,0.06259361
0.19,0.21710746,-0.027107462
0.17,0.18212129,-0.01212129
0.19,0.17060165,0.019398347
0.28,0.19737104,0.082628965
0.17,0.28403127,-0.11403127
0.19,0.160464,0.029535994
0.2,0.20527177,-0.0052717626
0.22,0.19694178,0.02305822
0.28,0.21907224,0.060927764
0.3,0.28065544,0.019344568
0.39,0.2969551,0.09304488
0.39,0.38518,0.004819989
0.4,0.36799923,0.03200078
0.41,0.39394534,0.01605466
0.46,0.39746785,0.06253216
0.38,0.44765198,-0.06765199
0.4,0.35339335,0.04660666
0.55,0.39846563,0.15153438
0.54,0.52851963,0.011480391
0.57,0.5066326,0.06336737
0.85,0.5474458,0.30255425
0.63,0.83270854,-0.20270854
0.86,0.5725472,0.28745282
0.78,0.8428227,-0.0628227
0.82,0.73202205,0.087977946
0.69,0.7788221,-0.08882213
0.62,0.6442116,-0.024211586
0.62,0.58984184,0.030158162
0.72,0.59247106,0.12752897
0.75,0.6783956,0.07160437
0.72,0.7192685,0.0007315278
0.7,0.676326,0.023674011
0.67,0.6676922,0.0023078322
0.73,0.6231756,0.1068244
0.85,0.69984066,0.15015936
0.94,0.7901828,0.14981717
0.91,0.89495945,0.015040576
0.77,0.8311317,-0.061131716
0.77,0.72602034,0.043979645
0.77,0.7232108,0.04678917
0.88,0.7354001,0.14459991
0.93,0.82647496,0.10352504
0.95,0.8778981,0.07210189
0.97,0.8828829,0.087117136
0.98,0.92202926,0.057970762
0.96,0.9126211,0.047378898
0.95,0.90918237,0.04081762
0.93,0.8896353,0.040364683
0.16,0.8682041,-0.70820415
0.91,0.13808139,0.77191865
0.93,0.9319227,-0.001922667
0.93,0.86525726,0.064742744
0.89,0.9159564,-0.025956392
0.75,0.83906597,-0.08906597
0.68,0.7111901,-0.031190097
0.7,0.64203715,0.057962835
0.69,0.66464555,0.025354445
0.63,0.6523423,-0.022342324
0.65,0.59471315,0.055286825
0.68,0.60295147,0.07704854
0.67,0.64675057,0.023249447
0.63,0.6409063,-0.010906279
0.6,0.5793461,0.020653903
0.59,0.576123,0.013876975
0.53,0.5391468,-0.00914681
0.47,0.5082384,-0.038238376
0.38,0.41973367,-0.039733678
0.31,0.3711661,-0.061166108
0.28,0.2871603,-0.007160306
0.29,0.2664515,0.023548484
0.23,0.24828117,-0.018281162
0.19,0.23377094,-0.04377094
0.19,0.16709502,0.022904977
0.2,0.20213477,-0.0021347702
0.17,0.19305916,-0.02305916
0.18,0.16063368,0.019366324
0.18,0.18420054,-0.004200533
0.13,0.1526252,-0.022625208
0.1,0.12672955,-0.026729546
0.11,0.09551669,0.01448331
0.17,0.10615733,0.06384267
0.1,0.17416869,-0.07416869
0.15,0.09418154,0.05581847
0.27,0.182427,0.08757301
0.1,0.26988474,-0.16988474
0.11,0.06494041,0.04505959
0.19,0.12221899,0.06778101
0.24,0.21030395,0.029696047
0.02,0.24066131,-0.22066131
0.02,0.013407188,0.006592812
0.02,0.04913955,-0.029139552
0.03,0.0072537865,0.022746213
0.07,0.03243477,0.03756523
0.09,0.07388627,0.016113736
0.1,0.09171857,0.008281432
0.11,0.08068672,0.029313281
0.11,0.1048349,0.0051651
0.11,0.115648545,-0.005648546
0.1,0.12311667,-0.02311667
0.09,0.0815149,0.008485101
0.06,0.088634916,-0.028634917
0.06,0.05994322,5.677715e-05
0.04,0.060030982,-0.020030983
0.03,0.04682047,-0.01682047
0.03,0.036532424,-0.006532425
0.05,0.03384792,0.01615208
0.02,0.04176569,-0.02176569
0.02,0.015097154,0.0049028452
0.02,0.027527295,-0.0075272955
0.01,0.020311162,-0.010311162
0.01,0.020775411,-0.0107754115
0.03,0.014021988,0.015978012
0.02,0.020180898,-0.00018089823
0.02,0.012503607,0.0074963924
0.01,0.02271564,-0.01271564
0.01,0.015386911,-0.0053869113
0.01,0.01733999,-0.0073399898
0.01,0.010048189,-4.8189424e-05
0.01,0.0046309624,0.0053690374
0.01,0.015238435,-0.005238435
0.01,0.019856727,-0.009856727
0.01,0.0020966884,0.007903311
0.01,0.013916773,-0.003916773
0.01,0.009581475,0.0004185252
0.0,0.0052817874,-0.0052817874
0.01,0.0067676986,0.0032323012
0.01,0.0065883473,0.0034116525
0.01,0.0154115725,-0.0054115728
0.01,0.0019530524,0.008046947
0.01,0.021095634,-0.011095634
0.01,0.0,0.01
0.01,0.015218614,-0.005218614
0.0,0.006849142,-0.006849142
0.01,0.00982726,0.00017273985
0.01,0.010152809,-0.00015280955
0.03,0.00939332,0.020606678
0.04,0.027341098,0.0126589015
0.01,0.029080093,-0.019080093
0.01,0.014859496,-0.004859496
0.01,0.015911138,-0.005911138
0.01,0.0014383644,0.008561635
0.01,0.011489397,-0.0014893971
0.01,0.01644957,-0.006449571
0.05,0.0026685204,0.047331482
0.07,0.05030624,0.019693762
0.07,0.06608085,0.003919147
0.07,0.078006506,-0.008006506
0.07,0.07220138,-0.0022013783
0.09,0.079876356,0.010123648
0.09,0.08361828,0.0063817203
0.1,0.10531047,-0.0053104684
0.11,0.1033525,0.0066474974
0.1,0.111778036,-0.011778034
0.12,0.108140826,0.011859171
0.1,0.13268998,-0.03268998
0.11,0.099710554,0.0102894455
0.12,0.11934956,0.0006504357
0.15,0.117484465,0.03251554
0.13,0.15896843,-0.028968439
0.16,0.13895991,0.021040082
0.13,0.16766728,-0.03766729
0.16,0.13088617,0.02911383
0.16,0.17205276,-0.0120527595
0.17,0.16698273,0.0030172765
0.2,0.16664211,0.03335789
0.18,0.21291554,-0.032915533
0.16,0.17292868,-0.01292868
0.17,0.16656253,0.0034374744
0.16,0.17093942,-0.010939419
0.16,0.16550419,-0.005504191
0.16,0.1587819,0.0012180954
0.16,0.16353494,-0.0035349429
0.17,0.16149978,0.008500218
0.17,0.17389117,-0.00389117
0.14,0.16862495,-0.028624952
0.12,0.14758033,-0.027580328
0.12,0.11581549,0.004184507
0.13,0.12874007,0.001259923
0.15,0.12938926,0.02061075
0.17,0.15124276,0.018757239
0.23,0.16919135,0.06080866
0.25,0.23508574,0.014914259
0.24,0.24885876,-0.00885877
0.24,0.23583639,0.004163608
0.24,0.240784,-0.0007840097
0.19,0.23196547,-0.04196547
0.15,0.19039781,-0.040397808
0.14,0.14611112,-0.006111115
0.13,0.14085592,-0.010855928
0.12,0.12496862,-0.004968621
0.12,0.122540206,-0.0025402084
0.12,0.1190473,0.0009526983
0.1,0.12551546,-0.02551546
0.08,0.09470283,-0.014702834
0.07,0.080599755,-0.010599755
0.06,0.06698353,-0.00698353
0.06,0.05344358,0.006556418
0.05,0.04963675,0.00036324933
0.04,0.04496146,-0.004961461
0.04,0.034169734,0.0058302656
0.02,0.033387527,-0.013387527
0.01,0.01693938,-0.0069393795
0.0,0.006630373,-0.006630373
0.01,0.0,0.01
0.0,0.0010528285,-0.0010528285
0.01,0.00032499805,0.009675002
0.01,0.0007841196,0.00921588
0.01,0.0015759952,0.008424005
0.01,0.0013257284,0.008674271
0.01,0.002712123,0.0072878767
0.01,0.0053573735,0.0046426263
0.01,0.0062625995,0.0037374003
0.01,0.0035249032,0.0064750966
0.01,0.008456873,0.001543127
0.01,0.005089747,0.004910253
0.01,0.006549895,0.003450105
0.01,0.0053864755,0.0046135243
0.01,0.007730457,0.0022695428
0.01,0.0050973278,0.004902672
0.01,0.006553809,0.0034461906
0.01,0.008255189,0.0017448105
0.01,0.0060812104,0.0039187893
0.0,0.0065225502,-0.0065225502
0.01,0.00012787245,0.009872127
0.0,0.0069773,-0.0069773
0.01,0.0,0.01
0.01,0.0114860535,-0.0014860537
0.01,0.0039211903,0.0060788095
0.01,0.009602906,0.0003970936
0.01,0.0038208887,0.006179111
0.01,0.009040288,0.0009597121
0.01,0.007740667,0.0022593327
0.01,0.009082105,0.00091789477
0.01,0.0072930027,0.002706997
0.01,0.006595427,0.0034045726
0.01,0.007199373,0.0028006267
0.01,0.008327818,0.0016721822
0.01,0.009214994,0.0007850062
0.01,0.0067431293,0.0032568704
0.01,0.008544404,0.0014555957
0.01,0.008256702,0.001743298
0.01,0.0058726957,0.004127304
0.01,0.0060982667,0.003901733
0.01,0.008062469,0.0019375309
0.01,0.0063278805,0.0036721192
0.01,0.0072262995,0.0027737003
0.01,0.0073630475,0.0026369523
0.01,0.008422912,0.0015770877
0.01,0.008454506,0.0015454935
0.01,0.007846963,0.002153037
0.01,0.006420467,0.0035795327
0.01,0.007925896,0.0020741038
0.01,0.007431403,0.002568597
0.01,0.0069255494,0.0030744504
0.01,0.007898962,0.0021010377
0.01,0.006423534,0.0035764659
0.0,0.009128138,-0.009128138
0.01,0.0,0.01
0.01,0.008630907,0.0013690926
0.02,0.0073282123,0.012671787
0.01,0.01913974,-0.009139741
0.02,0.00386261,0.01613739
0.03,0.019078659,0.01092134
0.03,0.023405576,0.006594423
0.02,0.02793672,-0.00793672
0.06,0.014049107,0.04595089
0.04,0.06171684,-0.02171684
0.03,0.03644215,-0.00644215
0.02,0.03258601,-0.012586009
0.01,0.016574511,-0.0065745115
0.01,0.008156951,0.0018430492
0.01,0.005721623,0.0042783767
0.01,0.011478657,-0.0014786571
0.01,0.0075537767,0.002446223
0.01,0.0035287794,0.0064712204
0.01,0.010068888,-6.888807e-05
0.01,0.0085154455,0.0014845543
0.0,0.0064804396,-0.0064804396
0.01,0.0,0.01
0.01,0.008701814,0.0012981854
0.01,0.0054994226,0.004500577
0.01,0.006181553,0.0038184468
0.01,0.008793723,0.0012062769
0.02,0.009792553,0.010207446
0.03,0.013856293,0.016143706
0.01,0.0254256,-0.0154256
0.07,0.007619586,0.062380414
0.1,0.07401392,0.025986083
0.14,0.09970796,0.04029204
0.13,0.14949287,-0.01949288
0.2,0.13451205,0.06548795
0.25,0.20950733,0.04049267
0.31,0.25516716,0.054832846
0.34,0.309695,0.030304998
0.37,0.34002703,0.02997297
0.46,0.36313188,0.09686813
0.42,0.45382413,-0.033824146
0.52,0.3994822,0.12051779
0.52,0.5171854,0.002814591
0.54,0.49581826,0.044181764
0.57,0.52033097,0.049669027
0.63,0.54420984,0.08579016
0.74,0.60832745,0.13167256
0.72,0.70502865,0.014971375
0.66,0.6783713,-0.018371284
0.63,0.6228167,0.0071833134
0.57,0.60213304,-0.032133043
0.53,0.5321845,-0.0021845102
0.49,0.50161225,-0.0116122365
0.49,0.4606897,0.029310316
0.63,0.46213058,0.16786942
0.69,0.60449874,0.08550125
0.72,0.65377367,0.06622636
0.81,0.6845597,0.1254403
0.79,0.767858,0.022141993
0.75,0.7395476,0.01045239
0.63,0.7018026,-0.071802616
0.67,0.5918157,0.07818431
0.72,0.631354,0.088646054
0.75,0.6797847,0.070215285
0.81,0.7000469,0.109953105
0.74,0.7729945,-0.03299451
0.73,0.6905127,0.039487302
0.75,0.69356835,0.05643165
0.71,0.714628,-0.0046280026
0.63,0.66099036,-0.030990362
0.56,0.58872104,-0.028721035
0.75,0.51983815,0.23016185
0.71,0.7136509,-0.0036509037
0.69,0.65278834,0.037211657
0.7,0.6483406,0.051659405
0.7,0.6644711,0.0355289
0.52,0.65347487,-0.13347489
0.55,0.4756025,0.074397504
0.48,0.53039587,-0.050395876
0.6,0.4414345,0.15856552
0.45,0.5720953,-0.12209529
0.64,0.4099656,0.23003438
0.61,0.62857145,-0.018571436
0.57,0.56892383,0.0010761619
0.49,0.53133506,-0.041335046
0.45,0.46293628,-0.012936294
0.53,0.4312765,0.09872347
0.51,0.5036105,0.0063894987
0.54,0.47370028,0.06629974
0.51,0.5130226,-0.0030226111
0.48,0.4722238,0.007776201
0.48,0.45290068,0.027099311
0.44,0.4428169,-0.0028169155
0.38,0.42350656,-0.043506563
0.37,0.33860278,0.031397223
0.35,0.36389458,-0.013894588
0.31,0.31994906,-0.009949058
0.26,0.3015519,-0.041551918
0.23,0.23388882,-0.0038888156
0.19,0.22155787,-0.031557873
0.12,0.17369558,-0.05369558
0.07,0.11934185,-0.04934185
0.05,0.054756247,-0.0047562458
0.02,0.051369287,-0.031369288
0.01,0.013425386,-0.0034253858
0.01,0.01387495,-0.00387495
0.01,0.005334446,0.0046655536
0.0,0.0,0.0
0.01,0.004656665,0.0053433347
0.01,0.0,0.01
0.01,0.0062264586,0.0037735412
0.01,0.003836343,0.0061636567
0.01,0.011524742,-0.0015247418
0.0,0.0,0.0
0.01,0.0,0.01
0.01,0.009131859,0.0008681407
0.01,0.0027572233,0.0072427765
0.01,0.0,0.01
0.03,0.0029699486,0.02703005
0.01,0.03043047,-0.02043047
0.03,0.0024964884,0.027503511
0.04,0.031093583,0.008906417
0.05,0.025386294,0.024613706
0.03,0.054051735,-0.024051735
0.05,0.010730187,0.039269812
0.13,0.060884826,0.06911517
0.13,0.13006648,-6.648898e-05
0.08,0.12461263,-0.04461263
0.07,0.08289539,-0.01289539
0.05,0.07693183,-0.026931826
0.1,0.050343454,0.049656548
0.15,0.1009375,0.049062505
0.25,0.16209716,0.087902844
0.34,0.2632167,0.0767833
0.44,0.34305075,0.09694925
0.66,0.4418206,0.21817943
0.72,0.6730045,0.04699552
0.58,0.7035005,-0.123500526
0.6,0.55041516,0.049584866
0.71,0.5869372,0.12306279
0.64,0.68527687,-0.04527688
0.63,0.5948094,0.035190582
0.62,0.6115529,0.008447111
0.82,0.59379447,0.22620553
0.86,0.7888689,0.07113111
0.72,0.81820154,-0.09820151
0.83,0.6801398,0.1498602
0.73,0.80369496,-0.073694944
0.62,0.66717136,-0.047171354
0.64,0.57934666,0.06065333
0.35,0.6134088,-0.2634088
0.46,0.3027892,0.1572108
0.52,0.44834745,0.07165253
0.63,0.4951648,0.13483518
0.57,0.62343574,-0.053435743
0.6,0.5476097,0.052390337
0.59,0.5714621,0.018537879
0.63,0.55880034,0.071199656
0.61,0.5917262,0.01827383
0.8,0.57638323,0.22361678
0.68,0.758149,-0.07814902
0.68,0.620065,0.059935033
0.69,0.6439551,0.046044886
0.63,0.6619376,-0.0319376
0.59,0.586011,0.0039889812
0.54,0.5651235,-0.025123477
0.51,0.50368714,0.006312847
0.54,0.4825952,0.057404816
0.58,0.51118046,0.06881952
0.5,0.54658663,-0.046586633
0.53,0.45947605,0.07052392
0.42,0.50369424,-0.08369425
0.46,0.37184542,0.088154584
0.39,0.44986534,-0.059865355
0.38,0.34580776,0.034192234
0.3,0.3702389,-0.07023889
0.29,0.2744873,0.015512705
0.22,0.28960657,-0.06960657
0.15,0.19521368,-0.04521367
0.16,0.1430386,0.016961396
0.15,0.15125497,-0.0012549609
0.11,0.15035532,-0.040355325
0.09,0.09452834,-0.004528336
0.09,0.093415424,-0.0034154207
0.11,0.08303651,0.026963487
0.09,0.10808611,-0.018086106
0.1,0.09223678,0.007763222
0.1,0.09013658,0.009863421
0.09,0.090124674,-0.00012467057
0.06,0.08216654,-0.022166539
0.05,0.060982697,-0.010982696
0.05,0.044345796,0.0056542046
0.06,0.05108529,0.008914709
0.05,0.053665966,-0.003665965
0.04,0.044196878,-0.0041968785
0.05,0.036096543,0.013903458
0.03,0.045338698,-0.015338698
0.03,0.02514666,0.00485334
0.05,0.019971808,0.030028192
0.04,0.04791476,-0.007914759
0.03,0.03333973,-0.003339732
0.02,0.024804305,-0.0048043057
0.01,0.0088942945,0.0011057053
0.01,0.00881236,0.0011876393
0.01,0.0,0.01
0.0,0.022161746,-0.022161746
0.01,0.0,0.01
0.01,0.014238594,-0.0042385943
0.02,0.0031241681,0.016875831
0.01,0.015541688,-0.005541688
0.03,0.0044736993,0.0255263
0.04,0.029338073,0.010661926
0.04,0.03344626,0.0065537393
0.05,0.041709542,0.0082904585
0.08,0.048009694,0.031990305
0.08,0.07864421,0.0013557896
0.07,0.08000022,-0.010000221
0.06,0.07201036,-0.012010362
0.04,0.059629917,-0.019629918
0.03,0.038832374,-0.008832375
0.03,0.031181592,-0.0011815932
0.01,0.02670756,-0.01670756
0.01,0.010932686,-0.00093268603
0.01,0.0038052555,0.0061947443
0.01,0.008437709,0.0015622908
0.01,0.008198238,0.0018017618
0.02,0.008411725,0.0115882745
0.03,0.017530106,0.012469893
0.03,0.028315572,0.0016844273
0.03,0.024642097,0.0053579025
0.01,0.018687788,-0.008687789
0.01,0.009973311,2.6688911e-05
0.0,0.007150093,-0.007150093
0.01,0.0,0.01
0.01,0.009169895,0.0008301046
0.01,0.014254422,-0.004254422
0.01,0.009123897,0.0008761026
0.01,0.0062783947,0.003721605
0.01,0.010617478,-0.00061747804
0.01,0.009035453,0.0009645466
0.01,0.0028471965,0.0071528032
0.01,0.010518488,-0.00051848777
0.01,0.00268914,0.00731086
0.0,0.011006124,-0.011006124
0.01,0.0035988633,0.0064011365
0.01,0.007560849,0.0024391506
0.01,0.007894561,0.002105439
0.01,0.006835375,0.0031646248
0.02,0.013057465,0.006942535
0.01,0.012979664,-0.0029796641
0.01,0.011506695,-0.0015066955
0.05,0.0072284583,0.04277154
0.06,0.05165009,0.00834991
0.03,0.047350973,-0.017350974
0.02,0.03225182,-0.01225182
0.01,0.019837372,-0.009837372
0.01,0.01181148,-0.0018114801
0.01,0.0050601494,0.0049398504
0.01,0.012946071,-0.0029460713
0.01,0.0068455134,0.0031544864
0.01,0.005441202,0.004558798
0.01,0.004061362,0.005938638
0.01,0.016060038,-0.0060600378
0.01,0.007831158,0.0021688417
0.01,0.00512979,0.00487021
0.01,0.007954997,0.0020450028
0.01,0.007946092,0.002053908
0.01,0.0067890696,0.0032109302
0.01,0.009443288,0.00055671204
0.01,0.009257116,0.0007428834
0.01,0.0022607427,0.007739257
0.04,0.012292009,0.02770799
0.03,0.034770384,-0.004770385
0.03,0.026439076,0.003560923
0.07,0.026446948,0.043553054
0.1,0.07651762,0.023482382
0.11,0.09882365,0.011176348
0.18,0.11089775,0.06910226
0.19,0.18835153,0.0016484708
0.18,0.19356085,-0.013560846
0.35,0.18294622,0.16705377
0.16,0.35793775,-0.19793776
0.05,0.15123683,-0.101236835
0.12,0.059871405,0.060128592
0.11,0.12687905,-0.016879052
0.28,0.108659685,0.17134032
0.12,0.2976823,-0.17768228
0.06,0.11745205,-0.05745205
0.05,0.079822004,-0.029822003
0.08,0.04301314,0.036986858
0.13,0.08879029,0.041209705
0.08,0.13198958,-0.051989585
0.11,0.090128966,0.019871034
0.19,0.119858205,0.07014179
0.15,0.20053402,-0.05053401
0.11,0.15046488,-0.040464878
0.18,0.12233297,0.05766704
0.22,0.18383269,0.03616731
0.4,0.22445641,0.17554359
0.33,0.4261671,-0.09616709
0.58,0.31758472,0.26241526
0.48,0.56446606,-0.08446607
0.44,0.45545995,-0.015459955
0.37,0.43051368,-0.060513675
0.44,0.37025183,0.06974816
0.3,0.4269634,-0.12696338
0.28,0.26103175,0.018968254
0.37,0.29938573,0.07061428
0.32,0.35436255,-0.034362555
0.28,0.31649408,-0.036494076
0.43,0.2601226,0.16987741
0.23,0.42394355,-0.19394355
0.21,0.21069725,-0.00069725513
0.2,0.19885336,0.0011466444
0.16,0.20490548,-0.044905484
0.23,0.135969,0.094031006
0.21,0.23104219,-0.021042198
0.15,0.19997914,-0.049979135
0.1,0.15706801,-0.057068013
0.1,0.091606274,0.008393727
0.08,0.10693397,-0.026933968
0.08,0.07351624,0.006483756
0.1,0.10287065,-0.002870649
0.17,0.08225784,0.087742165
0.45,0.19000857,0.2599914
0.23,0.44034687,-0.21034686
0.1,0.2266711,-0.1266711
0.18,0.10905539,0.070944615
0.2,0.18331905,0.016680956
0.27,0.19287355,0.07712646
0.12,0.26675916,-0.14675915
0.07,0.1458379,-0.0758379
0.01,0.08679095,-0.07679095
0.01,0.015431307,-0.0054313075
0.01,0.035839826,-0.025839826
0.01,0.0016744789,0.008325521
0.01,0.0,0.01
0.01,0.029507142,-0.019507142
0.01,0.014108541,-0.0041085416
0.01,0.023399325,-0.013399325
0.12,0.013970802,0.1060292
0.11,0.12460789,-0.014607891
0.21,0.123339735,0.08666026
0.14,0.22369689,-0.08369689
0.08,0.14905657,-0.06905657
0.07,0.07474943,-0.004749432
0.02,0.06933391,-0.04933391
0.02,0.037515968,-0.017515969
0.01,0.018607402,-0.008607402
0.01,0.009417226,0.00058277417
0.01,0.004870197,0.005129803
0.01,0.01849825,-0.00849825
0.01,0.028242737,-0.018242737
0.01,0.014153652,-0.004153652
0.01,0.0,0.01
0.39,0.0,0.39
0.68,0.38176695,0.29823306
0.76,0.671517,0.088482976
0.92,0.7695818,0.15041822
0.79,0.8955393,-0.10553926
0.77,0.7418727,0.028127253
0.55,0.74706745,-0.19706744
0.6,0.53526664,0.064733386
0.6,0.57373667,0.026263356
0.59,0.5742248,0.015775144
0.51,0.5649612,-0.054961205
0.39,0.49046624,-0.10046625
0.4,0.38586834,0.014131665
0.46,0.38612127,0.073878735
0.77,0.4329666,0.3370334
0.85,0.7550106,0.09498942
0.75,0.8172162,-0.06721622
0.58,0.7030243,-0.123024344
0.33,0.53590643,-0.20590642
0.32,0.30553567,0.014464319
0.32,0.30183148,0.018168509
0.42,0.3070619,0.112938076
0.5,0.40113002,0.09886998
0.53,0.49047896,0.03952101
0.76,0.5129055,0.24709451
0.83,0.77912295,0.050877035
0.8,0.7876117,0.012388289
0.49,0.76149756,-0.27149755
0.22,0.4494985,-0.2294985
0.04,0.18677063,-0.14677063
0.02,0.040233962,-0.020233963
0.01,0.044825383,-0.034825385
0.0,0.0066169593,-0.0066169593
0.1,0.017158104,0.082841896
0.11,0.12787287,-0.01787287
0.06,0.1263867,-0.0663867
0.04,0.044379205,-0.0043792054
0.01,0.058679707,-0.04867971
0.03,0.015496647,0.014503352
0.04,0.011844376,0.028155623
0.03,0.024398506,0.0056014936
0.01,0.023789737,-0.013789738
0.01,0.020910239,-0.010910239
0.01,0.015999204,-0.005999204
0.01,0.03138285,-0.021382852
0.01,0.015444901,-0.005444901
0.01,0.015865663,-0.0058656633
0.0,0.008918298,-0.008918298
0.01,0.0021003168,0.007899683
0.01,0.009025063,0.0009749364
0.03,0.0,0.03
0.14,0.014807063,0.12519294
0.52,0.14015247,0.37984753
0.55,0.497359,0.052641004
0.73,0.5684604,0.16153961
0.54,0.7340398,-0.19403976
0.22,0.5267041,-0.30670407
0.16,0.2070102,-0.0470102
0.12,0.17288701,-0.052887015
0.02,0.12631136,-0.106311366
0.01,0.0,0.01
0.12,0.025816908,0.09418309
0.13,0.15108256,-0.021082565
0.21,0.16193075,0.04806924
0.29,0.22043358,0.069566414
0.22,0.30217832,-0.082178324
0.26,0.23272613,0.027273864
0.16,0.25509435,-0.09509435
0.25,0.1535521,0.0964479
0.38,0.24209033,0.13790967
0.33,0.36776114,-0.037761122
0.67,0.32053268,0.34946734
0.75,0.68491155,0.06508845
0.62,0.7456151,-0.12561512
0.53,0.6252109,-0.09521091
0.66,0.5187605,0.14123952
0.73,0.6562468,0.07375324
0.66,0.67412424,-0.014124215
0.75,0.6187194,0.1312806
0.79,0.7117208,0.0782792
0.83,0.7255189,0.1044811
0.85,0.78677225,0.06322777
0.88,0.8107867,0.06921327
0.91,0.84967583,0.060324192
0.92,0.8516797,0.068320334
0.75,0.87580305,-0.12580305
0.87,0.690277,0.17972302
0.8,0.83126104,-0.031261027
0.95,0.7320993,0.2179007
0.92,0.90011334,0.019886672
0.89,0.86583924,0.024160743
0.8,0.83784544,-0.037845433
0.66,0.76025677,-0.10025674
0.71,0.6228222,0.08717775
0.75,0.67806625,0.07193375
0.89,0.7151546,0.1748454
0.87,0.83629155,0.033708453
0.85,0.8037016,0.046298444
0.92,0.7996827,0.12031734
0.87,0.8643553,0.005644679
0.77,0.8169265,-0.0469265
0.76,0.7182849,0.041715086
0.77,0.72645664,0.04354334
0.84,0.71135366,0.12864631
0.83,0.8037324,0.026267588
0.83,0.77118295,0.05881703
0.75,0.7881758,-0.03817582
0.85,0.6953778,0.1546222
0.95,0.81037945,0.13962054
0.97,0.8931044,0.076895654
0.94,0.900428,0.039572
0.96,0.87628603,0.08371395
0.95,0.9070947,0.04290527
0.97,0.8943263,0.0756737
0.96,0.90714145,0.05285853
0.92,0.9028474,0.017152607
0.93,0.85744697,0.07255304
0.89,0.876963,0.013036966
0.73,0.83239484,-0.10239482
0.65,0.6881755,-0.038175523
0.65,0.6147054,0.035294592
0.47,0.61470026,-0.14470026
0.42,0.42518944,-0.0051894486
0.53,0.4012508,0.12874916
0.44,0.5016072,-0.061607182
0.42,0.40103692,0.018963069
0.45,0.3973809,0.0526191
0.47,0.4323705,0.037629485
0.72,0.43898195,0.28101808
0.9,0.6950952,0.2049048
0.98,0.8749367,0.10506332
0.97,0.94643515,0.023564875
0.96,0.9040738,0.055926204
0.98,0.8957799,0.08422011
0.97,0.9231545,0.046845555
0.97,0.9112004,0.058799624
0.97,0.9149135,0.055086553
0.97,0.9121207,0.05787933
0.97,0.91200244,0.057997584
0.97,0.9181575,0.05184251
0.97,0.92012167,0.04987836
0.97,0.91305757,0.056942463
0.97,0.91161233,0.058387697
0.97,0.9029274,0.06707263
0.97,0.91075313,0.059246898
0.97,0.90894663,0.061053395
0.97,0.9103609,0.059639156
0.97,0.9139007,0.056099355
0.97,0.91363096,0.056369066
0.97,0.9145547,0.055445313
0.97,0.91352624,0.05647379
0.97,0.9117687,0.058231354
0.97,0.9144974,0.055502653
0.97,0.91358364,0.056416392
0.97,0.91408455,0.055915475
0.97,0.9125059,0.057494104
0.97,0.91250825,0.05749178
0.97,0.9143081,0.055691957
0.97,0.90928954,0.06071049
0.97,0.9107008,0.05929923
0.97,0.91317403,0.056825995
0.85,0.9130801,-0.06308007
0.85,0.7922895,0.05771053
0.85,0.8081387,0.041861296
0.84,0.79938436,0.04061562
0.86,0.787186,0.07281399
0.92,0.8133843,0.10661572
0.88,0.86590815,0.014091849
0.97,0.8204417,0.1495583
0.97,0.9207549,0.04924512
0.97,0.9061594,0.06384063
0.97,0.908977,0.061023057
0.97,0.9107148,0.059285223
0.97,0.9083703,0.061629713
0.97,0.9112582,0.058741808
0.97,0.909889,0.060111046
0.97,0.91313714,0.05686289
0.97,0.9114772,0.05852282
0.97,0.9139921,0.05600792
0.97,0.9118883,0.058111727
0.97,0.9132392,0.056760848
0.97,0.91067475,0.059325278
0.97,0.9140674,0.05593264
0.97,0.90880275,0.06119728
0.97,0.9142289,0.055771112
0.97,0.90904075,0.06095928
0.97,0.9124007,0.057599306
0.97,0.9115331,0.05846691
0.94,0.9126241,0.027375877
0.85,0.88225746,-0.032257438
0.81,0.79856515,0.011434853
0.8,0.7653723,0.034627736
0.83,0.75572383,0.07427615
0.9,0.7825971,0.11740285
0.91,0.8475073,0.06249273
0.95,0.85128134,0.09871864
0.97,0.89391375,0.07608628
0.97,0.9110218,0.0589782
0.97,0.9085537,0.06144631
0.97,0.9113647,0.058635354
0.97,0.9088801,0.061119914
0.97,0.9094691,0.0605309
0.97,0.9101889,0.059811115
0.91,0.9119413,-0.0019412637
0.86,0.85309243,0.0069075823
0.63,0.81098264,-0.18098265
0.19,0.5821589,-0.39215893
0.11,0.16673096,-0.056730956
0.48,0.13870232,0.3412977
0.84,0.47448424,0.36551574
0.98,0.8536062,0.1263938
0.98,0.9613348,0.018665195
0.98,0.9292907,0.050709307
0.97,0.9232892,0.04671085
0.97,0.90088177,0.06911826
0.94,0.9154531,0.024546921
0.85,0.8802892,-0.030289173
0.78,0.7822247,-0.0022247434
0.67,0.7259865,-0.055986464
0.79,0.6337553,0.1562447
0.79,0.76864797,0.021352053
0.91,0.74707437,0.16292566
0.93,0.8758943,0.0541057
0.92,0.8690482,0.05095184
0.77,0.8568256,-0.08682561
0.76,0.7136257,0.04637426
0.74,0.72309893,0.016901076
0.68,0.6891639,-0.009163916
0.8,0.6280378,0.1719622
0.88,0.760368,0.119632006
0.72,0.8202708,-0.10027075
0.82,0.6623596,0.1576404
0.81,0.79446757,0.015532434
0.83,0.76644224,0.063557744
0.83,0.780284,0.049715996
0.9,0.78367066,0.11632931
0.86,0.84234494,0.017655075
0.87,0.8011123,0.06888771
0.95,0.81076354,0.13923645
0.92,0.8985313,0.021468699
0.89,0.851516,0.038483977
0.94,0.84348667,0.09651333
0.95,0.8903935,0.059606493
0.94,0.89028466,0.04971534
0.96,0.87639797,0.08360201
0.96,0.9107244,0.049275577
0.97,0.8989465,0.071053505
0.97,0.9120653,0.0579347
0.96,0.90730035,0.052699625
0.96,0.9029801,0.05701989
0.95,0.9007471,0.049252868
0.94,0.8937813,0.046218693
0.97,0.88654923,0.083450794
0.96,0.91779804,0.042201936
0.97,0.89830226,0.07169777
0.96,0.91345215,0.04654783
0.93,0.90116525,0.02883476
0.94,0.8737198,0.066280186
0.94,0.8860018,0.053998172
0.92,0.8819281,0.03807193
0.91,0.86499417,0.045005858
0.91,0.8561957,0.053804338
0.93,0.85927975,0.070720255
0.82,0.8750722,-0.05507219
0.91,0.7629413,0.14705873
0.88,0.86629295,0.013707042
0.87,0.8226992,0.047300816
0.9,0.8153522,0.084647775
0.87,0.8515915,0.018408477
0.78,0.8138499,-0.033849955
0.56,0.7295294,-0.16952938
0.65,0.5141505,0.13584948
0.53,0.6247848,-0.094784856
0.55,0.4803024,0.06969762
0.56,0.5201215,0.039878488
0.43,0.52871597,-0.09871596
0.46,0.40094867,0.059051335
0.46,0.43567473,0.024325281
0.49,0.43330705,0.056692958
0.5,0.45438865,0.04561135
0.43,0.4707002,-0.040700197
0.17,0.39211926,-0.22211926
0.16,0.14756356,0.012436435
0.34,0.16269779,0.17730221
0.43,0.31963027,0.11036974
0.62,0.42201805,0.19798195
0.78,0.61525583,0.16474414
0.73,0.75367844,-0.023678422
0.65,0.70124215,-0.051242173
0.7,0.6152803,0.08471972
0.98,0.6728861,0.30711395
0.98,0.93429863,0.045701385
0.98,0.90754545,0.07245457
0.98,0.91961914,0.060380876
0.97,0.9161135,0.053886533
0.93,0.91308296,0.01691705
0.93,0.88138354,0.04861647
0.92,0.8880333,0.031966746
0.97,0.8691864,0.10081363
0.97,0.9052868,0.06471324
0.97,0.9094173,0.060582757
0.97,0.9111233,0.058876753
0.97,0.91352856,0.056471467
0.97,0.907028,0.06297201
0.97,0.9153288,0.054671228
0.97,0.9110044,0.058995605
0.97,0.9145861,0.0554139
0.97,0.91145074,0.058549285
0.97,0.9170369,0.052963138
0.97,0.9143878,0.055612206
0.97,0.91418135,0.055818677
0.95,0.9134642,0.0365358
0.92,0.8938,0.026199996
0.89,0.8612709,0.028729081
0.9,0.84176624,0.058233738
0.95,0.84884,0.10115999
0.93,0.8985263,0.031473696
0.81,0.8719305,-0.061930478
0.7,0.75536364,-0.055363655
0.82,0.6566833,0.16331667
0.84,0.7855117,0.0544883
0.97,0.7804252,0.18957484
0.92,0.91426426,0.005735755
0.78,0.8583653,-0.078365326
0.92,0.7244575,0.19554251
0.97,0.8810812,0.088918805
0.97,0.9055784,0.064421654
0.97,0.90770954,0.06229049
0.97,0.9089399,0.06106013
0.97,0.9052082,0.06479186
0.97,0.91233873,0.057661295
0.97,0.91408885,0.055911183
0.97,0.91307175,0.056928277
0.97,0.91166997,0.05833006
0.97,0.90683687,0.06316316
0.97,0.9165393,0.053460717
0.97,0.91048,0.059520006
0.97,0.9122952,0.057704806
0.97,0.9119623,0.058037758
0.97,0.91211605,0.057883978
0.97,0.9116918,0.058308244
0.97,0.91091704,0.059082985
0.97,0.91091466,0.05908537
0.92,0.911626,0.008374035
0.97,0.8642847,0.105715334
0.97,0.9188061,0.051193953
0.97,0.910112,0.059888005
0.97,0.9100063,0.059993744
0.98,0.91426915,0.06573087
0.97,0.9200438,0.049956203
0.98,0.91125226,0.06874776
0.98,0.9223479,0.057652116
0.97,0.9216911,0.04830891
0.97,0.911471,0.05852902
0.97,0.91227126,0.057728767
0.98,0.910739,0.069261014
0.98,0.9225161,0.05748391
0.97,0.9207792,0.0492208
0.97,0.91267204,0.057327986
0.95,0.9125798,0.037420213
0.97,0.8917609,0.07823914
0.96,0.91372097,0.046279013
0.96,0.903155,0.05684495
0.96,0.90126145,0.05873853
0.97,0.9032762,0.06672382
0.97,0.9121598,0.057840228
0.97,0.91201615,0.057983875
0.97,0.9110336,0.058966458
0.97,0.91309845,0.056901574
0.97,0.9112789,0.058721125
0.97,0.91167176,0.05832827
0.97,0.9121283,0.0578717
0.97,0.91148496,0.058515072
0.97,0.91231203,0.057687998
0.96,0.9123819,0.04761809
0.97,0.9017755,0.06822455
0.97,0.9130157,0.056984305
0.97,0.91125154,0.058748484
0.97,0.91250265,0.057497382
0.97,0.9117451,0.058254957
0.97,0.91215307,0.057846963
0.95,0.91167986,0.038320124
0.94,0.8925906,0.047409415
0.84,0.8843776,-0.044377625
0.97,0.7852509,0.18474913
0.95,0.9252535,0.024746478
0.9,0.884269,0.015730977
0.87,0.84332657,0.026673436
0.87,0.8219795,0.048020482
0.9,0.8185352,0.08146477
0.85,0.8480862,0.0019138455
0.85,0.7953065,0.05469352
0.82,0.8013154,0.018684566
0.76,0.7681451,-0.008145094
0.71,0.7113471,-0.0013471246
0.56,0.66983986,-0.10983986
0.61,0.51651025,0.093489766
0.59,0.5794077,0.010592282
0.49,0.5490518,-0.05905181
0.61,0.45242563,0.15757439
0.69,0.58911395,0.10088605
0.54,0.6406276,-0.1006276
0.6,0.4917854,0.10821462
0.54,0.5771657,-0.0371657
0.62,0.49656957,0.12343043
0.41,0.58106637,-0.17106637
0.58,0.3759321,0.20406789
0.46,0.5696727,-0.109672695
0.36,0.42171562,-0.061715603
0.35,0.34098434,0.00901565
0.38,0.3334446,0.0465554
0.28,0.37058002,-0.09058002
0.31,0.24652538,0.063474625
0.44,0.3074003,0.13259971
0.31,0.43062782,-0.12062782
0.2,0.27861375,-0.07861374
0.38,0.1840637,0.19593629
0.34,0.37176523,-0.031765223
0.28,0.32678035,-0.046780348
0.2,0.24267331,-0.042673305
0.28,0.19808538,0.08191462
0.31,0.27841592,0.031584084
0.3,0.29801643,0.001983583
0.27,0.27726513,-0.0072651207
0.22,0.2771905,-0.057190508
0.26,0.2055534,0.054446593
0.29,0.25227433,0.037725657
0.5,0.26706475,0.23293525
0.59,0.51204747,0.077952504
0.53,0.55565274,-0.025652766
0.49,0.51670784,-0.026707828
0.51,0.46549404,0.044505954
0.53,0.48685524,0.043144733
0.38,0.5072223,-0.1272223
0.27,0.3571465,-0.08714649
0.25,0.25841916,-0.008419156
0.29,0.24490575,0.045094237
0.32,0.27780235,0.042197645
0.36,0.3054637,0.054536313
0.34,0.34668338,-0.0066833794
0.29,0.32821292,-0.038212925
0.28,0.26518893,0.014811069
0.25,0.25892007,-0.0089200735
0.22,0.240928,-0.020927995
0.16,0.20180066,-0.041800663
0.13,0.15095212,-0.02095212
0.12,0.13528988,-0.01528988
0.04,0.11954843,-0.07954843
0.03,0.025505206,0.0044947937
0.02,0.035055548,-0.015055548
0.01,0.03194258,-0.02194258
0.01,0.0,0.01
0.01,0.0071824435,0.0028175563
0.01,0.012624272,-0.0026242724
0.01,0.0033905338,0.006609466
0.01,0.0049684662,0.0050315335
0.01,0.0073960647,0.002603935
0.01,0.0,0.01
0.01,0.0,0.01
0.01,0.010198915,-0.0001989156
0.01,0.019227285,-0.009227285
0.01,0.004005946,0.0059940536
0.01,0.0041177645,0.0058822352
0.01,0.0,0.01
0.01,0.008322141,0.0016778586
0.01,0.0062437486,0.0037562512
0.01,0.0029837545,0.0070162453
0.01,0.0,0.01
0.01,0.010042591,-4.2591244e-05
0.01,0.014608471,-0.004608471
0.01,0.0076593086,0.0023406912
0.01,0.0023856424,0.0076143574
0.01,0.004411731,0.005588269
0.01,0.007402948,0.0025970517
0.01,0.007328965,0.002671035
0.01,0.012995517,-0.002995517
0.01,0.009841421,0.00015857909
0.01,0.0035116225,0.006488377
0.01,0.00704249,0.0029575098
0.01,0.012793261,-0.0027932609
0.01,0.015615398,-0.0056153983
0.01,0.005883226,0.0041167736
0.01,0.012245963,-0.0022459636
0.01,0.0028367396,0.00716326
0.01,0.009595323,0.00040467642
0.01,0.0046485774,0.0053514224
0.01,0.017640747,-0.0076407474
0.01,0.0024843998,0.0075156
0.01,0.010157654,-0.00015765429
0.01,0.012686146,-0.0026861466
0.01,0.0025129598,0.00748704
0.01,0.0107831415,-0.0007831417
0.01,0.0126321595,-0.0026321597
0.01,0.0035186317,0.006481368
0.01,0.0064200237,0.003579976
0.01,0.010216862,-0.00021686219
0.01,0.01651618,-0.006516181
0.01,0.008862678,0.0011373218
0.0,0.0076023284,-0.0076023284
0.0,0.0,0.0
0.01,0.0018781032,0.008121897
0.01,0.007904468,0.0020955317
0.01,0.005441908,0.004558092
0.01,0.011405548,-0.0014055483
0.01,0.003555091,0.0064449087
0.0,0.0114586875,-0.0114586875
0.01,0.0,0.01
0.01,0.0143763665,-0.0043763667
0.04,0.0052692723,0.034730725
0.09,0.03621509,0.053784914
0.17,0.09124097,0.07875903
0.1,0.18536796,-0.085367955
0.05,0.0980471,-0.0480471
0.05,0.05926636,-0.009266358
0.05,0.046550933,0.0034490675
0.13,0.048047185,0.08195281
0.09,0.13879022,-0.048790216
0.11,0.09035466,0.01964534
0.22,0.118518695,0.1014813
0.36,0.22590567,0.13409434
0.42,0.37914166,0.04085833
0.62,0.42304426,0.19695574
0.75,0.6203166,0.12968338
0.95,0.7452407,0.2047593
0.92,0.94577146,-0.02577144
0.94,0.865029,0.07497102
0.83,0.9001414,-0.070141435
0.91,0.7782522,0.13174784
0.96,0.8755823,0.0844177
0.92,0.9112921,0.008707941
0.96,0.8667735,0.09322649
0.97,0.91575354,0.054246485
0.97,0.91574377,0.05425626
0.93,0.9188601,0.011139929
0.94,0.8772527,0.0627473
0.93,0.8885325,0.041467488
0.9,0.8646241,0.035375893
0.91,0.84673095,0.06326908
0.86,0.8542703,0.005729735
0.81,0.8146804,-0.004680395
0.78,0.75905144,0.02094853
0.73,0.7458366,-0.015836596
0.65,0.68369085,-0.03369087
0.74,0.61613894,0.123861074
0.72,0.7033404,0.016659617
0.62,0.6709577,-0.05095768
0.6,0.5769625,0.023037553
0.57,0.5729449,-0.0029448867
0.54,0.5302433,0.009756744
0.55,0.50049984,0.049500167
0.52,0.5168773,0.0031226873
0.5,0.47996348,0.020036519
0.45,0.47125378,-0.021253794
0.44,0.41552806,0.024471939
0.4,0.41354507,-0.013545066
0.39,0.37044385,0.019556135
0.33,0.365852,-0.035851985
0.32,0.300034,0.019966006
0.27,0.30156246,-0.031562448
0.31,0.24827366,0.061726347
0.37,0.29493514,0.07506487
0.35,0.3529238,-0.0029238164
0.28,0.32706314,-0.047063142
0.18,0.2576604,-0.07766038
0.09,0.16745108,-0.07745108
0.04,0.08342648,-0.043426484
0.07,0.03126698,0.03873302
0.16,0.06333858,0.09666142
0.36,0.16324662,0.1967534
0.34,0.37396944,-0.033969432
0.17,0.32994628,-0.15994628
0.11,0.16572292,-0.055722922
0.1,0.10202962,-0.00202962
0.1,0.09519128,0.004808724
0.11,0.08657527,0.02342473
0.16,0.10728879,0.052711204
0.16,0.15486312,0.0051368773
0.12,0.16693467,-0.04693467
0.09,0.1252117,-0.035211697
0.11,0.1000056,0.0099944025
0.1,0.116686,-0.016686
0.07,0.09091654,-0.020916536
0.07,0.063521974,0.0064780265
0.18,0.07086797,0.10913204
0.28,0.19376074,0.08623926
0.3,0.27652794,0.02347207
0.35,0.3016892,0.048310786
0.43,0.34685424,0.08314577
0.51,0.42051274,0.089487255
0.44,0.5042849,-0.06428492
0.36,0.42839867,-0.068398654
0.32,0.35428324,-0.03428325
0.26,0.31442612,-0.054426134
0.28,0.24563788,0.034362122
0.31,0.26305333,0.046946675
0.17,0.30426633,-0.13426633
0.13,0.15081109,-0.020811096
0.12,0.14456795,-0.024567954
0.15,0.12603676,0.023963243
0.2,0.1485751,0.051424906
0.15,0.19708396,-0.04708396
0.12,0.15180695,-0.031806953
0.1,0.11947684,-0.019476838
0.13,0.09291931,0.037080683
0.14,0.12143281,0.01856719
0.12,0.14862445,-0.028624453
0.17,0.12251884,0.047481164
0.19,0.17440338,0.015596613
0.19,0.20079829,-0.01079829
0.13,0.19249448,-0.062494487
0.13,0.13652404,-0.0065240413
0.1,0.13504708,-0.035047077
0.06,0.09900973,-0.03900973
0.04,0.053127676,-0.013127677
0.03,0.03077229,-0.00077228993
0.03,0.030839298,-0.0008392986
0.02,0.030855635,-0.010855636
0.04,0.023313118,0.016686881
0.04,0.03561362,0.0043863803
0.06,0.030841267,0.029158732
0.02,0.054248847,-0.034248848
0.01,0.01732613,-0.00732613
0.01,0.0049552936,0.005044706
0.01,0.0,0.01
0.01,0.00243528,0.0075647198
0.01,0.0066873683,0.0033126315
0.01,0.01226043,-0.0022604298
0.01,0.015176676,-0.0051766764
0.01,0.011785575,-0.0017855754
0.01,0.004410887,0.0055891126
0.01,0.0026166756,0.007383324
0.01,0.0049773175,0.0050226822
0.01,0.0,0.01
0.01,0.00252055,0.0074794497
0.01,0.0057146642,0.0042853355
0.01,0.013310049,-0.003310049
0.01,0.014296535,-0.0042965356
0.01,0.010177849,-0.00017784908
0.01,0.0,0.01
0.01,0.0071551735,0.0028448263
0.01,0.013603549,-0.0036035497
0.01,0.010927335,-0.0009273356
0.01,0.011203729,-0.0012037288
0.01,0.007030256,0.0029697437
0.01,0.010002554,-2.5546178e-06
0.01,0.0016520675,0.008347932
0.01,0.0063031614,0.0036968384
0.01,0.011160529,-0.0011605294
0.01,0.009202201,0.00079779886
0.01,0.0041510183,0.0058489814
0.01,0.010144541,-0.00014454126
0.01,0.0037886184,0.0062113814
0.01,0.012166914,-0.0021669138
0.01,0.0037368964,0.0062631033
0.01,0.0073802276,0.0026197722
0.01,0.008389504,0.0016104961
0.01,0.011245958,-0.0012459578
0.01,0.008591957,0.0014080424
0.0,0.011747683,-0.011747683
0.01,0.0,0.01
0.0,0.008596975,-0.008596975
0.01,0.0,0.01
0.02,0.007878121,0.012121879
0.03,0.020971563,0.009028437
0.01,0.026710765,-0.016710766
0.02,0.003900148,0.016099852
0.01,0.017598618,-0.007598618
0.05,0.006519951,0.04348005
0.04,0.04679346,-0.0067934617
0.04,0.03278099,0.007219009
0.02,0.04272774,-0.022727739
0.03,0.015306653,0.014693346
0.03,0.03096887,-0.0009688698
0.03,0.020499093,0.009500906
0.02,0.027499234,-0.0074992348
0.03,0.014279072,0.015720926
0.03,0.025623813,0.004376186
0.01,0.023478525,-0.013478525
0.0,0.008249037,-0.008249037
0.01,0.0011299029,0.008870097
0.01,0.0067053344,0.0032946654
0.01,0.0010381546,0.008961845
0.01,0.0058562225,0.0041437773
0.01,0.009436198,0.0005638022
0.01,0.0054493863,0.0045506135
0.01,0.0036238972,0.0063761026
0.01,0.012236942,-0.0022369418
0.01,0.0055745337,0.004425466
0.01,0.0056202,0.0043797996
0.01,0.0021238867,0.007876113
0.01,0.007319154,0.0026808456
0.01,0.00615154,0.0038484596
0.01,0.009292904,0.0007070955
0.01,0.0057475716,0.004252428
0.01,0.0075258072,0.0024741925
0.01,0.0050556976,0.004944302
0.01,0.009120003,0.00087999646
0.01,0.0051530134,0.0048469864
0.01,0.0037965234,0.0062034763
0.01,0.005948073,0.0040519265
0.01,0.008979026,0.0010209735
0.01,0.0054664817,0.004533518
0.01,0.008344928,0.001655072
0.01,0.0076972973,0.0023027025
0.01,0.005829191,0.004170809
0.01,0.006155379,0.0038446207
0.01,0.005433807,0.0045661926
0.01,0.008107008,0.0018929914
0.01,0.0072966274,0.0027033724
0.01,0.008705376,0.0012946241
0.01,0.006530405,0.0034695948
0.01,0.0077024205,0.0022975793
0.01,0.0043329317,0.005667068
0.01,0.008867128,0.001132872
0.01,0.005926462,0.004073538
0.01,0.009046955,0.00095304474
0.01,0.004805561,0.0051944386
0.01,0.008144549,0.0018554507
0.01,0.007053775,0.002946225
0.01,0.009784941,0.00021505915
0.01,0.0052424874,0.0047575124
0.01,0.006786581,0.0032134186
0.01,0.008090019,0.0019099806
0.01,0.008323483,0.0016765166
0.01,0.0068403594,0.0031596404
0.01,0.0057595037,0.004240496
0.01,0.008430833,0.0015691668
0.01,0.008815007,0.0011849925
0.01,0.00657193,0.0034280699
0.01,0.0063393097,0.00366069
0.01,0.006790068,0.0032099318
0.01,0.0066753775,0.0033246223
0.01,0.005829584,0.004170416
0.01,0.0066141,0.0033858996
0.01,0.0069366926,0.0030633071
0.01,0.00750555,0.0024944497
0.01,0.00565013,0.0043498697
0.01,0.0062872022,0.0037127975
0.01,0.0069596376,0.0030403621
0.01,0.0072782626,0.0027217371
0.01,0.006907502,0.0030924976
0.01,0.0070880745,0.0029119253
0.01,0.0071322843,0.0028677154
0.0,0.008483963,-0.008483963
0.01,0.0,0.01
0.01,0.008353807,0.0016461927
0.01,0.0060667554,0.0039332444
0.01,0.009235699,0.00076430105
0.01,0.0060139224,0.0039860774
0.01,0.008521331,0.0014786692
0.01,0.005541875,0.0044581247
0.01,0.00857284,0.0014271596
0.01,0.0071399333,0.0028600665
0.02,0.0054493975,0.014550602
0.02,0.015091449,0.0049085505
0.01,0.014925623,-0.0049256235
0.01,0.006833814,0.0031661857
0.01,0.0073396405,0.0026603593
0.01,0.0074223876,0.0025776122
0.01,0.007958947,0.002041053
0.01,0.007850498,0.0021495018
0.01,0.006739294,0.0032607056
0.01,0.007227799,0.0027722009
0.0,0.0072000492,-0.0072000492
0.01,0.0008588303,0.0091411695
0.01,0.008276485,0.0017235149
0.0,0.0065660607,-0.0065660607
0.01,0.0,0.01
0.01,0.008996173,0.001003827
0.01,0.006383461,0.0036165388
0.01,0.007928214,0.0020717857
0.01,0.008881845,0.0011181552
0.01,0.0076735727,0.002326427
0.01,0.0046837907,0.005316209
0.0,0.008873101,-0.008873101
0.01,0.00081394985,0.00918605
0.02,0.007935295,0.012064705
0.03,0.014477286,0.015522714
0.05,0.02642869,0.02357131
0.02,0.048391223,-0.028391223
0.01,0.014392395,-0.004392395
0.02,0.008726875,0.011273124
0.04,0.016132716,0.023867283
0.04,0.037899107,0.0021008924
0.04,0.035918344,0.0040816553
0.09,0.041110493,0.04888951
0.11,0.095000505,0.014999494
0.09,0.11340204,-0.023402035
0.11,0.09229008,0.017709918
0.1,0.11946117,-0.01946117
0.06,0.10186896,-0.04186896
0.06,0.05980207,0.0001979284
0.03,0.063279495,-0.033279493
0.05,0.02997249,0.02002751
0.02,0.05129554,-0.03129554
0.02,0.015885737,0.0041142628
0.01,0.02427716,-0.01427716
0.02,0.002383763,0.017616237
0.03,0.020362927,0.009637073
0.01,0.025732903,-0.015732903
0.01,0.008796395,0.001203605
0.01,0.0031393245,0.0068606753
0.0,0.0033176616,-0.0033176616
0.01,0.00061286427,0.0093871355
0.01,0.005513559,0.0044864407
0.01,0.007957179,0.0020428207
0.01,0.010242163,-0.00024216343
0.01,0.0057876706,0.004212329
0.01,0.010761334,-0.00076133385
0.01,0.0065935245,0.0034064753
0.01,0.007955485,0.0020445148
0.01,0.0065649506,0.0034350492
0.01,0.0042978283,0.0057021715
0.01,0.0066286363,0.0033713635
0.01,0.0066825496,0.0033174502
0.01,0.009324764,0.0006752359
0.01,0.0069527905,0.0030472092
0.01,0.004624758,0.005375242
0.01,0.010732442,-0.00073244236
0.01,0.0063906154,0.0036093844
0.01,0.007526418,0.0024735816
0.01,0.007115404,0.0028845957
0.01,0.008746867,0.0012531327
0.01,0.005721341,0.004278659
0.01,0.008012418,0.001987582
0.01,0.0065718833,0.0034281164
0.01,0.009827539,0.00017246045
0.01,0.0045283195,0.0054716803
0.01,0.0094276015,0.0005723983
0.01,0.006855117,0.0031448826
0.01,0.0067957155,0.0032042842
0.01,0.007731525,0.0022684745
0.01,0.0073755253,0.0026244745
0.01,0.0060612066,0.003938793
0.01,0.00839557,0.0016044294
0.01,0.007897604,0.0021023955
0.01,0.0070826635,0.0029173363
0.01,0.010132544,-0.00013254397
0.01,0.0053292066,0.004670793
0.01,0.00865777,0.0013422295
0.01,0.006590129,0.003409871
0.01,0.009704253,0.00029574707
0.01,0.005854165,0.0041458346
0.01,0.0073373504,0.0026626494
0.01,0.008665351,0.0013346486
0.01,0.008079244,0.001920756
0.01,0.00706573,0.0029342696
0.01,0.008299528,0.0017004721
0.01,0.0052219704,0.0047780294
0.01,0.008721162,0.0012788381
0.01,0.0062475745,0.0037524253
0.01,0.007859558,0.002140442
0.01,0.007953519,0.0020464808
0.01,0.0079084635,0.0020915363
0.01,0.0073640337,0.002635966
0.01,0.0068712626,0.0031287372
0.01,0.0074775675,0.0025224322
0.01,0.008541519,0.001458481
0.01,0.007467595,0.0025324048
0.01,0.006677728,0.0033222716
0.01,0.0074697584,0.0025302414
0.01,0.008186142,0.0018138578
0.01,0.0076654293,0.0023345705
0.01,0.0060060546,0.003993945
0.01,0.00864053,0.0013594702
0.01,0.007916508,0.0020834915
0.01,0.0071871364,0.0028128633
0.01,0.0076611135,0.0023388863
0.01,0.007891245,0.0021087546
0.01,0.00710427,0.0028957296
0.01,0.0068671163,0.0031328835
0.01,0.00771478,0.0022852197
0.01,0.0068102544,0.0031897454
0.01,0.009293033,0.00070696697
0.01,0.006613642,0.0033863578
0.01,0.0075522102,0.0024477895
0.01,0.0069374945,0.0030625053
0.01,0.008092046,0.001907954
0.01,0.0075235385,0.0024764612
0.01,0.006496908,0.0035030916
0.01,0.007991049,0.0020089503
0.0,0.00814926,-0.00814926
0.0,0.0,0.0
0.01,0.00095376,0.00904624
0.01,0.008064571,0.0019354289
0.03,0.008374296,0.021625703
0.02,0.025193803,-0.0051938035
0.01,0.013430215,-0.0034302156
0.01,0.0075595826,0.0024404172
0.01,0.0067201927,0.003279807
0.01,0.009025214,0.00097478554
0.01,0.0066541526,0.0033458471
0.01,0.009079957,0.0009200424
0.01,0.0071723433,0.0028276565
0.01,0.0071467487,0.002853251
0.01,0.0088899955,0.0011100043
0.01,0.008722321,0.0012776786
0.01,0.0069705043,0.0030294955
0.01,0.006060466,0.0039395336
0.01,0.0054297466,0.004570253
0.01,0.008731494,0.001268506
0.01,0.0077566328,0.002243367
0.01,0.007941054,0.0020589456
0.02,0.007438319,0.012561681
0.01,0.015399678,-0.005399678
0.01,0.0061948616,0.0038051382
0.0,0.008604504,-0.008604504
0.01,0.0,0.01
0.01,0.009530371,0.00046962872
0.01,0.0076833386,0.0023166612
0.02,0.008928725,0.011071275
0.01,0.0135132745,-0.0035132747
0.04,0.005842587,0.03415741
0.02,0.038102,-0.018102001
0.01,0.014291721,-0.0042917216
0.01,0.009008862,0.0009911377
0.01,0.0047551636,0.005244836
0.01,0.009786624,0.00021337532
0.01,0.00817117,0.0018288298
0.01,0.009707204,0.0002927957
0.01,0.0075092465,0.0024907533
0.01,0.005066745,0.004933255
0.01,0.009281972,0.00071802735
0.01,0.007958467,0.0020415327
0.01,0.0062670168,0.003732983
0.01,0.006369371,0.0036306288
0.01,0.0070659276,0.0029340722
0.01,0.008205637,0.0017943624
0.01,0.007257577,0.0027424227
0.01,0.0073455228,0.002654477
0.06,0.0073845834,0.052615415
0.02,0.058068015,-0.038068015
0.02,0.013809063,0.006190937
0.01,0.021226069,-0.011226069
0.01,0.004737435,0.005262565
0.01,0.010620337,-0.0006203372
0.01,0.0073998347,0.002600165
0.01,0.013268357,-0.0032683574
0.01,0.002790371,0.007209629
0.01,0.0053699296,0.00463007
0.01,0.011382323,-0.001382323
0.01,0.009313094,0.00068690535
0.01,0.0054457113,0.0045542885
0.01,0.0053148624,0.0046851374
0.01,0.006936645,0.0030633546
0.01,0.008937458,0.0010625422
0.01,0.0055460157,0.004453984
0.01,0.010323172,-0.00032317266
0.01,0.0060475394,0.0039524604
0.01,0.0072235223,0.0027764775
0.01,0.0082114,0.0017885994
0.01,0.008775812,0.0012241881
0.01,0.0065508345,0.0034491653
0.01,0.009585878,0.0004141219
0.01,0.006782651,0.0032173488
0.01,0.008354541,0.0016454589
0.01,0.0056712646,0.004328735
0.01,0.0063990382,0.0036009615
0.01,0.008670244,0.0013297554
0.01,0.008675039,0.001324961
0.01,0.007376518,0.0026234817
0.01,0.007815271,0.002184729
0.01,0.006222438,0.0037775617
0.01,0.009134729,0.0008652704
0.01,0.007241374,0.002758626
0.01,0.007399412,0.002600588
0.0,0.005944455,-0.005944455
0.01,0.0014749337,0.008525066
0.01,0.008548494,0.0014515053
0.09,0.006304698,0.08369531
0.02,0.09286678,-0.07286678
0.13,0.011770813,0.11822918
0.37,0.14712529,0.22287472
0.34,0.37214428,-0.03214428
0.34,0.35120967,-0.011209667
0.28,0.34420973,-0.06420973
0.31,0.28159326,0.02840674
0.27,0.30547184,-0.035471827
0.37,0.26664487,0.10335514
0.39,0.37622178,0.01377821
0.63,0.3758259,0.25417408
0.66,0.6300198,0.029980242
0.8,0.6469948,0.15300518
0.92,0.79201365,0.12798637
0.96,0.88007414,0.079925835
0.97,0.9058523,0.06414771
0.96,0.9151782,0.0448218
0.96,0.9025636,0.057436407
0.91,0.90568376,0.0043162704
0.84,0.8526629,-0.012662947
0.72,0.7984818,-0.07848179
0.79,0.6826415,0.107358515
0.74,0.7663224,-0.026322365
0.62,0.6920491,-0.07204908
0.5,0.58882344,-0.08882344
0.51,0.46472144,0.04527855
0.55,0.4968486,0.0531514
0.56,0.5055469,0.054453075
0.65,0.5288675,0.12113249
0.69,0.6082108,0.081789196
0.65,0.6484142,0.0015857816
0.52,0.60261345,-0.08261347
0.62,0.4884495,0.13155049
0.57,0.59413517,-0.024135172
0.43,0.52471906,-0.09471905
0.37,0.39633715,-0.026337147
0.46,0.3515907,0.108409315
0.56,0.44383743,0.11616257
0.54,0.52259827,0.017401755
0.52,0.5172264,0.002773583
0.48,0.49148154,-0.011481553
0.4,0.448909,-0.04890901
0.41,0.3603773,0.049622685
0.42,0.38869947,0.031300515
0.39,0.3943997,-0.004399717
0.37,0.3583957,0.011604309
0.33,0.3451566,-0.015156597
0.34,0.31024352,0.029756486
0.25,0.32401142,-0.074011415
0.18,0.22085474,-0.040854737
0.14,0.17914507,-0.039145067
0.14,0.13799644,0.0020035654
0.18,0.13397042,0.046029583
0.19,0.1654013,0.024598703
0.13,0.19795279,-0.0679528
0.04,0.12100707,-0.08100707
0.01,0.033662703,-0.023662703
0.01,0.0027943086,0.007205691
0.01,0.00012317672,0.009876823
0.01,0.007286206,0.002713794
0.01,0.005478033,0.004521967
0.01,0.011908509,-0.0019085091
0.01,0.009855948,0.00014405139
0.01,0.013681374,-0.0036813738
0.01,0.0,0.01
0.01,0.0,0.01
0.01,0.0,0.01
0.01,0.00831187,0.0016881302
0.01,0.0,0.01
0.01,0.016573714,-0.0065737143
0.01,0.015208872,-0.0052088723
0.01,0.002316419,0.0076835807
0.01,0.0,0.01
0.01,0.0,0.01
0.01,0.010398865,-0.00039886497
0.01,0.006745034,0.0032549659
0.01,0.011737525,-0.0017375257
0.01,0.004945671,0.0050543286
0.0,0.004968347,-0.004968347
0.01,0.0,0.01
0.01,0.013033981,-0.0030339817
0.01,0.0054235067,0.004576493
0.01,0.008926276,0.0010737237
0.01,0.0053001065,0.0046998933
0.01,0.010634733,-0.0006347336
0.01,0.008504781,0.0014952188
0.01,0.012012439,-0.002012439
0.01,0.002022734,0.007977266
0.04,0.0068680104,0.033131987
0.01,0.03266307,-0.02266307
0.01,0.009534577,0.00046542287
0.01,0.014261808,-0.0042618085
0.01,0.0039225984,0.0060774013
0.01,0.010151791,-0.00015179161
0.01,0.0073467717,0.0026532281
0.01,0.011587936,-0.0015879367
0.07,0.0065897144,0.06341028
0.17,0.072521836,0.097478166
0.22,0.18686841,0.033131585
0.14,0.23087083,-0.09087083
0.05,0.13980974,-0.089809746
0.03,0.05686166,-0.026861662
0.02,0.033561997,-0.013561998
0.03,0.019383846,0.0106161535
0.01,0.026574606,-0.016574606
0.01,0.013412178,-0.0034121778
0.0,0.013504544,-0.013504544
0.01,0.002260251,0.007739749
0.01,0.02569941,-0.01569941
0.01,0.004236132,0.005763868
0.01,0.001656631,0.008343369
0.01,0.0021195672,0.0078804325
0.01,0.0105044525,-0.00050445274
0.05,0.0085833995,0.0414166
0.18,0.047270715,0.13272929
0.19,0.19527937,-0.005279377
0.21,0.20639187,0.0036081225
0.22,0.22335552,-0.003355518
0.2,0.22693725,-0.026937246
0.14,0.2049127,-0.06491271
0.15,0.14710157,0.0028984398
0.14,0.16541336,-0.025413364
0.1,0.13614415,-0.036144145
0.1,0.09167251,0.008327492
0.13,0.09838855,0.031611443
0.19,0.1459756,0.044024393
0.11,0.19727293,-0.08727293
0.1,0.10958818,-0.009588182
0.11,0.10607944,0.0039205626
0.07,0.111644045,-0.041644044
0.13,0.06607431,0.06392568
0.17,0.13348886,0.036511138
0.27,0.18024358,0.08975643
0.43,0.27669403,0.15330598
0.37,0.4339304,-0.06393039
0.3,0.36983562,-0.0698356
0.29,0.3024429,-0.012442917
0.33,0.2858846,0.044115424
0.24,0.3225605,-0.082560495
0.23,0.23569618,-0.0056961775
0.16,0.23522964,-0.075229645
0.14,0.1528479,-0.0128479
0.13,0.14452825,-0.01452826
0.16,0.13039267,0.029607326
0.13,0.16818602,-0.03818603
0.11,0.1268381,-0.016838104
0.07,0.11647402,-0.046474017
0.04,0.06439415,-0.024394155
0.05,0.042184494,0.007815506
0.05,0.04374831,0.006251689
0.02,0.038261205,-0.018261205
0.02,0.012703094,0.007296906
0.01,0.01421049,-0.00421049
0.01,0.003796406,0.0062035937
0.01,0.01928746,-0.00928746
0.01,0.013929307,-0.0039293077
0.01,0.00816742,0.0018325802
0.0,0.010692859,-0.010692859
0.01,0.0,0.01
0.02,0.0,0.02
0.06,0.01025379,0.049746208
0.06,0.059179112,0.00082088634
0.05,0.059051223,-0.009051222
0.05,0.045264065,0.0047359355
0.08,0.045583166,0.034416832
0.14,0.085267134,0.054732867
0.13,0.14312044,-0.013120443
0.09,0.1286274,-0.0386274
0.05,0.084023744,-0.034023743
0.06,0.046909645,0.013090353
0.1,0.0680874,0.031912602
0.16,0.10177468,0.05822532
0.18,0.1668469,0.013153106
0.23,0.18194838,0.048051625
0.25,0.23155522,0.018444777
0.25,0.24261807,0.007381931
0.25,0.25374317,-0.0037431717
0.23,0.24863376,-0.018633753
0.22,0.22090751,-0.0009075105
0.23,0.21453437,0.015465632
0.21,0.22839499,-0.018394992
0.15,0.20387204,-0.053872034
0.13,0.14855866,-0.018558666
0.11,0.13650443,-0.026504427
0.08,0.1120756,-0.0320756
0.08,0.081039645,-0.0010396466
0.06,0.07535125,-0.0153512545
0.04,0.05543351,-0.015433513
0.03,0.030826315,-0.00082631595
0.02,0.031391114,-0.011391114
0.01,0.0153611675,-0.0053611677
0.01,0.0024038367,0.007596163
0.01,0.009570491,0.0004295092
0.01,0.0075230636,0.0024769362
0.01,0.008547736,0.0014522634
0.0,0.006288059,-0.006288059
0.01,0.0,0.01
0.0,0.008348226,-0.008348226
0.01,0.0,0.01
0.01,0.0020298492,0.007970151
0.01,0.007938449,0.0020615505
0.01,0.007187455,0.0028125448
0.01,0.0038130805,0.0061869193
0.01,0.01184384,-0.0018438399
0.01,0.0053982753,0.0046017244
0.01,0.00095656887,0.009043431
0.01,0.00918933,0.00081066974
0.01,0.006325056,0.003674944
0.01,0.007854758,0.002145242
0.01,0.008084419,0.0019155806
0.01,0.004165834,0.005834166
0.01,0.005005503,0.0049944967
0.01,0.011565672,-0.0015656725
0.01,0.012495966,-0.002495966
0.01,0.0035419334,0.0064580664
0.01,0.0059916535,0.0040083462
0.01,0.005393699,0.004606301
0.01,0.012539247,-0.0025392473
0.01,0.0027845614,0.0072154384
0.01,0.009669995,0.00033000484
0.01,0.005852228,0.0041477717
0.01,0.0090964995,0.00090350024
0.01,0.0055941846,0.004405815
0.01,0.009601744,0.00039825588
0.01,0.006651951,0.0033480488
0.0,0.009382872,-0.009382872
0.01,0.0,0.01
0.02,0.008072786,0.0119272135
0.01,0.017121587,-0.007121587
0.01,0.009793892,0.0002061082
0.02,0.0071667535,0.012833246
0.05,0.015964802,0.0340352
0.02,0.047842935,-0.027842935
0.05,0.015941758,0.034058243
0.06,0.05529858,0.004701417
0.05,0.054063104,-0.0040631033
0.03,0.053910658,-0.023910658
0.01,0.026920576,-0.016920576
0.01,0.011576584,-0.0015765838
0.01,0.002690049,0.007309951
0.02,0.011812111,0.008187888
0.03,0.018618247,0.011381753
0.01,0.023730371,-0.013730371
0.0,0.00038993545,-0.00038993545
0.01,0.004197983,0.0058020167
0.01,0.007074969,0.002925031
0.02,0.0077485405,0.012251459
0.04,0.014254584,0.025745414
0.04,0.0354134,0.0045866
0.01,0.038654797,-0.028654797
0.01,0.0036678538,0.006332146
0.01,0.014114125,-0.004114125
0.01,0.0077463314,0.0022536684
0.0,0.007163357,-0.007163357
0.01,0.0,0.01
0.01,0.012641297,-0.002641297
0.01,0.0048060548,0.005193945
0.01,0.009075746,0.00092425384
0.01,0.011124272,-0.0011242721
0.01,0.0036629345,0.0063370652
0.01,0.0026450623,0.0073549375
0.01,0.007942596,0.0020574033
0.01,0.0077646486,0.0022353511
0.01,0.0059440155,0.0040559843
0.01,0.011055171,-0.0010551708
0.01,0.0069817435,0.0030182563
0.01,0.0049715284,0.0050284714
0.01,0.007139615,0.002860385
0.01,0.010532666,-0.0005326662
0.01,0.007941046,0.002058954
0.01,0.0057892697,0.00421073
0.01,0.00686555,0.00313445
0.01,0.007952548,0.0020474521
0.01,0.006572226,0.0034277737
0.01,0.0069554094,0.0030445904
0.01,0.007162897,0.0028371029
0.0,0.0064744195,-0.0064744195
0.01,0.0006102007,0.009389799
0.01,0.006999247,0.003000753
0.01,0.007073912,0.002926088
0.01,0.0058345906,0.004165409
0.0,0.0076389704,-0.0076389704
0.01,0.0,0.01
0.0,0.007996166,-0.007996166
0.01,0.0,0.01
0.01,0.011394126,-0.0013941266
0.01,0.004069399,0.0059306007
0.01,0.00892627,0.0010737302
0.01,0.0057591796,0.00424082
0.0,0.0090532685,-0.0090532685
0.01,0.0,0.01
0.0,0.008368794,-0.008368794
0.01,0.0,0.01
0.01,0.0080817845,0.0019182153
0.01,0.008299919,0.0017000809
0.01,0.009721707,0.00027829316
0.01,0.0053177234,0.0046822764
0.01,0.007762281,0.0022377186
0.01,0.0078132115,0.0021867882
0.01,0.007999923,0.0020000767
0.01,0.009274828,0.0007251715
0.01,0.005481355,0.004518645
0.13,0.008499521,0.12150048
0.16,0.13939454,0.02060546
0.11,0.1707993,-0.0607993
0.21,0.11136054,0.09863945
0.16,0.2220305,-0.06203051
0.21,0.156455,0.053545
0.26,0.21889845,0.041101545
0.25,0.2695514,-0.019551396
0.2,0.2470868,-0.04708679
0.27,0.19714962,0.07285039
0.31,0.2784239,0.031576097
0.24,0.30659497,-0.06659497
0.28,0.2364388,0.043561205
0.32,0.2825566,0.0374434
0.28,0.313089,-0.033089012
0.27,0.2636998,0.006300211
0.29,0.26344305,0.026556939
0.34,0.2850629,0.054937094
0.38,0.32369304,0.05630696
0.39,0.36800256,0.021997422
0.4,0.37261248,0.02738753
0.35,0.38857752,-0.038577527
0.32,0.32694465,-0.0069446564
0.32,0.3081959,0.011804104
0.27,0.3104638,-0.040463775
0.26,0.2587817,0.0012182891
0.25,0.24268527,0.0073147267
0.22,0.24671195,-0.026711956
0.17,0.21110718,-0.041107178
0.13,0.16709293,-0.03709294
0.11,0.1289214,-0.018921405
0.09,0.10656726,-0.01656726
0.06,0.08628711,-0.026287112
0.04,0.053470865,-0.013470866
0.03,0.044218965,-0.014218966
0.02,0.017647842,0.0023521576
0.01,0.014734553,-0.0047345534
0.01,0.010920103,-0.00092010293
0.02,0.006897622,0.013102378
0.03,0.010500608,0.019499391
0.02,0.02735393,-0.00735393
0.03,0.016173095,0.013826905
0.02,0.02681474,-0.0068147406
0.01,0.016206695,-0.006206695
0.0,0.0067881886,-0.0067881886
0.01,0.0,0.01
0.01,0.007311126,0.0026888736
0.01,0.007979546,0.002020454
0.01,0.0015719049,0.008428095
0.01,0.0090992935,0.0009007063
0.01,0.003625676,0.0063743237
0.01,0.004818851,0.0051811486
0.01,0.0059041567,0.004095843
0.01,0.0072623603,0.0027376395
0.01,0.0,0.01
0.01,0.007671578,0.002328422
0.01,0.008784102,0.0012158975
0.01,0.0058862222,0.0041137775
0.01,0.006688753,0.0033112466
0.01,0.011160037,-0.0011600368
0.01,0.006820176,0.003179824
0.01,0.006880209,0.003119791
0.01,0.005954235,0.004045765
0.01,0.0045595374,0.0054404624
0.01,0.009367447,0.00063255243
0.01,0.006560549,0.0034394506
0.01,0.0075459387,0.002454061
0.01,0.005702378,0.0042976215
0.01,0.008315268,0.0016847318
0.01,0.0088410005,0.0011589993
0.01,0.00854723,0.0014527701
0.01,0.008203775,0.0017962251
0.01,0.007799792,0.0022002077
0.01,0.009633681,0.00036631897
0.01,0.0086135,0.0013865
0.01,0.0049286447,0.005071355
0.01,0.011100726,-0.0011007264
0.01,0.0059583234,0.0040416764
0.01,0.009028949,0.00097105093
0.01,0.011129601,-0.0011296012
0.01,0.0050042253,0.0049957745
0.01,0.0071425373,0.0028574625
0.01,0.00777868,0.0022213198
0.01,0.0077073714,0.0022926284
0.01,0.003853852,0.006146148
0.01,0.012580903,-0.0025809035
0.01,0.0057884734,0.0042115264
0.01,0.008469855,0.0015301444
0.01,0.006506227,0.0034937728
0.01,0.0088042505,0.0011957493
0.01,0.005592255,0.004407745
0.06,0.0064982567,0.05350174
0.1,0.061962612,0.03803739
0.1,0.10318485,-0.0031848475
0.08,0.099946365,-0.019946367
0.09,0.083735675,0.006264329
0.07,0.09839616,-0.02839616
0.05,0.06936438,-0.019364376
0.04,0.053435177,-0.0134351775
0.01,0.040103313,-0.030103313
0.01,0.006013572,0.0039864276
0.01,0.008555802,0.0014441982
0.01,0.0136129465,-0.0036129467
0.01,0.011131479,-0.0011314796
0.01,0.003915239,0.0060847607
0.01,0.0059583597,0.00404164
0.04,0.006093381,0.033906616
0.05,0.036219597,0.013780404
0.05,0.045004822,0.0049951784
0.01,0.04995001,-0.039950013
0.01,0.0063467138,0.003653286
0.01,0.0067270035,0.0032729963
0.01,0.007948138,0.002051862
0.02,0.013946667,0.0060533322
0.01,0.016947526,-0.0069475267
0.0,0.0068397317,-0.0068397317
0.01,0.0016351864,0.008364813
0.01,0.008271279,0.001728721
0.02,0.007815304,0.012184695
0.01,0.014986624,-0.0049866242
0.01,0.0017907172,0.0082092825
0.01,0.008433157,0.0015668431
0.01,0.005106898,0.0048931018
0.0,0.010371007,-0.010371007
0.01,0.0017599836,0.008240016
0.01,0.011547949,-0.0015479494
0.01,0.004928287,0.0050717127
0.01,0.004831737,0.005168263
0.01,0.009995958,4.04194e-06
0.0,0.009319398,-0.009319398
0.01,0.0,0.01
0.01,0.010551209,-0.00055120885
0.01,0.0048816837,0.005118316
0.01,0.007005699,0.0029943008
0.01,0.006192142,0.0038078576
0.01,0.00987819,0.00012180954
0.01,0.0064264387,0.003573561
0.01,0.008417012,0.0015829876
0.01,0.0066588484,0.0033411514
0.01,0.008029737,0.0019702632
0.01,0.0058708284,0.0041291714
0.01,0.008747872,0.0012521278
0.01,0.0071363878,0.002863612
0.01,0.007987395,0.0020126048
0.01,0.0075927507,0.002407249
0.01,0.00953091,0.0004690895
0.01,0.0074243285,0.0025756713
0.01,0.0060184784,0.0039815214
0.01,0.0067175366,0.0032824632
0.01,0.0068589523,0.0031410474
0.01,0.007855609,0.0021443907
0.01,0.0075167567,0.0024832431
0.01,0.006378865,0.003621135
0.01,0.006861424,0.0031385757
0.01,0.0077798404,0.0022201594
0.01,0.0058656605,0.0041343393
0.01,0.006700894,0.003299106
0.01,0.0054269005,0.0045730993
0.01,0.0065539684,0.0034460314
0.01,0.009489406,0.0005105939
0.01,0.007245452,0.0027545476
0.01,0.006627094,0.0033729058
0.01,0.0069790073,0.0030209925
0.01,0.0042343363,0.0057656635
0.01,0.007520601,0.0024793986
0.01,0.006668954,0.0033310456
0.01,0.007045733,0.002954267
0.01,0.0072222436,0.0027777562
0.01,0.0068824347,0.003117565
0.01,0.004778553,0.005221447
0.01,0.0069913026,0.0030086972
0.01,0.0076899156,0.0023100842
0.01,0.0070900545,0.0029099453
0.13,0.006814664,0.12318533
0.25,0.14033756,0.10966244
0.23,0.2679568,-0.03795679
0.21,0.23911151,-0.02911152
0.2,0.21641159,-0.016411588
0.17,0.20559962,-0.03559962
0.15,0.16872631,-0.018726304
0.14,0.15760134,-0.017601341
0.16,0.14303917,0.01696083
0.15,0.16341692,-0.013416916
0.12,0.15253212,-0.03253212
0.09,0.12797146,-0.037971452
0.09,0.09737109,-0.007371083
0.1,0.09623552,0.0037644804
0.05,0.096157804,-0.046157803
0.04,0.04899537,-0.008995369
0.03,0.03782571,-0.007825712
0.01,0.02236399,-0.012363991
0.01,0.01151103,-0.0015110299
0.02,0.011543103,0.008456897
0.01,0.015332483,-0.005332483
0.01,0.005433278,0.0045667216
0.01,0.008982634,0.0010173656
0.01,0.010455086,-0.00045508612
0.01,0.010965117,-0.0009651175
0.01,0.009655833,0.00034416653
0.01,0.0029851254,0.0070148744
0.01,0.0018367451,0.008163255
0.01,0.0035171378,0.006482862
0.01,0.007558679,0.0024413206
0.01,0.011078943,-0.0010789428
0.01,0.006033498,0.003966502
0.01,0.0041856,0.0058143996
0.01,0.011161799,-0.0011617988
0.01,0.008532338,0.0014676619
0.01,0.0044228826,0.005577117
0.01,0.004672732,0.0053272676
0.01,0.007145621,0.002854379
0.01,0.009415325,0.000584675
0.01,0.005416205,0.0045837946
0.01,0.0071586957,0.002841304
0.01,0.008666386,0.0013336139
0.01,0.008349013,0.0016509872
0.01,0.00739285,0.00260715
0.01,0.007958863,0.0020411368
0.01,0.0033951309,0.006604869
0.01,0.007145686,0.0028543137
0.01,0.008110215,0.0018897848
0.01,0.0071485788,0.002851421
0.01,0.007841363,0.0021586372
0.01,0.007567622,0.002432378
0.01,0.0050385054,0.0049614944
0.01,0.008680301,0.001319699
0.0,0.008157011,-0.008157011
0.01,0.0005830154,0.009416984
0.01,0.009106951,0.00089304894
0.01,0.00913086,0.00086914
0.01,0.006519789,0.003480211
0.0,0.0050775055,-0.0050775055
0.01,0.0030711126,0.006928887
0.01,0.009005156,0.0009948434
0.01,0.009862641,0.0001373589
0.01,0.009106861,0.00089313835
0.01,0.0037100688,0.006289931
0.01,0.0065543083,0.0034456914
0.01,0.00729,0.0027099997
0.01,0.006051056,0.0039489437
0.01,0.008883123,0.0011168765
0.01,0.008126216,0.0018737838
0.01,0.008845471,0.0011545289
0.01,0.007556962,0.002443038
0.01,0.007437757,0.0025622426
0.02,0.006411096,0.0135889035
0.02,0.01484628,0.0051537193
0.06,0.0156741,0.0443259
0.19,0.05976083,0.13023916
0.16,0.2060178,-0.04601781
0.13,0.16597638,-0.03597638
0.13,0.13795,-0.007950008
0.12,0.13945672,-0.019456722
0.08,0.12758467,-0.047584668
0.07,0.07806905,-0.008069053
0.07,0.07668621,-0.0066862106
0.05,0.06902311,-0.01902311
0.05,0.048219733,0.0017802678
0.08,0.05407323,0.025926769
0.08,0.08834132,-0.00834132
0.07,0.07743415,-0.007434152
0.08,0.06980604,0.010193959
0.07,0.08534033,-0.015340328
0.03,0.069430925,-0.039430924
0.07,0.023244334,0.046755664
0.06,0.07386333,-0.013863329
0.11,0.060247622,0.049752377
0.15,0.11493587,0.03506414
0.18,0.15679012,0.023209885
0.27,0.1897354,0.08026461
0.23,0.28181213,-0.051812127
0.24,0.2248234,0.015176594
0.27,0.24924682,0.02075319
0.29,0.26907483,0.020925164
0.3,0.28016943,0.019830585
0.27,0.29228336,-0.022283345
0.23,0.26777077,-0.037770763
0.21,0.22821467,-0.018214673
0.18,0.20963609,-0.029636085
0.23,0.17417093,0.055829078
0.22,0.23358326,-0.013583258
0.19,0.21592395,-0.025923952
0.15,0.18747044,-0.03747043
0.13,0.14620714,-0.016207144
0.12,0.13068567,-0.010685675
0.1,0.12110324,-0.02110324
0.11,0.10041498,0.009585023
0.11,0.10380068,0.0061993226
0.09,0.11207548,-0.022075474
0.09,0.09231657,-0.0023165643
0.1,0.091068015,0.008931987
0.1,0.10709298,-0.007092975
0.09,0.10097206,-0.010972053
0.1,0.09144226,0.008557744
0.13,0.10000168,0.029998317
0.12,0.13667655,-0.016676553
0.17,0.12164216,0.048357844
0.19,0.17930828,0.010691717
0.22,0.19564046,0.02435954
0.14,0.22316344,-0.08316344
0.06,0.13894328,-0.07894328
0.01,0.06738369,-0.057383694
0.01,0.011617765,-0.001617765
0.01,0.010617664,-0.0006176643
0.01,0.008032495,0.0019675046
0.01,0.0049061254,0.0050938744
0.01,0.005705714,0.0042942856
0.01,0.009229261,0.00077073835
0.01,0.010702034,-0.0007020347
0.01,0.0038168263,0.0061831735
0.01,0.0044715777,0.005528422
0.01,0.0,0.01
0.01,0.0047823396,0.00521766
0.01,0.0057047997,0.0042952
0.01,0.010219492,-0.00021949224
0.0,0.01060161,-0.01060161
0.01,0.0,0.01
0.0,0.0071926136,-0.0071926136
0.01,0.0,0.01
0.02,0.00974375,0.010256249
0.04,0.017669674,0.022330325
0.01,0.03749522,-0.027495218
0.01,0.0,0.01
0.03,0.010596253,0.019403746
0.09,0.017887112,0.07211289
0.16,0.09139926,0.06860074
0.3,0.17099835,0.12900166
0.35,0.31736058,0.032639414
0.36,0.3665491,-0.00654909
0.47,0.35037982,0.119620174
0.28,0.47192922,-0.19192922
0.48,0.268285,0.21171498
0.72,0.48362947,0.23637056
0.93,0.7038268,0.22617322
0.87,0.9280142,-0.058014214
0.68,0.83280015,-0.15280014
0.68,0.6476292,0.032370806
0.63,0.65717274,-0.027172744
0.67,0.5992416,0.0707584
0.96,0.6440059,0.31599408
0.97,0.9225382,0.047461808
0.96,0.91059625,0.049403727
0.97,0.90899765,0.061002374
0.97,0.9259372,0.044062853
0.97,0.91429067,0.055709362
0.97,0.92101085,0.048989177
0.97,0.9060141,0.063985944
0.97,0.9161304,0.053869605
0.97,0.9063779,0.06362212
0.97,0.9177228,0.052277207
0.97,0.91753936,0.05246067
0.97,0.92043805,0.049561977
0.97,0.9126574,0.05734265
0.97,0.91871727,0.051282763
0.97,0.9071604,0.06283963
0.97,0.91687095,0.053129077
0.91,0.9133123,-0.0033122897
0.89,0.85704625,0.03295374
0.96,0.84115434,0.11884564
0.93,0.9059467,0.024053335
0.97,0.86904246,0.10095757
0.97,0.91457295,0.055427074
0.97,0.9101574,0.059842646
0.87,0.9124055,-0.042405486
0.8,0.81710905,-0.017109036
0.88,0.7566848,0.123315215
0.86,0.8390817,0.02091831
0.85,0.7969813,0.05301875
0.82,0.79723334,0.02276665
0.93,0.7719071,0.15809292
0.98,0.88122034,0.09877968
0.98,0.91622597,0.06377405
0.97,0.92029935,0.049700677
0.97,0.9102751,0.059724927
0.97,0.9088296,0.0611704
0.97,0.90661407,0.06338596
0.97,0.91464305,0.05535698
0.97,0.90990186,0.06009817
0.96,0.9090463,0.050953686
0.76,0.9022335,-0.14223349
0.85,0.7078054,0.14219463
0.94,0.81831956,0.12168044
0.96,0.8831019,0.0768981
0.96,0.8976539,0.0623461
0.92,0.901683,0.018317044
0.96,0.86338884,0.09661114
0.97,0.90473795,0.06526208
0.97,0.91070527,0.05929476
0.97,0.90858376,0.06141627
0.96,0.90983224,0.05016774
0.93,0.8967474,0.033252597
0.95,0.8759447,0.074055314
0.97,0.89884865,0.071151376
0.95,0.9119638,0.038036168
0.88,0.89249355,-0.012493551
0.97,0.8241342,0.14586586
0.97,0.92282754,0.047172487
0.94,0.903639,0.03636098
0.97,0.88334626,0.08665377
0.89,0.9159368,-0.025936842
0.94,0.8290149,0.1109851
0.97,0.88986754,0.080132484
0.89,0.9135138,-0.023513794
0.97,0.8278605,0.14213955
0.97,0.91999376,0.05000627
0.97,0.9059044,0.06409562
0.96,0.91183573,0.04816425
0.97,0.9071758,0.06282425
0.97,0.9088965,0.061103523
0.96,0.91322136,0.04677862
0.97,0.89952046,0.07047957
0.97,0.9144485,0.05555153
0.97,0.90965813,0.060341895
0.97,0.9111024,0.058897614
0.97,0.9146352,0.055364847
0.97,0.9123349,0.05766511
0.97,0.9103612,0.059638858
0.96,0.9122807,0.0477193
0.92,0.90183234,0.018167675
0.87,0.8651623,0.004837692
0.83,0.8164401,0.013559878
0.78,0.78300494,-0.0030049682
0.75,0.7335981,0.016401887
0.73,0.706346,0.023654044
0.71,0.6874194,0.022580564
0.84,0.6675221,0.1724779
0.85,0.7970077,0.052992344
0.93,0.79157245,0.13842756
0.87,0.8765902,-0.0065901875
0.93,0.8107089,0.11929113
0.9,0.87770075,0.02229923
0.92,0.8379004,0.08209962
0.83,0.8644983,-0.034498334
0.8,0.7733464,0.026653588
0.65,0.7526176,-0.10261762
0.63,0.60259163,0.027408361
0.51,0.6006957,-0.09069574
0.47,0.47040984,-0.00040984154
0.45,0.4477482,0.002251774
0.55,0.41916263,0.13083738
0.53,0.5256367,0.0043632984
0.41,0.49347335,-0.083473355
0.38,0.3811938,-0.0011937916
0.35,0.359793,-0.009793013
0.33,0.3216436,0.008356422
0.28,0.30207628,-0.022076279
0.28,0.25590545,0.024094552
0.23,0.2722966,-0.042296603
0.16,0.20573793,-0.045737937
0.14,0.16049848,-0.020498484
0.2,0.13157678,0.06842323
0.17,0.20564722,-0.035647213
0.18,0.15088852,0.02911149
0.24,0.18386133,0.056138664
0.38,0.23823525,0.14176475
0.51,0.37965605,0.13034394
0.49,0.49833885,-0.008338839
0.33,0.47353888,-0.14353886
0.36,0.30692744,0.05307257
0.37,0.35150272,0.018497288
0.22,0.34473956,-0.12473956
0.19,0.20397414,-0.013974145
0.29,0.19756742,0.09243257
0.22,0.28910434,-0.06910434
0.27,0.20783542,0.06216459
0.08,0.26647183,-0.18647183
0.18,0.07329594,0.10670406
0.33,0.19504103,0.13495898
0.33,0.32385153,0.0061484873
0.41,0.33562267,0.07437733
0.35,0.40129045,-0.051290452
0.32,0.32733274,-0.007332742
0.25,0.3035251,-0.05352509
0.26,0.24470359,0.0152964
0.39,0.25780413,0.13219586
0.49,0.37436274,0.11563727
0.5,0.49052072,0.009479284
0.41,0.49233937,-0.082339376
0.28,0.39953607,-0.11953607
0.3,0.2643036,0.035696417
0.3,0.2926895,0.0073105097
0.24,0.27649754,-0.03649755
0.24,0.2219312,0.01806879
0.25,0.23792478,0.012075216
0.27,0.24527526,0.024724752
0.16,0.25880808,-0.09880808
0.21,0.16193052,0.048069477
0.13,0.21638595,-0.08638595
0.17,0.12182424,0.04817576
0.26,0.15729122,0.10270877
0.19,0.25163049,-0.061630487
0.17,0.19585578,-0.02585578
0.25,0.167941,0.082058996
0.24,0.2637163,-0.023716316
0.46,0.22191015,0.23808986
0.45,0.45893246,-0.008932471
0.35,0.44637066,-0.09637067
0.31,0.337684,-0.027684003
0.29,0.30915046,-0.019150466
0.23,0.2807249,-0.05072491
0.23,0.21819583,0.011804178
0.32,0.23125121,0.08874878
0.44,0.30796593,0.13203406
0.31,0.42992765,-0.119927645
0.46,0.292089,0.16791102
0.4,0.45880082,-0.058800817
0.35,0.3784264,-0.028426409
0.44,0.32884854,0.11115146
0.57,0.4445704,0.1254296
0.4,0.53099364,-0.13099363
0.38,0.3651121,0.014887899
0.48,0.36776635,0.11223364
0.7,0.46869102,0.23130897
0.9,0.690272,0.209728
0.81,0.8937198,-0.08371979
0.65,0.76039577,-0.11039579
0.68,0.6195963,0.060403705
0.44,0.64173615,-0.20173615
0.22,0.39881992,-0.17881992
0.62,0.19592386,0.42407614
0.4,0.6227219,-0.2227219
0.49,0.34065703,0.14934298
0.7,0.50061524,0.19938475
0.74,0.6694133,0.07058668
0.73,0.7309254,-0.0009253621
0.73,0.6855609,0.044439137
0.69,0.70771945,-0.017719448
0.5,0.635329,-0.13532901
0.43,0.46160746,-0.03160745
0.44,0.39265054,0.047349453
0.45,0.42255524,0.02744475
0.37,0.42371947,-0.05371946
0.17,0.34507266,-0.17507266
0.12,0.1619582,-0.041958205
0.18,0.12933254,0.050667465
0.12,0.18719116,-0.06719116
0.22,0.09844058,0.12155942
0.35,0.2404427,0.1095573
0.59,0.3467766,0.24322337
0.77,0.58960474,0.18039525
0.91,0.7491288,0.16087121
0.8,0.8974369,-0.097436905
0.92,0.747205,0.172795
0.86,0.8892895,-0.029289484
0.86,0.7972567,0.062743306
0.68,0.8299589,-0.14995891
0.66,0.6410875,0.018912554
0.6,0.62364864,-0.02364862
0.6,0.5748977,0.025102317
0.54,0.566676,-0.026676
0.72,0.5195531,0.2004469
0.89,0.68894523,0.20105475
0.89,0.8532156,0.03678441
0.88,0.83742595,0.042574048
0.92,0.8311255,0.08887452
0.88,0.8515949,0.02840507
0.95,0.8295722,0.12042779
0.96,0.8857253,0.07427466
0.91,0.901422,0.008578002
0.93,0.84604347,0.08395654
0.89,0.89016104,-0.00016105175
0.77,0.82670283,-0.056702852
0.71,0.74124193,-0.031241953
0.79,0.67589426,0.11410576
0.82,0.75172114,0.06827885
0.65,0.7619792,-0.111979246
0.6,0.6035113,-0.00351125
0.54,0.5662675,-0.026267469
0.6,0.5082648,0.091735244
0.46,0.5605442,-0.100544184
0.41,0.41859066,-0.008590668
0.31,0.39089602,-0.08089602
0.24,0.2853226,-0.045322612
0.18,0.2233415,-0.043341488
0.16,0.16922718,-0.009227186
0.17,0.15985446,0.010145545
0.15,0.15280819,-0.0028081834
0.15,0.1445729,0.005427107
0.13,0.149524,-0.019524008
0.09,0.11769338,-0.027693376
0.01,0.08792962,-0.07792962
0.02,0.0,0.02
0.06,0.0070929853,0.052907012
0.05,0.047296487,0.002703514
0.01,0.04041411,-0.03041411
0.02,0.0,0.02
0.05,0.024242956,0.025757045
0.05,0.04218068,0.007819321
0.07,0.04560037,0.02439963
0.12,0.06667776,0.05332224
0.24,0.120162025,0.11983797
0.24,0.23558213,0.0044178665
0.3,0.23905872,0.060941294
0.46,0.30161953,0.15838048
0.41,0.45325267,-0.043252677
0.45,0.39355773,0.05644226
0.53,0.4416381,0.08836186
0.49,0.52736336,-0.03736335
0.48,0.45501712,0.02498287
0.22,0.4626633,-0.2426633
0.39,0.20111129,0.1888887
0.31,0.40650287,-0.09650287
0.33,0.2817998,0.04820022
0.28,0.31860012,-0.038600117
0.33,0.27852458,0.051475435
0.3,0.3353921,-0.035392076
0.25,0.2757688,-0.025768787
0.21,0.24856281,-0.03856282
0.21,0.20031467,0.009685323
0.2,0.21044639,-0.010446385
0.25,0.18465407,0.06534593
0.24,0.24979688,-0.009796888
0.23,0.24467789,-0.014677882
0.26,0.20966792,0.05033207
0.34,0.2670396,0.07296041
0.37,0.33246678,0.037533224
0.29,0.37367925,-0.08367926
0.34,0.2713964,0.068603605
0.42,0.34831318,0.071686804
0.44,0.39518934,0.044810653
0.25,0.43450618,-0.18450618
0.17,0.21713974,-0.047139734
0.2,0.19436356,0.0056364387
0.28,0.17786591,0.10213409
0.29,0.28071374,0.009286255
0.21,0.28155598,-0.07155599
0.18,0.2150648,-0.035064787
0.17,0.17807488,-0.00807488
0.16,0.15585999,0.0041400045
0.11,0.16122805,-0.051228046
0.09,0.10819282,-0.018192813
0.09,0.07593255,0.014067456
0.15,0.08768974,0.062310264
0.31,0.16576065,0.14423935
0.32,0.3209065,-0.00090649724
0.25,0.31707495,-0.067074955
0.27,0.23567034,0.034329668
0.26,0.2812986,-0.021298617
0.11,0.244404,-0.134404
0.02,0.1028495,-0.0828495
0.01,0.018088376,-0.008088376
0.02,0.019723833,0.00027616695
0.03,0.018491404,0.011508595
0.02,0.032181323,-0.012181323
0.01,0.029410278,-0.019410279
0.0,0.0,0.0
0.01,0.0053232685,0.0046767313
0.0,0.009741433,-0.009741433
0.01,0.0,0.01
0.01,0.0,0.01
0.01,0.0012387559,0.008761244
0.01,0.014443187,-0.0044431873
0.01,0.016139226,-0.0061392263
0.01,0.00461304,0.0053869598
0.01,0.017818365,-0.0078183655
0.0,0.006963889,-0.006963889
0.01,0.009177433,0.00082256645
0.01,0.014001189,-0.004001189
0.01,0.0,0.01
0.01,0.0,0.01
0.01,0.0034138504,0.0065861493
0.01,0.015110102,-0.005110102
0.02,0.0,0.02
0.01,0.011041839,-0.0010418389
0.01,0.007173621,0.0028263787
0.01,0.017475769,-0.007475769
0.01,0.017373422,-0.0073734224
0.01,0.0035681967,0.006431803
0.01,0.0,0.01
0.0,0.010827353,-0.010827353
0.01,0.0070151947,0.002984805
0.01,0.014280729,-0.004280729
0.01,0.0025413074,0.0074586924
0.01,0.0132746715,-0.0032746717
0.01,0.008331143,0.0016688565
0.01,0.005640177,0.0043598227
0.01,0.008580164,0.0014198357
0.01,0.009064403,0.0009355964
0.01,0.007653665,0.002346335
0.01,0.0043703,0.0056296997
0.01,0.011626101,-0.0016261013
0.01,0.0006120764,0.009387923
0.01,0.015311005,-0.005311005
0.01,0.011437496,-0.0014374964
0.01,0.00981294,0.00018705986
0.01,0.012002886,-0.0020028865
0.01,0.006835834,0.0031641657
0.01,0.007901436,0.002098564
0.01,0.0087687,0.0012312997
0.01,0.005301619,0.004698381
0.01,0.007860736,0.0021392638
0.01,0.0077021793,0.0022978205
0.01,0.01201266,-0.0020126598
0.01,0.013295691,-0.0032956917
0.01,0.005993556,0.0040064435
0.01,0.006366742,0.003633258
0.01,0.00206328,0.00793672
0.01,0.010054594,-5.459413e-05
0.01,0.0,0.01
0.01,0.010761671,-0.000761671
0.01,0.005350014,0.0046499856
0.01,0.012108805,-0.0021088049
0.01,0.005772259,0.0042277407
0.01,0.007889207,0.0021107923
0.01,0.0041154604,0.0058845393
0.01,0.0060715983,0.0039284015
0.01,0.006256817,0.0037431829
0.01,0.006938489,0.0030615106
0.01,0.0034145154,0.0065854844
0.01,0.012404516,-0.0024045166
0.01,0.005487399,0.0045126006
0.01,0.00371423,0.00628577
0.01,0.0067374287,0.003262571
0.01,0.007654423,0.0023455769
0.01,0.0087069385,0.0012930613
0.01,0.005170934,0.004829066
0.01,0.0117060095,-0.0017060097
0.01,0.0047217645,0.0052782353
0.01,0.007774772,0.0022252277
0.01,0.003012307,0.006987693
0.01,0.0088724885,0.0011275113
0.01,0.008462455,0.0015375447
0.01,0.00983632,0.00016367994
0.01,0.008395623,0.0016043764
0.01,0.007078124,0.0029218756
0.01,0.0058456883,0.0041543115
0.0,0.009794614,-0.009794614
0.01,0.0,0.01
0.01,0.009925455,7.454492e-05
0.01,0.008886497,0.0011135032
0.01,0.009061249,0.0009387508
0.01,0.0072861295,0.0027138703
0.01,0.008020841,0.0019791592
0.01,0.0059388746,0.004061125
0.01,0.0064395117,0.003560488
0.01,0.006685864,0.0033141356
0.01,0.0066464264,0.0033535734
0.03,0.010086232,0.019913767
0.11,0.023730958,0.08626904
0.08,0.111750364,-0.031750366
0.08,0.07233808,0.0076619163
0.04,0.08578928,-0.04578928
0.04,0.034895834,0.0051041655
0.07,0.047487177,0.022512823
0.19,0.06753698,0.12246302
0.2,0.2046373,-0.004637301
0.38,0.20850629,0.17149371
0.52,0.38394767,0.13605231
0.52,0.5254742,-0.00547421
0.54,0.5163951,0.02360493
0.46,0.5289767,-0.06897667
0.3,0.4396829,-0.13968289
0.3,0.28285134,0.017148674
0.33,0.29447633,0.035523683
0.18,0.3176157,-0.13761568
0.2,0.16382274,0.036177263
0.1,0.21334766,-0.11334766
0.12,0.1011205,0.018879496
0.12,0.13413627,-0.014136277
0.18,0.11759631,0.062403694
0.14,0.18728237,-0.047282368
0.09,0.12501843,-0.03501843
0.1,0.0951584,0.0048416033
0.1,0.08518694,0.014813058
0.12,0.1085249,0.011475094
0.13,0.116365425,0.01363457
0.07,0.13236251,-0.062362514
0.01,0.0646175,-0.0546175
0.01,0.008389621,0.0016103787
0.01,0.01131158,-0.0013115807
0.01,0.017656932,-0.007656932
0.01,0.01668207,-0.00668207
0.01,0.0,0.01
0.01,0.0057485523,0.0042514475
0.01,0.0,0.01
0.01,0.0066447677,0.003355232
0.01,0.009369208,0.00063079223
0.02,0.0043105427,0.015689457
0.16,0.0016965624,0.15830344
0.34,0.16814673,0.17185327
0.52,0.35236585,0.16763413
0.72,0.52800804,0.19199198
0.72,0.7114111,0.00858891
0.64,0.71063435,-0.070634365
0.51,0.61662996,-0.10662997
0.45,0.48436707,-0.034367085
0.46,0.4416882,0.018311799
0.63,0.4433882,0.1866118
0.54,0.609776,-0.069776
0.49,0.49541664,-0.0054166317
0.38,0.4829836,-0.102983594
0.36,0.35397738,0.006022632
0.18,0.34837046,-0.16837046
0.11,0.16322593,-0.053225935
0.08,0.1000077,-0.0200077
0.08,0.05791127,0.022088729
0.08,0.0867281,-0.0067281052
0.1,0.07189364,0.028106362
0.07,0.11215262,-0.04215262
0.05,0.06371182,-0.013711821
0.04,0.049747355,-0.009747356
0.01,0.035641454,-0.025641454
0.01,0.012221215,-0.0022212155
0.01,0.013232985,-0.0032329848
0.01,0.0070046093,0.0029953904
0.01,0.015700158,-0.005700158
0.01,0.006561773,0.0034382269
0.02,0.003898276,0.016101724
0.05,0.0123362355,0.037663765
0.01,0.049612336,-0.039612338
0.01,0.0,0.01
0.01,0.021480506,-0.0114805065
0.01,0.0005088728,0.009491127
0.01,0.0046295673,0.0053704325
0.01,0.011027273,-0.001027273
0.01,0.0,0.01
0.01,0.005849962,0.0041500377
0.01,0.0005057566,0.009494243
0.01,0.01378233,-0.00378233
0.01,0.009436712,0.0005632881
0.01,0.015578074,-0.0055780746
0.02,0.000420345,0.019579655
0.01,0.0187754,-0.0087754
0.01,0.0,0.01
0.01,0.010461852,-0.00046185218
0.01,0.0,0.01
0.01,0.0033271722,0.0066728275
0.01,0.0059929984,0.0040070014
0.01,0.018790163,-0.008790163
0.01,0.009692896,0.00030710362
0.01,0.0063865967,0.003613403
0.04,0.009309357,0.030690642
0.2,0.031296473,0.16870353
0.26,0.22185092,0.038149074
0.18,0.27115032,-0.09115031
0.34,0.18494405,0.15505596
0.34,0.33438802,0.005611986
0.32,0.3385687,-0.018568695
0.33,0.31465885,0.015341163
0.2,0.34409234,-0.14409234
0.24,0.19574139,0.04425861
0.11,0.2469093,-0.1369093
0.16,0.111179374,0.048820622
0.15,0.17347354,-0.023473531
0.24,0.14529939,0.094700605
0.2,0.253002,-0.053001985
0.17,0.20176874,-0.03176874
0.07,0.18461739,-0.114617385
0.05,0.055352286,-0.0053522848
0.04,0.05647731,-0.01647731
0.01,0.030274728,-0.020274729
0.01,0.008373616,0.0016263835
0.01,0.0018402077,0.008159792
0.01,0.021575198,-0.011575198
0.0,0.024120307,-0.024120307
0.01,0.015173446,-0.0051734466
0.01,0.0284721,-0.0184721
0.01,0.0,0.01
0.01,0.0033458956,0.006654104
0.01,0.004986765,0.005013235
0.01,0.015388064,-0.0053880643
0.01,0.00031755678,0.009682443
0.01,0.015571345,-0.005571345
0.01,0.0,0.01
0.01,0.00630287,0.00369713
0.01,0.010265337,-0.00026533753
0.01,0.012839362,-0.0028393622
0.01,0.011682902,-0.0016829027
0.01,0.0010243189,0.008975681
0.01,0.017703433,-0.007703433
0.01,0.0,0.01
0.01,0.0068371734,0.0031628264
0.01,0.0039834715,0.0060165282
0.0,0.016483244,-0.016483244
0.01,0.0,0.01
0.02,0.01604937,0.0039506294
0.01,0.011711482,-0.0017114822
0.01,0.01132283,-0.0013228301
0.01,0.008396431,0.0016035689
0.01,0.012245668,-0.0022456683
0.01,0.0,0.01
0.01,0.008757599,0.0012424011
0.01,0.006172631,0.0038273688
0.01,0.010223144,-0.00022314396
0.01,0.015232816,-0.0052328166
0.01,0.0045036245,0.0054963753
0.01,0.019768318,-0.009768318
0.01,0.00050727464,0.009492725
0.01,0.014749421,-0.004749421
0.01,0.0,0.01
0.01,0.016258428,-0.006258428
0.01,0.005497099,0.004502901
0.01,0.01704701,-0.0070470106
0.01,0.0,0.01
0.01,0.011893514,-0.0018935138
0.01,0.0017775781,0.008222422
0.01,0.011841169,-0.0018411689
0.01,0.0040325765,0.0059674233
0.01,0.008722988,0.0012770118
0.01,0.011413794,-0.0014137942
0.01,0.007828443,0.0021715565
0.01,0.0057795476,0.004220452
0.06,0.0062641585,0.05373584
0.1,0.063934796,0.036065206
0.08,0.10019451,-0.020194508
0.09,0.07970644,0.010293566
0.11,0.095376745,0.014623255
0.13,0.11673445,0.013265543
0.2,0.13709576,0.06290424
0.14,0.20713685,-0.067136854
0.11,0.1396554,-0.029655397
0.12,0.12448664,-0.004486643
0.16,0.1261978,0.033802196
0.1,0.16985692,-0.06985692
0.08,0.1001825,-0.020182505
0.06,0.09092921,-0.030929212
0.13,0.054275773,0.07572422
0.08,0.1398892,-0.059889197
0.1,0.08220874,0.017791264
0.12,0.11068614,0.009313859
0.18,0.12749156,0.052508444
0.27,0.17935674,0.09064327
0.27,0.29126418,-0.021264166
0.28,0.26285583,0.017144173
0.14,0.28075725,-0.14075725
0.15,0.12830679,0.021693215
0.24,0.16266906,0.07733093
0.47,0.24408005,0.22591995
0.63,0.48331064,0.14668936
0.59,0.6265404,-0.03654045
0.5,0.5806688,-0.08066881
0.55,0.4757712,0.07422882
0.61,0.5408141,0.06918591
0.47,0.5759794,-0.10597941
0.4,0.44414344,-0.04414344
0.22,0.37990162,-0.15990162
0.17,0.20205598,-0.032055974
0.26,0.16977946,0.090220526
0.18,0.25120425,-0.071204245
0.31,0.17670235,0.13329765
0.24,0.31012833,-0.07012834
0.29,0.2282638,0.061736196
0.33,0.28931236,0.04068765
0.12,0.32577884,-0.20577884
0.3,0.097493455,0.20250656
0.15,0.3154477,-0.16544768
0.11,0.13831924,-0.02831924
0.06,0.11043323,-0.05043323
0.2,0.06269128,0.13730872
0.12,0.22852586,-0.108525865
0.1,0.11334148,-0.013341479
0.02,0.12850964,-0.108509645
0.01,0.0,0.01
0.03,0.019533914,0.010466086
0.09,0.019564757,0.07043525
0.04,0.110167235,-0.070167236
0.01,0.034464255,-0.024464255
0.0,0.0084373355,-0.0084373355
0.01,0.0,0.01
0.01,0.018759245,-0.008759245
0.01,0.017933045,-0.007933045
0.01,0.0033349525,0.0066650473
0.01,0.017279863,-0.0072798636
0.01,0.0,0.01
0.01,0.019280128,-0.009280128
0.01,0.017412307,-0.007412307
0.02,0.01574853,0.004251469
0.02,0.0,0.02
0.01,0.02279815,-0.012798151
0.03,0.020449517,0.009550482
0.05,0.029007543,0.020992458
0.05,0.04902301,0.0009769909
0.06,0.04585652,0.014143478
0.08,0.05446434,0.025535658
0.17,0.07926866,0.090731345
0.15,0.18431984,-0.034319833
0.27,0.14502233,0.12497768
0.23,0.28457487,-0.054574862
0.4,0.22464018,0.17535983
0.49,0.4174199,0.0725801
0.32,0.48358175,-0.16358176
0.33,0.31506616,0.014933854
0.43,0.33242202,0.09757799
0.46,0.4211249,0.038875103
0.67,0.4376471,0.23235291
0.68,0.6719239,0.008076131
0.69,0.6581626,0.031837404
0.86,0.65692294,0.20307708
0.85,0.83417505,0.015824974
0.78,0.7864418,-0.0064418316
0.71,0.7470714,-0.037071407
0.84,0.6713631,0.16863686
0.87,0.80018955,0.06981045
0.9,0.81240636,0.087593615
0.7,0.85028726,-0.15028727
0.76,0.6502427,0.109757304
0.8,0.7428056,0.05719441
0.75,0.748415,0.0015850067
0.67,0.7171589,-0.047158897
0.77,0.62292826,0.14707172
0.61,0.7379683,-0.12796831
0.79,0.55411154,0.23588848
0.61,0.76488346,-0.15488344
0.74,0.573185,0.16681498
0.7,0.7045097,-0.0045096874
0.67,0.652773,0.017226994
0.56,0.6336666,-0.07366657
0.45,0.5321668,-0.08216679
0.43,0.42761144,0.0023885667
0.32,0.40386108,-0.08386108
0.29,0.29479077,-0.004790783
0.21,0.2769121,-0.0669121
0.07,0.19035341,-0.12035341
0.02,0.057018593,-0.037018593
0.01,0.0234311,-0.0134311
0.01,0.021243911,-0.011243911
0.02,0.008802814,0.011197185
0.02,0.02408292,-0.00408292
0.01,0.009448766,0.000551234
0.01,0.0188259,-0.0088259
0.01,0.01682046,-0.006820461
0.03,0.015125368,0.014874632
0.01,0.017121227,-0.0071212277
0.01,0.0,0.01
0.01,0.012378735,-0.0023787348
0.03,0.008845548,0.021154452
0.08,0.03048394,0.04951606
0.13,0.07208346,0.057916537
0.06,0.13366061,-0.07366061
0.02,0.050279222,-0.030279223
0.01,0.021469226,-0.011469226
0.01,0.0,0.01
0.01,0.011356872,-0.0013568718
0.01,0.0066078324,0.0033921674
0.01,0.012454793,-0.002454793
0.01,0.00082411803,0.009175882
0.01,0.0068672113,0.0031327885
0.01,0.012307668,-0.0023076683
0.0,0.011373814,-0.011373814
0.01,0.0,0.01
0.01,0.0059386287,0.004061371
0.01,0.010770154,-0.0007701544
0.01,0.0009948891,0.009005111
0.01,0.017758116,-0.0077581163
0.01,0.0052076485,0.0047923513
0.04,0.01977442,0.020225579
0.03,0.020787764,0.009212235
0.08,0.03168718,0.048312817
0.05,0.07640105,-0.026401047
0.09,0.045568436,0.044431567
0.16,0.102977306,0.05702269
0.31,0.16894893,0.14105107
0.17,0.3287862,-0.15878619
0.21,0.15683812,0.053161874
0.18,0.23175536,-0.051755354
0.11,0.18278363,-0.072783634
0.22,0.11319393,0.10680607
0.2,0.24543121,-0.04543121
0.21,0.2078313,0.0021687
0.24,0.20924093,0.030759066
0.29,0.24735032,0.04264967
0.19,0.29227734,-0.10227734
0.27,0.18091528,0.08908473
0.33,0.281685,0.04831502
0.23,0.31322932,-0.08322932
0.27,0.22449099,0.045509025
0.33,0.26018614,0.06981388
0.38,0.33160976,0.04839024
0.4,0.3599006,0.040099412
0.31,0.39715827,-0.08715826
0.17,0.29318267,-0.12318267
0.08,0.16729064,-0.087290645
0.05,0.078067645,-0.028067645
0.05,0.057445623,-0.0074456222
0.1,0.047418498,0.052581504
0.02,0.111562185,-0.09156218
0.01,0.0006651208,0.009334879
0.01,0.023800857,-0.013800858
0.0,0.011841478,-0.011841478
0.01,0.0074729193,0.0025270805
0.0,0.018346343,-0.018346343
0.01,0.0,0.01
0.01,0.0,0.01
0.0,0.025016373,-0.025016373
0.01,0.002464572,0.007535428
0.01,0.011459251,-0.0014592512
0.01,0.009097515,0.0009024851
0.01,0.008065333,0.0019346671
0.01,0.015470983,-0.0054709837
0.01,0.0033129826,0.006687017
0.02,0.0131416945,0.006858305
0.03,0.022709459,0.0072905403
0.01,0.01935735,-0.00935735
0.01,0.0036593396,0.00634066
0.01,0.0016195662,0.008380434
0.01,0.005552387,0.004447613
0.01,0.00793102,0.0020689797
0.0,0.01798757,-0.01798757
0.01,0.0,0.01
0.01,0.011171639,-0.0011716392
0.01,0.013927966,-0.0039279666
0.01,0.0015623812,0.008437619
0.01,0.007732665,0.0022673346
0.01,0.006542811,0.0034571886
0.04,0.004460374,0.035539627
0.08,0.038680665,0.041319333
0.05,0.08341168,-0.033411678
0.05,0.047652524,0.0023474768
0.1,0.04798326,0.052016743
0.18,0.110717446,0.06928256
0.25,0.19185787,0.058142126
0.18,0.25836694,-0.078366935
0.19,0.18065293,0.009347066
0.23,0.19679098,0.033209026
0.15,0.23236465,-0.08236465
0.26,0.15610568,0.10389431
0.23,0.26708674,-0.03708674
0.18,0.231872,-0.051872
0.18,0.18153402,-0.0015340149
0.16,0.18214694,-0.02214694
0.16,0.16491942,-0.0049194247
0.14,0.16393922,-0.023939222
0.17,0.1389176,0.031082407
0.17,0.17008379,-8.378923e-05
0.24,0.17478679,0.0652132
0.32,0.23837845,0.08162154
0.29,0.3156035,-0.025603503
0.25,0.29156172,-0.041561723
0.28,0.23783852,0.04216148
0.35,0.28082576,0.06917423
0.42,0.33617398,0.083826005
0.28,0.40563875,-0.12563875
0.34,0.27000517,0.06999484
0.26,0.35221267,-0.09221268
0.33,0.24140538,0.08859463
0.2,0.32274598,-0.122745976
0.19,0.1980818,-0.008081809
0.17,0.19721402,-0.02721402
0.2,0.1566062,0.043393806
0.28,0.20255806,0.077441946
0.19,0.2768336,-0.086833596
0.16,0.18397447,-0.023974478
0.22,0.16382061,0.05617939
0.2,0.21190606,-0.011906058
0.27,0.19246237,0.07753764
0.39,0.2549201,0.13507989
0.45,0.39650327,0.05349672
0.42,0.4405386,-0.020538598
0.54,0.4115654,0.12843463
0.49,0.5235826,-0.03358257
0.62,0.4695316,0.15046841
0.67,0.5859977,0.084002316
0.61,0.6448096,-0.03480959
0.6,0.5692644,0.030735612
0.39,0.5786227,-0.18862271
0.39,0.34325716,0.046742827
0.42,0.38845092,0.031549066
0.32,0.39643487,-0.07643488
0.3,0.2930021,0.006997913
0.31,0.28758356,0.022416443
0.3,0.29069725,0.009302765
0.41,0.28354076,0.12645924
0.5,0.39986807,0.10013193
0.4,0.48639864,-0.08639863
0.4,0.36019635,0.039803654
0.37,0.3749707,-0.0049706995
0.39,0.3488706,0.04112938
0.39,0.3696495,0.020350486
0.4,0.36699075,0.03300926
0.48,0.3874628,0.092537194
0.47,0.4604865,0.009513497
0.45,0.4447633,0.0052366853
0.4,0.43353412,-0.03353411
0.38,0.37890846,0.0010915399
0.36,0.3608999,-0.0008998811
0.34,0.3356887,0.0043112934
0.38,0.3171966,0.06280339
0.37,0.36351123,0.0064887702
0.42,0.3413156,0.07868439
0.49,0.40058967,0.089410335
0.4,0.47118068,-0.07118067
0.31,0.36668658,-0.05668658
0.2,0.29742175,-0.09742175
0.2,0.1850709,0.014929101
0.18,0.19241841,-0.012418404
0.23,0.17462458,0.055375427
0.27,0.22748087,0.042519137
0.24,0.25307128,-0.013071284
0.33,0.23651433,0.09348568
0.4,0.32545897,0.07454103
0.41,0.38868368,0.02131632
0.36,0.40531963,-0.045319617
0.27,0.3358032,-0.0658032
0.33,0.26115546,0.06884456
0.39,0.3187166,0.0712834
0.39,0.36866212,0.021337867
0.44,0.3645508,0.0754492
0.46,0.42774966,0.032250345
0.56,0.43830523,0.12169477
0.56,0.5512711,0.008728921
0.5,0.5368075,-0.036807477
0.53,0.4668901,0.063109875
0.54,0.51064223,0.029357791
0.45,0.50638604,-0.056386054
0.48,0.41145653,0.068543464
0.5,0.46135837,0.03864163
0.44,0.46243173,-0.022431731
0.36,0.41173953,-0.051739514
0.32,0.34236482,-0.022364825
0.31,0.3053131,0.004686892
0.24,0.29696655,-0.056966558
0.16,0.20995976,-0.049959764
0.12,0.16173455,-0.041734554
0.09,0.11621007,-0.02621007
0.04,0.07897979,-0.03897979
0.08,0.028969463,0.051030535
0.06,0.082967535,-0.022967536
0.04,0.05611132,-0.016111322
0.05,0.036204655,0.013795346
0.06,0.042867254,0.017132744
0.06,0.06677362,-0.0067736246
0.02,0.047349043,-0.027349044
0.01,0.013781201,-0.0037812013
0.01,0.0047569107,0.005243089
0.0,0.0,0.0
0.01,0.0,0.01
0.01,0.016477047,-0.0064770468
0.01,0.0041776393,0.0058223605
0.01,0.00058762357,0.009412376
0.01,0.005500339,0.004499661
0.0,0.00048708543,-0.00048708543
0.01,0.0,0.01
0.0,9.798631e-05,-9.798631e-05
0.01,0.0,0.01
0.01,0.0,0.01
0.0,0.007294654,-0.007294654
0.01,0.0,0.01
0.01,0.011920249,-0.0019202493
0.01,0.007916018,0.0020839814
0.01,0.0066659637,0.003334036
0.01,0.006570137,0.0034298627
0.01,0.0024081338,0.007591866
0.01,0.011688089,-0.0016880892
0.01,0.0052974205,0.004702579
0.01,0.007772835,0.0022271648
0.01,0.006556009,0.0034439908
0.01,0.00628897,0.00371103
0.01,0.004630467,0.005369533
0.01,0.013730971,-0.0037309714
0.01,0.0077199303,0.0022800695
0.03,0.0058768643,0.024123136
0.05,0.020073475,0.029926525
0.05,0.05181591,-0.0018159077
0.03,0.053481974,-0.023481974
0.02,0.025665369,-0.0056653693
0.01,0.017392207,-0.007392207
0.01,0.0058784867,0.004121513
0.02,0.011483209,0.00851679
0.01,0.019787036,-0.009787036
0.02,0.007732235,0.012267765
0.02,0.012391296,0.0076087033
0.02,0.016799377,0.0032006223
0.06,0.01648755,0.04351245
0.08,0.05803656,0.02196344
0.07,0.082341745,-0.012341745
0.1,0.067827314,0.032172687
0.13,0.11010222,0.019897774
0.14,0.13378304,0.006216958
0.12,0.14491373,-0.024913736
0.12,0.12704848,-0.00704848
0.1,0.12778373,-0.02778373
0.1,0.10053905,-0.0005390495
0.09,0.10361442,-0.013614416
0.13,0.092074856,0.03792514
0.19,0.14196227,0.048037723
0.25,0.19082664,0.05917336
0.36,0.2548122,0.1051878
0.35,0.36616454,-0.016164541
0.35,0.33974975,0.010250241
0.54,0.34113017,0.19886985
0.47,0.53538346,-0.065383464
0.54,0.44692522,0.0930748
0.71,0.52466434,0.18533564
0.53,0.68880105,-0.15880108
0.7,0.485643,0.21435699
0.68,0.6923507,-0.012350678
0.54,0.6436198,-0.103619754
0.67,0.5074931,0.16250694
0.59,0.65495276,-0.06495279
0.65,0.5487068,0.10129315
0.63,0.6189551,0.0110449195
0.59,0.5980819,-0.008081913
0.56,0.5515281,0.008471906
0.49,0.5310638,-0.041063786
0.42,0.45336568,-0.033365697
0.43,0.39227134,0.037728667
0.36,0.40854433,-0.048544317
0.32,0.32847872,-0.008478731
0.28,0.3067086,-0.026708603
0.21,0.26293668,-0.052936688
0.23,0.20100716,0.028992847
0.18,0.21786845,-0.03786844
0.2,0.16229682,0.037703186
0.15,0.2030857,-0.0530857
0.01,0.14007303,-0.13007303
0.0,0.0,0.0
0.01,0.0042189695,0.0057810303
0.01,0.008581197,0.0014188029
0.01,0.00027036667,0.009729633
0.01,0.0057527674,0.0042472323
0.01,0.0,0.01
0.01,0.010659298,-0.00065929815
0.01,0.014859401,-0.004859401
0.01,0.006361706,0.0036382936
0.01,0.0002377294,0.00976227
0.01,0.0,0.01
0.01,0.0072791297,0.00272087
0.01,0.0028440338,0.007155966
0.01,0.0011140294,0.00888597
0.01,0.0064547816,0.0035452181
0.01,0.0037537273,0.0062462725
0.01,0.0017874781,0.008212522
0.05,0.008675223,0.04132478
0.04,0.039227463,0.0007725358
0.04,0.03321901,0.0067809895
0.05,0.037391875,0.012608126
0.04,0.04311295,-0.0031129494
0.07,0.03180855,0.03819145
0.09,0.069548644,0.02045136
0.09,0.08679907,0.0032009333
0.12,0.09108594,0.028914057
0.11,0.12832429,-0.018324286
0.13,0.10668816,0.023311839
0.12,0.1456968,-0.025696807
0.1,0.120819926,-0.020819925
0.1,0.10655745,-0.0065574497
0.06,0.10226725,-0.04226725
0.06,0.05468595,0.0053140484
0.06,0.0638365,-0.0038365014
0.02,0.06086973,-0.04086973
0.01,0.018473677,-0.008473678
0.0,0.010358998,-0.010358998
0.01,0.0,0.01
0.01,0.016636847,-0.006636847
0.01,0.0028697401,0.0071302596
0.01,0.00837713,0.0016228696
0.01,0.00709593,0.0029040696
0.01,0.0,0.01
0.01,0.011513097,-0.0015130974
0.01,0.013771601,-0.0037716012
0.01,0.0010350421,0.008964958
0.01,0.007991455,0.0020085452
0.01,0.0058699176,0.004130082
0.01,0.003339259,0.006660741
0.02,0.008155895,0.011844104
0.06,0.019833324,0.040166676
0.13,0.056158014,0.07384198
0.22,0.13678649,0.08321351
0.14,0.2323878,-0.092387795
0.13,0.13902733,-0.009027332
0.16,0.14619604,0.013803959
0.24,0.1692551,0.0707449
0.31,0.2442518,0.0657482
0.35,0.31019115,0.03980884
0.24,0.35161284,-0.11161284
0.31,0.22621372,0.08378628
0.27,0.32032692,-0.050326914
0.28,0.2640758,0.015924215
0.51,0.27480313,0.23519686
0.61,0.51276183,0.09723818
0.52,0.5966842,-0.07668424
0.33,0.5067414,-0.17674139
0.42,0.31360573,0.10639426
0.7,0.41193804,0.28806195
0.8,0.67744696,0.12255305
0.82,0.78953975,0.030460238
0.78,0.7895801,-0.009580135
0.76,0.73673326,0.023266733
0.88,0.70746464,0.17253536
0.64,0.8519985,-0.21199852
0.76,0.5971677,0.16283232
0.97,0.7436591,0.22634095
0.8,0.9081803,-0.108180285
0.87,0.7398703,0.1301297
0.56,0.8434447,-0.2834447
0.62,0.5121769,0.10782313
0.56,0.6037135,-0.04371351
0.97,0.5266657,0.44333434
0.9,0.9575893,-0.057589352
0.61,0.8467577,-0.2367577
0.67,0.56815994,0.10184008
0.34,0.6463317,-0.30633172
0.25,0.31141713,-0.061417133
0.31,0.22952789,0.08047211
0.14,0.31288332,-0.17288332
0.36,0.10593093,0.2540691
0.36,0.3803694,-0.02036938
0.2,0.3484285,-0.14842848
0.21,0.20573732,0.004262671
0.77,0.22033334,0.54966664
0.94,0.7733296,0.16667038
0.95,0.9612845,-0.01128453
0.94,0.91121376,0.028786242
0.97,0.87026966,0.09973037
0.97,0.8921722,0.07782781
0.96,0.9166497,0.04335028
0.97,0.9131239,0.056876123
0.97,0.93068933,0.039310694
0.97,0.8875588,0.08244121
0.97,0.92302096,0.04697907
0.97,0.92726773,0.0427323
0.97,0.9276992,0.04230082
0.97,0.9115819,0.058418155
0.97,0.90099037,0.06900966
0.97,0.90965587,0.06034416
0.97,0.9074047,0.06259531
0.97,0.902269,0.06773102
0.97,0.91390365,0.056096375
0.97,0.9098744,0.06012565
0.97,0.92257255,0.047427475
0.97,0.91457856,0.05542147
0.97,0.91789675,0.05210328
0.97,0.9079792,0.06202084
0.95,0.9124354,0.037564576
0.96,0.8965608,0.06343919
0.97,0.90481734,0.065182686
0.95,0.91227865,0.037721336
0.97,0.8939562,0.076043844
0.91,0.9179572,-0.0079571605
0.97,0.8464558,0.123544216
0.93,0.9206175,0.009382486
0.88,0.8667051,0.013294876
0.82,0.8281044,-0.008104384
0.8,0.77370596,0.026294053
0.82,0.75252163,0.06747836
0.68,0.7698424,-0.08984238
0.65,0.6341517,0.015848279
0.58,0.6156748,-0.03567481
0.54,0.53501,0.0049900413
0.51,0.50842744,0.0015725493
0.4,0.47688657,-0.076886564
0.46,0.36915827,0.09084174
0.5,0.44180042,0.058199584
0.53,0.46665108,0.06334889
0.56,0.4940952,0.065904796
0.5,0.528246,-0.028245986
0.49,0.4594175,0.030582517
0.56,0.45866776,0.10133225
0.35,0.5303605,-0.18036053
0.16,0.30783868,-0.14783868
0.14,0.14388086,-0.0038808584
0.13,0.14675725,-0.01675725
0.08,0.122055344,-0.042055346
0.12,0.072137415,0.047862582
0.14,0.12999907,0.010000929
0.14,0.14618473,-0.006184727
0.1,0.1427287,-0.0427287
0.08,0.090819255,-0.010819256
0.08,0.08585186,-0.005851865
0.05,0.06432603,-0.014326032
0.03,0.031293716,-0.001293717
0.01,0.017927526,-0.007927526
0.0,0.005558147,-0.005558147
0.01,0.0004411135,0.009558886
0.01,0.0147527065,-0.0047527067
0.01,0.009055635,0.0009443648
0.02,0.0,0.02
0.04,0.011509601,0.028490398
0.03,0.037517123,-0.0075171236
0.06,0.023118218,0.036881782
0.08,0.058328293,0.021671705
0.1,0.07807873,0.02192127
0.1,0.09752829,0.0024717152
0.12,0.089696914,0.030303083
0.2,0.12362079,0.07637921
0.23,0.21208574,0.017914265
0.26,0.23586212,0.02413787
0.3,0.26811022,0.031889796
0.35,0.2991497,0.050850302
0.38,0.34255737,0.037442625
0.39,0.3709439,0.019056082
0.3,0.37767053,-0.077670515
0.19,0.2848327,-0.09483269
0.18,0.18225187,-0.0022518635
0.13,0.1870217,-0.057021707
0.08,0.12992051,-0.049920514
0.07,0.07062042,-0.0006204173
0.07,0.07721346,-0.0072134584
0.08,0.07480639,0.005193606
0.07,0.070825435,-0.0008254349
0.07,0.07424073,-0.004240729
0.09,0.07552312,0.01447688
0.11,0.09075454,0.01924546
0.1,0.11320117,-0.01320117
0.18,0.10411282,0.07588719
0.19,0.18983057,0.0001694262
0.26,0.18926439,0.0707356
0.43,0.27142137,0.15857863
0.59,0.44462538,0.1453746
0.57,0.59375453,-0.023754537
0.55,0.56193507,-0.011935055
0.68,0.53499043,0.14500958
0.76,0.66087353,0.09912646
0.75,0.7231988,0.026801229
0.76,0.7088096,0.051190376
0.62,0.72682357,-0.10682356
0.56,0.57642037,-0.016420364
0.6,0.53113246,0.068867564
0.93,0.5791434,0.3508566
0.97,0.90701205,0.06298798
0.98,0.9230453,0.05695474
0.98,0.92822915,0.051770866
0.98,0.92925715,0.050742865
0.98,0.9132153,0.06678474
0.98,0.92333794,0.056662083
0.98,0.9223548,0.0576452
0.97,0.9201864,0.04981363
0.97,0.90978503,0.060214996
0.97,0.91811776,0.051882267
0.97,0.91745126,0.052548766
0.97,0.9202578,0.04974222
0.97,0.91741467,0.052585363
0.97,0.91467327,0.05532676
0.97,0.9092574,0.060742617
0.97,0.91485643,0.055143595
0.97,0.9088862,0.061113834
0.97,0.9173776,0.052622437
0.97,0.91078985,0.05921018
0.97,0.91414344,0.055856586
0.97,0.91191244,0.058087587
0.97,0.9130051,0.056994915
0.97,0.91138864,0.058611393
0.97,0.9149879,0.055012107
0.97,0.9130186,0.056981444
0.97,0.9136549,0.056345105
0.97,0.9147819,0.0552181
0.97,0.90998644,0.060013592
0.97,0.9117668,0.0582332
0.97,0.91087586,0.05912417
0.91,0.9129162,-0.0029161572
0.92,0.8517269,0.06827313
0.95,0.87207866,0.07792133
0.97,0.89459795,0.07540208
0.97,0.9080664,0.061933637
0.97,0.9096885,0.060311556
0.97,0.91336393,0.056636095
0.97,0.9112203,0.058779716
0.97,0.910781,0.059219003
0.97,0.91269565,0.057304382
0.97,0.9114736,0.058526456
0.97,0.9110472,0.05895281
0.97,0.911783,0.05821705
0.97,0.91235596,0.05764407
0.97,0.9112283,0.05877173
0.97,0.91261816,0.05738187
0.97,0.9114499,0.05855012
0.97,0.91335785,0.056642175
0.97,0.9115889,0.05841112
0.97,0.91168785,0.058312178
0.97,0.9110422,0.058957815
0.97,0.9124788,0.057521224
0.97,0.91113234,0.058867693
0.97,0.91269195,0.057308078
0.97,0.91113544,0.058864594
0.97,0.91144973,0.0585503
0.97,0.9120147,0.057985306
0.97,0.91237766,0.057622373
0.97,0.91253734,0.057462692
0.97,0.9119015,0.058098555
0.96,0.9121113,0.047888696
0.97,0.902067,0.06793302
0.97,0.9126767,0.057323337
0.97,0.9111122,0.05888784
0.97,0.91171014,0.058289886
0.97,0.9122535,0.05774653
0.97,0.91206586,0.057934165
0.97,0.91160417,0.058395863
0.97,0.9118724,0.05812764
0.97,0.91227937,0.05772066
0.96,0.9118341,0.048165858
0.98,0.9015777,0.07842231
0.97,0.9232666,0.04673344
0.98,0.9101933,0.069806695
0.97,0.92209053,0.0479095
0.96,0.9115331,0.04846686
0.95,0.9019745,0.04802549
0.71,0.894017,-0.184017
0.71,0.65467936,0.05532062
0.86,0.67873096,0.18126905
0.95,0.8180698,0.13193017
0.95,0.8948623,0.055137694
0.92,0.8883615,0.031638503
0.84,0.8633117,-0.023311734
0.75,0.7857811,-0.035781085
0.58,0.70434,-0.12434
0.54,0.53548324,0.0045167804
0.52,0.50941443,0.0105855465
0.45,0.4790654,-0.0290654
0.47,0.4163485,0.05365151
0.4,0.45215702,-0.052157015
0.24,0.37485296,-0.13485296
0.23,0.2211239,0.0088761
0.23,0.22171314,0.008286864
0.23,0.2128688,0.01713121
0.25,0.21181764,0.038182363
0.24,0.24005887,-5.8874488e-05
0.23,0.23018786,-0.00018785894
0.21,0.22307055,-0.013070554
0.19,0.19134267,-0.0013426691
0.17,0.1787966,-0.0087966025
0.18,0.16337651,0.016623497
0.19,0.17349945,0.016500548
0.2,0.18550484,0.014495164
0.23,0.20697553,0.02302447
0.28,0.23158605,0.048413947
0.27,0.27214038,-0.002140373
0.21,0.25490934,-0.044909343
0.17,0.20315884,-0.03315884
0.14,0.15853846,-0.01853846
0.15,0.13044988,0.01955013
0.1,0.14733984,-0.047339834
0.09,0.09618658,-0.0061865747
0.08,0.10000762,-0.020007625
0.04,0.06727323,-0.02727323
0.03,0.025875077,0.0041249227
0.03,0.032787308,-0.0027873088
0.02,0.026540417,-0.0065404177
0.01,0.005545997,0.0044540027
0.01,0.002635656,0.007364344
0.0,0.0056285877,-0.0056285877
0.01,0.0,0.01
0.01,0.011378282,-0.001378282
0.02,0.00040594116,0.019594058
0.06,0.013485514,0.046514485
0.06,0.050050974,0.009949025
0.09,0.059928365,0.030071639
0.07,0.10132015,-0.031320147
0.06,0.066823274,-0.0068232752
0.18,0.06332458,0.11667543
0.34,0.19425969,0.14574032
0.57,0.3505453,0.2194547
0.76,0.5754023,0.18459767
0.67,0.74787253,-0.077872515
0.48,0.6540437,-0.17404369
0.38,0.46294177,-0.08294177
0.3,0.36601418,-0.06601417
0.32,0.28123695,0.038763046
0.34,0.30887404,0.031125963
0.32,0.32834032,-0.008340329
0.28,0.31040123,-0.03040123
0.46,0.27761036,0.18238965
0.55,0.46080372,0.089196295
0.6,0.5406642,0.059335828
0.9,0.5782981,0.32170188
0.98,0.8832304,0.09676963
0.98,0.9411053,0.038894713
0.98,0.92395186,0.056048155
0.97,0.92687905,0.04312098
0.97,0.9135457,0.0564543
0.43,0.9164537,-0.4864537
0.46,0.38614398,0.073856026
0.69,0.4631369,0.22686309
0.97,0.6707342,0.2992658
0.98,0.96829736,0.011702657
0.98,0.9573227,0.022677302
0.98,0.9265517,0.05344832
0.98,0.91632116,0.06367886
0.98,0.91087365,0.06912637
0.98,0.9205241,0.0594759
0.98,0.91613483,0.063865185
0.97,0.9074451,0.062554955
0.97,0.90798485,0.062015176
0.97,0.9265772,0.04342282
0.97,0.9179669,0.052033126
0.97,0.92178386,0.048216164
0.98,0.90997607,0.070023954
0.98,0.9237881,0.05621195
0.97,0.9192014,0.050798655
0.97,0.9166348,0.05336523
0.97,0.9106717,0.059328318
0.98,0.9147341,0.065265894
0.97,0.9172753,0.05272472
0.94,0.9152088,0.024791181
0.91,0.8771188,0.0328812
0.86,0.8571432,0.002856791
0.89,0.8073473,0.08265269
0.88,0.84530836,0.03469163
0.79,0.8307698,-0.040769756
0.9,0.7374537,0.16254628
0.97,0.85848606,0.11151397
0.95,0.9066711,0.04332888
0.92,0.8869033,0.03309673
0.97,0.86109084,0.10890919
0.97,0.9158124,0.054187655
0.97,0.9104272,0.059572816
0.96,0.91368335,0.046316624
0.97,0.8984443,0.07155573
0.95,0.90797067,0.04202932
0.94,0.89068633,0.049313664
0.95,0.88795394,0.06204605
0.97,0.8950473,0.07495272
0.97,0.9109352,0.059064806
0.97,0.9121224,0.0578776
0.97,0.91118675,0.058813274
0.97,0.91278136,0.05721867
0.97,0.91055876,0.05944127
0.95,0.91216475,0.03783524
0.97,0.8903348,0.07966524
0.96,0.91400504,0.045994937
0.97,0.8998393,0.07016075
0.96,0.91520345,0.044796526
0.96,0.90020823,0.059791744
0.97,0.9043993,0.06560075
0.96,0.91158235,0.048417628
0.92,0.9031895,0.016810536
0.91,0.8636917,0.04630834
0.94,0.8577394,0.08226061
0.91,0.8853771,0.024622917
0.87,0.851663,0.018337011
0.79,0.8183444,-0.028344393
0.82,0.7409674,0.0790326
0.72,0.77800286,-0.05800283
0.64,0.67040575,-0.03040576
0.61,0.6012325,0.008767486
0.56,0.5715742,-0.011574209
0.44,0.5223223,-0.0823223
0.39,0.40521324,-0.015213251
0.32,0.3705262,-0.0505262
0.37,0.29373997,0.07626003
0.3,0.35482317,-0.05482316
0.34,0.2719981,0.068001896
0.25,0.33070064,-0.080700636
0.23,0.22807515,0.0019248575
0.08,0.22067852,-0.14067852
0.01,0.065540634,-0.055540636
0.06,0.013590386,0.046409614
0.04,0.042427365,-0.0024273656
0.06,0.031863526,0.028136473
0.11,0.056127466,0.053872533
0.17,0.116132796,0.053867206
0.21,0.18537077,0.02462922
0.27,0.19770636,0.072293654
0.42,0.2801638,0.13983619
0.51,0.4144957,0.095504284
0.46,0.50406796,-0.04406795
0.51,0.43083167,0.07916832
0.45,0.5011796,-0.051179588
0.32,0.41994327,-0.09994328
0.27,0.30424953,-0.034249514
0.16,0.25956848,-0.099568486
0.13,0.16141945,-0.031419456
0.08,0.12157213,-0.04157213
0.01,0.08458097,-0.074580975
0.01,0.019044543,-0.009044543
0.22,0.009014142,0.21098585
0.37,0.22083814,0.14916186
0.24,0.3828228,-0.14282282
0.13,0.23975283,-0.109752834
0.01,0.11615505,-0.10615505
0.01,0.00010479614,0.009895204
0.08,0.02119123,0.058808766
0.09,0.084565476,0.005434528
0.05,0.08406046,-0.03406046
0.02,0.039989512,-0.019989513
0.01,0.030222591,-0.020222591
0.01,0.03359613,-0.023596128
0.01,0.0234788,-0.013478801
0.01,0.0049035717,0.005096428
0.01,0.005289294,0.004710706
0.06,0.002415156,0.057584845
0.07,0.0563317,0.013668299
0.09,0.060380355,0.029619649
0.09,0.09600657,-0.0060065687
0.06,0.084068805,-0.024068806
0.04,0.059865355,-0.019865356
0.01,0.038458228,-0.028458228
0.0,0.017884798,-0.017884798
0.01,0.00039279088,0.009607209
0.01,0.018636491,-0.008636491
0.01,0.009541348,0.00045865215
0.01,0.0,0.01
0.06,0.0,0.06
0.05,0.062998176,-0.012998175
0.04,0.05130396,-0.011303961
0.02,0.044766374,-0.024766374
0.01,0.0070514195,0.0029485803
0.01,0.000881847,0.009118153
0.01,0.010243289,-0.0002432894
0.01,0.020239739,-0.010239739
0.04,0.012347387,0.027652612
0.04,0.025433648,0.014566351
0.18,0.038198356,0.14180166
0.13,0.2034191,-0.07341911
0.06,0.1305865,-0.0705865
0.03,0.07545988,-0.04545988
0.01,0.0237719,-0.013771901
0.01,0.016354626,-0.0063546263
0.01,0.007774126,0.002225874
0.03,0.019421102,0.010578897
0.02,0.01826651,0.0017334893
0.03,0.0051370077,0.024862992
0.02,0.0438454,-0.0238454
0.01,0.02344919,-0.01344919
0.01,0.011596453,-0.0015964536
0.03,0.0,0.03
0.01,0.019696224,-0.009696225
0.01,0.0024720412,0.0075279586
0.01,0.006144209,0.003855791
0.01,0.01417492,-0.00417492
0.0,0.012270397,-0.012270397
0.01,0.0,0.01
0.01,0.009758058,0.00024194177
0.01,0.010075938,-7.593818e-05
0.0,0.01353443,-0.01353443
0.01,0.0064214915,0.0035785083
0.0,0.015672583,-0.015672583
0.01,0.0,0.01
0.0,0.0,0.0
0.01,0.0045718607,0.005428139
0.01,0.01508046,-0.0050804606
0.01,0.006618553,0.003381447
0.02,0.017439932,0.002560068
0.06,0.017908253,0.042091746
0.11,0.0574736,0.0525264
0.14,0.10985078,0.030149221
0.11,0.15093932,-0.040939316
0.03,0.10249595,-0.07249595
0.05,0.02927185,0.02072815
0.05,0.06006743,-0.010067429
0.05,0.042300686,0.0076993145
0.04,0.04934556,-0.009345561
0.01,0.03975746,-0.02975746
0.04,0.008335533,0.03166447
0.03,0.038662553,-0.0086625535
0.02,0.028367145,-0.008367145
0.02,0.02878608,-0.00878608
0.06,0.0026039556,0.057396043
0.07,0.06132772,0.008672282
0.14,0.06904063,0.070959374
0.14,0.14985637,-0.009856373
0.14,0.14239931,-0.0023993105
0.15,0.14476992,0.005230084
0.22,0.16022548,0.059774518
0.14,0.22991051,-0.08991051
0.17,0.13842432,0.03157568
0.15,0.18568891,-0.035688907
0.15,0.14950328,0.0004967302
0.11,0.16077153,-0.050771534
0.23,0.10929312,0.120706886
0.14,0.2428063,-0.1028063
0.12,0.12967673,-0.009676732
0.16,0.13411751,0.025882483
0.27,0.1637557,0.10624431
0.3,0.27201378,0.027986228
0.4,0.30155838,0.09844163
0.39,0.3879404,0.002059579
0.36,0.38872415,-0.028724134
0.32,0.33957177,-0.019571781
0.42,0.3159451,0.1040549
0.48,0.40635222,0.07364777
0.55,0.468006,0.081994
0.59,0.52156013,0.06843984
0.51,0.5754508,-0.06545079
0.43,0.47182417,-0.041824162
0.44,0.4190967,0.02090329
0.41,0.41785353,-0.007853538
0.37,0.3915286,-0.021528602
0.34,0.33900177,0.0009982288
0.35,0.3195953,0.030404687
0.28,0.3279667,-0.04796669
0.23,0.2681888,-0.0381888
0.24,0.22002362,0.019976377
0.19,0.23146777,-0.04146777
0.2,0.1771686,0.02283141
0.2,0.19058986,0.009410143
0.25,0.19251303,0.057486966
0.28,0.25015402,0.029845983
0.33,0.26118928,0.06881073
0.38,0.32496065,0.055039346
0.45,0.37134603,0.07865396
0.5,0.43277788,0.06722212
0.46,0.4802447,-0.020244688
0.55,0.44125086,0.10874915
0.67,0.5334138,0.13658619
0.7,0.63484997,0.06515002
0.74,0.6684843,0.07151574
0.8,0.7030567,0.09694332
0.71,0.75499624,-0.04499626
0.78,0.66064227,0.119357705
0.87,0.7490799,0.12092012
0.74,0.8191702,-0.07917017
0.72,0.68376267,0.03623736
0.66,0.68591154,-0.02591151
0.56,0.61645305,-0.05645305
0.52,0.52001315,-1.31726265e-05
0.48,0.49302006,-0.013020068
0.46,0.44402134,0.015978664
0.45,0.4327185,0.017281502
0.35,0.4240948,-0.0740948
0.38,0.31865418,0.061345816
0.37,0.37069404,-0.0006940365
0.3,0.34384888,-0.043848872
0.24,0.27850157,-0.038501576
0.1,0.22306004,-0.12306004
0.04,0.08905867,-0.04905867
0.04,0.031351592,0.008648407
0.02,0.042233672,-0.022233672
0.03,0.01890258,0.01109742
0.06,0.022211349,0.037788652
0.05,0.051973652,-0.0019736513
0.03,0.050042205,-0.020042205
0.01,0.02315927,-0.0131592695
0.01,0.011945453,-0.0019454528
0.01,0.002423009,0.007576991
0.0,0.0,0.0
0.01,0.0,0.01
0.01,0.00062420405,0.009375796
0.01,0.0015849527,0.008415047
0.0,0.0027523153,-0.0027523153
0.0,0.0,0.0
0.02,0.0,0.02
0.04,0.0044250153,0.035574984
0.02,0.030906212,-0.010906212
0.01,0.01626535,-0.0062653497
0.01,0.00027108938,0.00972891
0.01,0.0008444544,0.009155545
0.01,0.010288691,-0.00028869137
0.01,0.0,0.01
0.01,0.007781354,0.002218646
0.03,0.010130925,0.019869074
0.05,0.02704027,0.022959732
0.01,0.044905886,-0.03490589
0.03,0.0075045805,0.022495419
0.11,0.026287088,0.08371291
0.06,0.11209226,-0.052092258
0.06,0.058656603,0.0013433956
0.16,0.06476744,0.095232554
0.27,0.17588444,0.09411557
0.34,0.28340214,0.05659786
0.39,0.35289755,0.03710243
0.54,0.39218682,0.1478132
0.53,0.54608583,-0.016085863
0.65,0.5072011,0.1427989
0.85,0.6444563,0.2055437
0.81,0.8203526,-0.010352612
0.82,0.76364565,0.056354344
0.92,0.7813017,0.13869834
0.94,0.88344705,0.056552947
0.98,0.88946784,0.09053218
0.98,0.93295765,0.04704237
0.97,0.92946535,0.040534675
0.98,0.9165299,0.063470125
0.97,0.92105234,0.048947692
0.97,0.91872513,0.051274896
0.97,0.91770995,0.052290082
0.97,0.90968823,0.060311794
0.97,0.91517204,0.05482799
0.97,0.91531235,0.05468768
0.97,0.91759443,0.052405596
0.97,0.9154994,0.05450064
0.97,0.91473347,0.05526656
0.97,0.9152968,0.054703236
0.97,0.9164568,0.05354321
0.97,0.9111062,0.0588938
0.97,0.91653013,0.053469896
0.97,0.91286945,0.057130575
0.97,0.91400635,0.055993676
0.97,0.91596574,0.054034293
0.97,0.91164327,0.058356762
0.97,0.9130755,0.056924522
0.97,0.9151014,0.05489862
0.97,0.91229415,0.05770588
0.97,0.9112661,0.05873394
0.97,0.913561,0.056439042
0.97,0.9115761,0.058423936
0.97,0.91170067,0.058299363
0.97,0.9120766,0.057923436
0.97,0.91193736,0.058062673
0.97,0.9113129,0.05868715
0.97,0.9123472,0.05765283
0.97,0.9133175,0.056682527
0.97,0.9124476,0.057552457
0.97,0.9102496,0.059750438
0.97,0.91239846,0.05760157
0.97,0.91223377,0.05776626
0.97,0.9105506,0.059449434
0.97,0.9125804,0.057419658
0.97,0.9120668,0.05793321
0.97,0.9111692,0.058830857
0.97,0.9127701,0.057229936
0.97,0.9115778,0.058422208
0.97,0.9118706,0.05812943
0.97,0.91252494,0.05747509
0.97,0.91087246,0.05912757
0.97,0.91219413,0.057805896
0.97,0.912488,0.057512045
0.97,0.91155285,0.058447182
0.97,0.91204673,0.057953298
0.97,0.9119959,0.05800414
0.97,0.91179657,0.05820346
0.97,0.9119576,0.058042407
0.98,0.91210425,0.06789577
0.97,0.9218583,0.048141718
0.92,0.9104967,0.009503305
0.95,0.8634025,0.0865975
0.97,0.8981266,0.07187343
0.97,0.9107889,0.059211135
0.97,0.91030365,0.059696376
0.97,0.9124794,0.057520628
0.97,0.91133654,0.058663487
0.97,0.91193146,0.058068573
0.97,0.91228294,0.057717085
0.97,0.91197133,0.058028698
0.97,0.9113174,0.05868262
0.97,0.9110075,0.058992505
0.97,0.9121846,0.057815433
0.97,0.91265213,0.057347894
0.97,0.91163284,0.058367193
0.97,0.91242486,0.057575166
0.97,0.9117669,0.058233142
0.97,0.9124361,0.0575639
0.97,0.9115204,0.058479607
0.98,0.91225827,0.06774175
0.97,0.9215971,0.048402905
0.97,0.91083866,0.059161365
0.97,0.91252583,0.057474196
0.97,0.91228074,0.05771929
0.97,0.91118276,0.058817267
0.97,0.91230667,0.057693362
0.94,0.9119139,0.028086126
0.81,0.8825271,-0.07252711
0.67,0.757301,-0.087300956
0.68,0.62715966,0.052840352
0.75,0.6448362,0.10516381
0.75,0.7075911,0.042408884
0.7,0.6990895,0.00091046095
0.59,0.65511084,-0.06511086
0.6,0.5519917,0.048008323
0.61,0.56914717,0.040852845
0.48,0.57064337,-0.090643376
0.43,0.43668023,-0.0066802204
0.51,0.4038028,0.10619718
0.44,0.4828799,-0.04287991
0.59,0.39862615,0.19137383
0.67,0.5677403,0.102259696
0.6,0.6284716,-0.02847159
0.51,0.55569357,-0.045693576
0.49,0.47816402,0.011835992
0.51,0.46114028,0.048859715
0.6,0.4752443,0.12475571
0.59,0.56365,0.026349962
0.43,0.54910666,-0.11910665
0.32,0.40092078,-0.080920786
0.44,0.30051112,0.13948888
0.61,0.41851246,0.19148755
0.72,0.58831924,0.13168079
0.71,0.6951911,0.014808893
0.85,0.6760069,0.17399311
0.94,0.81100166,0.12899834
0.91,0.88413316,0.025866866
0.92,0.8441652,0.07583481
0.91,0.8729741,0.03702593
0.98,0.84825456,0.13174546
0.98,0.9188251,0.06117493
0.98,0.9146092,0.065390825
0.98,0.9310663,0.048933744
0.98,0.9256793,0.054320693
0.98,0.9281106,0.05188942
0.98,0.9244961,0.055503905
0.97,0.9221827,0.04781735
0.97,0.9090876,0.06091243
0.97,0.9100917,0.05990833
0.97,0.9098709,0.060129106
0.97,0.9128318,0.057168245
0.97,0.9147686,0.055231452
0.98,0.91333747,0.06666255
0.98,0.92324317,0.056756854
0.97,0.92096925,0.04903078
0.8,0.915835,-0.11583501
0.79,0.743598,0.046402037
0.89,0.7527886,0.13721138
0.77,0.8480985,-0.078098536
0.77,0.7124146,0.05758536
0.72,0.7298216,-0.009821594
0.9,0.6760478,0.22395217
0.97,0.85356736,0.11643267
0.98,0.90839666,0.07160336
0.97,0.9189879,0.05101216
0.97,0.9090769,0.0609231
0.96,0.9046732,0.05532676
0.97,0.9004543,0.069545746
0.97,0.91528696,0.05471307
0.94,0.9063345,0.03366548
0.83,0.8785986,-0.048598588
0.9,0.77673143,0.123268545
0.8,0.86195505,-0.061955035
0.79,0.74734503,0.04265499
0.67,0.7465638,-0.076563776
0.69,0.6279572,0.062042773
0.7,0.6546629,0.04533708
0.87,0.6592236,0.21077639
0.77,0.82139814,-0.051398158
0.72,0.70984364,0.010156393
0.81,0.6773735,0.13262647
0.88,0.7711291,0.10887092
0.84,0.81826645,0.021733522
0.92,0.7856361,0.13436389
0.97,0.8667942,0.1032058
0.97,0.90924823,0.060751796
0.98,0.9031781,0.07682192
0.98,0.92675054,0.05324948
0.98,0.9182315,0.06176853
0.98,0.9215734,0.05842662
0.98,0.91685057,0.06314945
0.98,0.9278437,0.05215633
0.96,0.91619366,0.043806314
0.98,0.903624,0.07637602
0.97,0.9227189,0.047281146
0.97,0.91477835,0.055221677
0.98,0.9074211,0.07257891
0.98,0.9240824,0.05591762
0.98,0.91722554,0.06277448
0.98,0.9226994,0.057300627
0.97,0.9211785,0.04882151
0.97,0.9134345,0.056565523
0.98,0.91371554,0.06628448
0.98,0.92037046,0.05962956
0.98,0.9218967,0.058103323
0.98,0.9218449,0.05815512
0.98,0.92249066,0.057509363
0.98,0.9202632,0.059736848
0.98,0.9231533,0.056846738
0.98,0.9223938,0.05760622
0.97,0.922594,0.047406018
0.98,0.9101703,0.0698297
0.98,0.9217789,0.0582211
0.97,0.92104894,0.04895109
0.98,0.91217387,0.06782615
0.98,0.9231242,0.056875825
0.98,0.91925836,0.060741663
0.98,0.9221203,0.057879746
0.98,0.92269486,0.057305157
0.98,0.91988814,0.06011188
0.98,0.9216949,0.058305144
0.98,0.92240924,0.057590783
0.98,0.92078376,0.05921626
0.98,0.9217629,0.058237135
0.98,0.9213824,0.05861759
0.97,0.92152756,0.048472464
0.98,0.91124487,0.06875515
0.98,0.9230963,0.05690372
0.98,0.9202187,0.059781313
0.98,0.9216225,0.058377504
0.98,0.92201155,0.057988465
0.98,0.9208551,0.059144914
0.98,0.92137706,0.058622956
0.96,0.92160666,0.03839332
0.94,0.9013069,0.03869307
0.92,0.88449067,0.035509348
0.98,0.8657273,0.11427271
0.97,0.9258596,0.044140458
0.97,0.9076669,0.062333107
0.91,0.9124712,-0.002471149
0.94,0.8530589,0.08694112
0.93,0.8886041,0.041395903
0.97,0.87332904,0.096670985
0.94,0.91347337,0.02652663
0.97,0.87997615,0.090023875
0.96,0.9136045,0.04639548
0.93,0.9006164,0.0293836
0.82,0.8732647,-0.053264678
0.75,0.7685738,-0.01857382
0.89,0.7059501,0.1840499
0.94,0.8493948,0.0906052
0.86,0.8753573,-0.015357256
0.89,0.8016424,0.08835757
0.86,0.843243,0.016757011
0.77,0.80520654,-0.035206556
0.74,0.71862507,0.02137494
0.72,0.7031605,0.016839504
0.77,0.6718266,0.09817338
0.83,0.7246315,0.105368495
0.83,0.7760403,0.053959668
0.79,0.78018624,0.009813786
0.71,0.7394751,-0.029475093
0.54,0.665635,-0.12563497
0.59,0.49473092,0.095269054
0.52,0.5627864,-0.04278642
0.4,0.4745845,-0.074584484
0.47,0.36868286,0.10131714
0.47,0.4542206,0.015779406
0.41,0.44091487,-0.030914873
0.47,0.37865904,0.09134096
0.36,0.45011622,-0.0901162
0.36,0.32505193,0.03494808
0.42,0.3390655,0.080934495
0.39,0.39649758,-0.0064975917
0.34,0.3629747,-0.0229747
0.25,0.32071653,-0.07071653
0.23,0.23148403,-0.0014840215
0.28,0.21568686,0.06431314
0.26,0.26812857,-0.008128583
0.23,0.24245115,-0.012451142
0.29,0.21696359,0.0730364
0.39,0.29064086,0.099359125
0.34,0.38415813,-0.04415813
0.26,0.3226844,-0.06268442
0.23,0.24459998,-0.014599979
0.26,0.21860133,0.04139866
0.23,0.23950855,-0.00950855
0.29,0.21559879,0.0744012
0.27,0.2868105,-0.016810477
0.23,0.25385487,-0.023854867
0.18,0.23248051,-0.052480504
0.14,0.17516564,-0.035165638
0.13,0.14016338,-0.010163382
0.1,0.12408139,-0.024081387
0.11,0.08542416,0.024575837
0.12,0.104847565,0.015152432
0.15,0.12522225,0.024777755
0.15,0.1492848,0.00071521103
0.2,0.1481852,0.05181481
0.2,0.20380835,-0.0038083494
0.15,0.19653513,-0.04653512
0.13,0.15383638,-0.02383639
0.18,0.12233989,0.057660118
0.17,0.18947718,-0.019477174
0.12,0.16495705,-0.04495705
0.12,0.12646139,-0.0064613894
0.11,0.12561367,-0.015613675
0.1,0.10720548,-0.007205479
0.13,0.09030956,0.039690435
0.12,0.14397974,-0.023979746
0.12,0.12688716,-0.0068871602
0.11,0.12154119,-0.011541188
0.08,0.1058959,-0.025895901
0.06,0.080172196,-0.020172197
0.06,0.0632539,-0.0032539032
0.08,0.052559882,0.027440116
0.08,0.07508876,0.0049112365
0.06,0.07947917,-0.019479174
0.04,0.06824622,-0.028246224
0.04,0.0365299,0.0034701005
0.05,0.0446423,0.0053577013
0.02,0.044944666,-0.024944667
0.0,0.017679833,-0.017679833
0.01,0.0,0.01
0.01,0.0016641039,0.008335896
0.01,0.013269592,-0.0032695923
0.01,0.0071557155,0.0028442843
0.01,0.013947286,-0.003947286
0.01,0.005390892,0.004609108
0.01,0.0013672765,0.008632723
0.01,0.005475781,0.004524219
0.01,0.009819689,0.00018031057
0.01,0.0019563027,0.008043697
0.01,0.013713082,-0.0037130825
0.01,0.00079554506,0.009204455
0.01,0.010013773,-1.377333e-05
0.01,0.011293637,-0.0012936369
0.01,0.0057596816,0.004240318
0.01,0.0007107165,0.009289283
0.01,0.012671721,-0.0026717214
0.04,0.010213004,0.029786995
0.09,0.035036042,0.05496396
0.1,0.08845902,0.011540979
0.12,0.09995849,0.02004151
0.11,0.11743232,-0.007432319
0.08,0.118393466,-0.038393468
0.08,0.082692444,-0.002692446
0.1,0.08482067,0.015179329
0.15,0.10910876,0.040891245
0.17,0.1582462,0.0117537975
0.18,0.16876699,0.011233017
0.21,0.18621553,0.023784459
0.32,0.21473603,0.10526396
0.36,0.3239988,0.036001205
0.49,0.36300427,0.12699574
0.55,0.49204737,0.057952642
0.47,0.5384511,-0.06845108
0.66,0.44380775,0.21619228
0.64,0.64672947,-0.0067294836
0.77,0.6024873,0.16751266
0.83,0.7516617,0.078338265
0.88,0.7941112,0.0858888
0.81,0.83761543,-0.027615428
0.91,0.7633661,0.14663392
0.92,0.87658286,0.043417156
0.94,0.8630172,0.076982796
0.97,0.8863232,0.083676815
0.97,0.91634846,0.05365157
0.93,0.91205674,0.017943263
0.97,0.8746449,0.09535515
0.97,0.9205873,0.049412727
0.92,0.91338193,0.0066180825
0.93,0.86358106,0.066418946
0.95,0.88320976,0.06679022
0.84,0.89150447,-0.051504493
0.92,0.7884624,0.13153762
0.88,0.87709147,0.0029085279
0.86,0.8277075,0.032292485
0.89,0.8061893,0.08381069
0.93,0.8480523,0.081947684
0.89,0.86826706,0.021732926
0.93,0.8390524,0.09094763
0.93,0.8758385,0.05416149
0.92,0.8749263,0.045073688
0.94,0.86268353,0.07731646
0.97,0.8874537,0.08254635
0.96,0.9104256,0.049574375
0.97,0.8985076,0.07149243
0.97,0.91129196,0.05870807
0.97,0.9119173,0.0580827
0.96,0.9115248,0.048475206
0.97,0.9032817,0.06671834
0.98,0.9126837,0.06731629
0.97,0.92051446,0.049485564
0.97,0.90897334,0.061026692
0.97,0.9135622,0.05643785
0.97,0.9092573,0.060742736
0.96,0.9136661,0.04633385
0.92,0.9003527,0.0196473
0.84,0.8633369,-0.023336947
0.74,0.78819114,-0.04819113
0.65,0.69500095,-0.04500097
0.65,0.6072547,0.042745292
0.57,0.6139396,-0.04393959
0.62,0.5260241,0.0939759
0.62,0.5888557,0.031144321
0.62,0.5801649,0.039835095
0.51,0.5826826,-0.07268262
0.4,0.47127962,-0.071279615
0.56,0.37489018,0.18510982
0.6,0.53488255,0.06511748
0.49,0.553203,-0.06320298
0.69,0.44752163,0.24247837
0.66,0.66668504,-0.0066850185
0.48,0.60055554,-0.12055555
0.5,0.4368299,0.063170105
0.58,0.48713452,0.09286547
0.72,0.54063195,0.17936808
0.78,0.68787456,0.092125416
0.69,0.73469585,-0.044695854
0.48,0.64432347,-0.16432348
0.44,0.4463873,-0.0063872933
0.52,0.41410452,0.10589546
0.37,0.48729026,-0.11729026
0.32,0.3421208,-0.022120804
0.38,0.29624665,0.08375335
0.46,0.3644241,0.0955759
0.53,0.45191664,0.07808334
0.45,0.5066245,-0.05662453
0.36,0.4220369,-0.062036872
0.29,0.33659065,-0.046590656
0.22,0.2663481,-0.046348095
0.2,0.1879517,0.012048304
0.22,0.1926303,0.027369693
0.25,0.22280313,0.02719687
0.25,0.24392775,0.006072253
0.3,0.24883555,0.051164463
0.38,0.29510105,0.08489895
0.3,0.36487007,-0.06487006
0.36,0.28258073,0.07741928
0.36,0.34831843,0.0116815865
0.56,0.3431547,0.2168453
0.53,0.5486225,-0.018622518
0.49,0.49858737,-0.00858736
0.44,0.46299824,-0.022998244
0.44,0.41814518,0.021854818
0.43,0.43006808,-6.8068504e-05
0.42,0.40447837,0.015521616
0.46,0.39923954,0.06076047
0.46,0.44581008,0.014189929
0.51,0.4423731,0.06762689
0.36,0.48706678,-0.12706676
0.23,0.31882653,-0.08882652
0.23,0.21225497,0.017745033
0.22,0.2043716,0.015628397
0.27,0.20942456,0.060575455
0.18,0.26200306,-0.08200306
0.2,0.16793443,0.03206557
0.24,0.2029212,0.037078798
0.22,0.2513914,-0.031391412
0.31,0.20120464,0.10879536
0.31,0.31097803,-0.0009780228
0.27,0.28979874,-0.019798726
0.37,0.2666384,0.10336161
0.45,0.3601228,0.08987719
0.44,0.4396505,0.00034949183
0.36,0.4193274,-0.059327394
0.27,0.3388892,-0.0688892
0.4,0.26148534,0.13851467
0.37,0.38695636,-0.01695636
0.53,0.35788727,0.1721127
0.94,0.52743673,0.41256326
0.98,0.9083029,0.071697116
0.97,0.936165,0.033835053
0.87,0.9392865,-0.069286466
0.96,0.8134588,0.14654118
0.98,0.9066646,0.07333541
0.98,0.9194559,0.060544133
0.98,0.9241041,0.055895925
0.98,0.92683595,0.053164065
0.98,0.91583157,0.06416845
0.97,0.92439866,0.045601368
0.97,0.9299455,0.0400545
0.97,0.9182935,0.051706553
0.97,0.9129081,0.05709195
0.98,0.90658414,0.073415875
0.98,0.92160606,0.058393955
0.98,0.92467195,0.05532807
0.97,0.92143685,0.048563182
0.97,0.9131193,0.056880713
0.98,0.9089179,0.071082115
0.98,0.92739046,0.052609563
0.98,0.92261183,0.057388186
0.98,0.92532396,0.054676056
0.98,0.920563,0.059437037
0.98,0.9289732,0.05102682
0.98,0.92023134,0.059768677
0.98,0.92588913,0.054110885
0.98,0.92059374,0.05940628
0.98,0.92065215,0.059347868
0.97,0.9212009,0.048799157
0.98,0.91406846,0.06593156
0.98,0.9230181,0.05698192
0.98,0.9202826,0.059717417
0.97,0.9230529,0.04694712
0.98,0.9102434,0.06975663
0.97,0.9207648,0.049235225
0.97,0.9099513,0.0600487
0.97,0.914519,0.055481017
0.97,0.9140955,0.055904508
0.97,0.9095419,0.060458124
0.98,0.91191816,0.068081856
0.97,0.92352396,0.046476066
0.97,0.9098575,0.060142517
0.98,0.91290206,0.06709796
0.97,0.9215869,0.048413157
0.97,0.910487,0.059513032
0.97,0.9133324,0.056667626
0.97,0.91089076,0.05910927
0.97,0.9126631,0.057336926
0.97,0.9115857,0.05841434
0.98,0.9118278,0.06817222
0.98,0.9216298,0.058370233
0.98,0.9210454,0.058954597
0.97,0.9211626,0.048837423
0.97,0.91193986,0.05806017
0.97,0.9115379,0.058462143
0.97,0.9120327,0.057967305
0.97,0.9118192,0.05818081
0.98,0.9125928,0.06740719
0.97,0.9220433,0.047956705
0.97,0.9106233,0.059376717
0.97,0.9129846,0.05701542
0.97,0.91204274,0.05795729
0.94,0.9114857,0.028514326
0.89,0.8823588,0.0076411963
0.83,0.8361441,-0.0061441064
0.65,0.7811154,-0.13111544
0.64,0.60221905,0.03778094
0.84,0.60851943,0.23148054
0.72,0.80183756,-0.081837535
0.65,0.6560786,-0.006078601
0.68,0.61451167,0.06548834
0.77,0.6464636,0.12353641
0.87,0.72188324,0.14811677
0.86,0.81791914,0.04208088
0.9,0.8022188,0.09778118
0.83,0.8446511,-0.01465112
0.84,0.76711565,0.07288432
0.94,0.7913375,0.14866251
0.98,0.89132416,0.08867586
0.97,0.9122276,0.057772458
0.97,0.9051408,0.06485921
0.97,0.91453433,0.0554657
0.97,0.9119317,0.058068335
0.97,0.9148942,0.055105805
0.97,0.9108256,0.05917442
0.97,0.91271055,0.05728948
0.97,0.90889794,0.061102092
0.97,0.90990674,0.060093284
0.91,0.9127504,-0.0027503967
0.62,0.8505517,-0.23055172
0.84,0.56690705,0.27309293
0.63,0.81974,-0.18974
0.69,0.5720539,0.11794609
0.55,0.6644404,-0.11444038
0.47,0.51538444,-0.045384437
0.43,0.45142752,-0.021427512
0.43,0.4058395,0.024160504
0.48,0.40918118,0.07081881
0.43,0.45051616,-0.020516157
0.4,0.4083277,-0.008327693
0.47,0.3711936,0.09880641
0.51,0.4529914,0.057008594
0.6,0.47690058,0.12309945
0.61,0.55878425,0.051215768
0.68,0.58451605,0.09548396
0.7,0.6331732,0.06682676
0.71,0.6608411,0.04915887
0.79,0.6577552,0.13224483
0.87,0.75947547,0.110524535
0.96,0.80935323,0.15064675
0.75,0.91959965,-0.16959965
0.66,0.6848593,-0.02485925
0.69,0.63285065,0.05714935
0.74,0.64134586,0.09865415
0.6,0.7051469,-0.105146885
0.77,0.55048734,0.21951264
0.9,0.7445954,0.15540457
0.86,0.8451741,0.01482594
0.65,0.80209064,-0.15209067
0.49,0.6112323,-0.12123227
0.6,0.4606269,0.13937312
0.64,0.57079935,0.069200635
0.68,0.5853752,0.09462482
0.6,0.6436748,-0.043674767
0.64,0.56025326,0.07974672
0.67,0.60897917,0.06102085
0.69,0.6270557,0.06294429
0.86,0.65789354,0.20210648
0.93,0.81909776,0.11090225
0.92,0.86650217,0.05349785
0.83,0.8621863,-0.03218633
0.94,0.78361857,0.15638143
0.89,0.88754123,0.0024587512
0.72,0.8306654,-0.11066538
0.63,0.66781735,-0.03781736
0.65,0.5937183,0.056281686
0.79,0.6129683,0.1770317
0.71,0.747195,-0.037195027
0.57,0.66334,-0.09333998
0.61,0.5387458,0.071254194
0.59,0.5857969,0.004203081
0.86,0.54209185,0.31790817
0.97,0.8304321,0.13956791
0.98,0.9134288,0.066571236
0.98,0.92603016,0.05396986
0.98,0.9181957,0.061804295
0.98,0.92236066,0.05763936
0.97,0.91878754,0.05121249
0.98,0.90913045,0.070869565
0.98,0.925967,0.05403304
0.88,0.91743636,-0.037436366
0.89,0.8218029,0.06819707
0.97,0.84746206,0.12253797
0.97,0.92608434,0.04391569
0.97,0.9060117,0.06398833
0.97,0.9137803,0.056219757
0.97,0.90746224,0.06253779
0.95,0.90957713,0.040422857
0.95,0.8895441,0.06045586
0.96,0.8940888,0.065911174
0.97,0.90262526,0.067374766
0.97,0.91357565,0.05642438
0.97,0.9086225,0.061377525
0.97,0.91474557,0.05525446
0.97,0.9110031,0.058996916
0.96,0.9168172,0.04318279
0.9,0.90250695,-0.0025069714
0.97,0.8431911,0.12680894
0.93,0.9228983,0.0071017146
0.96,0.8686123,0.09138769
0.89,0.90592325,-0.015923262
0.9,0.8290403,0.07095969
0.89,0.84986496,0.040135026
0.95,0.8377415,0.112258494
0.89,0.8980856,-0.0080856085
0.81,0.8294549,-0.019454896
0.74,0.75968033,-0.019680321
0.77,0.69601715,0.073982835
0.69,0.7288997,-0.03889972
0.61,0.6435763,-0.03357631
0.5,0.5703232,-0.07032323
0.42,0.46317565,-0.043175668
0.4,0.39628142,0.0037185848
0.34,0.3755441,-0.035544097
0.27,0.31321424,-0.04321423
0.35,0.2555431,0.09445688
0.38,0.3366145,0.043385506
0.35,0.35598278,-0.0059827864
0.29,0.32255083,-0.03255084
0.47,0.27626935,0.19373065
0.47,0.4511647,0.018835306
0.51,0.44562376,0.064376235
0.53,0.4769451,0.05305487
0.46,0.50776666,-0.047766656
0.52,0.42372602,0.09627396
0.54,0.49862614,0.04137388
0.57,0.51163745,0.058362544
0.49,0.54487157,-0.05487156
0.41,0.45668602,-0.046686023
0.37,0.38464466,-0.014644653
0.27,0.34963804,-0.079638034
0.23,0.25353742,-0.023537412
0.31,0.20838207,0.10161793
0.28,0.30171233,-0.021712333
0.25,0.25432026,-0.004320264
0.26,0.2388642,0.021135792
0.18,0.24840927,-0.068409264
0.19,0.17040831,0.01959169
0.39,0.1778613,0.21213868
0.3,0.38377094,-0.08377093
0.27,0.28506476,-0.015064746
0.31,0.26763,0.04236999
0.28,0.29381257,-0.013812572
0.23,0.2685493,-0.03854929
0.21,0.22708173,-0.017081738
0.27,0.20812622,0.061873794
0.24,0.26576352,-0.025763527
0.32,0.2240435,0.09595649
0.22,0.3221433,-0.10214329
0.18,0.2112348,-0.031234786
0.16,0.18695654,-0.026956543
0.13,0.14342128,-0.013421282
0.07,0.12436834,-0.05436834
0.05,0.06608401,-0.016084012
0.09,0.047341328,0.042658675
0.13,0.077279545,0.05272045
0.1,0.14891666,-0.04891666
0.13,0.09784293,0.032157063
0.17,0.14246,0.027539998
0.16,0.17706992,-0.01706992
0.13,0.16225377,-0.032253772
0.1,0.12974653,-0.029746525
0.07,0.11430739,-0.04430739
0.07,0.063528314,0.006471686
0.1,0.05751477,0.04248523
0.09,0.10742758,-0.017427579
0.1,0.09517193,0.004828073
0.1,0.09734052,0.0026594847
0.07,0.09730217,-0.027302168
0.06,0.078033894,-0.018033896
0.07,0.055689536,0.014310464
0.06,0.07349078,-0.013490785
0.07,0.05498398,0.015016019
0.07,0.06483253,0.0051674694
0.07,0.065357424,0.004642576
0.05,0.08171057,-0.03171057
0.07,0.044717938,0.025282063
0.07,0.066128284,0.0038717166
0.06,0.079393476,-0.019393478
0.07,0.06952198,0.0004780218
0.07,0.066452645,0.0035473555
0.15,0.07245296,0.07754704
0.11,0.15540782,-0.045407817
0.05,0.1078842,-0.057884198
0.01,0.054151736,-0.04415174
0.01,0.0019299705,0.008070029
0.01,0.009018678,0.0009813216
0.01,0.008361651,0.0016383491
0.01,0.01647934,-0.0064793397
0.01,0.0,0.01
0.01,0.002175847,0.007824153
0.01,0.01768071,-0.0076807104
0.02,0.007170208,0.012829792
0.02,0.019658962,0.0003410373
0.01,0.01157483,-0.0015748302
0.02,0.0062123667,0.013787633
0.03,0.015421357,0.014578642
0.05,0.032596257,0.017403744
0.05,0.045930985,0.0040690154
0.06,0.051569022,0.008430976
0.07,0.062261775,0.007738225
0.05,0.06820422,-0.018204216
0.05,0.051937804,-0.0019378029
0.03,0.04894296,-0.018942961
0.01,0.026401132,-0.016401133
0.01,0.011210633,-0.0012106337
0.03,0.009593498,0.020406501
0.02,0.025071388,-0.0050713886
0.02,0.01471976,0.0052802395
0.02,0.016183607,0.0038163923
0.02,0.0163001,0.0036998987
0.03,0.018827217,0.011172783
0.02,0.022102814,-0.0021028146
0.02,0.017794674,0.0022053253
0.01,0.026532106,-0.016532106
0.01,0.0,0.01
0.01,0.010155223,-0.00015522353
0.01,0.0038373396,0.00616266
0.01,0.013728459,-0.0037284596
0.01,0.0039097387,0.006090261
0.01,0.009991579,8.421019e-06
0.01,0.0026564077,0.007343592
0.01,0.0088812485,0.0011187512
0.01,0.009922132,7.786788e-05
0.01,0.004088208,0.0059117917
0.01,0.009010434,0.0009895656
0.01,0.0,0.01
0.02,0.01310112,0.00689888
0.07,0.015284772,0.054715227
0.07,0.07388645,-0.0038864464
0.07,0.06826572,0.0017342791
0.07,0.07206193,-0.0020619333
0.07,0.066515714,0.0034842864
0.19,0.07704063,0.11295937
0.32,0.2016965,0.11830349
0.29,0.33184892,-0.041848928
0.01,0.28827104,-0.27827105
0.01,0.012770014,-0.002770014
0.07,0.032722685,0.037277315
0.14,0.061620362,0.07837964
0.23,0.15140672,0.078593284
0.3,0.23277877,0.06722124
0.32,0.3155887,0.00441128
0.29,0.31873387,-0.02873388
0.37,0.28585786,0.08414215
0.42,0.37459648,0.04540351
0.5,0.4149738,0.085026205
0.6,0.48191312,0.118086904
0.65,0.58060354,0.069396436
0.7,0.61879104,0.081208944
0.63,0.6673105,-0.03731048
0.56,0.6024581,-0.042458117
0.55,0.5412788,0.008721232
0.62,0.5310649,0.08893508
0.67,0.5906137,0.079386294
0.7,0.6300874,0.06991261
0.73,0.65754426,0.072455764
0.73,0.69430304,0.035696983
0.83,0.6879109,0.14208907
0.94,0.7907083,0.1492917
0.92,0.87949145,0.04050857
0.96,0.8581858,0.10181415
0.96,0.90570915,0.05429083
0.93,0.8995672,0.03043282
0.98,0.87374675,0.10625327
0.91,0.92765135,-0.01765132
0.92,0.85451365,0.06548637
0.94,0.8710015,0.068998516
0.94,0.8879233,0.052076697
0.8,0.88139546,-0.08139545
0.84,0.7472153,0.0927847
0.75,0.80642426,-0.05642426
0.67,0.70095086,-0.030950844
0.72,0.6259117,0.094088316
0.72,0.68406844,0.035931587
0.88,0.6722597,0.2077403
0.87,0.8347404,0.035259604
0.94,0.80852634,0.13147366
0.98,0.89406157,0.08593845
0.97,0.9169102,0.053089857
0.97,0.9062431,0.06375694
0.97,0.9120595,0.057940543
0.97,0.91198564,0.058014393
0.97,0.9052274,0.064772606
0.97,0.91195005,0.058049977
0.97,0.9101403,0.059859753
0.96,0.9175539,0.042446077
0.73,0.90320015,-0.17320013
0.52,0.6763715,-0.15637153
0.55,0.48662645,0.063373566
0.72,0.5262269,0.19377315
0.91,0.6820725,0.2279275
0.84,0.87578297,-0.035782993
0.42,0.78232276,-0.36232278
0.09,0.37396142,-0.28396142
0.21,0.08889865,0.12110134
0.48,0.21842344,0.26157653
0.46,0.457039,0.0029610097
0.59,0.4463495,0.14365047
0.43,0.56345975,-0.13345975
0.14,0.39935797,-0.259358
0.12,0.12454919,-0.0045491904
0.23,0.13304418,0.09695582
0.33,0.21830209,0.11169793
0.22,0.3287591,-0.108759105
0.18,0.21030179,-0.03030178
0.09,0.18551995,-0.095519945
0.03,0.10251182,-0.07251182
0.03,0.06026648,-0.03026648
0.11,0.020850968,0.08914903
0.17,0.10559794,0.06440206
0.19,0.15263253,0.037367463
0.18,0.19222535,-0.012225345
0.09,0.1927237,-0.1027237
0.07,0.110090226,-0.040090226
0.06,0.07772969,-0.017729688
0.07,0.05107387,0.018926129
0.08,0.05665388,0.023346119
0.08,0.06568063,0.014319368
0.05,0.07855969,-0.028559688
0.03,0.06636701,-0.036367007
0.04,0.03531704,0.004682958
0.03,0.043325953,-0.013325954
0.02,0.029186891,-0.009186892
0.02,0.010851419,0.009148581
0.02,0.017469585,0.0025304146
0.01,0.007790774,0.0022092257
0.01,0.003312163,0.0066878367
0.03,0.02159028,0.00840972
0.05,0.03633554,0.013664462
0.06,0.04029941,0.01970059
0.05,0.043748192,0.0062518083
0.05,0.05748549,-0.0074854903
0.04,0.05351443,-0.013514429
0.03,0.03143686,-0.0014368612
0.02,0.034779087,-0.014779087
0.01,0.015561348,-0.005561348
0.01,0.0,0.01
0.02,0.018673584,0.0013264157
0.03,0.03208998,-0.0020899791
0.04,0.025023192,0.014976807
0.04,0.02184567,0.018154329
0.05,0.03797061,0.012029391
0.03,0.04706986,-0.01706986
0.01,0.032036386,-0.022036387
0.01,0.016057981,-0.0060579814
0.01,0.0045054425,0.0054945573
0.01,0.0,0.01
0.01,0.0035343878,0.006465612
0.01,0.019921377,-0.0099213775
0.01,0.018882059,-0.008882059
0.01,0.021663839,-0.011663839
0.03,0.0067144427,0.023285557
0.03,0.017332982,0.012667017
0.01,0.025092024,-0.015092025
0.01,0.0079611605,0.0020388393
0.01,0.011319725,-0.0013197251
0.01,0.015674189,-0.005674189
0.01,0.009993035,6.96443e-06
0.01,0.011438003,-0.001438003
0.01,0.008406648,0.0015933514
0.01,4.0225685e-05,0.009959774
0.01,0.012296805,-0.0022968054
0.01,0.007883986,0.0021160133
0.01,0.0061188936,0.0038811062
0.01,0.014320517,-0.004320517
0.01,0.010078579,-7.857941e-05
0.01,0.0077161584,0.0022838414
0.01,0.0016057324,0.008394267
0.01,0.0047700536,0.005229946
0.01,0.010712918,-0.0007129181
0.01,0.019539539,-0.009539539
0.01,0.013480695,-0.0034806952
0.01,0.005696466,0.0043035336
0.01,0.0069703804,0.0030296193
0.11,0.0031998046,0.1068002
0.12,0.116935894,0.0030641034
0.09,0.12757301,-0.03757301
0.11,0.103106305,0.0068936944
0.11,0.120668635,-0.010668635
0.19,0.11541445,0.07458555
0.33,0.20319553,0.12680449
0.25,0.3347755,-0.08477551
0.25,0.25144476,-0.001444757
0.17,0.25344047,-0.08344047
0.13,0.16955613,-0.03955613
0.22,0.13571198,0.084288016
0.34,0.23068504,0.10931496
0.41,0.33877626,0.071223736
0.35,0.41064984,-0.060649842
0.36,0.33506286,0.024937153
0.52,0.35460514,0.16539484
0.73,0.50708425,0.22291577
0.82,0.7266907,0.09330928
0.64,0.80768883,-0.16768885
0.78,0.60015666,0.1798433
0.65,0.7469321,-0.09693211
0.43,0.59978604,-0.16978604
0.31,0.3970831,-0.0870831
0.35,0.30903333,0.04096666
0.44,0.34017837,0.09982163
0.39,0.41727525,-0.027275264
0.34,0.3752514,-0.03525141
0.42,0.329655,0.090344995
0.69,0.41453946,0.27546054
0.56,0.68895525,-0.12895525
0.65,0.5280635,0.1219365
0.65,0.62992835,0.020071626
0.68,0.5981202,0.081879795
0.76,0.6402428,0.119757175
0.69,0.72207654,-0.032076538
0.79,0.65204763,0.13795239
0.85,0.75457954,0.09542048
0.64,0.7989878,-0.15898782
0.65,0.59352696,0.056473017
0.42,0.6403706,-0.22037062
0.39,0.37477767,0.015222311
0.33,0.3783402,-0.0483402
0.32,0.30901262,0.010987371
0.28,0.30115926,-0.021159261
0.26,0.25590122,0.004098773
0.35,0.24875315,0.10124685
0.41,0.34884197,0.06115803
0.44,0.37903896,0.060961038
0.34,0.43140063,-0.09140062
0.33,0.31366688,0.016333133
0.35,0.31414628,0.035853714
0.39,0.3130952,0.07690477
0.43,0.3805108,0.0494892
0.42,0.40387955,0.016120434
0.46,0.4018057,0.05819431
0.46,0.42589498,0.034105033
0.42,0.44620204,-0.026202053
0.47,0.41164052,0.058359474
0.52,0.4489067,0.07109329
0.65,0.48742992,0.16257006
0.62,0.626006,-0.0060060024
0.63,0.5713887,0.058611274
0.6,0.5900545,0.009945512
0.59,0.5549855,0.03501445
0.55,0.5543669,-0.0043668747
0.43,0.5265725,-0.09657252
0.38,0.39350882,-0.0135088265
0.35,0.3582818,-0.008281797
0.4,0.32759243,0.07240757
0.37,0.3892384,-0.019238383
0.38,0.34424028,0.035759717
0.34,0.36402604,-0.024026036
0.41,0.31066126,0.09933874
0.42,0.39225984,0.02774015
0.35,0.3918893,-0.04188931
0.25,0.3292678,-0.0792678
0.25,0.23313938,0.01686062
0.21,0.2412646,-0.031264603
0.18,0.18893541,-0.008935407
0.2,0.17744853,0.022551477
0.16,0.18919815,-0.029198155
0.14,0.1556608,-0.015660793
0.15,0.13935414,0.010645866
0.17,0.15313439,0.016865611
0.17,0.1760165,-0.006016493
0.17,0.16090266,0.009097338
0.2,0.17126082,0.028739184
0.23,0.19536506,0.034634948
0.21,0.22497578,-0.014975786
0.22,0.19347076,0.026529238
0.2,0.22231282,-0.02231282
0.16,0.19319157,-0.033191577
0.12,0.16770594,-0.04770594
0.06,0.11406022,-0.054060224
0.01,0.05598422,-0.045984223
0.01,0.009059532,0.00094046816
0.01,0.009855457,0.00014454313
0.01,0.013401285,-0.003401285
0.01,0.0,0.01
0.01,0.0023966264,0.0076033734
0.01,0.007236626,0.0027633738
0.01,0.005882643,0.0041173566
0.01,0.0,0.01
0.01,0.011783816,-0.0017838161
0.01,0.0011784639,0.008821536
0.01,0.007084856,0.002915144
0.01,0.010676609,-0.0006766096
0.04,0.005789118,0.034210883
0.02,0.03361446,-0.013614461
0.01,0.011377445,-0.0013774456
0.03,0.014302865,0.015697135
0.02,0.030687993,-0.010687994
0.04,0.016401086,0.023598913
0.07,0.037789486,0.032210514
0.08,0.07038271,0.009617291
0.12,0.07440048,0.04559952
0.24,0.12602368,0.113976315
0.36,0.24628493,0.11371508
0.52,0.37387556,0.14612442
0.51,0.52787256,-0.017872572
0.33,0.5133279,-0.18332788
0.24,0.31332695,-0.07332696
0.24,0.23160471,0.008395284
0.21,0.23612832,-0.026128322
0.2,0.19569571,0.00430429
0.23,0.20755854,0.022441462
0.2,0.23176573,-0.03176573
0.19,0.20367208,-0.013672084
0.2,0.19385798,0.00614202
0.14,0.20153858,-0.061538577
0.3,0.13412474,0.16587527
0.34,0.2963313,0.043668717
0.27,0.3309433,-0.060943276
0.3,0.25746807,0.042531937
0.28,0.29379377,-0.0137937665
0.41,0.2692615,0.14073849
0.86,0.4084161,0.45158392
0.93,0.8530463,0.07695371
0.93,0.92129564,0.008704364
0.94,0.91281223,0.027187765
0.93,0.89364356,0.03635645
0.91,0.87915194,0.030848086
0.97,0.8674021,0.10259795
0.98,0.92083466,0.05916536
0.97,0.91675794,0.053242087
0.98,0.9022448,0.07775521
0.97,0.931028,0.03897202
0.97,0.92421716,0.045782864
0.97,0.9222847,0.047715306
0.97,0.9134884,0.05651164
0.97,0.9145688,0.055431247
0.97,0.9062272,0.06377286
0.97,0.9123806,0.057619452
0.97,0.9049312,0.06506884
0.97,0.91681087,0.05318916
0.97,0.915179,0.054821014
0.97,0.91901654,0.05098349
0.96,0.91224587,0.04775411
0.97,0.904748,0.065252006
0.97,0.9159198,0.054080248
0.97,0.9151933,0.05480671
0.97,0.9114524,0.058547616
0.97,0.9133366,0.056663454
0.97,0.912621,0.057379007
0.97,0.91062725,0.059372783
0.97,0.91321456,0.056785464
0.97,0.9104507,0.05954933
0.97,0.91266376,0.05733627
0.97,0.9129339,0.057066143
0.97,0.9143494,0.05565065
0.97,0.91053057,0.05946946
0.96,0.9128112,0.04718876
0.96,0.89912254,0.060877442
0.97,0.90344036,0.06655967
0.97,0.91353446,0.056465566
0.97,0.9092373,0.060762703
0.96,0.9128645,0.047135472
0.97,0.9041198,0.06588024
0.95,0.91146094,0.038539052
0.97,0.8916475,0.07835251
0.97,0.9145167,0.05548334
0.97,0.9081156,0.061884403
0.97,0.91106915,0.058930874
0.97,0.9128542,0.057145834
0.97,0.91138816,0.05861187
0.97,0.9123438,0.05765623
0.97,0.91190684,0.05809319
0.97,0.91102743,0.058972597
0.97,0.9120772,0.05792284
0.97,0.9122333,0.057766736
0.97,0.9115834,0.058416605
0.97,0.91191906,0.05808097
0.97,0.9121469,0.057853103
0.97,0.9117794,0.058220625
0.93,0.911633,0.018366992
0.95,0.8733144,0.07668561
0.92,0.8960407,0.023959339
0.75,0.8631449,-0.113144875
0.76,0.6976986,0.062301397
0.69,0.72493726,-0.034937263
0.88,0.6419889,0.23801112
0.85,0.8407262,0.009273827
0.93,0.78940976,0.14059025
0.97,0.8779599,0.09204012
0.97,0.9104266,0.059573412
0.82,0.905115,-0.085115016
0.7,0.7642765,-0.06427652
0.74,0.65637594,0.083624065
0.54,0.698694,-0.15869397
0.65,0.4864944,0.16350558
0.85,0.6254784,0.22452164
0.76,0.8036508,-0.043650806
0.52,0.70936644,-0.18936646
0.92,0.48195398,0.43804604
0.98,0.90820867,0.07179135
0.97,0.91852367,0.05147636
0.82,0.9171058,-0.0971058
0.92,0.76594114,0.15405887
0.94,0.8803111,0.059688926
0.91,0.86750937,0.04249066
0.68,0.8546289,-0.17462891
0.88,0.6324551,0.24754488
0.92,0.8507552,0.0692448
0.83,0.85546446,-0.025464475
0.8,0.7780889,0.021911085
0.86,0.76949036,0.09050965
0.47,0.8055467,-0.3355467
0.66,0.41259366,0.24740636
0.35,0.6526431,-0.3026431
0.59,0.3205126,0.26948738
0.33,0.57256085,-0.24256083
0.32,0.31298935,0.0070106387
0.32,0.3290967,-0.009096712
0.46,0.3231809,0.1368191
0.56,0.44610402,0.11389598
0.56,0.57621205,-0.016212046
0.55,0.53993696,0.010063052
0.44,0.53421795,-0.094217956
0.47,0.3971828,0.07281721
0.47,0.4522667,0.017733306
0.29,0.427522,-0.13752201
0.34,0.27029637,0.06970364
0.33,0.3176316,0.012368411
0.49,0.33088303,0.15911698
0.66,0.4769253,0.18307471
0.59,0.64731276,-0.057312787
0.54,0.5458909,-0.005890906
0.64,0.53231543,0.10768455
0.59,0.5917636,-0.0017636418
0.46,0.54226756,-0.08226755
0.56,0.4140597,0.1459403
0.56,0.56120825,-0.0012082458
0.58,0.4946869,0.08531308
0.56,0.55248487,0.0075151324
0.85,0.53898525,0.31101477
0.87,0.8373234,0.032676578
0.71,0.8300496,-0.120049596
0.83,0.6521789,0.1778211
0.62,0.81112766,-0.19112766
0.53,0.5504952,-0.020495236
0.66,0.49049056,0.16950947
0.42,0.6291184,-0.2091184
0.47,0.37622386,0.09377614
0.48,0.4549005,0.025099486
0.36,0.44608998,-0.08608997
0.16,0.34328082,-0.18328083
0.08,0.15936662,-0.079366624
0.1,0.08313348,0.01686652
0.08,0.100714825,-0.020714827
0.17,0.08039079,0.08960921
0.31,0.16712943,0.14287058
0.38,0.31912646,0.06087354
0.26,0.38484743,-0.12484744
0.3,0.22917007,0.07082994
0.34,0.29871368,0.04128632
0.41,0.32494965,0.085050344
0.71,0.41015795,0.29984203
0.88,0.71040714,0.16959286
0.83,0.86468387,-0.034683883
0.63,0.7949759,-0.16497588
0.66,0.58936477,0.07063526
0.82,0.6522105,0.16778952
0.97,0.7743721,0.19562793
0.97,0.9165832,0.05341685
0.8,0.9149116,-0.114911616
0.72,0.7365819,-0.016581893
0.56,0.6819141,-0.12191409
0.47,0.5286695,-0.058669478
0.58,0.4430545,0.13694549
0.51,0.54860485,-0.038604856
0.79,0.44793215,0.34206787
0.97,0.78480846,0.18519157
0.96,0.9350227,0.024977267
0.98,0.92907107,0.05092895
0.98,0.92850447,0.051495552
0.98,0.92404073,0.055959284
0.97,0.91345835,0.05654168
0.97,0.91298056,0.057019472
0.97,0.9097285,0.0602715
0.95,0.89986444,0.050135553
0.96,0.9026016,0.05739838
0.86,0.9140589,-0.05405891
0.66,0.8113303,-0.15133029
0.53,0.6191073,-0.089107335
0.61,0.49717733,0.11282268
0.55,0.57972497,-0.029724956
0.56,0.5071271,0.052872896
0.5,0.52938503,-0.02938503
0.68,0.46627584,0.21372417
0.65,0.65705645,-0.0070564747
0.67,0.5967438,0.073256195
0.62,0.63137734,-0.011377335
0.72,0.5835407,0.13645935
0.7,0.6768894,0.023110569
0.67,0.6578148,0.012185216
0.56,0.6285078,-0.06850779
0.43,0.5210811,-0.09108108
0.36,0.39964214,-0.039642125
0.28,0.3300309,-0.050030887
0.23,0.26312298,-0.03312297
0.15,0.21285713,-0.06285712
0.11,0.1357331,-0.025733098
0.14,0.113490164,0.026509836
0.11,0.13749081,-0.02749081
0.09,0.1108564,-0.020856395
0.09,0.074763,0.015237004
0.09,0.08756301,0.0024369955
0.05,0.07101759,-0.021017592
0.01,0.044156715,-0.034156717
0.0,0.0013011638,-0.0013011638
0.01,0.0,0.01
0.01,0.005925689,0.004074311
0.01,0.005905579,0.004094421
0.01,0.014172936,-0.004172936
0.01,0.0,0.01
0.01,4.5657158e-05,0.009954343
0.01,0.0028907899,0.00710921
0.01,0.008582845,0.0014171544
0.01,0.0,0.01
0.01,0.0,0.01
0.01,0.0,0.01
0.01,0.0057305433,0.0042694565
0.01,0.007789051,0.0022109486
0.01,0.004946055,0.005053945
0.01,0.00019744411,0.009802556
0.01,0.008440634,0.0015593655
0.01,0.011978636,-0.0019786358
0.01,0.010439296,-0.00043929648
0.01,0.0,0.01
0.01,0.004087612,0.0059123877
0.01,0.011816837,-0.0018168371
0.0,0.006329907,-0.006329907
0.01,0.0087357145,0.0012642853
0.01,0.0,0.01
0.01,0.012413148,-0.002413148
0.01,0.002032701,0.007967299
0.01,0.009634465,0.0003655348
0.01,0.0026519652,0.0073480345
0.01,0.008816158,0.0011838414
0.02,0.008704243,0.011295756
0.05,0.022066124,0.027933877
0.03,0.042491563,-0.012491563
0.02,0.022994837,-0.0029948372
0.02,0.024124924,-0.0041249245
0.01,0.019897856,-0.009897856
0.01,0.008603135,0.0013968647
0.01,0.012946771,-0.0029467717
0.01,0.010222154,-0.00022215396
0.01,0.010449026,-0.000449026
0.01,0.0037840623,0.0062159374
0.01,0.010338157,-0.00033815764
0.01,0.003950257,0.006049743
0.01,0.008006386,0.0019936133
0.01,0.011439256,-0.0014392566
0.01,0.009502877,0.0004971232
0.05,0.005165534,0.044834465
0.08,0.047302157,0.03269784
0.04,0.07605772,-0.036057718
0.08,0.038675874,0.041324124
0.09,0.086199984,0.0038000196
0.03,0.0987913,-0.0687913
0.06,0.02556069,0.03443931
0.03,0.065556176,-0.035556175
0.04,0.023691954,0.016308045
0.05,0.043302055,0.0066979453
0.07,0.046735175,0.023264825
0.1,0.081613325,0.018386677
0.11,0.09635271,0.013647288
0.08,0.11935143,-0.039351434
0.06,0.07711896,-0.017118964
0.08,0.06803814,0.011961855
0.06,0.07815106,-0.018151063
0.09,0.056025222,0.03397478
0.22,0.09702422,0.12297578
0.4,0.22849888,0.17150113
0.42,0.42138904,-0.0013890564
0.38,0.42506814,-0.045068145
0.41,0.3787908,0.0312092
0.38,0.40112397,-0.021123976
0.28,0.3654613,-0.08546129
0.23,0.27071124,-0.04071124
0.2,0.23012908,-0.030129075
0.12,0.19555798,-0.075557984
0.15,0.1202362,0.029763803
0.16,0.15787044,0.0021295547
0.15,0.16777104,-0.017771035
0.17,0.14548413,0.024515867
0.15,0.1684348,-0.018434793
0.15,0.1477183,0.0022817105
0.14,0.1517455,-0.011745498
0.1,0.13480482,-0.034804814
0.1,0.093452305,0.006547697
0.11,0.10089378,0.009106219
0.11,0.10909566,0.0009043366
0.1,0.10633378,-0.006333776
0.12,0.10833131,0.01166869
0.14,0.13333702,0.0066629797
0.14,0.14889273,-0.00889273
0.19,0.15072837,0.039271623
0.22,0.20004492,0.019955084
0.31,0.2124377,0.0975623
0.23,0.3002185,-0.07021849
0.21,0.22188689,-0.011886895
0.22,0.21277712,0.007222876
0.19,0.21704361,-0.02704361
0.11,0.18445048,-0.07445048
0.15,0.098512225,0.05148778
0.11,0.17243879,-0.062438786
0.07,0.096544415,-0.026544414
0.04,0.06229446,-0.022294462
0.04,0.045612305,-0.0056123063
0.07,0.043677635,0.026322365
0.04,0.061139673,-0.021139674
0.01,0.03226363,-0.02226363
0.04,0.008358694,0.031641304
0.02,0.03897042,-0.018970419
0.03,0.008293213,0.021706786
0.1,0.02923748,0.07076252
0.1,0.10628176,-0.006281756
0.08,0.08608956,-0.0060895607
0.04,0.07845942,-0.03845942
0.1,0.03981345,0.06018655
0.06,0.113408305,-0.053408306
0.08,0.051309034,0.028690964
0.08,0.08954626,-0.009546265
0.07,0.07905726,-0.009057261
0.06,0.072042,-0.012042005
0.13,0.054076,0.075923994
0.05,0.14312726,-0.093127266
0.07,0.037944034,0.032055967
0.04,0.077224486,-0.037224486
0.03,0.033893384,-0.0038933847
0.02,0.036554366,-0.016554367
0.01,0.018456021,-0.008456022
0.01,0.012553196,-0.0025531966
0.0,0.004474925,-0.004474925
0.01,0.0,0.01
0.01,0.013883971,-0.003883971
0.01,0.0038363356,0.006163664
0.01,0.0058451463,0.0041548535
0.01,0.0,0.01
0.01,0.011615038,-0.0016150381
0.01,0.0,0.01
0.01,0.00554585,0.00445415
0.04,0.011331612,0.028668387
0.09,0.038623497,0.051376507
0.07,0.09020237,-0.020202368
0.09,0.06943501,0.020564996
0.13,0.09658831,0.03341168
0.18,0.1315982,0.048401803
0.25,0.1863041,0.06369589
0.3,0.25741258,0.04258743
0.48,0.30219686,0.17780313
0.75,0.48220038,0.26779962
0.98,0.74980044,0.23019958
0.98,0.9783583,0.0016416907
0.98,0.9511876,0.028812408
0.97,0.93164444,0.03835559
0.93,0.9253566,0.0046433806
0.77,0.87751865,-0.10751867
0.64,0.7324358,-0.09243584
0.39,0.6048131,-0.21481311
0.49,0.3569104,0.1330896
0.52,0.48143154,0.038568437
0.46,0.49793875,-0.037938744
0.31,0.43676573,-0.12676573
0.35,0.28504837,0.06495163
0.47,0.3485188,0.12148121
0.41,0.4418516,-0.03185159
0.31,0.37695372,-0.06695372
0.28,0.29276252,-0.012762517
0.34,0.27575713,0.06424287
0.31,0.31628668,-0.0062866807
0.22,0.28437817,-0.06437817
0.23,0.21676846,0.013231546
0.19,0.22569028,-0.035690278
0.18,0.1848984,-0.004898399
0.12,0.17071185,-0.050711848
0.08,0.138251,-0.05825101
0.03,0.076908134,-0.046908133
0.08,0.022210663,0.057789333
0.11,0.08268833,0.027311668
0.15,0.11155721,0.038442798
0.17,0.1370335,0.032966495
0.12,0.15881412,-0.03881412
0.1,0.12040765,-0.020407647
0.12,0.111639954,0.008360043
0.13,0.12563474,0.0043652505
0.14,0.1225842,0.0174158
0.13,0.13203159,-0.0020315945
0.12,0.1274793,-0.0074793026
0.14,0.13325627,0.006743729
0.13,0.14019202,-0.010192022
0.13,0.12496768,0.005032316
0.14,0.13227457,0.0077254325
0.11,0.1472856,-0.037285596
0.11,0.11608172,-0.0060817227
0.11,0.10647382,0.003526181
0.1,0.09956275,0.00043725222
0.02,0.09882266,-0.07882266
0.01,0.02499133,-0.01499133
0.01,0.011209498,-0.0012094984
0.01,0.0,0.01
0.01,0.0070762495,0.0029237503
0.01,0.015727878,-0.005727878
0.01,0.011423526,-0.0014235266
0.01,0.0,0.01
0.01,0.0015355442,0.008464456
0.01,0.009554058,0.00044594146
0.01,0.008163067,0.0018369332
0.01,0.004945183,0.0050548166
0.01,0.010847492,-0.00084749237
0.01,0.004612088,0.0053879116
0.01,0.008413344,0.0015866561
0.0,0.010743668,-0.010743668
0.01,0.0013513528,0.008648647
0.01,0.004052628,0.005947372
0.03,0.0011700355,0.028829964
0.05,0.030304106,0.019695895
0.05,0.04115645,0.008843552
0.05,0.04876963,0.0012303703
0.05,0.046845026,0.0031549744
0.06,0.057564124,0.0024358742
0.07,0.056722477,0.013277523
0.08,0.07372369,0.0062763095
0.11,0.079819255,0.030180745
0.11,0.117136836,-0.0071368366
0.1,0.11054999,-0.010549985
0.12,0.105131865,0.014868133
0.18,0.12409364,0.05590637
0.29,0.18901286,0.10098714
0.55,0.2956065,0.25439352
0.58,0.5590477,0.020952284
0.48,0.5835719,-0.10357192
0.5,0.4619126,0.038087398
0.53,0.49646974,0.033530235
0.38,0.50980365,-0.12980366
0.31,0.35694468,-0.046944678
0.26,0.3045393,-0.044539303
0.21,0.2501304,-0.04013039
0.24,0.20407565,0.035924345
0.25,0.23590647,0.014093533
0.19,0.252714,-0.06271401
0.21,0.17963634,0.03036365
0.27,0.20377122,0.06622879
0.31,0.26081365,0.04918635
0.34,0.2987896,0.041210413
0.27,0.3275959,-0.05759588
0.23,0.24291958,-0.012919575
0.22,0.23108993,-0.011089936
0.16,0.21162857,-0.051628575
0.15,0.15136018,-0.001360178
0.19,0.15070073,0.039299265
0.16,0.20094115,-0.04094115
0.13,0.16310118,-0.033101186
0.1,0.14360945,-0.043609448
0.12,0.105315045,0.014684953
0.25,0.118810944,0.13118905
0.36,0.24346104,0.11653897
0.58,0.3668667,0.21313328
0.83,0.57907057,0.25092942
0.67,0.8015368,-0.13153678
0.72,0.642236,0.077764034
0.6,0.70644945,-0.106449425
0.76,0.5720718,0.1879282
0.85,0.73515815,0.11484188
0.93,0.8095434,0.120456636
0.84,0.87586117,-0.035861194
0.84,0.7924692,0.04753077
0.74,0.8004729,-0.060472906
0.72,0.69724864,0.022751391
0.47,0.6896825,-0.21968248
0.53,0.43023962,0.09976035
0.56,0.5124776,0.047522426
0.51,0.5184337,-0.0084337
0.5,0.4768349,0.023165107
0.47,0.47946286,-0.009462863
0.42,0.44563103,-0.02563104
0.5,0.40050963,0.099490374
0.52,0.46898007,0.051019907
0.56,0.49343425,0.06656575
0.55,0.5229648,0.027035236
0.52,0.51980305,0.00019693375
0.4,0.48279643,-0.082796425
0.56,0.38425332,0.17574668
0.56,0.529781,0.030219018
0.5,0.5331522,-0.033152223
0.53,0.46055627,0.0694437
0.51,0.51361185,-0.0036118627
0.57,0.47974488,0.09025511
0.57,0.5469335,0.02306652
0.5,0.535877,-0.03587699
0.49,0.46913987,0.020860136
0.47,0.45936248,0.010637522
0.43,0.43240538,-0.0024053752
0.45,0.38667613,0.063323855
0.41,0.430581,-0.020581007
0.4,0.38349652,0.016503483
0.32,0.3812245,-0.06122452
0.33,0.29852238,0.03147763
0.33,0.31346837,0.016531646
0.22,0.301796,-0.08179599
0.1,0.20712371,-0.10712371
0.09,0.08937634,0.00062366575
0.08,0.09022581,-0.01022581
0.08,0.06452301,0.015476987
0.07,0.084129155,-0.014129154
0.15,0.06272174,0.08727827
0.26,0.16049375,0.099506244
0.31,0.26094693,0.049053073
0.43,0.3104835,0.11951652
0.39,0.439818,-0.04981801
0.23,0.36056897,-0.13056897
0.14,0.22143693,-0.08143693
0.1,0.13798504,-0.037985034
0.1,0.09521882,0.004781179
0.13,0.08935721,0.040642783
0.14,0.12501933,0.014980674
0.1,0.14701846,-0.04701846
0.15,0.10737823,0.042621776
0.17,0.14579251,0.024207488
0.19,0.1734628,0.016537204
0.25,0.1890365,0.060963497
0.32,0.23615162,0.08384837
0.34,0.307167,0.03283301
0.28,0.32734096,-0.04734096
0.21,0.26754677,-0.05754678
0.28,0.20703332,0.07296668
0.18,0.28787494,-0.10787493
0.1,0.17004333,-0.07004333
0.06,0.09974198,-0.03974198
0.02,0.061858393,-0.041858394
0.01,0.026868168,-0.016868168
0.07,0.017844917,0.052155085
0.11,0.07712396,0.032876037
0.09,0.10442873,-0.014428727
0.04,0.077066116,-0.037066117
0.03,0.03188256,-0.0018825624
0.05,0.03776878,0.01223122
0.11,0.040999882,0.06900012
0.1,0.11425649,-0.014256485
0.05,0.09794981,-0.04794981
0.02,0.045233093,-0.025233094
0.01,0.022924151,-0.0129241515
0.01,0.019672029,-0.009672029
0.01,0.012000665,-0.0020006653
0.01,0.005371811,0.004628189
0.01,0.004311405,0.0056885947
0.07,0.01299843,0.05700157
0.19,0.070612326,0.11938767
0.16,0.1920989,-0.032098904
0.18,0.16041741,0.0195826
0.25,0.18259822,0.06740178
0.24,0.24950235,-0.009502351
0.14,0.23655751,-0.09655751
0.1,0.13736615,-0.037366144
0.1,0.11672047,-0.016720466
0.14,0.10792406,0.03207594
0.19,0.14093165,0.049068347
0.23,0.19454336,0.035456643
0.19,0.23264201,-0.042642012
0.2,0.1873712,0.012628809
0.17,0.20037998,-0.03037998
0.18,0.17192824,0.008071765
0.17,0.18412553,-0.014125526
0.23,0.16561528,0.06438473
0.18,0.22418085,-0.04418084
0.19,0.18192989,0.008070111
0.12,0.19780546,-0.07780547
0.12,0.11881524,0.0011847541
0.13,0.1274565,0.002543494
0.2,0.1354668,0.064533204
0.26,0.19767512,0.062324867
0.27,0.2687264,0.0012736022
0.22,0.26301455,-0.043014556
0.18,0.21573824,-0.03573823
0.16,0.18249527,-0.02249527
0.19,0.16206874,0.027931258
0.22,0.18087463,0.039125368
0.17,0.22111915,-0.05111915
0.23,0.16371097,0.06628904
0.24,0.24907096,-0.009070963
0.19,0.23308878,-0.04308878
0.15,0.19186623,-0.041866228
0.18,0.14183123,0.038168773
0.3,0.18454047,0.11545955
0.27,0.29990202,-0.029902011
0.34,0.25707304,0.08292696
0.34,0.33221322,0.0077867806
0.36,0.3313204,0.02867961
0.52,0.34952185,0.17047814
0.65,0.5130182,0.13698179
0.57,0.6446581,-0.074658096
0.57,0.53531694,0.03468305
0.58,0.54602784,0.033972144
0.6,0.54889005,0.05110997
0.27,0.5744734,-0.30447337
0.2,0.24335362,-0.043353617
0.13,0.21029268,-0.08029269
0.07,0.12728176,-0.057281755
0.06,0.07323253,-0.013232533
0.08,0.059724763,0.020275235
0.12,0.094267696,0.025732301
0.14,0.13688828,0.00311172
0.08,0.13084675,-0.050846756
0.06,0.078594565,-0.018594567
0.16,0.066159576,0.09384042
0.26,0.15639034,0.10360965
0.32,0.2546368,0.0653632
0.41,0.34860057,0.06139943
0.36,0.39674497,-0.036744952
0.36,0.35225308,0.007746935
0.37,0.34731865,0.022681355
0.45,0.3782553,0.07174468
0.39,0.4452793,-0.055279315
0.36,0.37807137,-0.018071353
0.35,0.34218484,0.007815152
0.41,0.3440048,0.06599519
0.41,0.39333737,0.016662627
0.55,0.39653802,0.153462
0.65,0.5206319,0.12936807
0.69,0.6261685,0.06383151
0.62,0.65559614,-0.035596132
0.55,0.5810441,-0.031044066
0.62,0.5276562,0.09234381
0.52,0.5878087,-0.06780875
0.52,0.47660875,0.043391228
0.51,0.498017,0.011982977
0.62,0.48513514,0.13486487
0.57,0.5865668,-0.016566813
0.55,0.5246167,0.025383294
0.54,0.5446673,-0.004667282
0.49,0.51447123,-0.024471223
0.48,0.45318532,0.02681467
0.44,0.4436244,-0.0036244094
0.45,0.41733718,0.03266281
0.43,0.41537648,0.014623523
0.41,0.3968112,0.013188809
0.39,0.38438648,0.005613506
0.36,0.37179282,-0.011792809
0.36,0.33759177,0.022408247
0.3,0.34035933,-0.04035932
0.29,0.28263214,0.0073678493
0.1,0.2769276,-0.1769276
0.07,0.087076195,-0.017076194
0.1,0.0739401,0.026059903
0.04,0.1014902,-0.0614902
0.11,0.027341342,0.082658656
0.07,0.10450723,-0.03450723
0.11,0.06773944,0.042260557
0.2,0.13599074,0.064009264
0.24,0.18957616,0.05042383
0.08,0.24599124,-0.16599125
0.09,0.064327195,0.025672808
0.1,0.09655438,0.0034456179
0.06,0.07704704,-0.017047044
0.05,0.05095256,-0.00095256045
0.06,0.051751293,0.008248705
0.1,0.06694355,0.033056453
0.21,0.10672848,0.103271514
0.17,0.21969031,-0.049690306
0.14,0.18270327,-0.04270327
0.11,0.14876957,-0.038769573
0.11,0.09584238,0.014157623
0.11,0.107610054,0.002389945
0.26,0.10575303,0.15424696
0.33,0.2592528,0.07074723
0.54,0.33494672,0.2050533
0.52,0.54997194,-0.029971957
0.32,0.5197707,-0.19977069
0.57,0.30052787,0.26947212
0.66,0.585922,0.07407802
0.64,0.61588454,0.024115443
0.35,0.6299256,-0.2799256
0.15,0.32714638,-0.17714638
0.41,0.15216894,0.25783104
0.36,0.39749905,-0.03749904
0.38,0.3384958,0.041504204
0.26,0.37809733,-0.118097335
0.12,0.2698565,-0.14985651
0.08,0.101758204,-0.021758206
0.12,0.077399276,0.04260072
0.21,0.13477755,0.07522245
0.14,0.20201488,-0.062014878
0.21,0.1276833,0.0823167
0.43,0.23375872,0.19624129
0.37,0.42947382,-0.059473813
0.36,0.36141402,-0.001414001
0.41,0.36478537,0.045214623
0.34,0.4159104,-0.07591039
0.24,0.31471884,-0.07471885
0.33,0.23592307,0.09407695
0.23,0.32843992,-0.09843992
0.35,0.21158363,0.13841636
0.59,0.3651384,0.22486156
0.57,0.5928622,-0.022862196
0.31,0.5636255,-0.2536255
0.42,0.2850173,0.13498268
0.9,0.403969,0.496031
0.98,0.9126351,0.06736493
0.98,0.9426038,0.037396193
0.98,0.94297814,0.037021875
0.98,0.91114306,0.068856955
0.98,0.9105614,0.06943864
0.98,0.93424,0.045760036
0.98,0.9363156,0.043684423
0.97,0.9198895,0.05011052
0.97,0.90047425,0.06952578
0.97,0.92275596,0.047244072
0.97,0.9360515,0.03394854
0.97,0.9067069,0.0632931
0.97,0.91302145,0.056978583
0.97,0.9094107,0.060589314
0.97,0.9110792,0.0589208
0.97,0.9116467,0.058353305
0.97,0.91278416,0.05721587
0.97,0.9137564,0.056243658
0.98,0.9081367,0.07186329
0.97,0.931378,0.03862202
0.97,0.9150021,0.05499792
0.97,0.91172504,0.058274984
0.97,0.9087366,0.061263442
0.97,0.91657054,0.053429484
0.97,0.91361314,0.056386888
0.97,0.9173565,0.052643538
0.97,0.91342854,0.056571484
0.97,0.9130432,0.056956828
0.97,0.9106288,0.059371233
0.97,0.9099858,0.060014248
0.97,0.9145142,0.055485845
0.97,0.9078455,0.06215453
0.97,0.91670316,0.053296864
0.97,0.9119462,0.05805385
0.97,0.9069341,0.063065946
0.98,0.91235316,0.06764686
0.97,0.92361397,0.046386063
0.97,0.9103709,0.059629142
0.98,0.9120026,0.067997396
0.97,0.92208886,0.047911167
0.97,0.9110719,0.058928132
0.97,0.9119354,0.05806464
0.98,0.9139211,0.0660789
0.97,0.9200099,0.049990118
0.97,0.91115105,0.058848977
0.97,0.9117272,0.05827284
0.97,0.91169596,0.05830407
0.96,0.9135115,0.046488464
0.94,0.9024831,0.037516892
0.97,0.88263804,0.08736199
0.97,0.9138521,0.056147933
0.93,0.91079116,0.019208848
0.97,0.87181616,0.09818387
0.97,0.91787374,0.05212629
0.97,0.9089122,0.061087847
0.97,0.91051376,0.05948627
0.97,0.9136222,0.056377828
0.97,0.9104939,0.05950612
0.97,0.9120476,0.057952404
0.97,0.91157484,0.058425188
0.97,0.91265845,0.057341576
0.97,0.91183907,0.05816096
0.97,0.91080505,0.059194982
0.97,0.91268444,0.057315588
0.97,0.9118539,0.05814612
0.97,0.91194016,0.05805987
0.97,0.9124149,0.05758512
0.97,0.911057,0.058943033
0.97,0.9129721,0.057027936
0.97,0.9113342,0.058665812
0.97,0.9122919,0.057708144
0.97,0.9115428,0.058457255
0.96,0.9118761,0.048123896
0.97,0.901757,0.06824303
0.97,0.9135531,0.05644691
0.97,0.9112797,0.05872035
0.97,0.911963,0.058037043
0.97,0.91205025,0.05794978
0.95,0.9119578,0.038042188
0.92,0.8924504,0.027549624
0.9,0.8646178,0.03538215
0.96,0.84761685,0.11238313
0.93,0.9071499,0.022850096
0.9,0.86879444,0.031205535
0.72,0.8462777,-0.12627769
0.8,0.6698039,0.1301961
0.89,0.7659057,0.12409431
0.95,0.838291,0.111709
0.91,0.88738817,0.022611856
0.79,0.8507357,-0.060735703
0.75,0.7367241,0.013275921
0.64,0.708718,-0.068718016
0.46,0.59423673,-0.13423672
0.15,0.41946346,-0.26946345
0.17,0.1302335,0.039766505
0.2,0.17796688,0.022033125
0.2,0.18940298,0.01059702
0.22,0.19487758,0.025122419
0.21,0.21605028,-0.0060502887
0.13,0.21970285,-0.08970286
0.06,0.10897283,-0.048972834
0.11,0.055059075,0.054940924
0.21,0.10667464,0.10332535
0.2,0.21341264,-0.0134126395
0.25,0.19950832,0.050491676
0.22,0.2579658,-0.037965804
0.4,0.20985177,0.19014823
0.26,0.3949979,-0.1349979
0.25,0.24949875,0.00050124526
0.26,0.2623131,-0.0023131073
0.22,0.26701212,-0.04701212
0.19,0.20938519,-0.019385189
0.23,0.18250369,0.04749632
0.21,0.23656853,-0.026568532
0.22,0.19945374,0.020546257
0.2,0.2092836,-0.009283602
0.19,0.19484857,-0.0048485696
0.08,0.18041047,-0.10041048
0.07,0.06728574,0.0027142614
0.04,0.08397043,-0.04397043
0.04,0.03674463,0.0032553673
0.02,0.034867994,-0.014867995
0.04,0.0027135834,0.037286416
0.01,0.046138845,-0.036138847
0.01,0.013982499,-0.0039824992
0.01,0.016770735,-0.0067707356
0.01,0.013179233,-0.0031792335
0.01,0.013040741,-0.0030407412
0.01,0.0037486646,0.006251335
0.01,0.019074325,-0.009074325
0.01,0.0024756975,0.007524302
0.01,0.0075386595,0.0024613403
0.01,0.0073960014,0.0026039984
0.01,0.010754483,-0.00075448304
0.01,0.0022062417,0.007793758
0.01,0.016909186,-0.006909186
0.01,0.006610032,0.0033899676
0.01,0.009736283,0.00026371703
0.01,0.012027508,-0.0020275079
0.01,0.016166154,-0.0061661545
0.01,0.0020388607,0.007961139
0.0,0.00477829,-0.00477829
0.01,0.0,0.01
0.01,0.020176351,-0.010176351
0.01,0.0060691815,0.0039308183
0.01,0.009741226,0.00025877357
0.01,0.0074196514,0.0025803484
0.01,0.0062820194,0.0037179803
0.01,0.0047872607,0.005212739
0.01,0.011383121,-0.0013831211
0.01,0.012226541,-0.0022265408
0.01,0.0,0.01
0.01,0.009036679,0.00096332096
0.01,0.004512593,0.0054874066
0.01,0.01165035,-0.0016503502
0.01,0.01274199,-0.0027419906
0.01,0.01652188,-0.0065218806
0.01,0.0071007097,0.00289929
0.0,0.013834394,-0.013834394
0.01,0.0,0.01
0.0,0.009543467,-0.009543467
0.01,0.0,0.01
0.0,0.016793068,-0.016793068
0.01,0.0,0.01
0.01,0.013476688,-0.0034766886
0.01,0.0073521417,0.002647858
0.01,0.011060979,-0.0010609794
0.01,0.005450461,0.0045495387
0.01,0.010618525,-0.00061852485
0.01,0.0,0.01
0.01,0.0181692,-0.0081692
0.01,0.0077152904,0.0022847094
0.01,0.0118118655,-0.0018118657
0.01,0.006830275,0.0031697247
0.01,0.009862996,0.00013700407
0.01,0.0040615313,0.0059384685
0.01,0.0068654204,0.0031345794
0.01,0.009743128,0.0002568718
0.01,0.012556652,-0.0025566518
0.01,0.010454785,-0.0004547853
0.01,0.005744853,0.0042551467
0.01,0.0070065428,0.002993457
0.01,0.011336684,-0.0013366845
0.01,0.0019403603,0.0080596395
0.01,0.012863236,-0.0028632358
0.01,0.005595263,0.0044047367
0.01,0.014923099,-0.0049230997
0.01,0.004475262,0.0055247378
0.01,0.009688594,0.0003114054
0.01,0.0047158357,0.005284164
0.01,0.0078044944,0.0021955054
0.01,0.007254502,0.002745498
0.01,0.008670404,0.0013295962
0.01,0.009026934,0.0009730654
0.01,0.0123692965,-0.0023692967
0.01,0.007179672,0.0028203279
0.01,0.0052882563,0.0047117434
0.01,0.0036151744,0.0063848253
0.01,0.010464557,-0.00046455767
0.01,0.007957969,0.002042031
0.01,0.005766293,0.0042337067
0.01,0.012547094,-0.0025470946
0.01,0.0061022285,0.0038977712
0.01,0.007338386,0.0026616137
0.01,0.0037066098,0.00629339
0.01,0.008773833,0.0012261672
0.01,0.0061329296,0.0038670702
0.01,0.011143053,-0.0011430532
0.01,0.0057344437,0.004265556
0.04,0.009175418,0.030824581
0.03,0.03548606,-0.005486062
0.01,0.024077976,-0.014077976
0.01,0.0023201928,0.007679807
0.01,0.0092404615,0.00075953826
0.01,0.004220195,0.0057798047
0.01,0.012408765,-0.0024087653
0.01,0.007547764,0.0024522357
0.01,0.0076713366,0.0023286631
0.0,0.0031266753,-0.0031266753
0.01,0.0,0.01
0.0,0.009019628,-0.009019628
0.01,0.0,0.01
0.01,0.011228498,-0.0012284983
0.0,0.0038023274,-0.0038023274
0.01,0.0,0.01
0.01,0.0066290814,0.0033709183
0.02,0.0062182695,0.01378173
0.05,0.015306348,0.03469365
0.04,0.045626506,-0.005626507
0.03,0.03507164,-0.005071642
0.03,0.027608978,0.0023910217
0.02,0.026131473,-0.006131474
0.01,0.012215162,-0.002215162
0.04,0.0019121263,0.038087875
0.03,0.0379908,-0.007990802
0.01,0.021176642,-0.011176642
0.01,0.005671855,0.0043281447
0.01,0.010789112,-0.0007891124
0.01,0.008345384,0.0016546156
0.01,0.0069495346,0.0030504651
0.02,0.0069369636,0.013063036
0.02,0.014697488,0.005302511
0.02,0.011651016,0.008348984
0.02,0.016356602,0.0036433972
0.02,0.014948254,0.005051745
0.01,0.016355608,-0.006355608
0.02,0.003752062,0.016247937
0.01,0.015793884,-0.0057938844
0.01,0.0072695725,0.0027304273
0.01,0.007584123,0.0024158768
0.0,0.0070418213,-0.0070418213
0.01,0.0015167817,0.008483218
0.0,0.0055726655,-0.0055726655
0.01,0.0,0.01
0.0,0.008591217,-0.008591217
0.01,0.0,0.01
0.02,0.01000775,0.009992249
0.03,0.013027661,0.016972339
0.04,0.026622279,0.0133777205
0.03,0.032697126,-0.002697127
0.01,0.026893733,-0.016893733
0.01,0.0067879558,0.003212044
0.01,0.007114522,0.0028854776
0.02,0.007395586,0.012604414
0.06,0.016768523,0.043231476
0.07,0.057969756,0.012030244
0.13,0.068100035,0.06189996
0.08,0.13859433,-0.05859433
0.08,0.07937942,0.0006205812
0.1,0.08909426,0.010905743
0.13,0.10470217,0.025297828
0.13,0.13900328,-0.009003282
0.13,0.12769383,0.0023061633
0.1,0.14293748,-0.04293748
0.13,0.0995312,0.030468792
0.14,0.14483598,-0.004835978
0.18,0.14471674,0.035283267
0.17,0.18959229,-0.019592285
0.25,0.17266117,0.07733883
0.16,0.2538837,-0.09388369
0.15,0.15926267,-0.009262666
0.26,0.16107988,0.09892011
0.22,0.2682841,-0.048284113
0.13,0.20853136,-0.07853137
0.2,0.12707399,0.072926015
0.29,0.21266593,0.07733406
0.25,0.2963695,-0.046369493
0.33,0.2351676,0.09483242
0.45,0.34248045,0.10751954
0.31,0.44082996,-0.13082996
0.33,0.2882628,0.0417372
0.34,0.3228059,0.017194092
0.33,0.33565915,-0.005659133
0.46,0.31086498,0.14913502
0.74,0.45187563,0.28812438
0.86,0.74481815,0.11518186
0.85,0.85180795,-0.0018079281
0.93,0.8022436,0.12775642
0.77,0.89292425,-0.12292427
0.55,0.7176502,-0.16765016
0.52,0.5171667,0.0028333068
0.57,0.49466345,0.075336546
0.55,0.54051733,0.009482682
0.89,0.5065455,0.3834545
0.98,0.87205094,0.10794908
0.9,0.94841206,-0.048412085
0.65,0.8579035,-0.2079035
0.84,0.6109787,0.22902125
0.84,0.80954003,0.03045994
0.53,0.7814363,-0.25143635
0.36,0.4743688,-0.1143688
0.85,0.3328672,0.5171328
0.98,0.8435859,0.13641411
0.84,0.9460527,-0.1060527
0.81,0.79932535,0.010674655
0.98,0.78753364,0.19246638
0.9,0.91891444,-0.018914461
0.77,0.8329495,-0.06294954
0.68,0.7277695,-0.047769487
0.77,0.6512759,0.11872411
0.76,0.7140199,0.045980096
0.67,0.7085158,-0.038515806
0.71,0.63118446,0.07881552
0.65,0.6804384,-0.030438423
0.77,0.596442,0.173558
0.39,0.750849,-0.36084902
0.42,0.34773168,0.07226831
0.25,0.42766476,-0.17766476
0.41,0.2111385,0.1988615
0.51,0.4124297,0.0975703
0.75,0.48079264,0.26920736
0.83,0.7365856,0.093414366
0.75,0.8016177,-0.051617682
0.65,0.7044101,-0.0544101
0.93,0.6139339,0.3160661
0.94,0.90103817,0.038961828
0.94,0.87947965,0.06052035
0.97,0.878839,0.09116101
0.98,0.9188016,0.061198413
0.98,0.8987078,0.08129221
0.97,0.9350286,0.034971416
0.97,0.91108924,0.058910787
0.97,0.9246896,0.045310438
0.97,0.8955749,0.0744251
0.97,0.92723674,0.042763293
0.97,0.9072859,0.0627141
0.97,0.9165878,0.0534122
0.97,0.8930243,0.0769757
0.97,0.92809886,0.04190117
0.97,0.9036473,0.066352725
0.97,0.9136174,0.056382656
0.97,0.90583265,0.06416738
0.97,0.92172384,0.048276186
0.97,0.9137198,0.056280255
0.97,0.91213953,0.057860494
0.97,0.91703117,0.05296886
0.97,0.91174275,0.05825728
0.97,0.91190946,0.058090568
0.97,0.90835845,0.061641574
0.97,0.9150421,0.054957926
0.97,0.91140944,0.05859059
0.97,0.9172027,0.052797318
0.97,0.90891373,0.061086297
0.97,0.9152204,0.05477965
0.97,0.9103937,0.059606314
0.97,0.91265297,0.05734706
0.97,0.90859723,0.061402798
0.97,0.9146522,0.0553478
0.97,0.9114417,0.058558345
0.94,0.91209006,0.027909935
0.94,0.88160455,0.058395445
0.92,0.887146,0.03285402
0.7,0.8654761,-0.16547608
0.56,0.64644694,-0.08644694
0.63,0.5284473,0.101552725
0.58,0.6006772,-0.020677209
0.75,0.5322043,0.21779573
0.83,0.7170903,0.112909675
0.98,0.77684975,0.20315027
0.97,0.9477131,0.022286952
0.97,0.90387,0.06613004
0.97,0.91020215,0.059797883
0.97,0.9105904,0.05940962
0.97,0.90476537,0.06523466
0.97,0.9071547,0.06284535
0.97,0.90883833,0.061161697
0.97,0.90929276,0.06070727
0.97,0.9124171,0.057582915
0.97,0.9196782,0.050321817
0.97,0.9152841,0.05471593
0.95,0.91702145,0.032978535
0.97,0.8877083,0.08229172
0.96,0.9165772,0.04342276
0.96,0.8961084,0.06389159
0.97,0.90364206,0.06635797
0.97,0.90935504,0.060644984
0.96,0.9110956,0.04890436
0.96,0.89836776,0.061632216
0.93,0.90647084,0.023529172
0.92,0.87173074,0.04826927
0.97,0.87083817,0.09916186
0.97,0.91582084,0.05417919
0.97,0.9106942,0.059305847
0.92,0.9130461,0.006953895
0.97,0.86188924,0.108110785
0.97,0.9172524,0.052747607
0.97,0.90654707,0.06345296
0.97,0.91281176,0.057188272
0.82,0.9121301,-0.092130125
0.26,0.7630575,-0.5030575
0.45,0.22221527,0.22778472
0.28,0.46600357,-0.18600357
0.23,0.25154942,-0.021549419
0.42,0.22023974,0.19976024
0.37,0.41993803,-0.049938023
0.36,0.36394098,-0.0039409697
0.36,0.35738504,0.002614975
0.43,0.350153,0.07984701
0.46,0.41534936,0.044650644
0.49,0.43217158,0.057828426
0.56,0.45928544,0.100714564
0.62,0.5228032,0.09719682
0.53,0.5930806,-0.06308061
0.38,0.47321415,-0.093214154
0.39,0.36726934,0.022730649
0.52,0.37555277,0.14444721
0.58,0.5064749,0.07352507
0.45,0.55355215,-0.10355216
0.54,0.42646858,0.11353144
0.57,0.52861524,0.041384757
0.67,0.53089166,0.13910836
0.56,0.62606263,-0.06606263
0.7,0.5341373,0.16586268
0.63,0.6549839,-0.024983883
0.76,0.57665014,0.18334985
0.54,0.7244481,-0.18444806
0.57,0.49328178,0.07671821
0.42,0.57466316,-0.15466318
0.36,0.37521955,-0.015219539
0.42,0.35588318,0.064116806
0.49,0.40078652,0.08921349
0.45,0.4617638,-0.011763811
0.54,0.42479992,0.1152001
0.71,0.5226939,0.1873061
0.42,0.7064154,-0.28641543
0.47,0.3628287,0.1071713
0.38,0.46212652,-0.08212653
0.5,0.33917475,0.16082525
0.61,0.4962693,0.11373073
0.51,0.5603728,-0.05037284
0.4,0.490291,-0.09029099
0.3,0.36824495,-0.068244934
0.29,0.29470363,-0.004703641
0.35,0.2584058,0.09159419
0.46,0.36500862,0.094991386
0.5,0.4296492,0.070350796
0.54,0.48359025,0.056409776
0.68,0.51277,0.16723001
0.71,0.6541049,0.05589509
0.55,0.6744443,-0.124444306
0.6,0.49527818,0.104721844
0.58,0.5860661,-0.0060661435
0.5,0.5287198,-0.028719783
0.43,0.47094333,-0.040943325
0.44,0.3961549,0.043845087
0.45,0.4360235,0.013976485
0.46,0.42226398,0.03773603
0.4,0.44965175,-0.049651742
0.45,0.35853118,0.09146881
0.47,0.4408316,0.029168397
0.45,0.42338613,0.026613861
0.44,0.4215905,0.01840949
0.26,0.43141472,-0.17141473
0.37,0.2230377,0.1469623
0.25,0.36372012,-0.11372012
0.14,0.21894307,-0.078943074
0.18,0.1418383,0.03816171
0.22,0.1758604,0.044139594
0.1,0.21270545,-0.11270545
0.06,0.08164441,-0.02164441
0.05,0.09546823,-0.04546823
0.04,0.039319918,0.00068008155
0.02,0.042629305,-0.022629306
0.02,0.006847216,0.013152784
0.14,0.025910085,0.11408991
0.31,0.1431525,0.1668475
0.33,0.3144254,0.015574604
0.34,0.3544135,-0.014413506
0.55,0.33100563,0.21899438
0.42,0.53896433,-0.118964344
0.43,0.38654512,0.043454885
0.39,0.43163365,-0.041633666
0.3,0.3771026,-0.0771026
0.24,0.2856458,-0.045645818
0.16,0.22533886,-0.065338865
0.09,0.18739527,-0.09739527
0.06,0.07013747,-0.010137472
0.04,0.079944216,-0.039944217
0.04,0.03846442,0.0015355796
0.04,0.04388877,-0.003888771
0.03,0.030767666,-0.00076766685
0.01,0.029046167,-0.019046167
0.01,0.007883505,0.0021164948
0.01,0.0045248102,0.0054751895
0.01,0.008875624,0.0011243755
0.0,0.0075008655,-0.0075008655
0.01,0.019668207,-0.009668207
0.01,0.010904674,-0.00090467464
0.01,0.025639288,-0.015639288
0.01,0.018038828,-0.008038828
0.01,0.01703012,-0.00703012
0.01,0.0019283649,0.008071635
0.01,0.012023296,-0.0020232964
0.01,0.00027058274,0.009729417
0.01,0.013313409,-0.0033134092
0.01,0.00081421994,0.00918578
0.01,0.007996304,0.0020036958
0.01,0.017376918,-0.0073769186
0.01,0.0011070166,0.008892983
0.01,0.00958943,0.00041056983
0.01,0.0,0.01
0.01,0.017519731,-0.0075197313
0.01,0.005095398,0.0049046017
0.01,0.016778946,-0.006778946
0.01,0.00024444237,0.009755557
0.01,0.017958842,-0.007958842
0.01,0.0,0.01
0.01,0.014018353,-0.0040183533
0.01,0.005935045,0.004064955
0.01,0.013957543,-0.0039575435
0.01,0.0024164896,0.00758351
0.01,0.00799088,0.0020091198
0.01,0.0062171724,0.0037828274
0.01,0.0034362543,0.0065637454
0.01,0.006605196,0.003394804
0.01,0.0050906166,0.004909383
0.01,0.010902861,-0.00090286136
0.01,0.013531858,-0.0035318583
0.01,0.01003168,-3.167987e-05
0.01,0.006773294,0.0032267058
0.01,0.013611738,-0.0036117379
0.01,0.0049377363,0.0050622635
0.01,0.0041091274,0.0058908723
0.01,0.004689673,0.005310327
0.01,0.01666465,-0.0066646505
0.01,0.0045968555,0.0054031443
0.01,0.016030034,-0.0060300343
0.01,0.0018169452,0.008183055
0.02,0.0011173431,0.018882656
0.01,0.0191106,-0.0091106
0.01,0.0043573156,0.005642684
0.01,0.0021606367,0.007839363
0.01,0.014961591,-0.004961591
0.01,0.008967901,0.0010320991
0.01,0.0052213278,0.004778672
0.01,0.011964574,-0.0019645747
0.01,0.0070481226,0.0029518772
0.01,0.009913017,8.6982735e-05
0.01,0.0076596616,0.0023403382
0.03,0.0077645862,0.022235412
0.01,0.026247822,-0.016247822
0.02,0.010482267,0.009517733
0.04,0.008659581,0.03134042
0.04,0.0338204,0.006179601
0.04,0.042661227,-0.0026612282
0.04,0.037654683,0.002345316
0.02,0.04196493,-0.02196493
0.02,0.013630436,0.0063695638
0.01,0.020203447,-0.010203447
0.02,0.0053829066,0.014617093
0.01,0.018214196,-0.008214196
0.01,0.0,0.01
0.01,0.012011062,-0.0020110626
0.01,0.006143419,0.0038565807
0.01,0.008106057,0.0018939432
0.0,0.0058097467,-0.0058097467
0.01,0.001190329,0.008809671
0.01,0.0067322133,0.0032677865
0.01,0.0007536281,0.009246372
0.01,0.006134578,0.0038654217
0.01,0.013050444,-0.0030504446
0.01,0.004108429,0.005891571
0.01,0.008401774,0.0015982259
0.01,0.007827481,0.0021725185
0.0,0.006783029,-0.006783029
0.01,0.0,0.01
0.01,0.0066362657,0.003363734
0.01,0.0058417637,0.004158236
0.01,0.009035854,0.0009641461
0.01,0.009826273,0.00017372705
0.01,0.0029919688,0.007008031
0.01,0.006075212,0.003924788
0.01,0.0067033237,0.003296676
0.01,0.007715366,0.002284634
0.01,0.007413403,0.0025865966
0.01,0.00630372,0.0036962796
0.01,0.009099543,0.0009004567
0.01,0.0099340435,6.5956265e-05
0.01,0.003620712,0.0063792877
0.01,0.005691056,0.0043089436
0.01,0.0075179003,0.0024820995
0.01,0.0075431345,0.0024568653
0.01,0.0057307985,0.0042692013
0.01,0.0061878134,0.0038121864
0.01,0.0084350975,0.0015649023
0.01,0.0052791703,0.0047208294
0.01,0.0057802405,0.0042197593
0.01,0.0067100404,0.0032899594
0.01,0.005623239,0.0043767607
0.01,0.007579908,0.002420092
0.01,0.008213207,0.0017867927
0.01,0.0064691324,0.0035308674
0.01,0.0065904846,0.0034095151
0.01,0.007684104,0.0023158956
0.01,0.0038703103,0.0061296895
0.01,0.0072549507,0.002745049
0.01,0.007902858,0.002097142
0.01,0.006358465,0.0036415346
0.01,0.0075519495,0.0024480503
0.01,0.006467022,0.0035329778
0.01,0.0071837483,0.0028162515
0.01,0.0071263975,0.0028736023
0.01,0.0063457023,0.0036542974
0.01,0.0073392056,0.0026607942
0.01,0.008486985,0.0015130145
0.01,0.0070145875,0.0029854123
0.0,0.0064797513,-0.0064797513
0.01,0.0004407484,0.009559251
0.0,0.008734428,-0.008734428
0.01,0.0,0.01
0.0,0.008728176,-0.008728176
0.01,0.0,0.01
0.01,0.00873492,0.0012650797
0.01,0.004604876,0.0053951237
0.01,0.007346414,0.0026535857
0.01,0.0058836704,0.0041163294
0.03,0.005375942,0.024624057
0.03,0.0243145,0.005685499
0.02,0.024909107,-0.0049091075
0.01,0.01638471,-0.00638471
0.01,0.005468716,0.004531284
0.0,0.008391982,-0.008391982
0.01,0.0,0.01
0.02,0.0107314605,0.009268539
0.01,0.015221857,-0.0052218568
0.02,0.0059330612,0.014066938
0.01,0.016058564,-0.0060585644
0.01,0.00757977,0.0024202298
0.01,0.0068343077,0.003165692
0.01,0.00668123,0.0033187699
0.01,0.0074005304,0.0025994694
0.01,0.00578217,0.0042178296
0.01,0.008530591,0.0014694091
0.01,0.008180833,0.0018191664
0.01,0.009454288,0.0005457122
0.01,0.006142767,0.0038572326
0.01,0.007334211,0.0026657889
0.01,0.007063836,0.002936164
0.01,0.0076714773,0.0023285225
0.01,0.006217826,0.0037821736
0.01,0.009521626,0.00047837384
0.01,0.006911534,0.003088466
0.01,0.007026233,0.002973767
0.01,0.006539814,0.0034601856
0.01,0.0073252777,0.002674722
0.01,0.0077525787,0.002247421
0.01,0.008686611,0.0013133883
0.01,0.0072418535,0.0027581463
0.01,0.00786585,0.00213415
0.01,0.0073105637,0.002689436
0.01,0.007437027,0.0025629727
0.01,0.0074117705,0.0025882293
0.01,0.00662286,0.0033771396
0.01,0.0083747115,0.0016252883
0.01,0.0068396237,0.003160376
0.01,0.008742261,0.001257739
0.01,0.0066170916,0.0033829082
0.01,0.008031141,0.0019688588
0.01,0.006858224,0.0031417757
0.02,0.007216936,0.012783064
0.01,0.016398894,-0.006398894
0.01,0.0055217063,0.0044782935
0.01,0.008352684,0.0016473159
0.01,0.0073503684,0.0026496314
0.01,0.007579607,0.0024203928
0.01,0.007626027,0.002373973
0.01,0.008272848,0.0017271517
0.01,0.0060731955,0.0039268043
0.01,0.0072520208,0.002747979
0.01,0.00899197,0.00100803
0.01,0.0071584107,0.002841589
0.0,0.007444307,-0.007444307
0.01,0.0,0.01
0.01,0.0084866425,0.0015133573
0.01,0.006803956,0.003196044
0.01,0.0083221765,0.0016778233
0.01,0.0080443695,0.0019556303
0.04,0.007853107,0.032146893
0.05,0.035308275,0.014691725
0.06,0.046899676,0.013100322
0.07,0.059730217,0.010269783
0.06,0.07278756,-0.012787562
0.06,0.06179323,-0.0017932318
0.07,0.06314166,0.0068583414
0.07,0.07444772,-0.004447721
0.09,0.07120107,0.018798932
0.16,0.0935878,0.066412196
0.2,0.1697437,0.030256301
0.2,0.20648144,-0.006481439
0.17,0.20100483,-0.031004831
0.18,0.17508803,0.004911974
0.21,0.18673712,0.023262873
0.2,0.21216768,-0.012167677
0.2,0.19947903,0.0005209744
0.2,0.20216306,-0.0021630526
0.22,0.20227763,0.017722368
0.2,0.2219517,-0.02195169
0.21,0.19889624,0.011103749
0.26,0.2138605,0.046139494
0.26,0.25914285,0.0008571446
0.25,0.24973057,0.0002694279
0.19,0.24436463,-0.054364637
0.12,0.18733035,-0.06733035
0.1,0.11807272,-0.018072717
0.12,0.10048523,0.01951477
0.17,0.12111379,0.04888621
0.17,0.17322353,-0.0032235235
0.26,0.17082165,0.08917834
0.3,0.2696919,0.030308098
0.31,0.29841933,0.011580676
0.18,0.30650485,-0.12650484
0.09,0.17553802,-0.085538015
0.1,0.09116985,0.008830152
0.11,0.0922895,0.0177105
0.12,0.10724271,0.012757286
0.11,0.117625386,-0.007625386
0.21,0.11375879,0.096241206
0.17,0.2307206,-0.060720593
0.18,0.16614433,0.013855681
0.17,0.19071613,-0.02071613
0.2,0.17609917,0.023900837
0.16,0.1993836,-0.039383605
0.12,0.14820017,-0.028200172
0.08,0.12925398,-0.049253985
0.08,0.07476245,0.0052375495
0.13,0.08146872,0.04853127
0.14,0.12539953,0.014600471
0.13,0.15082489,-0.020824894
0.14,0.13455994,0.0054400563
0.22,0.14722176,0.07277824
0.19,0.22814603,-0.038146034
0.15,0.18654256,-0.03654255
0.16,0.15530463,0.004695371
0.19,0.15484482,0.035155177
0.29,0.18897347,0.10102652
0.31,0.2850924,0.024907589
0.39,0.31095886,0.07904112
0.31,0.38871264,-0.07871264
0.33,0.30394265,0.026057363
0.26,0.32350385,-0.06350386
0.21,0.25600106,-0.04600106
0.12,0.20793022,-0.087930225
0.11,0.10457408,0.0054259226
0.2,0.10989568,0.09010433
0.3,0.19545475,0.104545265
0.22,0.3018071,-0.08180711
0.1,0.21679185,-0.11679185
0.05,0.10768746,-0.057687458
0.07,0.04469472,0.025305279
0.09,0.07103957,0.018960431
0.24,0.08480614,0.15519387
0.63,0.25013784,0.37986216
0.97,0.61174995,0.35825008
0.94,0.9374428,0.002557218
0.91,0.934965,-0.024964988
0.93,0.8772279,0.052772105
0.98,0.8926887,0.08731133
0.97,0.9260787,0.04392135
0.95,0.9257926,0.024207413
0.94,0.8947024,0.045297623
0.97,0.88596654,0.08403349
0.96,0.9117466,0.048253357
0.97,0.92168415,0.048315883
0.96,0.92826414,0.031735837
0.94,0.90099204,0.03900796
0.74,0.8787236,-0.13872361
0.72,0.684695,0.035305023
0.73,0.68887144,0.041128576
0.6,0.6894558,-0.08945578
0.46,0.550547,-0.090546995
0.49,0.42728704,0.06271297
0.3,0.4678623,-0.1678623
0.36,0.26658347,0.09341654
0.37,0.359286,0.0107139945
0.31,0.35124707,-0.04124707
0.38,0.29566124,0.084338754
0.3,0.36852765,-0.06852764
0.25,0.2776338,-0.027633786
0.32,0.23447777,0.08552222
0.3,0.30317464,-0.0031746328
0.26,0.27139586,-0.011395872
0.22,0.24741237,-0.02741237
0.28,0.21518941,0.06481059
0.29,0.26390952,0.026090473
0.25,0.28405023,-0.034050226
0.21,0.24291193,-0.03291194
0.16,0.2051421,-0.0451421
0.13,0.14466926,-0.014669269
0.06,0.12555827,-0.06555827
0.05,0.057423204,-0.0074232034
0.05,0.04868365,0.00131635
0.08,0.036871605,0.043128394
0.1,0.08081596,0.019184038
0.05,0.096338704,-0.046338703
0.05,0.05252029,-0.0025202893
0.05,0.04135263,0.008647371
0.06,0.04553914,0.014460858
0.06,0.057374455,0.0026255436
0.06,0.04781787,0.012182128
0.07,0.05437886,0.015621141
0.05,0.07043277,-0.020432767
0.05,0.049398627,0.0006013736
0.03,0.0490063,-0.019006299
0.03,0.02692343,0.00307657
0.04,0.030611256,0.009388743
0.01,0.027122796,-0.017122796
0.01,0.0054077115,0.0045922883
0.01,0.011734245,-0.0017342456
0.01,0.0,0.01
0.01,0.0044088736,0.005591126
0.01,0.011138579,-0.0011385791
0.01,0.0016892087,0.008310791
0.02,0.012756103,0.007243897
0.1,0.012884794,0.087115206
0.13,0.10286631,0.027133688
0.13,0.13230021,-0.0023002177
0.12,0.14218548,-0.022185482
0.1,0.11599591,-0.015995905
0.09,0.10622037,-0.016220368
0.09,0.098209135,-0.008209132
0.08,0.09265443,-0.012654431
0.09,0.08114526,0.008854747
0.07,0.09041828,-0.020418279
0.06,0.071559966,-0.011559967
0.07,0.067463584,0.002536416
0.03,0.07225749,-0.042257488
0.02,0.02786029,-0.00786029
0.01,0.011275692,-0.0012756921
0.01,0.0065091895,0.0034908103
0.0,0.0020534731,-0.0020534731
0.01,0.0,0.01
0.01,0.02074455,-0.010744549
0.01,0.007837748,0.0021622516
0.01,0.009486176,0.0005138237
0.01,0.011187733,-0.0011877334
0.01,0.004144527,0.0058554728
0.01,0.006227726,0.0037722737
0.01,0.008002253,0.0019977465
0.01,0.008619014,0.0013809856
0.0,0.008478446,-0.008478446
0.01,0.0,0.01
0.01,0.0058865827,0.004113417
0.01,0.010814818,-0.00081481785
0.01,0.009141124,0.0008588759
0.01,0.004518548,0.0054814517
0.01,0.006547803,0.0034521967
0.01,0.00733745,0.0026625497
0.01,0.007312149,0.002687851
0.01,0.012632992,-0.0026329923
0.01,0.00011447631,0.0098855235
0.01,0.008404074,0.0015959255
0.01,0.010150135,-0.00015013479
0.01,0.0068039615,0.0031960383
0.0,0.006955389,-0.006955389
0.01,0.0007710606,0.009228939
0.0,0.010864187,-0.010864187
0.01,0.0,0.01
0.03,0.009457347,0.020542651
0.01,0.02328131,-0.01328131
0.01,0.01194004,-0.0019400399
0.01,0.0072880257,0.002711974
0.01,0.0069165025,0.0030834973
0.01,0.009580344,0.00041965581
0.01,0.0065615755,0.0034384243
0.01,0.008169839,0.0018301606
0.01,0.011349927,-0.0013499269
0.01,0.0012818351,0.008718165
0.01,0.0152338315,-0.0052338317
0.01,0.006112123,0.0038878769
0.17,0.0063750856,0.16362491
0.38,0.18582694,0.19417305
0.43,0.4012545,0.028745502
0.44,0.44985372,-0.009853721
0.57,0.44201326,0.12798673
0.7,0.5671848,0.13281518
0.56,0.68639517,-0.12639517
0.61,0.5318657,0.0781343
0.43,0.60373986,-0.17373985
0.52,0.39828786,0.12171212
0.55,0.51286256,0.03713745
0.6,0.52703273,0.07296729
0.7,0.58021533,0.11978465
0.75,0.6715361,0.07846391
0.69,0.70868313,-0.018683136
0.64,0.64954126,-0.009541273
0.62,0.60638535,0.013614655
0.64,0.587543,0.052456975
0.51,0.5966382,-0.08663821
0.34,0.47309968,-0.13309968
0.37,0.3141857,0.055814296
0.32,0.358846,-0.038846016
0.39,0.2923367,0.09766328
0.37,0.38394743,-0.013947427
0.31,0.35218692,-0.042186916
0.34,0.30581576,0.034184247
0.29,0.31880313,-0.02880314
0.31,0.27149042,0.038509578
0.36,0.28699297,0.07300705
0.45,0.35282105,0.097178936
0.45,0.4225341,0.02746588
0.5,0.42993465,0.07006535
0.62,0.47209543,0.14790457
0.79,0.5960013,0.1939987
0.75,0.77541417,-0.025414169
0.51,0.7115514,-0.20155144
0.48,0.4775334,0.0024665892
0.68,0.45439485,0.22560516
0.82,0.6525773,0.16742271
0.88,0.77935106,0.10064894
0.82,0.8321428,-0.012142777
0.91,0.7644278,0.14557225
0.8,0.86358345,-0.06358343
0.83,0.7359495,0.09405047
0.71,0.8003696,-0.09036964
0.46,0.6611298,-0.20112976
0.43,0.4168038,0.0131962
0.69,0.40952176,0.28047824
0.86,0.6605745,0.19942552
0.83,0.82928085,0.00071913004
0.87,0.7795874,0.09041262
0.77,0.83080834,-0.06080836
0.81,0.7085786,0.101421416
0.65,0.77550185,-0.12550187
0.65,0.6047045,0.045295477
0.63,0.6217339,0.008266091
0.74,0.5761112,0.16388881
0.66,0.69943035,-0.03943032
0.52,0.61222255,-0.09222257
0.46,0.4959225,-0.035922498
0.55,0.43077856,0.11922145
0.49,0.5285255,-0.038525462
0.25,0.4553194,-0.2053194
0.17,0.23370583,-0.06370583
0.54,0.15443502,0.38556498
0.7,0.53599906,0.16400093
0.86,0.70239913,0.15760088
0.96,0.8389418,0.121058166
0.96,0.90609074,0.053909242
0.98,0.9018884,0.07811165
0.98,0.9275681,0.05243194
0.98,0.92784476,0.052155256
0.97,0.9279703,0.04202974
0.97,0.89340997,0.07659006
0.98,0.91921985,0.060780168
0.5,0.9233023,-0.4233023
0.59,0.4536393,0.13636068
0.95,0.5810558,0.36894417
0.96,0.917453,0.042546988
0.95,0.9215921,0.028407872
0.48,0.9004856,-0.4204856
0.62,0.42758286,0.19241714
0.98,0.6167456,0.36325443
0.98,0.92693365,0.053066373
0.96,0.93121386,0.028786123
0.79,0.91033447,-0.12033445
0.22,0.72070134,-0.5007013
0.01,0.1834922,-0.1734922
0.02,0.074695066,-0.054695066
0.04,0.07117641,-0.03117641
0.05,0.016948955,0.033051044
0.03,0.004813755,0.025186244
0.01,0.061954737,-0.05195474
0.01,0.041272998,-0.031273
0.01,0.040052295,-0.030052295
0.01,0.047032498,-0.0370325
0.0,0.0,0.0
0.01,0.0,0.01
0.01,0.0072444044,0.0027555954
0.01,0.02327952,-0.01327952
0.01,0.01654286,-0.0065428596
0.01,0.020810403,-0.010810403
0.01,0.02908616,-0.01908616
0.13,0.022056518,0.107943475
0.31,0.12764746,0.18235254
0.29,0.30099642,-0.010996431
0.15,0.30848646,-0.15848646
0.14,0.16301133,-0.023011327
0.11,0.14233235,-0.032332346
0.09,0.093063906,-0.0030639023
0.11,0.08119722,0.028802782
0.14,0.11942289,0.02057711
0.14,0.13274413,0.007255867
0.12,0.14725532,-0.027255319
0.1,0.14659317,-0.046593167
0.12,0.12330791,-0.0033079162
0.1,0.12812373,-0.028123729
0.06,0.081863046,-0.021863047
0.08,0.048487328,0.03151267
0.08,0.09184573,-0.01184573
0.07,0.063793726,0.006206274
0.04,0.07084132,-0.03084132
0.08,0.058288455,0.021711543
0.14,0.09040018,0.04959982
0.23,0.13824804,0.09175196
0.21,0.25682956,-0.046829566
0.19,0.22194575,-0.03194575
0.19,0.18173584,0.008264154
0.34,0.1934895,0.1465105
0.42,0.334349,0.08565098
0.54,0.42999747,0.11000255
0.59,0.5352751,0.054724872
0.42,0.57651955,-0.15651956
0.34,0.39686072,-0.056860715
0.4,0.3275304,0.07246959
0.33,0.39620054,-0.066200525
0.35,0.32002312,0.029976875
0.36,0.3414611,0.018538922
0.45,0.35722226,0.09277773
0.47,0.41793212,0.052067876
0.45,0.44243437,0.0075656176
0.56,0.4348581,0.12514189
0.84,0.5492337,0.2907663
0.92,0.82600594,0.09399408
0.94,0.895586,0.044413984
0.91,0.8765341,0.033465922
0.92,0.85687834,0.06312168
0.88,0.8679718,0.012028217
0.97,0.8310807,0.13891935
0.95,0.9257719,0.024228096
0.94,0.89095646,0.049043536
0.85,0.8821423,-0.03214228
0.92,0.81377375,0.106226265
0.98,0.88749766,0.092502356
0.97,0.9197618,0.05023825
0.97,0.90706336,0.06293666
0.96,0.9095962,0.050403774
0.97,0.89772475,0.07227528
0.97,0.91481733,0.055182695
0.89,0.9111044,-0.021104395
0.95,0.8311125,0.118887484
0.95,0.90245354,0.047546446
0.97,0.89318323,0.0768168
0.91,0.91531765,-0.0053176284
0.87,0.85940385,0.010596156
0.94,0.81572205,0.12427795
0.97,0.8955024,0.07449764
0.97,0.9076172,0.062382817
0.97,0.91188014,0.058119893
0.96,0.9117185,0.04828149
0.93,0.8981897,0.031810284
0.97,0.87532365,0.094676375
0.97,0.91863346,0.051366568
0.97,0.90522635,0.06477368
0.97,0.91408455,0.055915475
0.97,0.91050696,0.059493065
0.97,0.9118011,0.05819893
0.97,0.9125121,0.057487905
0.97,0.91102934,0.05897069
0.97,0.9124297,0.05757034
0.97,0.91334486,0.05665517
0.97,0.9098313,0.060168743
0.96,0.9133928,0.046607196
0.95,0.9025512,0.047448814
0.94,0.8916124,0.048387587
0.97,0.88479006,0.085209966
0.9,0.91530514,-0.0153051615
0.88,0.8404751,0.039524913
0.88,0.82871675,0.05128324
0.87,0.83069354,0.03930646
0.91,0.8168995,0.09310055
0.95,0.8597051,0.0902949
0.9,0.8915911,0.008408904
0.91,0.8401271,0.069872916
0.94,0.8585891,0.081410885
0.93,0.88560647,0.04439354
0.88,0.8699329,0.010067105
0.89,0.82434165,0.06565833
0.75,0.84014285,-0.090142846
0.92,0.6957669,0.22423309
0.89,0.8815745,0.008425474
0.9,0.82634485,0.07365513
0.96,0.845629,0.114371
0.91,0.9076154,0.002384603
0.81,0.84581023,-0.035810232
0.87,0.7602625,0.109737515
0.96,0.82732445,0.13267553
0.97,0.90182257,0.06817746
0.94,0.9020545,0.03794551
0.9,0.8820032,0.017996788
0.71,0.8442943,-0.13429433
0.41,0.65926087,-0.24926087
0.32,0.37220675,-0.052206755
0.38,0.30722815,0.07277185
0.46,0.35707086,0.102929145
0.46,0.43058297,0.029417038
0.43,0.43035054,-0.00035053492
0.4,0.4187922,-0.018792182
0.26,0.37994522,-0.11994523
0.15,0.23443227,-0.08443226
0.11,0.12794955,-0.017949551
0.11,0.104230784,0.0057692155
0.07,0.086633,-0.016632996
0.06,0.05593609,0.004063908
0.09,0.06421168,0.025788322
0.1,0.09096609,0.009033911
0.04,0.092971064,-0.052971065
0.04,0.027119042,0.012880957
0.08,0.040140156,0.039859843
0.11,0.06733051,0.04266949
0.05,0.10796952,-0.05796952
0.03,0.048480645,-0.018480645
0.03,0.03343413,-0.003434131
0.01,0.02194196,-0.01194196
0.01,0.0024499837,0.007550016
0.0,0.0056893006,-0.0056893006
0.01,0.0,0.01
0.0,0.006795777,-0.006795777
0.01,0.00083949044,0.009160509
0.01,0.022426851,-0.012426851
0.01,0.0,0.01
0.01,0.0,0.01
0.01,0.0003779903,0.0096220095
0.01,0.0014395155,0.008560484
0.01,0.0,0.01
0.01,0.010976854,-0.000976854
0.01,0.017069124,-0.007069124
0.01,0.014507921,-0.0045079216
0.01,0.004469065,0.005530935
0.01,0.009552367,0.00044763274
0.01,0.0050995704,0.0049004294
0.01,0.0015527289,0.008447271
0.01,0.004548965,0.0054510348
0.01,0.007209234,0.0027907658
0.01,0.010572633,-0.000572633
0.01,0.01036595,-0.00036595017
0.01,0.011143067,-0.0011430671
0.01,0.005999977,0.004000023
0.0,0.009639965,-0.009639965
0.01,0.0,0.01
0.01,0.011070463,-0.0010704631
0.01,0.016678058,-0.006678058
0.01,0.012947818,-0.0029478185
0.01,0.008963123,0.0010368768
0.01,0.0035247244,0.0064752754
0.01,0.00481244,0.00518756
0.01,0.008820012,0.0011799876
0.01,0.011872146,-0.0018721465
0.01,0.009603338,0.00039666146
0.01,0.012474196,-0.0024741963
0.01,0.006767595,0.0032324046
0.01,0.005701365,0.004298635
0.01,0.005459545,0.0045404546
0.01,0.010710144,-0.00071014464
0.01,0.006823646,0.0031763539
0.02,0.015703332,0.004296668
0.03,0.01800794,0.01199206
0.01,0.027042428,-0.017042428
0.01,0.0031486787,0.006851321
0.0,0.0069729127,-0.0069729127
0.01,0.0,0.01
0.01,0.013839488,-0.0038394881
0.01,0.013088416,-0.0030884165
0.01,0.014161307,-0.0041613076
0.01,0.008932363,0.0010676365
0.01,0.007631818,0.002368182
0.01,0.0045382436,0.005461756
0.01,0.0042673014,0.0057326984
0.01,0.0103229545,-0.00032295473
0.01,0.0104937805,-0.0004937807
0.01,0.009598287,0.00040171295
0.01,0.00556847,0.00443153
0.01,0.010009447,-9.447336e-06
0.01,0.0062469495,0.0037530502
0.01,0.0062459214,0.0037540784
0.01,0.0055166986,0.004483301
0.01,0.011164021,-0.001164021
0.01,0.011835869,-0.0018358696
0.01,0.010753807,-0.0007538069
0.07,0.007594146,0.062405854
0.07,0.06841107,0.0015889332
0.09,0.06540028,0.024599724
0.12,0.091928855,0.028071143
0.11,0.125511,-0.015511006
0.18,0.119005755,0.060994253
0.21,0.19178693,0.018213063
0.2,0.21201663,-0.012016624
0.17,0.20219009,-0.032190084
0.12,0.1731738,-0.053173803
0.16,0.12717214,0.032827854
0.21,0.16602518,0.043974817
0.17,0.21762097,-0.047620967
0.12,0.16819409,-0.048194088
0.11,0.12676403,-0.01676403
0.08,0.11503118,-0.035031185
0.07,0.077073485,-0.0070734844
0.05,0.07166914,-0.021669138
0.09,0.049212545,0.04078746
0.13,0.09333246,0.036667533
0.16,0.13468741,0.025312588
0.18,0.16658935,0.013410658
0.17,0.18425415,-0.014254153
0.11,0.16917515,-0.05917515
0.11,0.10708215,0.0029178485
0.08,0.11872327,-0.038723275
0.06,0.07737879,-0.017378788
0.06,0.06097871,-0.000978712
0.06,0.055052742,0.0049472563
0.05,0.06834938,-0.018349376
0.07,0.046314463,0.023685537
0.05,0.07100515,-0.02100515
0.02,0.04393608,-0.023936082
0.03,0.018711235,0.011288764
0.01,0.030682314,-0.020682314
0.01,0.002184866,0.007815134
0.01,0.0022072997,0.0077927
0.01,0.0031743608,0.006825639
0.01,0.0036330614,0.0063669384
0.01,0.0037659425,0.0062340572
0.01,0.007891925,0.0021080747
0.01,0.0062159784,0.0037840214
0.01,0.008130303,0.0018696971
0.01,0.008309788,0.0016902117
0.01,0.0060068294,0.0039931703
0.01,0.0044519547,0.005548045
0.01,0.0,0.01
0.01,0.0012314897,0.00876851
0.01,0.0078709815,0.0021290183
0.01,0.007995398,0.002004602
0.01,0.0041718837,0.005828116
0.01,0.010283934,-0.00028393418
0.01,0.0022573266,0.007742673
0.01,0.0069220327,0.003077967
0.01,0.006113354,0.0038866457
0.01,0.0032034516,0.006796548
0.01,0.0022982303,0.0077017695
0.01,0.008730386,0.0012696134
0.01,0.008875689,0.0011243112
0.01,0.00901985,0.00098015
0.01,0.0049859006,0.005014099
0.01,0.006779572,0.0032204278
0.01,0.006806601,0.003193399
0.01,0.0038340278,0.006165972
0.01,0.008905711,0.0010942891
0.01,0.0059952736,0.004004726
0.05,0.007521743,0.042478256
0.1,0.0459859,0.0540141
0.13,0.102852054,0.027147941
0.11,0.13730443,-0.027304426
0.11,0.11546713,-0.0054671317
0.21,0.11918515,0.090814844
0.36,0.22138621,0.1386138
0.33,0.3711084,-0.0411084
0.29,0.32959625,-0.03959626
0.26,0.28899267,-0.028992683
0.25,0.26093906,-0.010939062
0.24,0.24293521,-0.0029352158
0.25,0.24147308,0.008526921
0.24,0.2533682,-0.013368204
0.23,0.23682193,-0.0068219304
0.24,0.22751738,0.012482613
0.24,0.23619299,0.0038070083
0.26,0.2365838,0.023416191
0.34,0.25523353,0.08476648
0.38,0.33021128,0.049788713
0.44,0.37477776,0.06522223
0.49,0.42026114,0.069738865
0.5,0.46969116,0.030308843
0.51,0.47466153,0.03533846
0.6,0.4939591,0.106040925
0.67,0.57967424,0.09032577
0.73,0.6421771,0.087822914
0.76,0.69225335,0.06774664
0.74,0.7238236,0.016176403
0.77,0.7030557,0.0669443
0.85,0.73694354,0.11305648
0.97,0.8053689,0.16463113
0.98,0.915835,0.064164996
0.98,0.91426146,0.06573856
0.97,0.9233215,0.046678543
0.98,0.9141401,0.065859914
0.98,0.9222038,0.05779624
0.96,0.92423916,0.03576082
0.97,0.9050318,0.06496823
0.92,0.9151621,0.00483793
0.98,0.8628657,0.11713433
0.97,0.92821944,0.04178059
0.97,0.9122509,0.057749152
0.97,0.91741574,0.05258429
0.93,0.91449594,0.015504062
0.94,0.87278354,0.067216456
0.96,0.8885611,0.07143885
0.96,0.9052019,0.054798067
0.97,0.8998158,0.07018423
0.94,0.91547346,0.024526536
0.95,0.88152707,0.06847292
0.98,0.8970728,0.08292723
0.92,0.92299366,-0.0029936433
0.87,0.8599302,0.0100697875
0.69,0.8211062,-0.1311062
0.39,0.64085543,-0.25085545
0.29,0.35705355,-0.06705356
0.3,0.27996594,0.020034075
0.34,0.28587204,0.05412796
0.39,0.31755066,0.07244933
0.4,0.37411886,0.025881141
0.62,0.38259348,0.23740652
0.58,0.6202152,-0.040215194
0.55,0.54037666,0.009623349
0.31,0.52155125,-0.21155125
0.16,0.2791882,-0.11918819
0.2,0.13816844,0.061831564
0.43,0.18457861,0.2454214
0.64,0.41907546,0.22092453
0.72,0.64117426,0.07882577
0.73,0.6958365,0.034163535
0.82,0.7211617,0.09883827
0.8,0.7856657,0.014334321
0.42,0.7537966,-0.3337966
0.05,0.37514278,-0.32514277
0.06,0.044213228,0.01578677
0.05,0.081671126,-0.031671125
0.04,0.046279617,-0.0062796175
0.07,0.04431416,0.02568584
0.06,0.08340382,-0.02340382
0.01,0.096020505,-0.08602051
0.02,0.040760506,-0.020760506
0.04,0.017685821,0.022314178
0.05,0.054854624,-0.004854623
0.06,0.05475802,0.005241979
0.01,0.057074517,-0.04707452
0.01,0.0,0.01
0.01,0.009915511,8.448865e-05
0.01,0.015355852,-0.0053558527
0.01,0.0221109,-0.0121109
0.01,0.011934817,-0.0019348171
0.01,0.008267403,0.0017325971
0.01,0.020720288,-0.010720288
0.01,0.01760261,-0.0076026097
0.01,0.011132823,-0.0011328235
0.02,0.009809984,0.010190016
0.01,0.011673003,-0.0016730037
0.01,0.0,0.01
0.01,0.0,0.01
0.01,0.008808203,0.0011917967
0.01,0.031079838,-0.021079838
0.01,0.027023494,-0.017023494
0.01,0.012225026,-0.0022250265
0.02,0.0,0.02
0.04,0.019485854,0.020514145
0.06,0.04457695,0.015423048
0.07,0.061303556,0.008696444
0.06,0.058701903,0.001298096
0.05,0.05723483,-0.0072348304
0.06,0.06934416,-0.009344164
0.07,0.06552512,0.0044748783
0.07,0.06228534,0.007714659
0.06,0.0765225,-0.0165225
0.06,0.059504002,0.0004959963
0.07,0.049558,0.020442002
0.11,0.07659121,0.03340879
0.11,0.11881254,-0.008812539
0.1,0.11113627,-0.011136271
0.1,0.110234015,-0.010234013
0.13,0.11413152,0.015868478
0.15,0.14255008,0.007449925
0.13,0.15534429,-0.025344297
0.14,0.13349153,0.0065084696
0.14,0.14377776,-0.0037777573
0.13,0.14406274,-0.014062747
0.12,0.13683493,-0.016834937
0.13,0.13114433,-0.0011443347
0.15,0.142421,0.007578999
0.16,0.15424597,0.005754024
0.11,0.16576599,-0.055765986
0.18,0.11603767,0.06396234
0.27,0.1925837,0.077416316
0.26,0.26205197,-0.0020519793
0.26,0.25875837,0.0012416244
0.26,0.26015884,-0.00015884638
0.25,0.25291243,-0.002912432
0.27,0.2454433,0.024556711
0.27,0.2718736,-0.0018735826
0.29,0.2627347,0.02726528
0.43,0.28672975,0.14327025
0.78,0.4225955,0.35740447
0.76,0.79518354,-0.03518355
0.7,0.74549544,-0.04549545
0.9,0.6738368,0.22616315
0.97,0.86722183,0.1027782
0.98,0.9106497,0.0693503
0.98,0.92520726,0.05479276
0.98,0.9249449,0.05505514
0.98,0.9213203,0.0586797
0.97,0.91967577,0.05032426
0.97,0.9248395,0.045160532
0.97,0.9307125,0.039287508
0.97,0.9169773,0.053022742
0.97,0.9095299,0.060470104
0.97,0.9168464,0.053153634
0.97,0.9123415,0.057658553
0.97,0.91215456,0.057845473
0.97,0.91148853,0.058511496
0.97,0.91324526,0.056754768
0.97,0.91465425,0.055345774
0.97,0.91678107,0.05321896
0.97,0.91300976,0.056990266
0.97,0.91436243,0.055637598
0.97,0.91412485,0.055875182
0.97,0.91765654,0.052343488
0.97,0.91357195,0.056428075
0.97,0.91049385,0.059506178
0.97,0.91424423,0.055755794
0.97,0.91293395,0.057066083
0.97,0.9128995,0.057100534
0.97,0.91139805,0.058601975
0.97,0.91338265,0.05661738
0.97,0.9126864,0.05731362
0.97,0.91303045,0.056969583
0.97,0.9116403,0.058359742
0.97,0.9094362,0.060563803
0.97,0.91167265,0.058327377
0.97,0.91354805,0.056451976
0.97,0.9108491,0.059150934
0.97,0.91017187,0.059828162
0.97,0.9134548,0.056545258
0.97,0.9136137,0.05638635
0.97,0.9104501,0.059549928
0.97,0.91172725,0.05827278
0.97,0.9123558,0.057644248
0.97,0.91088843,0.059111595
0.97,0.9118848,0.058115244
0.97,0.91174155,0.058258474
0.97,0.911308,0.058692038
0.97,0.9122323,0.05776775
0.97,0.9115835,0.058416545
0.97,0.9113565,0.05864352
0.97,0.9125708,0.057429254
0.97,0.911582,0.058418036
0.97,0.911482,0.058518052
0.97,0.9117513,0.05824876
0.95,0.91149366,0.03850633
0.96,0.8922814,0.067718565
0.97,0.9045917,0.06540835
0.97,0.9117874,0.058212638
0.97,0.9107735,0.059226513
0.97,0.9125117,0.057488322
0.97,0.91216046,0.057839572
0.97,0.91127527,0.05872476
0.97,0.9121906,0.057809412
0.97,0.9118455,0.058154523
0.97,0.9115042,0.05849582
0.97,0.9116633,0.058336735
0.97,0.9118005,0.058199525
0.97,0.9122652,0.057734847
0.97,0.91198415,0.058015883
0.97,0.9123015,0.057698548
0.97,0.91164654,0.058353484
0.97,0.9122266,0.05777341
0.97,0.91180575,0.05819428
0.97,0.91180986,0.058190167
0.97,0.91188085,0.058119178
0.97,0.9118544,0.058145642
0.97,0.91184926,0.05815077
0.97,0.912206,0.057794034
0.89,0.91177833,-0.021778345
0.87,0.8328313,0.03716868
0.8,0.8227308,-0.022730768
0.9,0.75064576,0.14935422
0.97,0.85566413,0.114335895
0.97,0.90976954,0.060230494
0.96,0.90552676,0.05447322
0.97,0.90283334,0.067166686
0.97,0.9120469,0.05795312
0.97,0.91050744,0.059492588
0.97,0.91162694,0.058373094
0.97,0.91037333,0.0596267
0.97,0.9092034,0.06079662
0.97,0.9108231,0.05917692
0.97,0.9123889,0.057611108
0.97,0.91480005,0.05519998
0.97,0.9108789,0.059121132
0.97,0.91392887,0.056071162
0.97,0.91080636,0.05919367
0.97,0.9133183,0.056681752
0.97,0.9105568,0.059443235
0.97,0.91278064,0.057219386
0.97,0.91079724,0.05920279
0.97,0.9127493,0.05725074
0.97,0.9104831,0.059516907
0.97,0.91242015,0.057579875
0.97,0.9107926,0.05920744
0.97,0.9127186,0.057281435
0.97,0.9131042,0.056895852
0.97,0.9125837,0.05741632
0.97,0.9127914,0.057208657
0.97,0.91149974,0.05850029
0.97,0.9120822,0.057917833
0.97,0.91121876,0.058781266
0.97,0.911972,0.058028042
0.97,0.9116596,0.05834043
0.97,0.91310674,0.05689329
0.97,0.9122113,0.05778873
0.97,0.9118998,0.058100224
0.97,0.9114649,0.0585351
0.97,0.91191024,0.058089793
0.97,0.91245687,0.05754316
0.97,0.9117527,0.058247328
0.97,0.9115807,0.058419347
0.97,0.9124731,0.057526946
0.97,0.9121083,0.057891726
0.97,0.91188693,0.0581131
0.97,0.91217244,0.057827592
0.97,0.9118916,0.05810845
0.97,0.9118566,0.058143437
0.97,0.91208506,0.057914972
0.97,0.91212285,0.057877183
0.97,0.912042,0.057958007
0.97,0.9121075,0.0578925
0.97,0.91165125,0.058348775
0.97,0.91203064,0.05796939
0.97,0.9119575,0.058042526
0.97,0.9121915,0.05780852
0.97,0.91196495,0.058035076
0.97,0.9119248,0.05807525
0.97,0.91200924,0.05799079
0.97,0.9119041,0.058095932
0.97,0.912098,0.057902038
0.97,0.91205084,0.057949185
0.97,0.91190875,0.058091283
0.97,0.9121927,0.057807326
0.86,0.9119038,-0.051903784
0.79,0.8030439,-0.01304388
0.78,0.7465726,0.033427358
0.9,0.7376714,0.1623286
0.78,0.85257554,-0.07257557
0.76,0.7190902,0.040909767
0.81,0.72056293,0.08943707
0.93,0.76670265,0.16329736
0.97,0.8746172,0.09538281
0.76,0.9070722,-0.1470722
0.38,0.6996528,-0.3196528
0.49,0.33655977,0.15344024
0.26,0.48355797,-0.22355798
0.27,0.2248601,0.04513991
0.24,0.26645458,-0.026454583
0.21,0.23118325,-0.021183252
0.63,0.20841867,0.42158133
0.94,0.64997566,0.29002434
0.84,0.9093353,-0.06933534
0.96,0.8302674,0.12973255
0.91,0.91821826,-0.008218229
0.66,0.8377594,-0.17775935
0.48,0.5976141,-0.11761412
0.36,0.45598674,-0.095986724
0.61,0.32510924,0.28489077
0.64,0.59603393,0.043966055
0.35,0.5906117,-0.2406117
0.38,0.3340888,0.045911193
0.29,0.39003596,-0.100035965
0.26,0.2702399,-0.010239899
0.23,0.23235717,-0.00235717
0.26,0.23038773,0.029612258
0.28,0.24445598,0.035544023
0.27,0.26962116,0.00037884712
0.36,0.24097686,0.11902316
0.25,0.35500848,-0.10500848
0.13,0.23009448,-0.10009448
0.21,0.11750595,0.09249404
0.21,0.21347506,-0.00347507
0.07,0.20823185,-0.13823184
0.03,0.06861905,-0.03861905
0.1,0.04720419,0.052795812
0.08,0.10297951,-0.022979513
0.07,0.07386503,-0.0038650334
0.08,0.07228697,0.0077130273
0.09,0.08741125,0.0025887564
0.09,0.09295097,-0.0029509664
0.24,0.08203864,0.15796135
0.12,0.25320357,-0.13320357
0.09,0.12243974,-0.03243974
0.08,0.09169739,-0.011697389
0.09,0.07251939,0.017480612
0.02,0.08410715,-0.06410715
0.01,0.017890703,-0.007890703
0.01,0.027128354,-0.017128354
0.12,0.0,0.12
0.52,0.13091847,0.3890815
0.66,0.5229383,0.13706172
0.65,0.6784713,-0.02847135
0.55,0.66695297,-0.116952956
0.37,0.52529585,-0.15529585
0.35,0.3505869,-0.00058689713
0.38,0.33135927,0.048640728
0.38,0.3664636,0.013536394
0.47,0.3480919,0.1219081
0.38,0.47215313,-0.09215313
0.31,0.3568761,-0.046876103
0.27,0.31225544,-0.04225543
0.2,0.27004945,-0.07004945
0.14,0.17431538,-0.034315377
0.18,0.12138512,0.058614887
0.17,0.19152974,-0.021529734
0.13,0.15206712,-0.02206713
0.08,0.13026133,-0.050261334
0.02,0.09064363,-0.07064363
0.01,0.040659428,-0.030659428
0.0,0.002748821,-0.002748821
0.01,0.0,0.01
0.01,0.025668953,-0.015668953
0.01,0.013267263,-0.003267263
0.01,0.02566045,-0.01566045
0.01,0.006249374,0.003750626
0.01,0.0,0.01
0.01,0.0090779755,0.00092202425
0.01,0.010866114,-0.00086611416
0.01,0.005533645,0.004466355
0.01,0.008442905,0.001557095
0.01,0.010532571,-0.0005325712
0.01,0.013727525,-0.0037275255
0.01,0.017872749,-0.007872749
0.01,0.00018898398,0.009811016
0.01,0.004289722,0.0057102777
0.01,0.0,0.01
0.01,0.021717846,-0.011717847
0.0,0.004751941,-0.004751941
0.01,0.006045877,0.003954123
0.0,0.0063467054,-0.0063467054
0.01,0.0,0.01
0.01,0.009166306,0.0008336939
0.01,0.012395551,-0.0023955517
0.01,0.01299954,-0.0029995404
0.01,0.003296936,0.006703064
0.01,0.003976492,0.0060235076
0.01,0.0077598505,0.0022401493
0.01,0.014789182,-0.004789182
0.01,0.011861995,-0.0018619951
0.01,0.007490794,0.0025092056
0.01,0.006182151,0.0038178489
0.02,0.005210234,0.014789766
0.01,0.012942322,-0.0029423218
0.02,0.016204106,0.0037958939
0.11,0.01862761,0.091372386
0.14,0.118617184,0.021382816
0.17,0.14620559,0.023794413
0.16,0.18291366,-0.022913665
0.21,0.16973144,0.040268555
0.21,0.22099347,-0.010993481
0.22,0.21570106,0.0042989403
0.2,0.22005159,-0.020051584
0.2,0.19880119,0.0011988133
0.24,0.20645787,0.033542126
0.22,0.2389046,-0.018904597
0.17,0.21599905,-0.04599905
0.17,0.18072182,-0.010721818
0.17,0.17317696,-0.0031769574
0.19,0.17043106,0.019568935
0.21,0.19018045,0.019819543
0.23,0.20915435,0.020845652
0.22,0.22139947,-0.0013994724
0.21,0.22184764,-0.011847645
0.28,0.20035653,0.07964347
0.35,0.28062904,0.069370955
0.36,0.34199294,0.01800707
0.33,0.34609556,-0.016095549
0.33,0.3154377,0.014562309
0.37,0.32603055,0.043969452
0.43,0.359429,0.070571005
0.48,0.41874123,0.061258763
0.5,0.46529123,0.034708768
0.55,0.48150465,0.06849536
0.55,0.52354074,0.026459277
0.59,0.5175132,0.07248676
0.69,0.5631385,0.12686151
0.78,0.65859807,0.121401906
0.8,0.7460152,0.05398482
0.85,0.7477772,0.1022228
0.83,0.8065872,0.023412764
0.79,0.7740849,0.015915096
0.77,0.74779135,0.022208631
0.72,0.7306034,-0.010603368
0.74,0.67955464,0.06044537
0.8,0.6997384,0.10026163
0.82,0.7550635,0.06493652
0.86,0.77076435,0.08923566
0.81,0.81325126,-0.0032512546
0.75,0.75814044,-0.008140445
0.7,0.70460683,-0.004606843
0.62,0.65933627,-0.039336264
0.56,0.57453275,-0.014532745
0.46,0.52675676,-0.066756755
0.43,0.42813456,0.0018654466
0.37,0.4074688,-0.03746879
0.26,0.3400646,-0.080064595
0.13,0.24165739,-0.111657396
0.06,0.12182914,-0.06182914
0.09,0.06386722,0.026132785
0.1,0.08601875,0.013981253
0.05,0.09995217,-0.049952168
0.03,0.04081431,-0.010814311
0.01,0.02833952,-0.01833952
0.01,0.0,0.01
0.0,0.0035434626,-0.0035434626
0.01,0.002778655,0.007221345
0.01,0.00088508055,0.009114919
0.01,0.003443895,0.006556105
0.01,0.013787353,-0.0037873536
0.01,0.008958967,0.0010410324
0.02,0.0075900843,0.012409915
0.04,0.0084233275,0.03157667
0.06,0.030963903,0.029036095
0.04,0.05504746,-0.015047461
0.04,0.025280386,0.014719613
0.03,0.033843108,-0.0038431082
0.01,0.021977492,-0.011977492
0.01,0.0067892335,0.0032107662
0.0,0.0065114927,-0.0065114927
0.01,0.0,0.01
0.01,0.004189983,0.0058100168
0.01,0.0013544839,0.008645516
0.01,0.013004627,-0.0030046273
0.01,0.008652251,0.0013477486
0.01,0.007845815,0.0021541845
0.0,3.0530617e-05,-3.0530617e-05
0.01,0.0,0.01
0.01,0.0067103505,0.0032896493
0.01,0.0089012915,0.0010987082
0.01,0.0070013804,0.0029986193
0.01,0.007115638,0.002884362
0.0,0.009007892,-0.009007892
0.01,0.004289264,0.005710736
0.01,0.0067663137,0.003233686
0.01,0.0034909137,0.006509086
0.01,0.006403502,0.0035964977
0.01,0.007910265,0.0020897351
0.01,0.008185394,0.0018146057
0.01,0.0045158826,0.005484117
0.01,0.010507369,-0.00050736964
0.01,0.009740489,0.00025951117
0.01,0.007983421,0.0020165788
0.01,0.007418989,0.0025810106
0.01,0.005952133,0.004047867
0.01,0.008575989,0.0014240108
0.01,0.011988054,-0.0019880543
0.01,0.0065308353,0.0034691645
0.01,0.009462978,0.000537022
0.01,0.0043598358,0.005640164
0.01,0.0064053014,0.0035946984
0.01,0.005709462,0.004290538
0.01,0.008006836,0.0019931635
0.01,0.008443149,0.001556851
0.01,0.009365451,0.0006345492
0.01,0.008677665,0.0013223346
0.01,0.00678725,0.00321275
0.01,0.0046266876,0.005373312
0.01,0.008713306,0.0012866938
0.01,0.008793876,0.0012061242
0.01,0.009198699,0.00080130063
0.01,0.0086247,0.0013752999
0.01,0.0074428264,0.0025571734
0.01,0.0080432,0.0019568
0.01,0.0074144583,0.0025855415
0.01,0.005880434,0.0041195657
0.01,0.007221015,0.0027789846
0.01,0.009024262,0.00097573735
0.01,0.009606877,0.00039312243
0.01,0.008424334,0.0015756655
0.01,0.0075802384,0.0024197614
0.01,0.006810315,0.0031896848
0.01,0.006421635,0.0035783648
0.01,0.0063438974,0.0036561023
0.01,0.009490098,0.0005099019
0.01,0.008319929,0.0016800705
0.01,0.007980964,0.0020190356
0.01,0.008231363,0.0017686365
0.01,0.005765252,0.004234748
0.01,0.008730745,0.0012692548
0.01,0.007652847,0.0023471527
0.01,0.00721154,0.0027884599
0.01,0.0094801355,0.00051986426
0.01,0.0075095464,0.0024904534
0.01,0.008454943,0.0015450567
0.01,0.0069182105,0.0030817892
0.01,0.0072300453,0.0027699545
0.01,0.0063522803,0.0036477195
0.01,0.007836429,0.0021635704
0.01,0.008384682,0.0016153175
0.01,0.007345887,0.0026541129
0.01,0.009593469,0.0004065307
0.01,0.006413797,0.0035862029
0.01,0.006091453,0.0039085466
0.01,0.0067571606,0.0032428391
0.01,0.008068096,0.0019319039
0.01,0.0071083494,0.0028916504
0.01,0.007697163,0.0023028366
0.01,0.008201929,0.001798071
0.01,0.0076188482,0.0023811515
0.01,0.006755233,0.003244767
0.01,0.006041281,0.003958719
0.01,0.0064846156,0.0035153842
0.01,0.008911847,0.0010881526
0.01,0.007397854,0.002602146
0.01,0.0077490546,0.0022509452
0.01,0.0074209366,0.0025790632
0.01,0.0075270087,0.0024729911
0.01,0.0065117422,0.0034882575
0.01,0.006411301,0.0035886988
0.01,0.0073566865,0.0026433133
0.01,0.007872459,0.0021275412
0.01,0.008028815,0.0019711852
0.01,0.0073756147,0.002624385
0.01,0.00618143,0.0038185697
0.01,0.0075386204,0.0024613794
0.01,0.006291368,0.0037086317
0.01,0.0058132354,0.0041867644
0.01,0.007701,0.0022989996
0.03,0.008127401,0.021872599
0.04,0.024767257,0.015232742
0.03,0.0326993,-0.0026993025
0.03,0.025595667,0.0044043325
0.02,0.0255335,-0.0055334996
0.04,0.013656793,0.026343206
0.04,0.03663618,0.003363818
0.02,0.03586971,-0.01586971
0.03,0.016245998,0.013754001
0.01,0.02451059,-0.014510591
0.02,0.0031972136,0.016802786
0.04,0.017248038,0.02275196
0.07,0.034929633,0.035070367
0.06,0.06899857,-0.008998569
0.04,0.05285269,-0.012852691
0.03,0.040073305,-0.010073306
0.04,0.025518391,0.014481608
0.04,0.036217272,0.0037827268
0.01,0.034349896,-0.024349896
0.04,0.005119946,0.034880053
0.11,0.037378304,0.072621696
0.15,0.11365196,0.036348045
0.2,0.16054557,0.03945443
0.26,0.20616488,0.05383511
0.3,0.26388726,0.036112756
0.3,0.300715,-0.0007149875
0.31,0.2958423,0.014157712
0.35,0.30842954,0.041570455
0.35,0.34554833,0.0044516623
0.37,0.33867905,0.03132096
0.29,0.36462152,-0.07462153
0.15,0.27933064,-0.12933064
0.14,0.14718871,-0.0071887076
0.15,0.14468044,0.0053195655
0.21,0.15157942,0.05842057
0.23,0.20865488,0.021345124
0.22,0.22549798,-0.005497977
0.16,0.21630143,-0.05630143
0.1,0.15380341,-0.053803407
0.07,0.10036433,-0.030364327
0.03,0.06619089,-0.03619089
0.01,0.025731245,-0.015731245
0.01,0.0,0.01
0.01,0.0042904057,0.005709594
0.01,0.016597643,-0.0065976437
0.01,0.017369037,-0.0073690377
0.01,0.013711899,-0.0037118988
0.01,0.00727039,0.0027296096
0.01,0.006008072,0.003991928
0.01,0.0053418633,0.0046581365
0.01,0.004864769,0.0051352307
0.01,0.0049980674,0.0050019324
0.01,0.00871774,0.0012822598
0.01,0.009909464,9.053573e-05
0.01,0.006447131,0.003552869
0.01,0.0,0.01
0.01,0.005298184,0.0047018155
0.01,0.010443382,-0.0004433822
0.01,0.007437879,0.0025621206
0.01,0.00875484,0.0012451597
0.01,0.005389048,0.004610952
0.01,0.002778748,0.0072212517
0.01,0.0039653815,0.0060346182
0.01,0.0076604234,0.0023395764
0.01,0.0059583522,0.0040416475
0.01,0.0061767697,0.00382323
0.01,0.0109597035,-0.0009597037
0.01,0.01094575,-0.0009457506
0.01,0.0046255756,0.005374424
0.01,0.006638081,0.003361919
0.01,0.006760463,0.0032395367
0.01,0.0061182184,0.0038817814
0.01,0.0075621987,0.002437801
0.01,0.008045981,0.001954019
0.01,0.004809441,0.0051905587
0.01,0.01073319,-0.0007331902
0.01,0.012786084,-0.002786084
0.01,0.0051750448,0.004824955
0.01,0.0068425164,0.0031574834
0.01,0.0054552816,0.004544718
0.01,0.009854883,0.00014511682
0.01,0.009931441,6.855838e-05
0.01,0.009574013,0.00042598695
0.01,0.0076467935,0.0023532063
0.01,0.0061490024,0.0038509974
0.0,0.006454259,-0.006454259
0.01,0.0,0.01
0.01,0.009507202,0.00049279816
0.01,0.010902139,-0.0009021396
0.01,0.00794821,0.0020517893
0.01,0.0068127513,0.0031872485
0.01,0.0054711,0.0045288997
0.01,0.006104557,0.003895443
0.01,0.0103492625,-0.00034926273
0.01,0.008702851,0.0012971489
0.01,0.007976147,0.0020238524
0.01,0.009040512,0.00095948763
0.01,0.007458578,0.002541422
0.01,0.006931763,0.0030682366
0.01,0.0059255995,0.0040744003
0.01,0.0068726977,0.003127302
0.01,0.00784874,0.0021512602
0.01,0.009710781,0.0002892185
0.01,0.010400333,-0.00040033367
0.01,0.008808495,0.0011915052
0.01,0.0073914975,0.0026085023
0.03,0.0037915278,0.026208472
0.06,0.025443414,0.034556583
0.12,0.060801513,0.059198484
0.08,0.12911789,-0.049117893
0.06,0.07594652,-0.015946519
0.07,0.066135354,0.003864646
0.11,0.07361254,0.03638746
0.05,0.114550546,-0.06455055
0.07,0.04747454,0.02252546
0.11,0.08235807,0.02764193
0.14,0.11253059,0.027469411
0.16,0.15205802,0.007941976
0.16,0.16697125,-0.006971255
0.14,0.17048806,-0.030488059
0.15,0.1412202,0.008779809
0.16,0.15416889,0.0058311075
0.18,0.1643761,0.015623912
0.21,0.18427105,0.025728941
0.19,0.21382378,-0.023823783
0.19,0.18712538,0.0028746128
0.2,0.1989632,0.0010368079
0.19,0.20043139,-0.010431394
0.17,0.19159858,-0.021598577
0.16,0.16867435,-0.008674353
0.18,0.1687698,0.0112302005
0.22,0.18024528,0.03975472
0.25,0.2222293,0.027770698
0.28,0.24290414,0.03709586
0.24,0.27490008,-0.034900084
0.15,0.23169844,-0.08169843
0.08,0.1488541,-0.06885411
0.08,0.07812012,0.0018798783
0.11,0.08075067,0.029249333
0.09,0.10956582,-0.019565813
0.13,0.08681472,0.04318528
0.11,0.13999693,-0.029996932
0.09,0.10613015,-0.01613015
0.07,0.094043165,-0.024043165
0.09,0.07137568,0.01862432
0.11,0.10251603,0.0074839666
0.1,0.1038361,-0.0038360953
0.13,0.09883881,0.031161182
0.03,0.13616228,-0.10616228
0.01,0.025741715,-0.015741715
0.02,0.016803635,0.0031963643
0.06,0.015566189,0.04443381
0.1,0.06514805,0.034851953
0.07,0.09695398,-0.02695398
0.02,0.07206929,-0.052069288
0.01,0.018048868,-0.008048868
0.01,0.011806404,-0.0018064044
0.01,0.0055962894,0.0044037104
0.01,0.006293758,0.003706242
0.01,0.0,0.01
0.04,0.0065676756,0.033432323
0.04,0.035608545,0.004391454
0.03,0.040704563,-0.010704564
0.04,0.03273313,0.007266868
0.07,0.035893187,0.034106813
0.09,0.065202914,0.02479709
0.08,0.09019783,-0.010197833
0.09,0.083752304,0.0062476993
0.11,0.089697786,0.020302214
0.11,0.116170004,-0.0061700046
0.08,0.1119438,-0.031943798
0.06,0.08624783,-0.026247833
0.05,0.053933747,-0.0039337464
0.07,0.04598527,0.02401473
0.06,0.074894525,-0.014894526
0.04,0.06178067,-0.02178067
0.04,0.04065357,-0.0006535724
0.01,0.032219693,-0.022219693
0.01,0.00071484596,0.009285154
0.01,0.007358445,0.002641555
0.01,0.010042488,-4.2487867e-05
0.03,0.00825911,0.02174089
0.04,0.02330826,0.016691739
0.03,0.03377148,-0.003771482
0.02,0.03491341,-0.01491341
0.02,0.013737018,0.0062629813
0.02,0.015603691,0.004396308
0.01,0.013751299,-0.0037512993
0.01,0.008125037,0.0018749628
0.0,0.006204881,-0.006204881
0.01,0.002310589,0.007689411
0.0,0.009527615,-0.009527615
0.01,0.0,0.01
0.01,0.015911404,-0.0059114043
0.01,0.0010065064,0.008993493
0.01,0.0018636975,0.008136302
0.0,0.003358269,-0.003358269
0.01,0.00097018294,0.009029817
0.01,0.01186054,-0.0018605404
0.01,0.010111384,-0.00011138432
0.0,0.0062523615,-0.0062523615
0.0,0.0,0.0
0.01,0.0,0.01
0.0,0.008467732,-0.008467732
0.01,0.0,0.01
0.0,0.01053838,-0.01053838
0.01,0.000439452,0.009560548
0.01,0.009776471,0.0002235286
0.01,0.0040395614,0.0059604384
0.01,0.0066180257,0.003381974
0.01,0.0043700133,0.0056299865
0.01,0.011601226,-0.0016012266
0.01,0.005812058,0.0041879416
0.0,0.011621883,-0.011621883
0.01,0.0,0.01
0.01,0.011251144,-0.0012511443
0.01,0.0067585036,0.0032414962
0.01,0.005865778,0.004134222
0.01,0.0050341208,0.004965879
0.01,0.01184541,-0.0018454101
0.01,0.010365242,-0.00036524236
0.01,0.007903955,0.0020960448
0.01,0.009951945,4.8054382e-05
0.01,0.004600588,0.0053994115
0.01,0.0060032867,0.003996713
0.01,0.0081882235,0.0018117763
0.01,0.0076083876,0.0023916122
0.01,0.011522824,-0.0015228242
0.01,0.0077783074,0.0022216924
0.01,0.008370556,0.0016294438
0.01,0.0052000433,0.0047999565
0.01,0.006864695,0.003135305
0.01,0.008871861,0.001128139
0.01,0.006544657,0.0034553427
0.01,0.0091336295,0.0008663703
0.01,0.008397149,0.0016028509
0.01,0.00896268,0.0010373201
0.01,0.0074689165,0.0025310833
0.01,0.0046748035,0.0053251963
0.01,0.00752909,0.0024709096
0.01,0.008071177,0.0019288231
0.01,0.008951098,0.001048902
0.01,0.009089978,0.00091002136
0.01,0.00807796,0.0019220393
0.01,0.0074320575,0.0025679423
0.01,0.0063231643,0.0036768354
0.01,0.0053621624,0.0046378374
0.01,0.0076885447,0.002311455
0.01,0.0091773495,0.00082265027
0.0,0.00839174,-0.00839174
0.01,0.0008114446,0.009188555
0.01,0.009955727,4.4273213e-05
0.01,0.006284707,0.0037152926
0.01,0.0060262866,0.003973713
0.01,0.006961014,0.0030389857
0.01,0.00622903,0.0037709698
0.01,0.0092916405,0.0007083593
0.01,0.008200781,0.0017992184
0.01,0.009705834,0.0002941657
0.01,0.004649831,0.005350169
0.01,0.0070978627,0.002902137
0.01,0.006453912,0.003546088
0.01,0.0071408637,0.002859136
0.01,0.008725775,0.0012742244
0.02,0.0071522407,0.012847759
0.02,0.016604224,0.0033957753
0.02,0.0131844655,0.006815534
0.03,0.012762755,0.017237244
0.05,0.025842212,0.024157789
0.04,0.046941176,-0.006941177
0.07,0.03842944,0.03157056
0.13,0.074844144,0.05515585
0.1,0.13501222,-0.035012223
0.11,0.097843155,0.012156844
0.16,0.118652485,0.04134751
0.18,0.17032476,0.009675249
0.19,0.18359722,0.0064027756
0.19,0.19613062,-0.006130621
0.19,0.1943198,-0.004319802
0.17,0.19325812,-0.02325812
0.16,0.17191686,-0.011916861
0.2,0.16208865,0.037911355
0.21,0.20584255,0.004157439
0.2,0.20750962,-0.007509619
0.15,0.1985197,-0.0485197
0.13,0.15231232,-0.022312328
0.13,0.13674517,-0.0067451745
0.15,0.13016978,0.019830227
0.15,0.15135567,-0.001355663
0.17,0.15265584,0.017344162
0.15,0.17311712,-0.02311711
0.13,0.14867671,-0.018676713
0.11,0.13647324,-0.026473239
0.09,0.11278824,-0.022788234
0.07,0.09215765,-0.022157647
0.06,0.06663053,-0.0066305287
0.03,0.0581358,-0.0281358
0.01,0.02312603,-0.013126031
0.03,0.012859375,0.017140623
0.03,0.030455181,-0.00045518205
0.06,0.024776952,0.035223044
0.1,0.060021035,0.039978966
0.11,0.09767753,0.012322471
0.12,0.11209287,0.00790713
0.14,0.12238714,0.01761286
0.13,0.15061219,-0.020612195
0.11,0.12889116,-0.018891156
0.07,0.112926394,-0.042926393
0.05,0.067935765,-0.017935764
0.05,0.048245557,0.0017544441
0.02,0.048478987,-0.028478988
0.01,0.02060751,-0.010607511
0.01,0.008708166,0.0012918338
0.01,0.0033031814,0.0066968184
0.01,0.005532722,0.004467278
0.01,0.004245367,0.005754633
0.01,0.0049054213,0.0050945785
0.01,0.0,0.01
0.01,0.0029449891,0.0070550106
0.01,0.005673321,0.004326679
0.01,0.0059217783,0.0040782215
0.01,0.0055773426,0.004422657
0.01,0.008974053,0.0010259468
0.01,0.008627148,0.0013728514
0.01,0.008244042,0.0017559575
0.01,0.006430153,0.003569847
0.01,0.007586606,0.002413394
0.01,0.0067463545,0.0032536453
0.01,0.0033521429,0.006647857
0.01,0.009916307,8.369237e-05
0.01,0.0060916804,0.0039083194
0.01,0.0047741923,0.0052258074
0.01,0.0055419374,0.0044580624
0.01,0.008198816,0.0018011834
0.01,0.0070675686,0.0029324312
0.01,0.010901587,-0.0009015873
0.0,0.004963279,-0.004963279
0.01,0.00034571812,0.009654282
0.01,0.009296918,0.0007030815
0.01,0.0064074537,0.003592546
0.01,0.0072788224,0.0027211774
0.01,0.009568268,0.00043173134
0.0,0.009087492,-0.009087492
0.0,0.0,0.0
0.01,0.0013604816,0.008639518
0.01,0.0060055917,0.003994408
0.01,0.007627031,0.002372969
0.01,0.008495682,0.0015043179
0.01,0.0062241275,0.0037758723
0.01,0.006631231,0.0033687688
0.01,0.008692309,0.0013076905
0.01,0.008274114,0.001725886
0.01,0.006492166,0.003507834
0.01,0.0057020253,0.0042979745
0.02,0.007959607,0.0120403925
0.02,0.017617742,0.002382258
0.01,0.016048728,-0.006048728
0.01,0.008325868,0.0016741315
0.0,0.008170606,-0.008170606
0.01,0.0,0.01
0.02,0.007893737,0.012106262
0.05,0.016216412,0.03378359
0.04,0.048700325,-0.008700326
0.01,0.0369151,-0.026915101
0.07,0.0070523582,0.062947646
0.08,0.07414574,0.0058542565
0.08,0.07926962,0.0007303804
0.06,0.07939237,-0.019392375
0.09,0.06460127,0.025398731
0.07,0.10051206,-0.030512057
0.08,0.06557806,0.01442194
0.04,0.091141954,-0.051141955
0.04,0.035835937,0.0041640624
0.06,0.04434503,0.01565497
0.08,0.057235137,0.022764862
0.11,0.08612245,0.023877546
0.19,0.112317756,0.07768224
0.2,0.19284578,0.0071542263
0.28,0.20872642,0.07127358
0.23,0.2828224,-0.052822396
0.2,0.23084061,-0.030840605
0.19,0.20154953,-0.011549532
0.14,0.1928036,-0.052803606
0.11,0.14060363,-0.030603632
0.07,0.108161725,-0.038161725
0.12,0.07450222,0.045497775
0.05,0.12643367,-0.07643367
0.06,0.044095874,0.015904125
0.11,0.07505698,0.03494302
0.14,0.11182445,0.028175548
0.31,0.15392609,0.15607391
0.3,0.31769186,-0.01769185
0.36,0.3029405,0.057059526
0.65,0.35849988,0.2915001
0.79,0.62890923,0.16109079
0.81,0.7854799,0.0245201
0.94,0.79752773,0.14247227
0.94,0.91115475,0.02884525
0.96,0.8865849,0.0734151
0.97,0.9147165,0.055283546
0.96,0.9230326,0.036967397
0.96,0.9132479,0.046752095
0.97,0.90891784,0.061082184
0.97,0.91517925,0.054820776
0.97,0.91727734,0.052722692
0.97,0.92102563,0.048974395
0.97,0.9111026,0.058897436
0.95,0.916718,0.033281982
0.95,0.8898965,0.060103476
0.94,0.89715296,0.042847037
0.9,0.8846166,0.015383363
0.91,0.84460944,0.06539059
0.89,0.8631886,0.026811361
0.8,0.83729434,-0.03729433
0.8,0.7554029,0.04459709
0.89,0.7597554,0.13024461
0.78,0.84470737,-0.0647074
0.7,0.7229749,-0.022974908
0.65,0.6647204,-0.01472044
0.62,0.61159366,0.008406341
0.6,0.58048177,0.019518256
0.61,0.5612277,0.048772335
0.51,0.5758802,-0.06588024
0.58,0.46883565,0.11116433
0.51,0.55335647,-0.04335648
0.6,0.4678362,0.13216382
0.69,0.5752689,0.11473107
0.78,0.65092456,0.12907541
0.78,0.73800266,0.041997313
0.68,0.72744936,-0.04744935
0.71,0.6316441,0.07835585
0.6,0.6749742,-0.07497418
0.65,0.5478947,0.10210526
0.74,0.61962557,0.12037444
0.87,0.6982593,0.17174071
0.92,0.82700074,0.09299928
0.9,0.86285824,0.03714174
0.98,0.84993005,0.13006997
0.98,0.9217434,0.058256626
0.98,0.91982555,0.060174465
0.98,0.91307765,0.06692237
0.98,0.9201074,0.059892595
0.97,0.9130598,0.056940258
0.97,0.90859306,0.06140697
0.97,0.9137262,0.056273818
0.97,0.91585314,0.054146886
0.97,0.9143858,0.055614233
0.95,0.9135809,0.036419094
0.93,0.8957803,0.034219682
0.97,0.8744433,0.095556736
0.89,0.9161411,-0.026141107
0.94,0.82819295,0.11180705
0.97,0.89612436,0.073875666
0.97,0.90715355,0.06284648
0.97,0.9093717,0.060628355
0.97,0.9124956,0.057504416
0.95,0.9122726,0.037727416
0.82,0.8921151,-0.07211512
0.95,0.76812863,0.18187135
0.96,0.91071624,0.049283743
0.93,0.8940899,0.03591013
0.94,0.8707335,0.0692665
0.69,0.88599473,-0.19599473
0.44,0.634552,-0.194552
0.31,0.40779328,-0.09779328
0.74,0.29411316,0.44588685
0.93,0.7201436,0.20985639
0.57,0.9110652,-0.34106523
0.73,0.51544774,0.21455228
0.77,0.7126043,0.057395697
0.84,0.7119888,0.12801117
0.6,0.80012405,-0.20012403
0.38,0.5728901,-0.19289011
0.42,0.35438126,0.06561872
0.18,0.40392256,-0.22392255
0.09,0.15355657,-0.06355657
0.17,0.11240033,0.05759967
0.2,0.19606444,0.0039355606
0.13,0.19883713,-0.068837136
0.14,0.12786625,0.012133747
0.14,0.16130193,-0.021301925
0.04,0.13263232,-0.092632316
0.05,0.021947855,0.028052146
0.03,0.046723016,-0.016723016
0.01,0.015660997,-0.0056609977
0.0,0.0,0.0
0.01,0.009986082,1.3917685e-05
0.02,0.014381008,0.0056189913
0.01,0.028841618,-0.018841619
0.02,0.0366013,-0.016601302
0.04,0.037945345,0.002054654
0.03,0.033982083,-0.003982084
0.04,0.023837995,0.016162004
0.05,0.038626563,0.011373438
0.04,0.04883872,-0.008838721
0.03,0.030860951,-0.00086095184
0.01,0.0053065307,0.004693469
0.01,0.0065724896,0.0034275101
0.01,0.025674678,-0.015674679
0.01,0.015874054,-0.0058740545
0.02,0.011530675,0.008469325
0.05,0.006152625,0.043847375
0.03,0.06284435,-0.03284435
0.03,0.032376498,-0.0023764987
0.06,0.016390506,0.043609492
0.08,0.052557155,0.027442843
0.11,0.084246345,0.025753655
0.13,0.12227443,0.0077255666
0.12,0.1280952,-0.008095197
0.09,0.12617016,-0.036170155
0.07,0.10380578,-0.03380578
0.05,0.066057794,-0.016057793
0.08,0.051196054,0.028803945
0.14,0.08145767,0.058542334
0.18,0.1513055,0.02869451
0.24,0.17882507,0.06117493
0.2,0.24141459,-0.04141459
0.16,0.21457897,-0.054578975
0.14,0.15579955,-0.015799552
0.15,0.1527842,-0.0027841926
0.11,0.16111912,-0.05111912
0.14,0.097408734,0.042591266
0.07,0.14844744,-0.07844744
0.06,0.061415575,-0.0014155768
0.05,0.0803105,-0.0303105
0.07,0.056020156,0.013979845
0.09,0.07442472,0.015575282
0.1,0.09858127,0.0014187321
0.08,0.10212302,-0.022123024
0.08,0.07893375,0.0010662451
0.1,0.090274066,0.009725936
0.1,0.09482151,0.005178489
0.1,0.1014312,-0.0014311969
0.11,0.10057723,0.009422772
0.09,0.11899139,-0.028991386
0.09,0.091807164,-0.0018071607
0.09,0.09702246,-0.0070224553
0.09,0.09933149,-0.009331487
0.08,0.09907238,-0.019072384
0.07,0.07811338,-0.008113377
0.05,0.06394755,-0.01394755
0.04,0.058309115,-0.018309116
0.04,0.033067796,0.0069322027
0.05,0.03507839,0.014921609
0.06,0.049854502,0.010145497
0.05,0.058951154,-0.008951154
0.04,0.049468733,-0.009468734
0.04,0.03186931,0.008130688
0.05,0.04624793,0.0037520714
0.06,0.0494422,0.010557797
0.08,0.063250475,0.016749524
0.1,0.075985864,0.024014138
0.1,0.10260691,-0.002606906
0.13,0.107811406,0.022188589
0.07,0.13070525,-0.060705252
0.04,0.072672516,-0.032672517
0.01,0.040220186,-0.030220186
0.01,0.005059261,0.004940739
0.01,0.015703218,-0.0057032183
0.01,0.0018755887,0.008124411
0.01,0.012396747,-0.0023967475
0.01,0.0071354304,0.0028645694
0.01,0.007118996,0.0028810035
0.01,0.0075565306,0.0024434691
0.0,0.0026702192,-0.0026702192
0.01,0.0034335032,0.0065664966
0.01,0.0012504403,0.0087495595
0.01,0.007861363,0.002138637
0.01,0.007953327,0.0020466726
0.01,0.012079373,-0.0020793732
0.01,0.0028229281,0.0071770716
0.01,0.004459139,0.005540861
0.01,0.009834863,0.00016513653
0.01,0.013653032,-0.0036530318
0.01,0.01152622,-0.0015262198
0.01,0.0051983427,0.004801657
0.01,0.002598688,0.007401312
0.01,0.010615189,-0.00061518885
0.01,0.001654936,0.008345064
0.01,0.007929708,0.002070292
0.01,0.007994048,0.0020059515
0.01,0.0076672714,0.0023327284
0.0,0.011978919,-0.011978919
0.01,0.0,0.01
0.0,0.00934579,-0.00934579
0.01,0.0015705228,0.008429477
0.01,0.0116043035,-0.0016043037
0.01,0.0,0.01
0.0,0.009764578,-0.009764578
0.02,0.0009057764,0.019094223
0.02,0.0185457,0.0014542993
0.01,0.012073047,-0.0020730477
0.01,0.0040951073,0.0059048925
0.01,0.0071827397,0.00281726
0.0,0.008259035,-0.008259035
0.0,0.0,0.0
0.01,0.0046963915,0.0053036083
0.01,0.007896016,0.0021039834
0.01,0.0015923698,0.00840763
0.01,0.008793294,0.0012067053
0.01,0.004527269,0.005472731
0.01,0.01179689,-0.00179689
0.01,0.0045296885,0.0054703113
0.01,0.0077718925,0.0022281073
0.01,0.0038870778,0.006112922
0.01,0.007967549,0.0020324504
0.01,0.005598399,0.004401601
0.01,0.005896706,0.0041032936
0.01,0.0049219504,0.0050780494
0.01,0.007921354,0.0020786459
0.01,0.009343879,0.0006561205
0.01,0.0063634217,0.003636578
0.04,0.007416932,0.032583065
0.04,0.03350361,0.0064963885
0.02,0.029731855,-0.009731855
0.05,0.011830489,0.03816951
0.05,0.050947584,-0.00094758347
0.14,0.048971273,0.09102873
0.32,0.1532298,0.16677019
0.25,0.32822305,-0.07822305
0.2,0.25424576,-0.054245755
0.18,0.20370203,-0.023702025
0.18,0.18738519,-0.0073851794
0.15,0.17875622,-0.028756216
0.08,0.15614547,-0.07614547
0.05,0.083279714,-0.033279713
0.11,0.050252564,0.059747435
0.15,0.117697746,0.03230226
0.28,0.15609644,0.12390356
0.32,0.29289275,0.027107239
0.3,0.3178934,-0.017893374
0.29,0.29842037,-0.008420378
0.3,0.28440112,0.015598893
0.28,0.29232866,-0.0123286545
0.31,0.2685847,0.041415304
0.3,0.3010679,-0.0010678768
0.37,0.29104328,0.07895672
0.41,0.3647002,0.0452998
0.31,0.40002978,-0.090029776
0.27,0.29826653,-0.02826652
0.32,0.27427298,0.045727015
0.35,0.31196353,0.038036466
0.27,0.33721697,-0.06721696
0.42,0.25042477,0.16957521
0.39,0.4162913,-0.02629131
0.28,0.35546616,-0.075466156
0.33,0.26685193,0.06314808
0.32,0.32902527,-0.009025276
0.33,0.30131134,0.02868867
0.33,0.3103242,0.019675821
0.28,0.32467902,-0.044679016
0.43,0.27155071,0.15844929
0.58,0.4252541,0.15474588
0.8,0.55951357,0.24048644
0.89,0.80074227,0.08925772
0.85,0.8659669,-0.015966892
0.74,0.8023636,-0.062363565
0.63,0.69368064,-0.06368065
0.54,0.59303474,-0.053034723
0.53,0.51394004,0.016059935
0.5,0.49799955,0.002000451
0.66,0.4715227,0.18847734
0.55,0.62978,-0.07977998
0.58,0.5057239,0.07427609
0.67,0.55844045,0.11155957
0.63,0.64737487,-0.017374873
0.55,0.57718694,-0.02718693
0.43,0.5152978,-0.08529776
0.33,0.3958989,-0.065898895
0.45,0.30426496,0.14573503
0.4,0.4331955,-0.033195496
0.24,0.36397612,-0.12397613
0.18,0.2242952,-0.04429519
0.17,0.18248577,-0.012485772
0.11,0.15748547,-0.04748547
0.09,0.108040094,-0.01804009
0.18,0.09955037,0.08044964
0.22,0.19513276,0.024867237
0.26,0.22054805,0.03945194
0.27,0.25713915,0.012860864
0.27,0.25985575,0.0101442635
0.27,0.25713792,0.012862086
0.25,0.24562271,0.0043772906
0.34,0.2450157,0.09498431
0.34,0.33615005,0.0038499534
0.32,0.3340808,-0.014080793
0.4,0.30430552,0.09569448
0.3,0.40080225,-0.10080224
0.28,0.2847379,-0.0047379136
0.32,0.2650968,0.05490318
0.26,0.3100086,-0.050008595
0.21,0.23913041,-0.029130414
0.2,0.19792984,0.0020701587
0.21,0.20262113,0.0073788613
0.18,0.20564213,-0.025642127
0.12,0.17488249,-0.05488249
0.13,0.10960737,0.020392627
0.12,0.13156767,-0.011567675
0.14,0.12431217,0.01568783
0.12,0.13491476,-0.0149147585
0.11,0.11911331,-0.009113312
0.11,0.11992394,-0.009923942
0.1,0.114596546,-0.014596544
0.11,0.09926136,0.010738641
0.1,0.10874146,-0.008741461
0.13,0.100562856,0.02943714
0.11,0.12654473,-0.01654473
0.11,0.12206042,-0.012060419
0.17,0.1153919,0.0546081
0.14,0.16934025,-0.029340252
0.1,0.15477438,-0.05477438
0.16,0.094584085,0.06541591
0.23,0.16878398,0.061216027
0.23,0.23648964,-0.0064896345
0.26,0.22341628,0.036583707
0.23,0.26021934,-0.030219331
0.23,0.22549425,0.0045057535
0.39,0.23151384,0.15848614
0.32,0.38752562,-0.067525625
0.33,0.30722556,0.022774458
0.31,0.32836056,-0.018360555
0.34,0.29619318,0.04380682
0.3,0.33473885,-0.03473884
0.36,0.29551893,0.06448108
0.41,0.35067976,0.05932024
0.53,0.39361995,0.13638002
0.42,0.51189387,-0.09189388
0.35,0.39587837,-0.04587838
0.35,0.33765808,0.012341917
0.38,0.33710054,0.04289946
0.24,0.36309803,-0.12309803
0.22,0.22479202,-0.0047920197
0.23,0.2218955,0.008104503
0.09,0.21835719,-0.12835719
0.2,0.0815422,0.1184578
0.25,0.21855037,0.03144963
0.18,0.24715324,-0.06715323
0.31,0.18354356,0.12645644
0.13,0.3003612,-0.17036119
0.13,0.12227236,0.007727638
0.13,0.13230602,-0.0023060292
0.16,0.13909076,0.020909235
0.14,0.15496491,-0.014964908
0.22,0.1287696,0.09123039
0.2,0.22521326,-0.025213256
0.28,0.20857486,0.07142514
0.34,0.2886827,0.051317304
0.47,0.34063345,0.12936655
0.45,0.4712168,-0.02121681
0.4,0.43872744,-0.038727432
0.19,0.37652567,-0.18652567
0.15,0.17450008,-0.024500072
0.12,0.1542984,-0.034298398
0.13,0.11323943,0.016760565
0.13,0.13324553,-0.0032455325
0.16,0.1063198,0.053680196
0.15,0.17161046,-0.021610454
0.09,0.1597936,-0.0697936
0.11,0.09773818,0.012261823
0.1,0.11829664,-0.018296637
0.06,0.08174632,-0.021746319
0.05,0.053495556,-0.0034955554
0.08,0.039280362,0.040719636
0.13,0.07891887,0.05108113
0.18,0.1228662,0.05713381
0.12,0.20234194,-0.08234195
0.14,0.12266022,0.01733978
0.12,0.1514212,-0.031421207
0.15,0.12223393,0.027766079
0.12,0.16522892,-0.04522892
0.12,0.11733299,0.0026670098
0.16,0.1362717,0.023728296
0.2,0.15666027,0.04333973
0.14,0.20519333,-0.065193325
0.1,0.13375464,-0.03375464
0.04,0.10634063,-0.06634063
0.04,0.039839715,0.00016028434
0.07,0.03558509,0.03441491
0.1,0.07193443,0.02806557
0.1,0.0933906,0.0066094026
0.1,0.097352915,0.002647087
0.07,0.10727582,-0.03727582
0.06,0.059826627,0.00017337129
0.07,0.064558774,0.005441226
0.09,0.06822685,0.021773152
0.1,0.09290321,0.00709679
0.09,0.10041766,-0.010417655
0.04,0.090560004,-0.050560005
0.07,0.040359177,0.029640824
0.07,0.07557889,-0.0055788904
0.1,0.06447526,0.03552474
0.09,0.0975979,-0.0075978935
0.08,0.08770821,-0.007708214
0.08,0.09472841,-0.014728412
0.07,0.06815521,0.0018447936
0.09,0.08767423,0.0023257732
0.17,0.09918517,0.07081483
0.14,0.17240246,-0.032402456
0.14,0.12738903,0.012610972
0.22,0.15052952,0.06947048
0.16,0.22219129,-0.062191293
0.12,0.16251208,-0.04251208
0.21,0.122320585,0.08767941
0.17,0.21465386,-0.044653863
0.14,0.16855928,-0.028559282
0.18,0.14560871,0.0343913
0.14,0.18241484,-0.042414844
0.09,0.14360097,-0.053600967
0.05,0.08646932,-0.03646932
0.06,0.048199415,0.011800583
0.06,0.06332277,-0.003322769
0.07,0.0506256,0.0193744
0.08,0.070338495,0.009661503
0.02,0.08463615,-0.064636156
0.01,0.016260583,-0.006260583
0.02,0.007844329,0.012155671
0.05,0.016797641,0.033202358
0.04,0.055101484,-0.015101485
0.04,0.020627206,0.019372793
0.01,0.04250852,-0.032508522
0.0,0.0028397515,-0.0028397515
0.02,0.0037728287,0.01622717
0.02,0.023442144,-0.003442144
0.05,0.02483062,0.02516938
0.04,0.043886155,-0.0038861558
0.06,0.025835186,0.034164812
0.05,0.06318398,-0.013183977
0.03,0.05232951,-0.022329511
0.03,0.028218783,0.0017812159
0.04,0.027577188,0.012422811
0.06,0.03297466,0.027025338
0.04,0.053654656,-0.013654657
0.04,0.038040295,0.0019597039
0.03,0.040948212,-0.010948213
0.04,0.026418734,0.013581265
0.07,0.033898447,0.036101554
0.06,0.08128969,-0.021289695
0.07,0.053481184,0.016518816
0.07,0.069806196,0.0001938045
0.06,0.0752219,-0.015221905
0.06,0.06452848,-0.0045284815
0.03,0.048244163,-0.018244164
0.01,0.03071742,-0.02071742
0.01,0.005803108,0.0041968916
0.01,0.011355475,-0.0013554748
0.01,0.011630882,-0.0016308818
0.03,0.010488473,0.019511526
0.08,0.020787178,0.05921282
0.12,0.08917713,0.030822866
0.17,0.1208954,0.0491046
0.18,0.18360487,-0.003604859
0.18,0.18476076,-0.004760757
0.17,0.18444331,-0.014443308
0.08,0.17455895,-0.094558954
0.19,0.07812358,0.11187642
0.21,0.20392364,0.006076351
0.26,0.21230356,0.047696427
0.28,0.27192068,0.00807932
0.29,0.28343135,0.0065686405
0.2,0.29355544,-0.093555436
0.17,0.19086684,-0.020866841
0.15,0.17376792,-0.023767918
0.11,0.13895874,-0.028958738
0.12,0.11197003,0.008029968
0.15,0.112168446,0.03783156
0.11,0.15367287,-0.043672875
0.07,0.106206864,-0.036206864
0.04,0.080925,-0.040925004
0.02,0.036520146,-0.016520146
0.06,0.01515625,0.04484375
0.04,0.05515956,-0.015159562
0.01,0.035643503,-0.025643503
0.01,0.009249759,0.00075024087
0.01,0.0007587392,0.009241261
0.01,0.010819973,-0.00081997365
0.01,0.013841091,-0.003841091
0.01,0.004990533,0.005009467
0.07,0.00030140206,0.0696986
0.13,0.07635091,0.053649083
0.09,0.13843393,-0.04843393
0.1,0.0912939,0.0087061
0.15,0.10757919,0.04242082
0.19,0.15672132,0.033278674
0.17,0.19242834,-0.022428334
0.13,0.17289151,-0.042891517
0.07,0.13644016,-0.06644016
0.06,0.06419107,-0.0041910745
0.07,0.070752084,-0.00075208396
0.08,0.07391216,0.0060878396
0.07,0.08162953,-0.011629529
0.08,0.057253413,0.022746585
0.04,0.085744455,-0.045744456
0.03,0.032208115,-0.0022081155
0.05,0.029294206,0.020705795
0.06,0.044437476,0.015562523
0.06,0.056941874,0.0030581243
0.02,0.056248292,-0.036248293
0.0,0.016833514,-0.016833514
0.01,0.00701801,0.0029819896
0.01,0.00258868,0.0074113198
0.01,0.008885942,0.0011140574
0.02,0.004920492,0.015079508
0.01,0.017230688,-0.007230688
0.01,0.0021882597,0.00781174
0.01,0.009684568,0.0003154315
0.01,0.010680321,-0.0006803209
0.03,0.0091089755,0.020891024
0.02,0.020849172,-0.0008491725
0.01,0.012643085,-0.002643085
0.0,0.0025663693,-0.0025663693
0.01,0.005464675,0.004535325
0.0,0.014787983,-0.014787983
0.01,0.0,0.01
0.01,0.0076007303,0.0023992695
0.01,4.6167523e-05,0.009953832
0.0,0.015250742,-0.015250742
0.01,0.0,0.01
0.03,0.0077410387,0.02225896
0.03,0.024970306,0.0050296932
0.04,0.022167888,0.017832112
0.07,0.033090368,0.036909632
0.08,0.071106896,0.008893102
0.06,0.08349405,-0.023494054
0.02,0.05860641,-0.03860641
0.01,0.020842422,-0.010842422
0.01,0.0074159224,0.0025840774
0.02,0.0,0.02
0.01,0.021123072,-0.011123072
0.01,0.009435408,0.00056459196
0.01,0.006347522,0.0036524776
0.01,0.012955951,-0.0029559508
0.01,0.008398121,0.0016018786
0.06,0.0074291695,0.052570827
0.08,0.05140023,0.028599769
0.05,0.084335,-0.034335
0.02,0.04258716,-0.022587162
0.01,0.026149753,-0.016149754
0.01,0.010114216,-0.00011421647
0.01,0.0071247052,0.0028752945
0.01,0.010138841,-0.00013884157
0.01,0.0049751364,0.0050248634
0.01,0.006143786,0.0038562138
0.01,0.009343815,0.00065618474
0.01,0.010032228,-3.2228418e-05
0.01,0.0076239873,0.0023760125
0.01,0.0037714858,0.006228514
0.01,0.0029999,0.0070001
0.01,0.0068193227,0.003180677
0.01,0.00459365,0.00540635
0.01,0.009372512,0.0006274879
0.0,0.011122292,-0.011122292
0.01,3.9445236e-05,0.009960555
0.01,0.003865106,0.0061348937
0.01,0.011423565,-0.0014235657
0.01,0.010570922,-0.00057092216
0.01,0.0048891474,0.0051108524
0.01,0.006265275,0.0037347246
0.0,0.008463722,-0.008463722
0.01,0.0,0.01
0.01,0.008301427,0.0016985731
0.01,0.005389925,0.0046100747
0.01,0.0093581695,0.00064183027
0.01,0.008376877,0.001623123
0.01,0.0088215,0.0011784993
0.01,0.004499465,0.0055005345
0.01,0.007856713,0.002143287
0.01,0.009203089,0.0007969104
0.01,0.0063009504,0.0036990494
0.01,0.008262936,0.0017370638
0.01,0.007627437,0.002372563
0.01,0.0107771475,-0.0007771477
0.01,0.003049964,0.0069500357
0.01,0.007725574,0.0022744257
0.01,0.00907506,0.0009249402
0.01,0.008977667,0.0010223323
0.01,0.0055631287,0.004436871
0.01,0.009671801,0.000328199
0.01,0.005242044,0.0047579557
0.01,0.005798852,0.0042011477
0.0,0.0078556985,-0.0078556985
0.01,0.001055589,0.008944411
0.01,0.0099547915,4.520826e-05
0.01,0.0065654116,0.0034345882
0.01,0.0059742983,0.0040257014
0.01,0.0066986326,0.0033013672
0.01,0.010061888,-6.188825e-05
0.01,0.006118073,0.0038819266
0.01,0.0072864424,0.0027135573
0.01,0.008686712,0.0013132878
0.01,0.007219486,0.0027805138
0.01,0.0078062527,0.002193747
0.01,0.0080743,0.0019256994
0.01,0.0061467923,0.0038532075
0.01,0.008463388,0.0015366115
0.01,0.006272817,0.0037271827
0.01,0.0056599947,0.004340005
0.01,0.006755312,0.0032446878
0.01,0.009538591,0.00046140887
0.01,0.0064927675,0.0035072323
0.01,0.006354494,0.0036455058
0.01,0.0072123576,0.0027876422
0.03,0.007927747,0.022072252
0.08,0.024860457,0.05513954
0.1,0.076891616,0.023108386
0.1,0.10210335,-0.002103351
0.15,0.10107676,0.048923247
0.17,0.15983115,0.01016885
0.21,0.17422475,0.035775244
0.22,0.21513873,0.0048612654
0.2,0.2253364,-0.0253364
0.2,0.20076083,-0.0007608235
0.18,0.20327567,-0.023275658
0.16,0.18314464,-0.023144647
0.18,0.16426606,0.015733942
0.21,0.18630098,0.023699015
0.22,0.21070899,0.009291008
0.18,0.21679579,-0.03679578
0.17,0.18112826,-0.011128262
0.16,0.17188361,-0.011883616
0.14,0.15898912,-0.018989116
0.1,0.13892066,-0.038920663
0.08,0.09925635,-0.019256353
0.07,0.07853327,-0.008533269
0.07,0.06580035,0.004199654
0.05,0.07039002,-0.020390023
0.06,0.04856392,0.011436079
0.07,0.06334673,0.0066532716
0.08,0.0676292,0.012370795
0.1,0.079513766,0.020486236
0.1,0.108117126,-0.008117124
0.14,0.10331352,0.03668648
0.16,0.14657836,0.01342164
0.14,0.1637596,-0.023759604
0.18,0.14215598,0.037844032
0.2,0.18813564,0.011864364
0.18,0.20199272,-0.021992713
0.16,0.18133391,-0.021333918
0.1,0.16684376,-0.066843756
0.05,0.10128376,-0.051283758
0.01,0.051069856,-0.041069858
0.01,0.012462383,-0.0024623834
0.01,0.008598136,0.001401864
0.01,0.005043598,0.004956402
0.01,0.0063375216,0.0036624782
0.01,0.0077592283,0.0022407714
0.01,0.006159126,0.003840874
0.01,0.0035506655,0.0064493343
0.01,0.0032019522,0.0067980476
0.01,0.0071498435,0.0028501563
0.01,0.0,0.01
0.01,0.004202647,0.0057973526
0.01,0.013979361,-0.0039793616
0.01,0.008820623,0.0011793766
0.01,0.006421484,0.0035785157
0.01,0.007763926,0.0022360738
0.02,0.006265113,0.013734886
0.01,0.016530683,-0.0065306835
0.01,0.005688104,0.004311896
0.01,0.007890564,0.0021094354
0.01,0.0038351305,0.0061648693
0.01,0.005697664,0.004302336
0.01,0.00773702,0.0022629797
0.01,0.005149763,0.0048502367
0.01,0.008442995,0.0015570046
0.01,0.006485034,0.003514966
0.01,0.010434782,-0.00043478236
0.01,0.00831246,0.0016875397
0.01,0.00874334,0.0012566596
0.01,0.0057670455,0.0042329542
0.01,0.008126425,0.0018735752
0.01,0.005538091,0.0044619087
0.01,0.007946657,0.0020533428
0.01,0.0064115776,0.0035884222
0.01,0.008553551,0.0014464492
0.01,0.008693723,0.0013062768
0.01,0.0065593515,0.0034406483
0.01,0.005821338,0.004178662
0.01,0.007387165,0.0026128348
0.0,0.00636576,-0.00636576
0.01,0.0,0.01
0.05,0.0076267645,0.042373236
0.03,0.04736992,-0.01736992
0.02,0.027715508,-0.0077155083
0.01,0.019741246,-0.009741247
0.01,0.0064323973,0.0035676025
0.01,0.0071158577,0.002884142
0.01,0.008876416,0.0011235839
0.02,0.012322977,0.0076770224
0.1,0.013761249,0.08623875
0.12,0.105864406,0.014135592
0.16,0.12545253,0.034547463
0.2,0.16623987,0.03376013
0.15,0.20546149,-0.05546148
0.15,0.15008289,-8.288026e-05
0.16,0.15930714,0.0006928593
0.14,0.16755803,-0.027558029
0.13,0.13827512,-0.008275121
0.15,0.13249613,0.017503873
0.2,0.1602896,0.039710402
0.09,0.20410024,-0.11410023
0.08,0.08847797,-0.008477971
0.09,0.094468206,-0.0044682026
0.05,0.09234458,-0.04234458
0.06,0.046064883,0.013935115
0.05,0.057514675,-0.007514674
0.08,0.05158122,0.02841878
0.08,0.08289217,-0.0028921738
0.07,0.07775529,-0.007755287
0.07,0.07464501,-0.0046450123
0.15,0.07380673,0.07619327
0.36,0.15910581,0.2008942
0.69,0.37972292,0.31027707
0.86,0.6961224,0.1638776
0.85,0.85103333,-0.0010333061
0.8,0.8428471,-0.042847097
0.79,0.76460546,0.025394559
0.73,0.75465405,-0.02465403
0.7,0.6983284,0.0016716123
0.73,0.6728681,0.057131946
0.67,0.6945778,-0.024577796
0.69,0.62716454,0.062835455
0.65,0.6649004,-0.014900446
0.58,0.6269212,-0.046921194
0.53,0.5510084,-0.021008432
0.56,0.49627066,0.063729346
0.71,0.524625,0.18537498
0.72,0.66383296,0.056167066
0.65,0.6667489,-0.016748905
0.53,0.6025405,-0.07254052
0.56,0.49866843,0.06133157
0.47,0.52981615,-0.05981615
0.47,0.43725455,0.03274545
0.38,0.44671458,-0.066714585
0.38,0.35212806,0.027871937
0.39,0.3728367,0.017163277
0.41,0.3703841,0.0396159
0.36,0.39407837,-0.03407836
0.37,0.33759886,0.032401145
0.45,0.35503545,0.094964534
0.5,0.42275906,0.077240944
0.49,0.46720684,0.022793174
0.27,0.45697197,-0.18697196
0.13,0.24216561,-0.112165615
0.07,0.12578051,-0.055780508
0.05,0.08582906,-0.035829056
0.03,0.0486295,-0.0186295
0.0,0.016452288,-0.016452288
0.01,0.006293768,0.0037062317
0.01,0.021360671,-0.011360671
0.01,0.023922615,-0.013922615
0.01,0.019419154,-0.009419154
0.01,0.006015108,0.003984892
0.01,0.0,0.01
0.01,0.0,0.01
0.01,0.00054015964,0.00945984
0.01,0.0037792735,0.0062207263
0.01,0.003471939,0.006528061
0.01,0.008474121,0.0015258789
0.01,0.0145839155,-0.0045839157
0.01,0.0,0.01
0.01,0.0037876274,0.0062123723
0.01,0.0034962948,0.006503705
0.01,0.01022515,-0.00022515003
0.01,0.001096705,0.008903295
0.01,0.006418245,0.0035817549
0.01,0.0,0.01
0.01,0.0026249196,0.00737508
0.01,0.00871419,0.00128581
0.01,0.011354674,-0.0013546739
0.01,0.009883188,0.000116812065
0.01,0.004174089,0.0058259107
0.01,0.010239272,-0.0002392726
0.02,0.010196038,0.009803962
0.07,0.019634798,0.050365202
0.07,0.06013178,0.0098682195
0.06,0.06062752,-0.0006275214
0.06,0.062288165,-0.0022881664
0.05,0.07088472,-0.020884719
0.05,0.049977265,2.2735447e-05
0.08,0.0523531,0.0276469
0.07,0.086725645,-0.016725644
0.07,0.06927251,0.0007274896
0.1,0.07009198,0.029908024
0.12,0.10214406,0.017855935
0.09,0.12911989,-0.039119884
0.03,0.09505533,-0.065055326
0.04,0.032278687,0.0077213123
0.08,0.043986768,0.03601323
0.08,0.079578884,0.00042111427
0.1,0.07743043,0.022569574
0.14,0.10518922,0.03481078
0.1,0.14966811,-0.04966811
0.1,0.097312875,0.0026871264
0.08,0.11581808,-0.035818085
0.09,0.08591534,0.0040846616
0.12,0.09107775,0.028922245
0.12,0.11739056,0.0026094392
0.16,0.12747169,0.03252831
0.14,0.17003827,-0.030038267
0.13,0.14577812,-0.015778124
0.13,0.13476613,-0.0047661364
0.22,0.13645099,0.08354901
0.21,0.22532387,-0.015323877
0.25,0.20539404,0.044605955
0.28,0.25466922,0.025330782
0.24,0.27672642,-0.03672643
0.18,0.23564015,-0.055640146
0.12,0.18139087,-0.06139087
0.1,0.12446715,-0.024467148
0.12,0.09293318,0.02706682
0.21,0.1185171,0.09148289
0.4,0.21681744,0.18318257
0.51,0.4112798,0.09872019
0.47,0.5145263,-0.04452631
0.3,0.462317,-0.16231698
0.29,0.28715762,0.0028423667
0.36,0.28334376,0.07665625
0.34,0.34366238,-0.0036623776
0.3,0.31990725,-0.019907236
0.33,0.29820418,0.03179583
0.52,0.33083248,0.1891675
0.41,0.5250133,-0.11501333
0.39,0.38436443,0.0056355596
0.3,0.39486584,-0.09486583
0.29,0.2821598,0.007840186
0.42,0.273282,0.146718
0.27,0.39965838,-0.12965837
0.29,0.25583878,0.03416121
0.72,0.28765744,0.4323426
0.98,0.6917646,0.28823543
0.12,0.99104285,-0.87104285
0.07,0.14105313,-0.071053125
0.08,0.12631454,-0.046314538
0.05,0.07122024,-0.02122024
0.03,0.06933912,-0.039339118
0.02,0.025918128,-0.0059181284
0.05,0.016611194,0.03338881
0.02,0.07615303,-0.056153033
0.02,0.044699572,-0.024699572
0.0,0.055924505,-0.055924505
0.01,0.0051576775,0.0048423223
0.0,0.004880948,-0.004880948
0.03,0.03990286,-0.009902859
0.11,0.043687545,0.066312455
0.09,0.10084244,-0.010842435
0.06,0.07629032,-0.016290318
0.05,0.06066502,-0.010665018
0.02,0.06845904,-0.048459042
0.0,0.024807233,-0.024807233
0.0,0.05015655,-0.05015655
0.01,0.0,0.01
0.01,0.03353071,-0.023530709
0.01,0.048522778,-0.03852278
0.01,0.02987733,-0.01987733
0.01,0.0,0.01
0.01,0.0,0.01
0.01,0.01877905,-0.008779051
0.01,0.008681495,0.001318505
0.01,0.03199228,-0.02199228
0.01,0.0,0.01
0.01,0.009904653,9.534694e-05
0.01,0.029839048,-0.019839048
0.01,0.030594492,-0.020594493
0.0,0.002103664,-0.002103664
0.01,0.0,0.01
0.01,0.012818504,-0.0028185043
0.02,0.03535162,-0.01535162
0.02,0.0071722716,0.012827728
0.04,0.03575123,0.004248768
0.03,0.04571563,-0.01571563
0.01,0.030909322,-0.020909322
0.01,0.01541285,-0.0054128505
0.01,0.022235692,-0.012235692
0.01,0.0,0.01
0.01,0.0018079206,0.008192079
0.01,0.035435744,-0.025435744
0.01,0.0004287269,0.009571273
0.01,0.021106452,-0.011106452
0.01,0.0,0.01
0.01,0.015686844,-0.005686844
0.01,0.014056398,-0.004056398
0.02,0.023014652,-0.003014652
0.08,0.013561161,0.06643884
0.04,0.082939684,-0.042939685
0.02,0.046964314,-0.026964314
0.01,0.01732216,-0.0073221605
0.0,0.003700953,-0.003700953
0.0,0.014111526,-0.014111526
0.01,0.0050912965,0.0049087033
0.0,0.009151766,-0.009151766
0.02,0.0,0.02
0.09,0.022504406,0.0674956
0.06,0.09265986,-0.032659862
0.12,0.07448854,0.045511454
0.09,0.121115595,-0.031115592
0.07,0.09098993,-0.020989932
0.02,0.09150609,-0.07150608
0.01,0.007150959,0.0028490406
0.01,0.026951166,-0.016951166
0.01,0.0019105524,0.008089447
0.01,0.008024652,0.0019753482
0.01,0.01899958,-0.0089995805
0.03,0.021544147,0.008455852
0.02,0.027241603,-0.007241603
0.01,0.027347472,-0.017347472
0.01,0.006135433,0.0038645668
0.0,0.0,0.0
0.01,0.0032812469,0.006718753
0.01,0.008172327,0.001827673
0.04,0.015364125,0.024635874
0.12,0.027246341,0.092753656
0.06,0.14469615,-0.084696144
0.11,0.054827735,0.055172265
0.07,0.12498768,-0.054987676
0.11,0.06783576,0.042164236
0.05,0.1319433,-0.0819433
0.02,0.05280348,-0.03280348
0.0,0.026871681,-0.026871681
0.0,0.0,0.0
0.01,0.009104563,0.00089543685
0.01,0.01686689,-0.006866891
0.01,0.01151714,-0.0015171403
0.01,0.0010138098,0.00898619
0.01,0.008329265,0.001670735
0.01,0.028961923,-0.018961923
0.01,0.0,0.01
0.01,0.0013435818,0.008656418
0.01,0.0,0.01
0.01,0.016758133,-0.006758133
0.01,0.0,0.01
0.01,0.013292196,-0.0032921964
0.01,0.013200743,-0.0032007433
0.01,0.01939384,-0.009393841
0.01,0.00032380782,0.009676192
0.01,0.0044782776,0.005521722
0.01,0.007566141,0.0024338588
0.01,0.008181924,0.0018180758
0.01,0.008993664,0.001006336
0.01,0.0051633064,0.0048366934
0.01,0.009108615,0.00089138467
0.01,0.006790017,0.003209983
0.01,0.01465,-0.0046500005
0.01,0.0042674337,0.005732566
0.01,0.0096039325,0.00039606728
0.01,0.005294133,0.004705867
0.01,0.012535921,-0.0025359215
0.03,0.0,0.03
0.02,0.03721993,-0.01721993
0.04,0.012619669,0.02738033
0.06,0.03772852,0.02227148
0.12,0.047696684,0.07230331
0.19,0.13439667,0.055603325
0.21,0.20691699,0.0030830055
0.23,0.21298933,0.017010674
0.23,0.23179059,-0.0017905831
0.23,0.2302116,-0.00021159649
0.22,0.23080063,-0.01080063
0.16,0.21765946,-0.057659462
0.21,0.15918778,0.050812215
0.09,0.21747391,-0.1274739
0.17,0.08609979,0.08390021
0.15,0.18572205,-0.035722047
0.13,0.1509031,-0.02090311
0.18,0.13680547,0.043194532
0.44,0.18356793,0.25643206
0.75,0.44794366,0.30205634
0.98,0.7549567,0.2250433
0.79,0.95774674,-0.16774672
0.75,0.7740941,-0.024094105
0.69,0.7200564,-0.030056417
0.63,0.6522064,-0.022206426
0.37,0.5981239,-0.2281239
0.49,0.35236743,0.13763258
0.48,0.48754925,-0.007549256
0.53,0.44729388,0.082706094
0.46,0.514542,-0.054541975
0.55,0.4513085,0.09869152
0.46,0.53977203,-0.079772025
0.44,0.42212367,0.017876327
0.19,0.40915072,-0.21915072
0.2,0.1662155,0.03378451
0.21,0.19150521,0.018494785
0.39,0.18866736,0.20133263
0.56,0.3889084,0.17109162
0.4,0.58331877,-0.18331876
0.29,0.35963315,-0.069633156
0.27,0.28746837,-0.017468363
0.22,0.25702012,-0.037020117
0.25,0.21295542,0.037044585
0.26,0.24141882,0.018581167
0.11,0.27221555,-0.16221555
0.08,0.080281116,-0.00028111786
0.02,0.09944129,-0.079441294
0.01,0.043532126,-0.033532128
0.01,0.023246156,-0.013246156
0.01,0.0,0.01
0.01,0.0059762113,0.0040237885
0.01,0.00667982,0.0033201799
0.01,0.020103104,-0.010103105
0.01,0.020920753,-0.010920754
0.01,0.0,0.01
0.01,0.0,0.01
0.01,0.0,0.01
0.01,0.021286389,-0.011286389
0.01,0.0,0.01
0.0,0.0135533055,-0.0135533055
0.01,0.020141976,-0.010141976
0.01,0.022545774,-0.012545774
0.01,0.0,0.01
0.01,0.0023690052,0.0076309945
0.01,0.0038991775,0.0061008222
0.01,0.008331565,0.0016684346
0.01,0.008020948,0.001979052
0.01,0.005204955,0.0047950447
0.01,0.007989291,0.0020107087
0.06,0.004554635,0.055445366
0.14,0.0604961,0.0795039
0.14,0.15080778,-0.010807782
0.29,0.13930531,0.15069468
0.54,0.29647112,0.2435289
0.56,0.54930687,0.010693133
0.61,0.56973326,0.040266752
0.39,0.6016232,-0.21162319
0.49,0.36811352,0.12188649
0.36,0.4977094,-0.13770938
0.48,0.33880794,0.14119205
0.52,0.48686028,0.033139706
0.7,0.4974578,0.20254219
0.65,0.67943245,-0.029432476
0.39,0.62095696,-0.23095697
0.36,0.37900814,-0.01900813
0.29,0.3460289,-0.056028903
0.33,0.2661267,0.06387332
0.35,0.30099297,0.04900703
0.26,0.33825248,-0.078252494
0.22,0.25008348,-0.030083477
0.29,0.21519798,0.07480201
0.67,0.29682142,0.3731786
0.95,0.6885886,0.26141137
0.98,0.9515892,0.028410792
0.98,0.96266025,0.017339766
0.98,0.96171534,0.018284678
0.98,0.9125878,0.0674122
0.97,0.9279022,0.042097807
0.96,0.9103284,0.04967159
0.88,0.91317904,-0.033179045
0.75,0.8116746,-0.061674595
0.86,0.71754754,0.14245248
0.93,0.8383305,0.0916695
0.97,0.88346756,0.08653247
0.97,0.915826,0.054174006
0.97,0.90527624,0.06472379
0.98,0.9114163,0.06858373
0.98,0.9094664,0.07053363
0.98,0.91878796,0.061212063
0.97,0.91284764,0.05715239
0.97,0.9166141,0.053385913
0.96,0.91288,0.047119975
0.9,0.90708953,-0.0070895553
0.95,0.8497749,0.10022509
0.9,0.90132093,-0.0013209581
0.63,0.84471405,-0.21471405
0.83,0.57930946,0.25069052
0.93,0.8099693,0.1200307
0.88,0.86795604,0.012043953
0.97,0.82355404,0.14644599
0.97,0.9195826,0.050417423
0.97,0.9033483,0.0666517
0.93,0.9085925,0.021407485
0.92,0.87386215,0.04613787
0.91,0.86666995,0.043330073
0.86,0.8545108,0.00548923
0.91,0.79770863,0.112291396
0.96,0.8642179,0.0957821
0.85,0.90545475,-0.05545473
0.67,0.7891017,-0.1191017
0.46,0.6289624,-0.16896239
0.42,0.42733356,-0.0073335767
0.37,0.40176362,-0.031763613
0.29,0.33487344,-0.044873446
0.26,0.2702678,-0.010267824
0.23,0.2550897,-0.025089696
0.21,0.21833725,-0.008337259
0.18,0.19280647,-0.01280646
0.14,0.17608304,-0.036083043
0.17,0.12993737,0.040062636
0.16,0.16230111,-0.0023011118
0.13,0.15120041,-0.021200418
0.12,0.12392862,-0.003928624
0.11,0.11958412,-0.009584121
0.1,0.09964876,0.00035124272
0.14,0.089963675,0.050036326
0.16,0.14305604,0.016943961
0.14,0.15749319,-0.017493188
0.1,0.13688414,-0.036884136
0.09,0.099573545,-0.009573542
0.1,0.10610682,-0.006106816
0.09,0.10305044,-0.013050437
0.06,0.07214636,-0.012146365
0.07,0.050912753,0.019087248
0.04,0.06138406,-0.02138406
0.06,0.024861975,0.035138026
0.05,0.06011737,-0.010117371
0.02,0.04900801,-0.029008012
0.01,0.012474783,-0.002474783
0.01,0.0,0.01
0.0,0.013330992,-0.013330992
0.01,0.0,0.01
0.01,0.00504482,0.00495518
0.02,0.000573352,0.019426648
0.01,0.013957423,-0.0039574234
0.01,0.008616834,0.0013831658
0.01,0.008635478,0.0013645217
0.01,0.0025867112,0.0074132886
0.01,0.00458136,0.0054186396
0.01,0.004874006,0.005125994
0.01,0.0065591857,0.003440814
0.01,0.0008597523,0.0091402475
0.01,0.0051761772,0.0048238225
0.01,0.01100578,-0.00100578
0.01,0.009252156,0.00074784365
0.01,0.009100223,0.0008997768
0.01,0.005061088,0.0049389116
0.01,0.0072480543,0.0027519455
0.01,0.009432055,0.0005679447
0.01,0.008808799,0.0011912007
0.03,0.0141059365,0.015894063
0.06,0.022167636,0.037832364
0.09,0.055249028,0.034750976
0.16,0.09029755,0.06970245
0.58,0.1700783,0.40992168
0.98,0.5786384,0.40136164
0.98,0.95337594,0.026624084
0.96,0.9700494,-0.010049403
0.7,0.9370395,-0.2370395
0.58,0.6529659,-0.07296592
0.6,0.5552181,0.044781923
0.8,0.5805441,0.2194559
0.92,0.7738956,0.1461044
0.86,0.8779886,-0.017988563
0.92,0.80518705,0.11481297
0.97,0.8881897,0.081810355
0.98,0.9301131,0.049886942
0.98,0.9234075,0.056592524
0.97,0.92088556,0.049114466
0.97,0.89974076,0.07025927
0.97,0.9016212,0.068378806
0.97,0.9125447,0.0574553
0.97,0.91298217,0.057017863
0.97,0.9190414,0.050958633
0.97,0.9162535,0.05374652
0.97,0.92167944,0.04832059
0.97,0.91683525,0.05316478
0.97,0.9168507,0.053149343
0.97,0.91475844,0.055241585
0.97,0.91866606,0.051333964
0.97,0.91128004,0.058719993
0.96,0.91402817,0.04597181
0.97,0.899652,0.070348024
0.96,0.91216606,0.04783392
0.95,0.90190905,0.048090935
0.97,0.8941727,0.0758273
0.97,0.9177909,0.05220914
0.97,0.9135889,0.056411147
0.96,0.9148456,0.045154393
0.97,0.8999696,0.07003045
0.97,0.910491,0.05950904
0.97,0.9099964,0.06000364
0.95,0.91276,0.03723997
0.95,0.8926381,0.0573619
0.95,0.8956957,0.0543043
0.93,0.8951514,0.03484863
0.97,0.87259305,0.09740698
0.95,0.91492707,0.035072923
0.93,0.8904567,0.03954333
0.93,0.8732945,0.056705534
0.97,0.8746413,0.09535873
0.97,0.91320527,0.056794763
0.97,0.9099223,0.060077727
0.96,0.9119307,0.0480693
0.93,0.90170354,0.02829647
0.9,0.8727378,0.027262151
0.91,0.84632576,0.06367427
0.81,0.85899943,-0.04899943
0.89,0.7552912,0.13470876
0.93,0.8471747,0.0828253
0.97,0.8719696,0.09803045
0.96,0.90951914,0.050480843
0.94,0.9007919,0.039208114
0.9,0.8820214,0.017978549
0.92,0.84588104,0.07411897
0.96,0.867093,0.09290695
0.85,0.90367794,-0.053677917
0.8,0.78695196,0.013048053
0.79,0.75546837,0.034531653
0.85,0.7452382,0.10476184
0.94,0.8049969,0.13500309
0.69,0.88447565,-0.19447565
0.72,0.63050336,0.08949667
0.6,0.69161475,-0.09161472
0.47,0.55311346,-0.08311346
0.43,0.4340496,-0.004049599
0.37,0.4057296,-0.035729587
0.18,0.34300464,-0.16300464
0.2,0.16002421,0.039975792
0.18,0.20418775,-0.024187744
0.13,0.16729309,-0.03729309
0.09,0.12398926,-0.033989258
0.09,0.07938765,0.010612354
0.08,0.098234735,-0.018234737
0.06,0.065155454,-0.0051554553
0.04,0.051342435,-0.011342436
0.03,0.026135232,0.003864767
0.01,0.029950114,-0.019950114
0.02,0.0,0.02
0.25,0.009403882,0.24059612
0.29,0.2674209,0.022579104
0.28,0.28702015,-0.0070201457
0.46,0.29620653,0.16379347
0.39,0.44238234,-0.05238235
0.32,0.38413852,-0.06413853
0.32,0.2970922,0.022907794
0.62,0.32218438,0.29781562
0.68,0.60910976,0.07089025
0.82,0.66225827,0.15774173
0.76,0.8017351,-0.041735113
0.71,0.7152777,-0.0052776933
0.78,0.67390645,0.106093526
0.68,0.7530335,-0.07303351
0.59,0.6437867,-0.053786755
0.82,0.5512687,0.2687313
0.97,0.7821947,0.18780535
0.91,0.9258319,-0.015831888
0.86,0.8530415,0.0069584846
0.91,0.8184968,0.0915032
0.98,0.8629184,0.11708164
0.97,0.92552304,0.044476986
0.96,0.9055538,0.05444616
0.98,0.91021645,0.06978357
0.98,0.91943866,0.06056136
0.98,0.91804194,0.061958075
0.97,0.9187608,0.051239252
0.98,0.92703575,0.05296427
0.98,0.9190105,0.0609895
0.98,0.9249048,0.055095196
0.98,0.9210664,0.058933616
0.98,0.9279436,0.05205643
0.97,0.92271847,0.047281563
0.97,0.91668075,0.053319275
0.97,0.914675,0.05532503
0.98,0.9107156,0.06928444
0.98,0.9222224,0.057777643
0.98,0.92040783,0.059592187
0.94,0.9209647,0.01903528
0.97,0.8813949,0.088605106
0.97,0.9225448,0.04745525
0.97,0.91242504,0.057574987
0.85,0.910956,-0.060956
0.77,0.7917107,-0.021710694
0.78,0.7273821,0.052617848
0.72,0.7401272,-0.020127177
0.75,0.6700103,0.07998967
0.49,0.71090347,-0.22090346
0.34,0.44119152,-0.10119152
0.84,0.32702565,0.5129743
0.91,0.82607365,0.08392638
0.96,0.8748876,0.08511239
0.94,0.9339551,0.0060449243
0.97,0.88501126,0.08498877
0.96,0.90570915,0.05429083
0.97,0.8953715,0.07462853
0.91,0.9161521,-0.0061520934
0.98,0.8506511,0.12934893
0.97,0.91553694,0.05446309
0.9,0.9032966,-0.0032966137
0.95,0.8516011,0.098398864
0.95,0.9087504,0.041249573
0.96,0.8903432,0.06965679
0.93,0.9058397,0.024160326
0.94,0.86906445,0.07093555
0.95,0.8880601,0.061939895
0.95,0.88544095,0.06455904
0.95,0.8920676,0.057932377
0.97,0.89060146,0.07939857
0.97,0.9134713,0.056528747
0.94,0.9074333,0.032566726
0.97,0.8866794,0.08332062
0.97,0.909987,0.060013056
0.97,0.91756344,0.05243659
0.97,0.91154623,0.0584538
0.97,0.9145164,0.05548364
0.97,0.9121207,0.05787933
0.97,0.9116799,0.058320105
0.97,0.91377574,0.056224287
0.97,0.90951884,0.06048119
0.97,0.9108615,0.059138536
0.97,0.9100543,0.059945703
0.98,0.9173498,0.0626502
0.98,0.92174387,0.05825615
0.97,0.9203038,0.049696207
0.97,0.907266,0.06273401
0.97,0.9152664,0.054733634
0.98,0.9135034,0.06649661
0.97,0.9188791,0.051120937
0.98,0.9116852,0.06831479
0.97,0.9239459,0.046054125
0.9,0.9103008,-0.010300815
0.91,0.8438933,0.06610674
0.98,0.86245036,0.11754966
0.98,0.92342544,0.056574583
0.98,0.91670394,0.06329608
0.98,0.9201697,0.059830308
0.98,0.92121714,0.058782876
0.98,0.92257786,0.05742216
0.98,0.92087317,0.059126854
0.98,0.92040634,0.059593678
0.98,0.92079854,0.05920148
0.98,0.91935015,0.06064987
0.98,0.9222859,0.057714105
0.98,0.9221009,0.057899117
0.98,0.921811,0.058189034
0.98,0.92123413,0.05876589
0.98,0.9216329,0.058367133
0.98,0.921892,0.05810803
0.98,0.921335,0.058665037
0.98,0.9211601,0.058839917
0.98,0.9221406,0.05785942
0.98,0.92065465,0.059345365
0.98,0.9214963,0.058503747
0.98,0.92147714,0.05852288
0.98,0.92095715,0.05904287
0.98,0.92111576,0.058884263
0.98,0.9218568,0.0581432
0.98,0.9213644,0.058635592
0.98,0.9225007,0.05749929
0.98,0.9216391,0.058360934
0.98,0.92083514,0.05916488
0.98,0.92166686,0.05833316
0.98,0.921095,0.058905005
0.98,0.9211067,0.058893323
0.98,0.92165554,0.058344483
0.92,0.9219104,-0.0019103885
0.94,0.86234784,0.07765216
0.95,0.8887538,0.061246216
0.93,0.8925977,0.03740233
0.96,0.87267774,0.087322235
0.96,0.906471,0.053528965
0.92,0.8997414,0.020258605
0.93,0.8630408,0.0669592
0.49,0.87850773,-0.38850772
0.26,0.42947435,-0.16947436
0.33,0.25127873,0.078721285
0.46,0.32324293,0.13675708
0.46,0.42784417,0.03215584
0.26,0.43769306,-0.17769307
0.32,0.25016743,0.06983256
0.37,0.33283746,0.037162542
0.47,0.34523278,0.124767214
0.4,0.45428017,-0.05428016
0.3,0.38471654,-0.08471653
0.16,0.28388962,-0.123889625
0.15,0.12821606,0.021783948
0.13,0.15461315,-0.024613157
0.02,0.12450772,-0.104507715
0.03,0.013004774,0.016995225
0.04,0.013828116,0.026171884
0.0,0.038400315,-0.038400315
0.01,0.0038008783,0.0061991215
0.0,0.022819076,-0.022819076
0.01,0.0020820647,0.007917935
0.01,0.00920553,0.0007944694
0.0,0.0022735856,-0.0022735856
0.0,0.0,0.0
0.01,0.0,0.01
0.01,0.0,0.01
0.01,0.01639305,-0.006393051
0.01,0.006504869,0.0034951307
0.01,0.0096344575,0.00036554225
0.01,0.0047972184,0.0052027814
0.01,0.0075492095,0.0024507903
0.01,0.009277167,0.000722833
0.06,0.0018316526,0.058168344
0.09,0.05690953,0.033090472
0.03,0.07769477,-0.047694772
0.01,0.021034367,-0.011034368
0.01,0.02667932,-0.01667932
0.01,0.009765374,0.00023462623
0.01,0.0,0.01
0.01,0.01246752,-0.0024675205
0.01,0.013173634,-0.0031736344
0.01,0.008213974,0.0017860262
0.01,0.0036158282,0.0063841715
0.01,0.007832291,0.0021677092
0.1,0.004299052,0.09570095
0.86,0.10757296,0.75242704
0.98,0.8166286,0.16337144
0.98,0.96789706,0.012102962
0.98,0.96241534,0.017584682
0.98,0.9214158,0.058584213
0.98,0.92986935,0.050130665
0.98,0.9322748,0.0477252
0.98,0.93746513,0.042534888
0.98,0.9267807,0.05321932
0.98,0.9109232,0.069076836
0.98,0.93327,0.04673004
0.98,0.9515669,0.028433144
0.98,0.942893,0.03710699
0.5,0.92076135,-0.42076135
0.01,0.43323052,-0.42323053
0.01,0.018993022,-0.008993022
0.01,0.07065424,-0.060654245
0.01,0.03133619,-0.021336189
0.82,0.010940153,0.80905986
0.98,0.7340759,0.24592412
0.97,0.95637226,0.013627768
0.98,0.9831826,-0.00318259
0.98,0.9286829,0.051317096
0.98,0.9110644,0.06893563
0.98,0.92403007,0.055969954
0.98,0.9229288,0.05707121
0.98,0.9158567,0.0641433
0.98,0.91109586,0.06890416
0.98,0.9171977,0.062802315
0.97,0.9515402,0.018459857
0.97,0.93427813,0.035721898
0.97,0.9166407,0.05335933
0.97,0.9131901,0.056809902
0.31,0.89923465,-0.58923465
0.01,0.2658293,-0.2558293
0.01,0.039031036,-0.029031036
0.01,0.0548025,-0.0448025
0.01,0.02801984,-0.01801984
0.01,0.0,0.01
0.01,0.032943696,-0.022943696
0.47,0.071683586,0.3983164
0.98,0.48824883,0.4917512
0.98,0.9376554,0.04234463
0.98,0.9914459,-0.01144588
0.98,0.94688773,0.033112288
0.98,0.89983016,0.08016986
0.98,0.90854555,0.071454465
0.98,0.9209014,0.0590986
0.98,0.92718756,0.052812457
0.98,0.9282155,0.051784515
0.97,0.9316294,0.03837061
0.97,0.93586385,0.034136176
0.97,0.9427546,0.027245402
0.97,0.91165745,0.058342576
0.98,0.9012257,0.07877433
0.97,0.9080503,0.06194973
0.97,0.9046614,0.06533861
0.98,0.896794,0.083206
0.97,0.9148427,0.055157304
0.98,0.919714,0.060286045
0.98,0.92661166,0.053388357
0.98,0.9336213,0.04637873
0.98,0.9276707,0.0523293
0.98,0.92090046,0.059099555
0.97,0.9243873,0.045612752
0.97,0.9163396,0.053660452
0.98,0.90728956,0.072710454
0.98,0.9228257,0.057174325
0.98,0.9230845,0.05691552
0.98,0.9253103,0.054689705
0.98,0.92246234,0.057537675
0.98,0.918529,0.061471045
0.98,0.9229863,0.05701369
0.97,0.9232993,0.046700716
0.98,0.91063255,0.06936747
0.98,0.91941977,0.060580254
0.98,0.9191115,0.06088853
0.98,0.921487,0.058513045
0.98,0.92466676,0.055333257
0.98,0.9217938,0.0582062
0.98,0.9217783,0.058221698
0.98,0.92272353,0.057276487
0.98,0.9226104,0.057389617
0.98,0.9206974,0.059302628
0.98,0.92229134,0.05770868
0.98,0.9207796,0.059220433
0.98,0.91960263,0.060397387
0.98,0.92008543,0.05991459
0.98,0.9217675,0.058232546
0.98,0.92184865,0.058151364
0.98,0.9225609,0.05743915
0.98,0.9209835,0.059016526
0.98,0.9208158,0.059184194
0.98,0.9215809,0.05841911
0.98,0.9217001,0.0582999
0.98,0.9200533,0.059946716
0.98,0.92152923,0.058470786
0.98,0.9213602,0.058639824
0.98,0.92181206,0.05818796
0.98,0.92216283,0.05783719
0.98,0.92172986,0.058270156
0.98,0.9214345,0.058565497
0.98,0.92169225,0.058307767
0.98,0.9212254,0.05877459
0.98,0.9204932,0.059506834
0.98,0.9218286,0.05817139
0.98,0.92129195,0.05870807
0.98,0.92148286,0.058517158
0.98,0.9215343,0.05846572
0.98,0.9211405,0.058859527
0.98,0.92170334,0.05829668
0.98,0.9217912,0.058208823
0.98,0.9214375,0.058562517
0.98,0.92131686,0.058683157
0.98,0.9215944,0.058405638
0.98,0.9213206,0.058679402
0.97,0.9212774,0.048722625
0.98,0.91164976,0.068350255
0.98,0.922487,0.057513
0.98,0.92105675,0.05894327
0.98,0.92136705,0.05863297
0.98,0.92166865,0.05833137
0.98,0.92137504,0.058624983
0.98,0.92157996,0.058420062
0.98,0.9214262,0.058573842
0.98,0.9212916,0.05870843
0.97,0.9212678,0.04873222
0.97,0.9115118,0.05848825
0.98,0.9129625,0.06703752
0.98,0.92213017,0.05786985
0.97,0.9205787,0.04942131
0.98,0.9118084,0.06819165
0.98,0.9224585,0.05754149
0.98,0.9209972,0.059002817
0.97,0.92117774,0.048822284
0.98,0.9118779,0.06812215
0.98,0.92224085,0.057759166
0.98,0.92071795,0.059282064
0.98,0.9212245,0.058775544
0.98,0.9219173,0.0580827
0.98,0.92095375,0.05904627
0.98,0.9215653,0.058434725
0.98,0.921582,0.058418036
0.98,0.9215784,0.05842161
0.98,0.9213152,0.058684826
0.98,0.92141163,0.058588386
0.98,0.9213928,0.05860722
0.98,0.921667,0.05833304
0.98,0.9211583,0.058841705
0.97,0.92169774,0.048302293
0.97,0.91135806,0.05864197
0.98,0.9130194,0.0669806
0.98,0.9218508,0.05814922
0.98,0.9208576,0.05914241
0.98,0.92133826,0.05866176
0.97,0.9216691,0.048330903
0.98,0.9112669,0.068733096
0.97,0.92284966,0.047150373
0.97,0.9108814,0.05911863
0.97,0.91247857,0.057521462
0.97,0.9121882,0.057811856
0.97,0.9118977,0.05810231
0.97,0.9125502,0.057449818
0.98,0.9118605,0.06813949
0.98,0.92200625,0.05799377
0.98,0.9206679,0.059332132
0.97,0.9213356,0.04866445
0.98,0.911412,0.06858802
0.98,0.9224278,0.057572246
0.98,0.9207319,0.059268117
0.98,0.9213538,0.058646202
0.97,0.92121685,0.048783183
0.97,0.9116687,0.05833131
0.98,0.91258657,0.06741345
0.98,0.92231405,0.05768597
0.97,0.9206292,0.049370825
0.96,0.9116721,0.048327863
0.98,0.902823,0.07717705
0.98,0.9232446,0.056755424
0.98,0.920098,0.059902012
0.97,0.921211,0.048789024
0.98,0.9117441,0.0682559
0.98,0.92182827,0.05817175
0.98,0.92122257,0.05877745
0.97,0.92129123,0.048708797
0.97,0.9119085,0.05809152
0.97,0.912037,0.057963014
0.97,0.91233116,0.057668865
0.97,0.91222906,0.057770967
0.97,0.91250545,0.05749458
0.97,0.91153604,0.05846399
0.97,0.91226834,0.057731688
0.97,0.91195804,0.05804199
0.98,0.91241515,0.06758487
0.98,0.9215921,0.058407903
0.98,0.92063236,0.059367657
0.98,0.9209523,0.0590477
0.98,0.92180145,0.05819857
0.98,0.920823,0.05917704
0.98,0.9217268,0.058273196
0.97,0.9210628,0.0489372
0.98,0.91183066,0.068169355
0.97,0.92241406,0.047585964
0.98,0.91119695,0.06880307
0.98,0.92250943,0.057490587
0.98,0.9211837,0.058816314
0.98,0.9210911,0.05890894
0.98,0.9217752,0.058224797
0.98,0.9211221,0.058877945
0.98,0.92132413,0.058675885
0.98,0.92149514,0.05850488
0.98,0.92137396,0.058626056
0.98,0.9213662,0.058633804
0.98,0.9213209,0.058679104
0.98,0.92154264,0.058457375
0.98,0.9218595,0.058140516
0.98,0.9210307,0.05896932
0.98,0.921859,0.058140993
0.98,0.92118907,0.05881095
0.98,0.9218329,0.0581671
0.98,0.92120326,0.058796763
0.98,0.92161536,0.058384657
0.98,0.9212748,0.058725238
0.98,0.9216248,0.05837524
0.97,0.9211887,0.048811316
0.98,0.9117634,0.06823659
0.98,0.92258716,0.057412863
0.98,0.92094874,0.059051275
0.98,0.9212953,0.058704734
0.97,0.9215964,0.04840362
0.92,0.911519,0.008481026
0.95,0.86338615,0.086613834
0.95,0.89842916,0.051570833
0.96,0.8914806,0.068519354
0.69,0.90271646,-0.21271646
0.6,0.63388014,-0.033880115
0.45,0.57430696,-0.12430698
0.22,0.41325337,-0.19325337
0.15,0.20227589,-0.05227588
0.27,0.1551933,0.11480671
0.37,0.26873422,0.10126579
0.24,0.36786914,-0.12786914
0.05,0.22585846,-0.17585847
0.08,0.048216723,0.031783275
0.07,0.09267348,-0.02267348
0.13,0.05399199,0.07600801
0.07,0.1248578,-0.054857798
0.01,0.064750545,-0.054750547
0.0,0.0034706742,-0.0034706742
0.06,0.0,0.06
0.05,0.08581585,-0.035815846
0.02,0.04477135,-0.024771351
0.01,0.007452855,0.002547145
0.01,0.0044453926,0.005554607
0.01,0.006354673,0.003645327
0.01,0.008254533,0.0017454671
0.01,0.029695699,-0.0196957
0.01,0.0069097634,0.0030902363
0.01,0.0,0.01
0.01,0.0,0.01
0.01,0.012987949,-0.0029879492
0.01,0.010336688,-0.000336688
0.02,0.006964639,0.013035361
0.05,0.020595709,0.029404292
0.05,0.04578329,0.004216712
0.01,0.039942287,-0.029942287
0.01,0.0,0.01
0.01,0.011458913,-0.0014589131
0.01,0.005888356,0.004111644
0.01,0.010932896,-0.0009328965
0.0,0.013803906,-0.013803906
0.01,0.0,0.01
0.01,0.0143856695,-0.0043856697
0.01,0.02004351,-0.010043509
0.01,0.010146562,-0.00014656223
0.01,0.0,0.01
0.01,0.001885077,0.008114923
0.08,0.011577157,0.06842284
0.13,0.08421433,0.045785666
0.06,0.1350567,-0.0750567
0.09,0.058483966,0.031516038
0.23,0.10538513,0.12461487
0.25,0.2453484,0.004651606
0.14,0.26542607,-0.12542607
0.12,0.14596768,-0.02596768
0.13,0.13113159,-0.0011315942
0.12,0.14212304,-0.022123046
0.02,0.12918282,-0.10918282
0.01,0.021505462,-0.011505462
0.01,0.021755168,-0.011755168
0.01,0.0,0.01
0.1,0.02664748,0.07335252
0.17,0.120971985,0.049028017
0.25,0.17165236,0.07834764
0.34,0.26606074,0.073939264
0.46,0.3496725,0.11032751
0.43,0.4714974,-0.04149738
0.37,0.41827106,-0.04827106
0.46,0.35855287,0.101447135
0.24,0.45471185,-0.21471186
0.3,0.22896269,0.07103732
0.55,0.30870274,0.24129727
0.45,0.5490843,-0.09908432
0.48,0.43137813,0.048621863
0.37,0.47725672,-0.10725671
0.34,0.35713425,-0.01713425
0.5,0.32655978,0.17344022
0.43,0.48523366,-0.055233657
0.53,0.39580435,0.13419563
0.42,0.50929415,-0.089294165
0.53,0.38934362,0.14065635
0.48,0.5207066,-0.040706605
0.58,0.4565199,0.12348008
0.47,0.5653241,-0.09532413
0.54,0.44375944,0.09624058
0.48,0.538653,-0.058653027
0.93,0.43842977,0.49157023
0.89,0.9059354,-0.015935421
0.72,0.8546672,-0.13466716
0.74,0.6797558,0.060244203
0.79,0.71080005,0.07919997
0.78,0.7333145,0.046685457
0.89,0.744465,0.14553499
0.98,0.842978,0.13702202
0.98,0.92898977,0.05101025
0.98,0.9138078,0.06619221
0.97,0.925696,0.044304013
0.87,0.91165495,-0.041654944
0.96,0.82282305,0.13717693
0.79,0.8991103,-0.109110296
0.97,0.7444438,0.22555625
0.97,0.9140068,0.0559932
0.97,0.9140891,0.055910945
0.95,0.8983712,0.05162877
0.97,0.91011715,0.05988288
0.97,0.9108125,0.05918753
0.95,0.914971,0.035028994
0.64,0.88390577,-0.24390578
0.77,0.58848596,0.18151402
0.98,0.75124586,0.22875416
0.98,0.92498165,0.055018365
0.97,0.92427456,0.045725465
0.97,0.9150201,0.05497992
0.98,0.9095454,0.0704546
0.97,0.9226546,0.0473454
0.97,0.9083835,0.06161654
0.88,0.9162278,-0.036227822
0.86,0.818121,0.041879
0.98,0.80764824,0.17235178
0.97,0.9309668,0.039033234
0.97,0.91066706,0.059332967
0.97,0.9042104,0.06578964
0.97,0.91714525,0.052854776
0.98,0.9066242,0.07337582
0.97,0.9287517,0.04124832
0.7,0.90884995,-0.20884997
0.48,0.642226,-0.16222599
0.3,0.45549768,-0.15549767
0.38,0.27958813,0.10041186
0.41,0.36614412,0.043855876
0.32,0.3866222,-0.0666222
0.28,0.29485857,-0.014858574
0.2,0.27594274,-0.07594274
0.19,0.19331329,-0.003313288
0.26,0.1782992,0.08170079
0.27,0.25471404,0.015285969
0.44,0.2509368,0.18906319
0.31,0.43568704,-0.12568703
0.11,0.28373498,-0.17373498
0.06,0.09546117,-0.03546117
0.06,0.062543005,-0.002543006
0.04,0.06159866,-0.02159866
0.05,0.024935542,0.02506446
0.06,0.05005707,0.00994293
0.02,0.057503,-0.037503
0.01,0.018094713,-0.008094713
0.01,0.028182112,-0.018182112
0.19,0.00046858005,0.18953142
0.62,0.192273,0.42772698
0.71,0.5936407,0.11635929
0.78,0.7165226,0.0634774
0.73,0.7586573,-0.028657258
0.67,0.70344436,-0.033444345
0.67,0.63917804,0.030821979
0.86,0.6476059,0.21239412
0.56,0.8374719,-0.2774719
0.72,0.5089909,0.21100914
0.58,0.71172404,-0.13172406
0.69,0.53828615,0.15171385
0.72,0.67043376,0.04956627
0.71,0.69794,0.012059987
0.57,0.6653722,-0.0953722
0.52,0.5266948,-0.0066947937
0.66,0.4917246,0.16827542
0.61,0.6266435,-0.016643465
0.39,0.56320244,-0.17320246
0.29,0.3552742,-0.06527421
0.16,0.27531093,-0.11531094
0.14,0.1555412,-0.015541196
0.21,0.13046165,0.079538345
0.24,0.22440164,0.015598357
0.26,0.23124754,0.028752446
0.33,0.28156722,0.048432797
0.35,0.3149202,0.035079807
0.46,0.3533147,0.10668531
0.59,0.4354634,0.15453658
0.57,0.57597786,-0.005977869
0.29,0.53777486,-0.24777487
0.24,0.27300784,-0.033007845
0.27,0.21761794,0.052382067
0.2,0.26894945,-0.068949446
0.39,0.181279,0.20872098
0.66,0.40293133,0.2570687
0.68,0.6647607,0.015239298
0.73,0.66051924,0.06948078
0.82,0.6968526,0.12314737
0.8,0.77343094,0.026569068
0.9,0.74930155,0.15069842
0.7,0.84947884,-0.14947885
0.81,0.6342312,0.1757688
0.8,0.7788724,0.021127641
0.71,0.74423385,-0.034233868
0.61,0.6648419,-0.054841876
0.63,0.590747,0.039252996
0.45,0.60679245,-0.15679246
0.85,0.40756756,0.44243246
0.93,0.8347061,0.09529388
0.91,0.8938923,0.016107738
0.86,0.86216545,-0.0021654367
0.78,0.8003614,-0.020361423
0.85,0.73464984,0.11535019
0.91,0.80629885,0.103701174
0.91,0.85300833,0.056991696
0.93,0.857883,0.07211703
0.97,0.86889005,0.10110998
0.98,0.9170792,0.06292081
0.95,0.92485005,0.025149941
0.97,0.9067956,0.06320441
0.97,0.90934724,0.060652792
0.97,0.91480243,0.055197597
0.98,0.9005921,0.07940793
0.97,0.92723644,0.04276359
0.96,0.90691024,0.053089738
0.98,0.9074785,0.07252151
0.98,0.91840696,0.061593056
0.98,0.92618954,0.053810477
0.97,0.92209244,0.04790759
0.98,0.908793,0.07120705
0.98,0.9210669,0.05893314
0.91,0.9249397,-0.014939666
0.67,0.852726,-0.18272597
0.49,0.61735094,-0.12735093
0.4,0.46561536,-0.065615356
0.44,0.37328058,0.06671941
0.51,0.41822395,0.09177604
0.32,0.47939438,-0.15939438
0.25,0.29148924,-0.041489244
0.17,0.25206468,-0.08206467
0.09,0.16628942,-0.076289415
0.04,0.08489375,-0.04489375
0.02,0.03583019,-0.015830189
0.01,0.007641267,0.0023587327
0.01,0.0,0.01
0.04,0.014480723,0.025519276
0.03,0.04349023,-0.013490232
0.04,0.02675562,0.013244379
0.03,0.024956375,0.005043624
0.0,0.021335086,-0.021335086
0.01,0.0,0.01
0.01,0.004598586,0.005401414
0.09,0.0018985048,0.0881015
0.11,0.1023013,0.0076987
0.13,0.11036403,0.019635968
0.14,0.13123442,0.008765578
0.18,0.1324494,0.047550604
0.35,0.17488264,0.17511736
0.54,0.36037004,0.17962998
0.66,0.5400678,0.119932234
0.84,0.67766374,0.16233623
0.78,0.8276095,-0.047609508
0.97,0.7301985,0.23980153
0.98,0.93726206,0.04273796
0.98,0.9199432,0.060056806
0.98,0.92459553,0.055404484
0.98,0.9272518,0.052748203
0.98,0.92704654,0.05295348
0.98,0.9321809,0.047819138
0.97,0.93467057,0.03532946
0.98,0.91476953,0.06523049
0.98,0.92442775,0.05557227
0.97,0.92242384,0.04757619
0.97,0.9133275,0.056672513
0.97,0.91471183,0.055288196
0.98,0.9088056,0.07119441
0.97,0.9299876,0.04001242
0.97,0.9104626,0.05953741
0.98,0.91925544,0.060744584
0.98,0.92411906,0.055880964
0.98,0.92448705,0.055512965
0.98,0.9225592,0.057440817
0.98,0.92717546,0.052824557
0.98,0.9232788,0.05672121
0.98,0.92705643,0.052943587
0.98,0.9214761,0.058523893
0.98,0.9230406,0.05695939
0.98,0.9218443,0.058155715
0.98,0.9221349,0.057865143
0.98,0.92430836,0.05569166
0.98,0.92116094,0.058839083
0.97,0.9220184,0.04798162
0.98,0.91029274,0.069707274
0.98,0.92206705,0.057932973
0.98,0.9201033,0.059896708
0.97,0.92321306,0.046786964
0.98,0.9104767,0.069523335
0.97,0.923899,0.046101034
0.97,0.90989375,0.060106277
0.97,0.91238743,0.057612598
0.87,0.9141829,-0.044182897
0.98,0.8117765,0.1682235
0.98,0.93324226,0.046757758
0.97,0.9149587,0.055041313
0.74,0.90980566,-0.16980565
0.86,0.6855014,0.17449862
0.95,0.82807577,0.12192422
0.77,0.89043206,-0.12043208
0.78,0.7049101,0.07508987
0.88,0.747807,0.13219297
0.45,0.82931316,-0.37931317
0.15,0.38642687,-0.23642686
0.1,0.15537088,-0.055370875
0.14,0.13218924,0.0078107566
0.23,0.13419129,0.095808715
0.49,0.21841258,0.27158743
0.09,0.50658166,-0.41658166
0.14,0.07434655,0.06565345
0.1,0.16413687,-0.06413687
0.05,0.09134799,-0.04134799
0.01,0.05327764,-0.043277644
0.01,0.0012989622,0.008701038
0.01,0.007035766,0.002964234
0.01,0.004518179,0.0054818206
0.01,0.045395497,-0.035395496
0.01,0.06305518,-0.053055182
0.03,0.02715844,0.0028415602
0.01,0.024733128,-0.014733128
0.01,0.0060024727,0.003997527
0.03,0.017226866,0.012773134
0.04,0.017296763,0.022703236
0.06,0.042368073,0.017631926
0.35,0.06852343,0.28147656
0.89,0.371864,0.518136
0.94,0.8237612,0.11623877
0.82,0.91415113,-0.09415114
0.88,0.8021029,0.07789707
0.98,0.8628094,0.1171906
0.9,0.9258781,-0.025878131
0.56,0.8664547,-0.30645472
0.32,0.51263213,-0.19263214
0.3,0.30096835,-0.00096833706
0.44,0.30318522,0.13681477
0.41,0.42129475,-0.011294752
0.37,0.40077418,-0.030774176
0.83,0.34907076,0.48092923
0.97,0.8223041,0.1476959
0.98,0.95204353,0.027956486
0.98,0.9395232,0.0404768
0.98,0.93451214,0.04548788
0.98,0.9110658,0.0689342
0.98,0.90747535,0.07252467
0.98,0.9313679,0.048632145
0.98,0.9214047,0.0585953
0.98,0.9183138,0.061686218
0.97,0.93502474,0.03497529
0.97,0.9334119,0.036588132
0.97,0.9299512,0.040048838
0.97,0.9183352,0.05166483
0.97,0.9102349,0.0597651
0.97,0.9054427,0.064557314
0.97,0.9161483,0.053851724
0.97,0.9057691,0.06423092
0.97,0.9080168,0.061983228
0.97,0.90614915,0.06385088
0.97,0.91495544,0.05504459
0.98,0.91714334,0.062856674
0.98,0.9317727,0.04822731
0.98,0.9146955,0.06530452
0.98,0.9234762,0.0565238
0.97,0.9257451,0.0442549
0.97,0.9143463,0.05565375
0.97,0.9062294,0.06377065
0.98,0.9135647,0.06643534
0.97,0.9268093,0.043190718
0.98,0.9090972,0.070902824
0.98,0.9247467,0.055253327
0.98,0.9191079,0.060892105
0.97,0.9206885,0.04931152
0.97,0.91477144,0.05522859
0.97,0.9087441,0.06125593
0.97,0.908558,0.061442018
0.97,0.91486734,0.055132687
0.97,0.91263545,0.057364583
0.98,0.90974605,0.07025397
0.97,0.92417604,0.04582399
0.98,0.9121195,0.06788051
0.97,0.9213791,0.04862094
0.97,0.91255385,0.05744618
0.98,0.91181237,0.068187654
0.97,0.9215778,0.048422217
0.97,0.9121859,0.05781412
0.97,0.9112286,0.05877143
0.98,0.91162395,0.068376064
0.97,0.92239845,0.04760158
0.97,0.91167426,0.058325768
0.97,0.91107917,0.05892086
0.97,0.9131981,0.056801915
0.97,0.9111424,0.05885762
0.97,0.9122047,0.057795346
0.98,0.9124994,0.06750059
0.98,0.9208294,0.059170604
0.97,0.92101216,0.048987865
0.97,0.911482,0.058518052
0.98,0.9138794,0.066120625
0.98,0.92087615,0.059123874
0.98,0.92104423,0.05895579
0.98,0.92195046,0.05804956
0.98,0.9203521,0.059647918
0.98,0.92156434,0.05843568
0.98,0.92122644,0.058773577
0.98,0.9214879,0.05851209
0.98,0.9215506,0.058449447
0.97,0.9215595,0.048440516
0.93,0.91109014,0.018909872
0.88,0.8737041,0.0062959194
0.75,0.8281662,-0.07816619
0.59,0.7012651,-0.11126512
0.35,0.54955876,-0.19955876
0.19,0.32178035,-0.13178036
0.14,0.18254323,-0.042543232
0.08,0.14522785,-0.06522785
0.06,0.081758305,-0.021758307
0.04,0.058321267,-0.018321268
0.02,0.042063996,-0.022063997
0.03,0.021962631,0.008037368
0.02,0.027768308,-0.0077683087
0.03,0.012688094,0.017311905
0.03,0.023951368,0.006048631
0.04,0.018197754,0.021802245
0.03,0.029248219,0.00075178035
0.01,0.015159726,-0.0051597264
0.01,0.00567263,0.00432737
0.01,0.0066588344,0.0033411654
0.01,0.0052772164,0.0047227833
0.01,0.003412703,0.0065872967
0.01,0.0034735166,0.006526483
0.01,0.0052481517,0.004751848
0.01,0.0006737169,0.009326283
0.01,0.0001488179,0.009851182
0.01,0.0,0.01
0.01,0.0,0.01
0.01,0.0,0.01
0.01,0.0015525017,0.008447498
0.01,0.0068937168,0.003106283
0.01,0.0120604355,-0.0020604357
0.0,0.011314275,-0.011314275
0.0,3.273599e-05,-3.273599e-05
0.01,0.0,0.01
0.01,0.006756396,0.0032436037
0.02,0.0074054543,0.012594545
0.05,0.014835067,0.035164934
0.08,0.04259052,0.037409477
0.1,0.08011904,0.019880958
0.08,0.10272683,-0.022726834
0.02,0.07860084,-0.05860084
0.01,0.01664584,-0.0066458397
0.0,0.011902863,-0.011902863
0.01,0.0,0.01
0.01,0.0099382745,6.1725266e-05
0.04,0.010110242,0.029889757
0.08,0.03874085,0.041259147
0.16,0.08269464,0.077305354
0.23,0.17456387,0.055436134
0.27,0.24634142,0.023658589
0.29,0.27923623,0.010763764
0.34,0.2936012,0.04639879
0.33,0.33742595,-0.007425934
0.4,0.32357967,0.07642034
0.37,0.3980391,-0.028039098
0.23,0.3569345,-0.12693448
0.24,0.22208086,0.017919138
0.27,0.24302272,0.026977286
0.63,0.26343423,0.36656576
0.7,0.65501666,0.044983327
0.61,0.69114727,-0.08114725
0.63,0.59403497,0.035965025
0.62,0.6037266,0.01627338
0.76,0.5819428,0.1780572
0.65,0.72447115,-0.074471176
0.77,0.61994576,0.15005422
0.91,0.738882,0.17111802
0.98,0.8567296,0.12327039
0.98,0.93889034,0.04110968
0.98,0.9341814,0.045818627
0.98,0.9359053,0.04409474
0.98,0.92236197,0.05763805
0.98,0.92544925,0.054550767
0.97,0.9198243,0.050175726
0.97,0.91265965,0.057340384
0.97,0.9088038,0.061196208
0.97,0.91508794,0.05491209
0.96,0.9173454,0.042654574
0.88,0.9065913,-0.026591301
0.85,0.8272485,0.02275151
0.93,0.80530727,0.12469274
0.96,0.88430285,0.075697124
0.97,0.9013586,0.068641424
0.97,0.91307664,0.05692339
0.97,0.9081244,0.06187564
0.97,0.9138252,0.056174815
0.97,0.9091344,0.06086564
0.97,0.9172014,0.05279863
0.97,0.9086956,0.06130445
0.98,0.91181713,0.068182886
0.97,0.9236734,0.046326637
0.95,0.91600287,0.03399712
0.96,0.8939548,0.066045165
0.97,0.9016081,0.06839192
0.97,0.9118558,0.05814421
0.97,0.9111153,0.05888474
0.97,0.91377777,0.05622226
0.96,0.90951455,0.050485432
0.94,0.90200824,0.037991762
0.9,0.88515234,0.014847636
0.95,0.84646815,0.10353184
0.95,0.89683974,0.05316025
0.94,0.8889202,0.05107981
0.97,0.88234305,0.087656975
0.97,0.9151958,0.054804206
0.97,0.9090811,0.060918927
0.95,0.9132241,0.036775887
0.94,0.893093,0.046907008
0.96,0.88316095,0.07683903
0.96,0.9031072,0.056892753
0.94,0.9004782,0.039521813
0.81,0.88257563,-0.07257563
0.91,0.7567868,0.1532132
0.83,0.8687852,-0.03878522
0.8,0.7714021,0.028597891
0.77,0.7539705,0.016029477
0.71,0.725814,-0.015814006
0.72,0.6632976,0.056702435
0.71,0.6817496,0.028250396
0.84,0.6663543,0.17364568
0.86,0.7965075,0.06349254
0.68,0.79915947,-0.11915946
0.51,0.624937,-0.11493701
0.49,0.47627026,0.013729751
0.25,0.46408206,-0.21408206
0.01,0.21262947,-0.20262946
0.01,0.016229575,-0.0062295757
0.01,0.030782519,-0.02078252
0.1,0.014403982,0.08559602
0.12,0.10482821,0.015171789
0.11,0.12509003,-0.015090033
0.02,0.12678128,-0.10678129
0.01,0.0035338532,0.0064661466
0.01,0.012135049,-0.0021350496
0.02,0.0,0.02
0.01,0.010597608,-0.0005976083
0.01,0.0,0.01
0.01,0.012167912,-0.0021679122
0.01,0.0007990394,0.00920096
0.01,0.018912941,-0.008912941
0.0,0.017944913,-0.017944913
0.01,0.0,0.01
0.02,0.00065578707,0.019344212
0.04,0.012424832,0.027575167
0.05,0.03864531,0.011354692
0.09,0.039456733,0.05054327
0.07,0.08483133,-0.014831327
0.1,0.05932966,0.040670343
0.15,0.09714591,0.0528541
0.04,0.14524749,-0.10524749
0.0,0.036048297,-0.036048297
0.01,0.0052058175,0.0047941823
0.01,0.016113872,-0.006113872
0.01,0.0070072543,0.0029927455
0.01,0.0037537161,0.0062462837
0.01,0.009152507,0.00084749237
0.01,0.012180661,-0.002180661
0.01,0.006280573,0.0037194267
0.01,0.018436259,-0.008436259
0.01,0.003992183,0.0060078166
0.0,0.0058164503,-0.0058164503
0.01,0.0012254361,0.008774564
0.01,0.0070778187,0.002922181
0.01,0.009261625,0.0007383749
0.01,0.0011364333,0.008863566
0.01,0.013119761,-0.0031197611
0.01,0.010455802,-0.0004558023
0.01,0.00743334,0.0025666598
0.01,0.01035225,-0.0003522504
0.01,0.01589042,-0.0058904197
0.01,0.00925922,0.00074077956
0.01,0.009223301,0.0007766988
0.01,0.009808052,0.00019194745
0.01,0.003907064,0.006092936
0.03,0.0079889,0.0220111
0.06,0.023964,0.036036
0.08,0.06161894,0.01838106
0.08,0.07652018,0.003479816
0.08,0.08181432,-0.0018143207
0.18,0.08684799,0.09315202
0.24,0.19027005,0.049729943
0.2,0.25460476,-0.054604754
0.24,0.20257239,0.037427604
0.17,0.2387736,-0.0687736
0.09,0.16726647,-0.07726647
0.03,0.09964069,-0.06964069
0.01,0.03461772,-0.024617719
0.01,0.017096752,-0.0070967525
0.01,0.008100219,0.0018997807
0.01,0.015027041,-0.005027041
0.0,0.015047053,-0.015047053
0.01,0.0,0.01
0.01,0.0069414107,0.003058589
0.01,0.0086230505,0.0013769493
0.01,0.009536562,0.00046343822
0.01,0.0031538103,0.0068461895
0.01,0.010830006,-0.00083000585
0.01,0.0062729735,0.0037270263
0.0,0.0054452457,-0.0054452457
0.03,0.0073525812,0.022647418
0.09,0.025983198,0.064016804
0.07,0.0989144,-0.0289144
0.09,0.07616331,0.013836697
0.14,0.09938544,0.04061456
0.14,0.15163593,-0.011635929
0.1,0.13692991,-0.036929913
0.11,0.10293046,0.007069543
0.08,0.115594685,-0.035594687
0.1,0.073872924,0.026127078
0.12,0.10519783,0.014802165
0.11,0.12404221,-0.014042214
0.11,0.11725809,-0.0072580874
0.09,0.11640313,-0.02640313
0.13,0.09577373,0.03422627
0.15,0.13166596,0.018334046
0.18,0.15920669,0.020793319
0.14,0.18290485,-0.042904854
0.09,0.13732588,-0.04732588
0.06,0.09405293,-0.034052934
0.03,0.059021406,-0.029021407
0.01,0.03213215,-0.022132149
0.0,0.0074491706,-0.0074491706
0.01,0.0,0.01
0.01,0.012640402,-0.002640402
0.01,0.007603975,0.0023960248
0.01,0.009028377,0.00097162277
0.01,0.011110773,-0.0011107735
0.01,0.0011974722,0.008802528
0.01,0.002470335,0.007529665
0.01,0.0004097335,0.009590266
0.01,0.006473733,0.0035262667
0.01,0.009322806,0.0006771935
0.01,0.012294244,-0.0022942442
0.0,0.012755685,-0.012755685
0.01,0.0,0.01
0.01,0.008884523,0.0011154767
0.01,0.0038281102,0.0061718896
0.01,0.009747535,0.0002524648
0.01,0.006051478,0.003948522
0.01,0.007947611,0.002052389
0.01,0.0070958287,0.0029041711
0.01,0.0033196602,0.0066803396
0.01,0.004230434,0.0057695657
0.01,0.008118996,0.0018810034
0.01,0.003519619,0.006480381
0.01,0.0020463876,0.007953612
0.01,0.0132432915,-0.0032432918
0.01,0.0080985725,0.0019014273
0.01,0.009687321,0.00031267852
0.01,0.0047754813,0.0052245185
0.01,0.0036095176,0.006390482
0.01,0.0055505475,0.0044494523
0.01,0.009321547,0.00067845266
0.01,0.002976885,0.0070231147
0.01,0.006635855,0.0033641448
0.01,0.01103615,-0.0010361504
0.01,0.0068426887,0.0031573111
0.01,0.003958579,0.0060414206
0.01,0.0031532925,0.0068467073
0.01,0.008027324,0.0019726753
0.01,0.0037701037,0.006229896
0.01,0.008307865,0.0016921349
0.01,0.010183154,-0.0001831539
0.01,0.0069188327,0.0030811671
0.01,0.0059799626,0.004020037
0.01,0.0015475973,0.008452402
0.01,0.004538765,0.0054612346
0.01,0.008832011,0.0011679884
0.09,0.0073266225,0.08267338
0.25,0.093719125,0.15628088
0.48,0.26698115,0.21301883
0.51,0.49511987,0.014880121
0.36,0.52730983,-0.16730982
0.13,0.35375392,-0.22375393
0.02,0.120266944,-0.10026695
0.01,0.03805411,-0.028054109
0.01,0.01352171,-0.0035217106
0.07,0.0076565873,0.06234341
0.11,0.06451559,0.04548441
0.41,0.12941782,0.2805822
0.44,0.4216739,0.018326104
0.5,0.44877338,0.051226616
0.53,0.52065235,0.009347618
0.51,0.53670377,-0.026703775
0.39,0.4760515,-0.08605152
0.36,0.35955516,0.00044485927
0.34,0.3531736,-0.01317361
0.3,0.31928682,-0.019286811
0.25,0.2938646,-0.043864608
0.29,0.24943973,0.04056026
0.36,0.2967773,0.06322271
0.51,0.35890454,0.15109545
0.55,0.49887073,0.05112928
0.61,0.5472853,0.062714696
0.54,0.57425976,-0.034259737
0.59,0.50066864,0.08933133
0.53,0.5441805,-0.014180541
0.49,0.4937332,-0.003733188
0.49,0.4583634,0.031636596
0.44,0.47646824,-0.036468238
0.49,0.41227496,0.07772505
0.6,0.48736924,0.112630785
0.67,0.5782514,0.091748595
0.73,0.65439224,0.07560778
0.89,0.68751085,0.20248914
0.89,0.85294396,0.03705603
0.85,0.8177866,0.03221345
0.72,0.79568505,-0.075685024
0.8,0.6702959,0.12970412
0.93,0.7632618,0.16673821
0.93,0.8765917,0.053408325
0.78,0.8709488,-0.09094882
0.73,0.73557913,-0.005579114
0.8,0.6988802,0.10111982
0.68,0.76078296,-0.08078295
0.62,0.6298,-0.009800017
0.5,0.5877701,-0.087770104
0.59,0.4605689,0.12943107
0.54,0.5615839,-0.021583855
0.56,0.49905276,0.06094724
0.57,0.53856504,0.031434953
0.64,0.52795196,0.11204803
0.64,0.60785806,0.032141924
0.58,0.59783894,-0.017838955
0.5,0.5469459,-0.04694593
0.37,0.4616772,-0.09167719
0.31,0.33963352,-0.029633522
0.33,0.28604463,0.043955386
0.4,0.31563395,0.08436605
0.37,0.37791955,-0.00791955
0.39,0.3392918,0.050708175
0.4,0.38127464,0.018725365
0.43,0.3756662,0.054333806
0.51,0.4156314,0.09436858
0.51,0.48000133,0.02999866
0.48,0.4823938,-0.002393812
0.5,0.43506938,0.06493062
0.5,0.47446167,0.025538325
0.67,0.46117333,0.20882669
0.7,0.64541113,0.054588854
0.68,0.65070367,0.029296339
0.61,0.6494673,-0.039467275
0.65,0.5803883,0.06961167
0.5,0.61805964,-0.118059635
0.38,0.45883065,-0.07883066
0.36,0.35601094,0.0039890707
0.46,0.34504202,0.11495799
0.43,0.43393865,-0.003938645
0.29,0.3903134,-0.100313395
0.23,0.26792607,-0.037926063
0.19,0.23118831,-0.041188315
0.17,0.18023829,-0.01023829
0.18,0.15795624,0.022043765
0.22,0.17370184,0.04629816
0.19,0.21615677,-0.026156768
0.17,0.17136191,-0.0013619065
0.2,0.16749084,0.032509163
0.22,0.19810008,0.021899924
0.17,0.21289964,-0.04289964
0.13,0.15696649,-0.026966497
0.16,0.13321677,0.026783228
0.17,0.16650407,0.0034959316
0.2,0.17235284,0.027647167
0.16,0.19774671,-0.037746713
0.19,0.16272967,0.027270332
0.16,0.1960307,-0.03603071
0.15,0.14947261,0.0005273968
0.14,0.14935014,-0.009350136
0.2,0.13807471,0.061925292
0.27,0.2050399,0.06496011
0.19,0.26692232,-0.07692233
0.14,0.19506216,-0.05506216
0.16,0.13814779,0.02185221
0.17,0.15623003,0.013769969
0.12,0.16279308,-0.042793088
0.13,0.11946706,0.010532938
0.15,0.13876143,0.011238575
0.14,0.14211504,-0.002115041
0.19,0.1406767,0.04932329
0.25,0.20122923,0.04877077
0.25,0.26162758,-0.011627585
0.28,0.23312107,0.046878934
0.26,0.2747767,-0.014776707
0.39,0.24845038,0.1415496
0.45,0.3868438,0.06315619
0.56,0.42883688,0.13116312
0.84,0.561422,0.27857798
0.68,0.83469504,-0.15469503
0.76,0.63480437,0.12519562
0.88,0.74118036,0.13881963
0.64,0.8448191,-0.20481914
0.63,0.5840601,0.045939922
0.69,0.61186194,0.07813805
0.8,0.66589427,0.13410574
0.62,0.7576671,-0.13766712
0.7,0.5772697,0.122730315
0.86,0.67695963,0.18304038
0.91,0.82387257,0.08612746
0.8,0.8557314,-0.055731416
0.92,0.7471758,0.1728242
0.93,0.88324964,0.046750367
0.88,0.8588822,0.021117806
0.9,0.82309544,0.076904535
0.77,0.85426724,-0.08426726
0.83,0.7145974,0.11540258
0.97,0.79250276,0.17749727
0.95,0.91889656,0.031103432
0.96,0.8909821,0.06901789
0.96,0.90689135,0.053108633
0.89,0.90472436,-0.014724374
0.93,0.8357153,0.09428471
0.92,0.8832929,0.036707103
0.93,0.8603726,0.069627404
0.97,0.87829196,0.091708064
0.91,0.9038352,0.006164849
0.92,0.85170937,0.06829065
0.91,0.87112653,0.038873494
0.97,0.8581337,0.111866355
0.98,0.9162573,0.0637427
0.98,0.9175428,0.062457204
0.97,0.91988254,0.050117493
0.98,0.91286814,0.06713188
0.98,0.9221497,0.0578503
0.98,0.9197904,0.060209632
0.97,0.9217639,0.04823613
0.97,0.90701616,0.06298387
0.95,0.91839755,0.031602442
0.96,0.88861537,0.07138461
0.98,0.9035281,0.076471925
0.97,0.9272074,0.04279262
0.98,0.91022956,0.069770455
0.97,0.9206336,0.049366415
0.98,0.9101254,0.069874644
0.98,0.9237138,0.056286216
0.98,0.9194927,0.060507298
0.98,0.920521,0.059479
0.98,0.9196096,0.060390413
0.96,0.9245726,0.03542739
0.89,0.9004816,-0.010481596
0.85,0.8360156,0.013984442
0.95,0.80117697,0.14882302
0.96,0.9008024,0.059197605
0.97,0.89746344,0.07253659
0.98,0.9117797,0.06822032
0.98,0.9208957,0.059104323
0.98,0.9207368,0.05926323
0.98,0.9207047,0.059295297
0.97,0.9206101,0.04938996
0.97,0.9110197,0.058980346
0.9,0.90895927,-0.008959293
0.84,0.8428297,-0.0028297305
0.73,0.79271317,-0.062713146
0.76,0.68404627,0.07595372
0.72,0.721921,-0.0019209981
0.71,0.6758524,0.03414756
0.79,0.6664885,0.12351149
0.95,0.74950886,0.20049113
0.98,0.8977891,0.0822109
0.98,0.9231663,0.056833744
0.98,0.91869414,0.06130588
0.98,0.9187839,0.061216116
0.98,0.9155539,0.06444609
0.98,0.9186704,0.061329603
0.98,0.91754556,0.062454462
0.98,0.92039084,0.059609175
0.98,0.91818166,0.06181836
0.98,0.926597,0.05340302
0.98,0.9245756,0.055424392
0.97,0.92439675,0.045603275
0.96,0.9109485,0.049051464
0.93,0.90330744,0.02669257
0.94,0.8714337,0.06856632
0.95,0.8867099,0.06329006
0.97,0.8912039,0.07879615
0.91,0.91247964,-0.0024796128
0.96,0.84913844,0.11086154
0.98,0.90908825,0.070911765
0.94,0.9198665,0.020133495
0.86,0.88058376,-0.020583749
0.83,0.80822307,0.021776915
0.74,0.7848099,-0.044809878
0.72,0.69405806,0.025941968
0.71,0.67967,0.030330002
0.62,0.66891867,-0.048918664
0.48,0.57522416,-0.09522417
0.42,0.44515875,-0.025158763
0.32,0.399287,-0.07928699
0.25,0.29464316,-0.044643164
0.21,0.23263939,-0.022639394
0.14,0.19751288,-0.05751288
0.01,0.13059476,-0.12059476
0.01,0.0,0.01
0.01,0.018245563,-0.008245563
0.0,0.0058085117,-0.0058085117
0.01,0.0,0.01
0.01,0.008954505,0.0010454943
0.01,0.0092280805,0.00077191927
0.01,0.0082154935,0.0017845063
0.01,0.012707745,-0.002707745
0.02,0.009520341,0.010479659
0.01,0.008072557,0.0019274428
0.01,0.0,0.01
0.02,0.003978869,0.01602113
0.0,0.012874862,-0.012874862
0.0,0.0,0.0
0.01,0.0,0.01
0.03,0.004369026,0.025630973
0.04,0.01625603,0.023743968
0.05,0.024785042,0.025214959
0.03,0.042799942,-0.012799943
0.02,0.021584956,-0.0015849564
0.0,0.009087287,-0.009087287
0.01,0.00075509213,0.009244908
0.01,0.007761685,0.0022383146
0.01,0.0041678715,0.005832128
0.01,0.009514278,0.00048572198
0.02,0.011665351,0.008334649
0.07,0.016553406,0.053446595
0.09,0.06442091,0.025579095
0.11,0.09050255,0.019497447
0.15,0.11287321,0.037126794
0.16,0.15159607,0.008403927
0.19,0.16577473,0.024225265
0.2,0.1940822,0.0059178025
0.24,0.20412445,0.035875544
0.27,0.24602865,0.023971364
0.32,0.2729841,0.047015905
0.39,0.3134153,0.0765847
0.4,0.38781163,0.012188375
0.33,0.39178672,-0.06178671
0.52,0.3204193,0.19958067
0.56,0.51892376,0.041076243
0.61,0.53948605,0.07051396
0.64,0.5857369,0.054263115
0.62,0.6159837,0.00401628
0.72,0.59036636,0.12963367
0.91,0.6913085,0.21869153
0.75,0.8712129,-0.1212129
0.88,0.69280434,0.18719566
0.69,0.84959733,-0.15959734
0.8,0.6343159,0.1656841
0.95,0.773046,0.17695397
0.94,0.90537745,0.03462255
0.97,0.871349,0.09865105
0.85,0.9200611,-0.07006109
0.88,0.7881943,0.0918057
0.96,0.8434808,0.11651915
0.97,0.90931654,0.06068349
0.96,0.9085181,0.051481903
0.97,0.9008476,0.069152415
0.97,0.91539717,0.05460286
0.97,0.90865886,0.061341166
0.97,0.92258584,0.047414184
0.98,0.9081993,0.07180071
0.98,0.9298301,0.050169945
0.97,0.9154779,0.054522157
0.98,0.91644144,0.06355858
0.97,0.92376447,0.04623556
0.97,0.91238594,0.057614088
0.98,0.9131999,0.06680012
0.98,0.9249623,0.055037737
0.98,0.91970587,0.06029415
0.98,0.92240465,0.057595372
0.98,0.9210752,0.058924794
0.98,0.92107093,0.058929086
0.98,0.92502785,0.05497217
0.98,0.9175056,0.062494397
0.98,0.9261137,0.053886294
0.98,0.9194633,0.060536742
0.98,0.9219861,0.058013916
0.98,0.92028123,0.059718788
0.98,0.92232895,0.05767107
0.97,0.92011225,0.049887776
0.96,0.91362166,0.046378314
0.98,0.90368235,0.07631767
0.98,0.92211246,0.057887554
0.97,0.920511,0.04948902
0.73,0.90939444,-0.17939442
0.81,0.6755742,0.13442582
0.9,0.78028876,0.11971122
0.98,0.84658265,0.13341737
0.98,0.9220125,0.05798751
0.97,0.9180499,0.051950157
0.97,0.90920264,0.060797393
0.98,0.91290414,0.067095876
0.97,0.92059016,0.049409866
0.97,0.9117478,0.058252215
0.97,0.9093282,0.060671806
0.97,0.90733635,0.062663674
0.98,0.91081643,0.06918359
0.97,0.9261086,0.04389143
0.97,0.9088868,0.06111324
0.97,0.9162807,0.05371934
0.98,0.90892285,0.07107717
0.97,0.9254153,0.04458475
0.98,0.9088582,0.07114184
0.98,0.92312634,0.05687368
0.98,0.9189911,0.06100893
0.98,0.9218526,0.05814743
0.98,0.91967404,0.06032598
0.98,0.923767,0.05623305
0.98,0.9179345,0.06206554
0.98,0.92208934,0.05791068
0.93,0.921331,0.008669019
0.93,0.8731929,0.0568071
0.94,0.88000584,0.05999416
0.97,0.8841706,0.08582944
0.95,0.9136867,0.036313295
0.97,0.8893723,0.08062774
0.98,0.91431826,0.065681756
0.95,0.9184894,0.03151059
0.98,0.8917952,0.0882048
0.97,0.92599404,0.04400599
0.97,0.9100636,0.059936404
0.96,0.9095712,0.050428808
0.97,0.9017269,0.06827313
0.98,0.9139959,0.0660041
0.98,0.92119765,0.058802366
0.98,0.920107,0.059893012
0.89,0.9215962,-0.031596243
0.93,0.8329636,0.09703642
0.86,0.8818285,-0.021828473
0.71,0.8044491,-0.0944491
0.68,0.66105384,0.01894617
0.59,0.64583194,-0.05583197
0.39,0.54646814,-0.15646815
0.48,0.35576442,0.12423557
0.65,0.46878874,0.18121123
0.58,0.61276436,-0.032764375
0.52,0.5373882,-0.017388225
0.31,0.4912184,-0.18121839
0.03,0.28176597,-0.25176597
0.06,0.015048182,0.04495182
0.09,0.07671453,0.013285473
0.08,0.08005741,-5.7414174e-05
0.1,0.067015916,0.032984085
0.11,0.09208959,0.017910406
0.13,0.12994702,5.2973628e-05
0.12,0.13844615,-0.018446155
0.07,0.110738024,-0.040738024
0.01,0.06396351,-0.053963512
0.08,0.0,0.08
0.35,0.07497328,0.2750267
0.32,0.35660896,-0.036608964
0.18,0.3177639,-0.13776389
0.05,0.17917296,-0.12917297
0.07,0.051397175,0.018602826
0.14,0.079316035,0.060683966
0.24,0.14879817,0.09120183
0.14,0.2505036,-0.1105036
0.12,0.12529865,-0.0052986518
0.1,0.14567354,-0.04567354
0.07,0.10020538,-0.030205376
0.08,0.0775218,0.0024781972
0.07,0.0875285,-0.017528497
0.09,0.061098322,0.028901681
0.1,0.09743239,0.0025676116
0.13,0.1081131,0.021886893
0.21,0.14224546,0.06775454
0.18,0.21071061,-0.030710608
0.25,0.19151665,0.058483347
0.17,0.2586596,-0.0886596
0.1,0.16592103,-0.06592103
0.16,0.089851364,0.07014863
0.16,0.16975121,-0.009751216
0.16,0.15956803,0.00043196976
0.25,0.18046547,0.069534525
0.23,0.25932547,-0.02932547
0.3,0.22232087,0.07767914
0.23,0.29025877,-0.06025876
0.33,0.23968445,0.090315565
0.38,0.33568588,0.044314116
0.29,0.36770564,-0.07770565
0.4,0.26317093,0.13682908
0.39,0.39628872,-0.006288737
0.42,0.38356686,0.03643313
0.47,0.41519088,0.054809123
0.4,0.4532659,-0.0532659
0.41,0.3718955,0.038104504
0.25,0.4032926,-0.1532926
0.24,0.23678172,0.0032182783
0.21,0.23719211,-0.027192116
0.35,0.21423271,0.13576728
0.31,0.33274508,-0.022745073
0.3,0.29109445,0.00890556
0.38,0.302943,0.077057004
0.2,0.37140357,-0.17140357
0.23,0.17898053,0.051019475
0.27,0.23627506,0.03372495
0.22,0.26119837,-0.041198373
0.18,0.20165332,-0.02165331
0.16,0.17235212,-0.012352124
0.13,0.16636017,-0.036360174
0.06,0.11841713,-0.05841713
0.01,0.07595229,-0.06595229
0.0,0.010122502,-0.010122502
0.01,0.00085161626,0.0091483835
0.01,0.0038856696,0.00611433
0.01,0.0057317186,0.004268281
0.01,0.003348738,0.006651262
0.01,0.007485388,0.002514612
0.01,0.0032773782,0.0067226216
0.0,0.016184386,-0.016184386
0.01,0.0,0.01
0.01,0.0,0.01
0.01,0.009025342,0.00097465795
0.01,0.0069606593,0.0030393405
0.01,0.013013504,-0.0030135047
0.01,0.023572914,-0.0135729145
0.01,0.011894334,-0.0018943343
0.01,0.005687993,0.0043120068
0.01,0.0039046276,0.006095372
0.01,0.008698127,0.0013018725
0.01,0.0,0.01
0.01,0.007419181,0.0025808187
0.01,0.00873567,0.00126433
0.01,0.009687198,0.00031280145
0.01,0.012298095,-0.0022980953
0.01,0.005060425,0.0049395747
0.01,0.012785934,-0.0027859341
0.01,0.0,0.01
0.01,0.0036521778,0.006347822
0.01,0.021278962,-0.011278963
0.01,0.0,0.01
0.01,0.022393042,-0.012393042
0.01,0.0065745935,0.0034254063
0.01,0.01038491,-0.00038491003
0.0,0.0007732045,-0.0007732045
0.01,0.0012568496,0.00874315
0.01,0.009323882,0.00067611784
0.01,0.010102348,-0.000102348626
0.01,0.013322467,-0.0033224672
0.01,0.00515786,0.00484214
0.02,0.007793001,0.012206999
0.02,0.015645469,0.004354531
0.07,0.014647841,0.05535216
0.12,0.07442549,0.04557451
0.12,0.1257445,-0.0057445094
0.06,0.12534703,-0.06534703
0.06,0.061815493,-0.0018154941
0.02,0.068330936,-0.048330937
0.02,0.016217547,0.003782453
0.01,0.016046898,-0.0060468987
0.01,0.008369811,0.0016301889
0.1,0.011762792,0.08823721
0.08,0.09471081,-0.014710814
0.07,0.09186491,-0.021864913
0.07,0.07270474,-0.0027047396
0.07,0.06800381,0.0019961894
0.11,0.07360372,0.03639628
0.13,0.109794684,0.020205311
0.23,0.13735355,0.09264645
0.33,0.23583893,0.09416108
0.5,0.33869728,0.16130272
0.38,0.50851256,-0.12851256
0.25,0.37155586,-0.121555865
0.15,0.24916027,-0.09916027
0.21,0.14258811,0.067411885
0.27,0.21961527,0.050384745
0.32,0.2596215,0.060378492
0.23,0.3208638,-0.09086381
0.2,0.21680336,-0.016803354
0.61,0.20466997,0.40533006
0.62,0.62764597,-0.0076459646
0.76,0.6057776,0.15422237
0.76,0.76635885,-0.006358862
0.72,0.72738457,-0.0073845387
0.96,0.6805943,0.27940565
0.98,0.9159784,0.06402165
0.98,0.92048967,0.05951035
0.98,0.92399466,0.05600536
0.98,0.9234616,0.056538403
0.98,0.92325324,0.05674678
0.98,0.93802017,0.04197985
0.98,0.9286089,0.051391125
0.98,0.9271927,0.05280733
0.96,0.9224543,0.03754568
0.84,0.90508175,-0.065081775
0.72,0.7875524,-0.06755239
0.57,0.6709851,-0.10098511
0.45,0.5324338,-0.08243382
0.33,0.41917342,-0.08917341
0.28,0.31163618,-0.03163618
0.26,0.26421288,-0.004212886
0.29,0.24846597,0.04153402
0.31,0.28080297,0.029197037
0.32,0.30338824,0.016611755
0.33,0.3037719,0.0262281
0.41,0.30868614,0.10131386
0.28,0.38582873,-0.10582873
0.3,0.25023746,0.049762547
0.22,0.30003923,-0.08003923
0.25,0.19743453,0.05256547
0.3,0.2422667,0.057733312
0.38,0.28795224,0.09204775
0.35,0.37075454,-0.020754546
0.33,0.3378588,-0.007858783
0.35,0.32035315,0.029646844
0.32,0.33340845,-0.013408452
0.34,0.3050212,0.034978807
0.43,0.32961982,0.10038018
0.39,0.40485856,-0.014858574
0.41,0.35763568,0.05236432
0.38,0.38066572,-0.0006657243
0.44,0.3618989,0.0781011
0.51,0.42244267,0.087557316
0.49,0.49479094,-0.004790932
0.31,0.45491195,-0.14491194
0.24,0.29377174,-0.05377175
0.34,0.22619806,0.11380194
0.47,0.32751858,0.14248142
0.42,0.4423564,-0.02235642
0.37,0.40008122,-0.030081213
0.26,0.3461189,-0.08611891
0.23,0.24365108,-0.013651073
0.19,0.21382,-0.023819998
0.31,0.18543117,0.124568835
0.38,0.31065834,0.06934166
0.38,0.36573955,0.014260441
0.38,0.37067038,0.009329617
0.34,0.3595392,-0.019539207
0.31,0.32760605,-0.01760605
0.27,0.2911732,-0.02117318
0.26,0.2542898,0.0057101846
0.31,0.25484708,0.055152923
0.32,0.29073,0.029269993
0.38,0.3092212,0.07077879
0.33,0.3670141,-0.037014097
0.35,0.32206243,0.027937561
0.56,0.34075153,0.21924847
0.43,0.54445297,-0.11445296
0.72,0.39982134,0.3201787
0.59,0.7144996,-0.12449962
0.48,0.546355,-0.06635502
0.49,0.47078693,0.01921308
0.43,0.47014433,-0.040144324
0.34,0.40122038,-0.061220378
0.28,0.31518963,-0.03518963
0.45,0.2821411,0.1678589
0.41,0.43848795,-0.02848795
0.57,0.3829478,0.18705219
0.45,0.5658343,-0.115834296
0.42,0.41601655,0.003983438
0.44,0.41864675,0.021353245
0.49,0.4038944,0.086105615
0.44,0.46235067,-0.022350669
0.57,0.40440792,0.16559207
0.62,0.5570313,0.06296873
0.55,0.5824913,-0.032491267
0.56,0.52468807,0.035311937
0.58,0.54199773,0.038002253
0.6,0.55361813,0.04638189
0.64,0.56415564,0.07584435
0.72,0.61209893,0.1079011
0.78,0.68281454,0.09718543
0.82,0.72688544,0.093114555
0.84,0.77151424,0.06848574
0.8,0.78207904,0.01792097
0.69,0.7688825,-0.078882515
0.67,0.6323653,0.03763473
0.75,0.6433961,0.10660392
0.74,0.6974367,0.04256332
0.68,0.7023175,-0.02231747
0.57,0.63121605,-0.061216056
0.64,0.54300797,0.096992016
0.78,0.60594624,0.17405373
0.64,0.737918,-0.09791803
0.6,0.5871143,0.012885749
0.54,0.5715369,-0.031536877
0.52,0.50470275,0.015297234
0.61,0.48357835,0.12642166
0.54,0.5871756,-0.047175586
0.51,0.5010988,0.008901179
0.46,0.47598052,-0.015980512
0.47,0.42037848,0.049621522
0.46,0.44971585,0.010284156
0.45,0.4296032,0.020396799
0.54,0.4234414,0.11655861
0.64,0.5136183,0.1263817
0.55,0.6025821,-0.052582085
0.58,0.5066203,0.073379695
0.72,0.5552913,0.16470873
0.65,0.6747615,-0.024761498
0.66,0.5975064,0.062493622
0.6,0.6312445,-0.031244457
0.7,0.56066775,0.13933223
0.63,0.66256917,-0.03256917
0.6,0.58318627,0.016813755
0.59,0.5697946,0.020205379
0.53,0.56039023,-0.030390263
0.55,0.49376446,0.05623555
0.46,0.51181513,-0.051815122
0.33,0.43121034,-0.101210326
0.34,0.30541906,0.034580946
0.32,0.32897997,-0.008979976
0.19,0.28751066,-0.097510666
0.18,0.171701,0.008299008
0.18,0.17879282,0.0012071878
0.14,0.16910018,-0.02910018
0.02,0.14109904,-0.12109904
0.01,0.004034769,0.005965231
0.01,0.015220256,-0.005220256
0.01,0.0013737138,0.008626286
0.01,0.007390759,0.0026092408
0.01,0.010354749,-0.00035474915
0.01,0.011008158,-0.0010081585
0.01,0.0,0.01
0.01,0.017105907,-0.0071059074
0.02,0.0063611213,0.013638878
0.0,0.0069356384,-0.0069356384
0.01,0.0,0.01
0.02,0.0102796415,0.009720358
0.07,0.009904719,0.06009528
0.07,0.062189683,0.007810317
0.06,0.06854288,-0.008542884
0.09,0.059146233,0.03085377
0.1,0.08472454,0.015275463
0.13,0.0892175,0.040782496
0.11,0.14493026,-0.03493026
0.18,0.109690845,0.07030916
0.2,0.1895213,0.010478705
0.18,0.19724937,-0.01724936
0.18,0.18793789,-0.007937878
0.17,0.1793552,-0.009355202
0.2,0.17653918,0.02346082
0.17,0.19707938,-0.027079374
0.12,0.17239334,-0.05239334
0.08,0.12599675,-0.045996755
0.08,0.07384142,0.0061585754
0.1,0.08438342,0.015616581
0.09,0.10153458,-0.011534579
0.17,0.09525387,0.07474613
0.21,0.17378135,0.036218643
0.15,0.20712711,-0.057127103
0.12,0.15433444,-0.034334444
0.13,0.13220781,-0.0022078156
0.16,0.1324609,0.02753909
0.23,0.16537078,0.06462923
0.33,0.2272083,0.10279171
0.67,0.34477407,0.32522595
0.84,0.661082,0.17891794
0.97,0.83889145,0.13110858
0.88,0.9703704,-0.09037042
0.97,0.8355536,0.13444644
0.98,0.9318298,0.04817021
0.98,0.9213634,0.058636606
0.97,0.9253852,0.04461485
0.98,0.91858363,0.061416388
0.98,0.9214643,0.058535695
0.98,0.9288659,0.05113411
0.97,0.93399847,0.036001563
0.93,0.92237467,0.0076253414
0.98,0.8800185,0.09998155
0.98,0.9259369,0.05406314
0.97,0.91277564,0.057224393
0.98,0.91333616,0.06666386
0.98,0.9209138,0.059086204
0.98,0.92519295,0.054807067
0.98,0.9182266,0.06177342
0.98,0.9287151,0.05128491
0.96,0.922861,0.037139
0.97,0.9074923,0.06250775
0.97,0.9132962,0.056703806
0.98,0.91847175,0.061528265
0.98,0.92285264,0.057147384
0.97,0.9244188,0.04558122
0.98,0.9115619,0.06843811
0.98,0.92153597,0.05846405
0.98,0.9234395,0.056560516
0.98,0.9202035,0.059796512
0.98,0.9226027,0.057397306
0.98,0.91943395,0.060566068
0.98,0.92489696,0.055103064
0.97,0.9212792,0.048720837
0.98,0.91089,0.069110036
0.98,0.9194868,0.0605132
0.98,0.9218458,0.058154225
0.98,0.92184544,0.058154583
0.98,0.9217658,0.058234215
0.98,0.92079794,0.059202075
0.97,0.9220335,0.04796654
0.98,0.91259754,0.06740248
0.98,0.9217391,0.058260918
0.97,0.92052805,0.049471974
0.97,0.910751,0.059249043
0.97,0.91267014,0.057329893
0.97,0.9118846,0.058115423
0.97,0.91170543,0.058294594
0.98,0.912469,0.06753099
0.98,0.9214952,0.05850482
0.97,0.9212942,0.048705816
0.98,0.91054475,0.069455266
0.98,0.9226873,0.057312727
0.98,0.92120206,0.058797956
0.97,0.9200963,0.04990375
0.86,0.9119843,-0.05198431
0.58,0.8033867,-0.2233867
0.53,0.5317596,-0.0017596483
0.78,0.50948846,0.2705115
0.83,0.74889237,0.08110762
0.53,0.7812901,-0.25129014
0.25,0.48111492,-0.23111492
0.07,0.23681079,-0.16681078
0.02,0.07993833,-0.05993833
0.07,0.035619885,0.034380116
0.08,0.06196832,0.01803168
0.15,0.075014286,0.07498572
0.2,0.17546059,0.024539411
0.26,0.2153918,0.04460819
0.16,0.27432454,-0.11432454
0.18,0.14968777,0.03031224
0.12,0.17615923,-0.056159236
0.06,0.094526604,-0.034526605
0.05,0.05454251,-0.004542511
0.05,0.036937617,0.013062384
0.07,0.052366488,0.017633513
0.09,0.06542571,0.024574295
0.12,0.10262255,0.017377444
0.13,0.13326369,-0.003263697
0.13,0.12251883,0.007481165
0.12,0.119530454,0.00046954304
0.11,0.12179427,-0.011794269
0.08,0.121924706,-0.041924708
0.06,0.0734153,-0.013415303
0.02,0.043408394,-0.023408394
0.01,0.012074232,-0.0020742323
0.01,0.014161665,-0.004161665
0.01,0.012324417,-0.0023244172
0.01,0.02744922,-0.01744922
0.01,0.006280748,0.0037192516
0.01,0.0035268571,0.0064731427
0.01,0.017609242,-0.0076092426
0.01,0.0113547575,-0.0013547577
0.01,0.0,0.01
0.01,0.0,0.01
0.01,0.009390742,0.0006092582
0.01,0.012144603,-0.002144603
0.01,0.01203647,-0.00203647
0.01,0.006795278,0.003204722
0.01,0.0118619595,-0.0018619597
0.01,0.009675619,0.00032438058
0.01,0.015443322,-0.0054433225
0.01,0.00021613762,0.009783862
0.01,0.001444364,0.008555636
0.0,0.0009564627,-0.0009564627
0.02,0.006511364,0.013488635
0.01,0.023058219,-0.013058219
0.01,0.016544309,-0.0065443087
0.01,0.0076743923,0.0023256075
0.01,0.00012787245,0.009872127
0.0,0.010830844,-0.010830844
0.01,0.0031130966,0.006886903
0.01,0.016237412,-0.006237412
0.01,0.0069500934,0.0030499063
0.01,0.01336712,-0.0033671204
0.01,0.0,0.01
0.01,0.007348025,0.0026519746
0.01,0.010640057,-0.000640057
0.0,0.013952808,-0.013952808
0.01,0.006577326,0.0034226738
0.01,0.009568358,0.00043164194
0.0,0.0,0.0
0.01,0.0033471975,0.006652802
0.0,0.013399238,-0.013399238
0.01,0.0,0.01
0.01,0.010270415,-0.0002704151
0.02,0.013384473,0.006615527
0.01,0.02370411,-0.01370411
0.02,0.009712702,0.010287298
0.01,0.018238166,-0.008238167
0.0,0.0017335489,-0.0017335489
0.01,0.0010510199,0.00894898
0.01,0.0058443593,0.0041556405
0.02,0.011216821,0.008783178
0.03,0.02906136,0.00093863904
0.04,0.024425453,0.0155745465
0.03,0.029380191,0.0006198082
0.01,0.021214677,-0.011214677
0.01,0.011117735,-0.0011177352
0.01,0.010548709,-0.0005487092
0.01,0.010187671,-0.00018767081
0.01,0.007853156,0.0021468438
0.01,0.008439448,0.001560552
0.01,0.008712493,0.0012875069
0.01,0.006982633,0.0030173669
0.01,0.0067535657,0.003246434
0.01,0.012237869,-0.0022378694
0.01,0.0051383767,0.004861623
0.01,0.008318283,0.0016817171
0.01,0.007887256,0.0021127434
0.01,0.011096731,-0.001096731
0.01,0.008365946,0.0016340539
0.01,0.0027968623,0.0072031375
0.01,0.0054758135,0.0045241863
0.01,0.009479726,0.00052027404
0.01,0.013461556,-0.0034615565
0.01,0.008722088,0.0012779115
0.01,0.009839322,0.00016067736
0.01,0.0070641674,0.0029358324
0.01,0.006150364,0.0038496358
0.01,0.0024242718,0.007575728
0.01,0.008782949,0.0012170505
0.01,0.009906581,9.3419105e-05
0.01,0.012269739,-0.0022697393
0.01,0.0052664187,0.004733581
0.01,0.0087553,0.0012446996
0.01,0.0063335802,0.0036664195
0.01,0.007463293,0.0025367066
0.01,0.0054036323,0.0045963675
0.01,0.005921144,0.0040788557
0.01,0.00900483,0.0009951694
0.01,0.010741584,-0.0007415842
0.01,0.008273788,0.001726212
0.01,0.005176168,0.004823832
0.01,0.00767738,0.0023226198
0.01,0.00688769,0.0031123096
0.01,0.0044311937,0.005568806
0.01,0.010353159,-0.00035315938
0.01,0.010446666,-0.00044666603
0.01,0.008083189,0.0019168109
0.01,0.0052404646,0.004759535
0.01,0.003882246,0.0061177537
0.01,0.006950695,0.0030493047
0.01,0.0086184535,0.0013815463
0.01,0.009028256,0.00097174384
0.01,0.00589606,0.00410394
0.01,0.009384062,0.00061593764
0.01,0.007049877,0.0029501226
0.01,0.0051718093,0.0048281904
0.01,0.005280217,0.0047197826
0.01,0.005484037,0.0045159627
0.01,0.007308539,0.0026914608
0.01,0.0076622143,0.0023377854
0.01,0.0063963104,0.0036036894
0.01,0.00812955,0.0018704496
0.01,0.007095268,0.0029047318
0.01,0.0015995614,0.008400438
0.01,0.0043575782,0.0056424215
0.01,0.007740969,0.002259031
0.01,0.0070942193,0.0029057804
0.01,0.007319456,0.0026805438
0.01,0.0070127593,0.0029872404
0.01,0.005026033,0.0049739666
0.01,0.0047692154,0.0052307844
0.01,0.006431859,0.0035681408
0.01,0.005007332,0.0049926676
0.01,0.0076034935,0.0023965063
0.01,0.007967213,0.0020327866
0.01,0.007682139,0.0023178607
0.01,0.0076068584,0.0023931414
0.01,0.0074068643,0.0025931355
0.01,0.0070512593,0.0029487405
0.01,0.006365206,0.0036347937
0.01,0.0063585564,0.0036414433
0.01,0.007454058,0.0025459416
0.01,0.0071866326,0.0028133672
0.01,0.0072318334,0.0027681664
0.01,0.0072589945,0.0027410053
0.01,0.0074644852,0.0025355145
0.01,0.0070066703,0.0029933294
0.01,0.007254474,0.002745526
0.01,0.0074687656,0.0025312342
0.01,0.006973575,0.003026425
0.01,0.007678218,0.0023217816
0.02,0.006785201,0.013214799
0.03,0.0151754785,0.014824521
0.07,0.024326198,0.045673802
0.1,0.07039265,0.029607348
0.15,0.101221584,0.048778422
0.18,0.15853833,0.02146168
0.16,0.18584846,-0.025848463
0.14,0.16506043,-0.02506043
0.15,0.14803691,0.0019630939
0.2,0.15841715,0.041582853
0.16,0.20528658,-0.04528658
0.18,0.16239828,0.017601728
0.23,0.19099678,0.039003223
0.27,0.2326253,0.037374705
0.25,0.27056807,-0.020568073
0.28,0.24714483,0.032855168
0.41,0.28298104,0.12701896
0.32,0.4047669,-0.084766895
0.53,0.30016056,0.22983941
0.71,0.5302534,0.17974657
0.86,0.6958015,0.16419852
0.85,0.8488704,0.0011296272
0.72,0.8087426,-0.088742554
0.9,0.6852666,0.21473336
0.89,0.8707103,0.019289672
0.73,0.83173656,-0.101736546
0.74,0.68635,0.05365002
0.45,0.71671385,-0.26671386
0.52,0.4016739,0.11832607
0.7,0.5088581,0.1911419
0.66,0.681178,-0.021177948
0.62,0.6174433,0.0025566816
0.72,0.58776367,0.13223636
0.62,0.6828358,-0.06283581
0.78,0.56963384,0.21036613
0.72,0.748412,-0.028411984
0.86,0.67061317,0.18938684
0.79,0.81385136,-0.023851335
0.87,0.7326771,0.1373229
0.84,0.82072806,0.01927191
0.8,0.79674774,0.0032522678
0.87,0.7466802,0.123319805
0.86,0.83597195,0.024028063
0.93,0.80399066,0.12600935
0.96,0.8826303,0.07736969
0.97,0.90242743,0.06757259
0.97,0.909271,0.060729027
0.92,0.910272,0.0097280145
0.76,0.8647417,-0.10474169
0.64,0.7009536,-0.060953617
0.61,0.60785997,0.0021400452
0.73,0.56050086,0.16949916
0.58,0.70181954,-0.121819556
0.65,0.53223777,0.11776221
0.78,0.62955546,0.15044451
0.82,0.7338246,0.08617538
0.83,0.7815703,0.048429668
0.71,0.77975,-0.06975001
0.83,0.6602,0.16979998
0.7,0.7849716,-0.08497161
0.7,0.6398977,0.060102284
0.61,0.66673934,-0.05673933
0.59,0.5671949,0.022805095
0.5,0.5587582,-0.0587582
0.4,0.45547754,-0.05547753
0.42,0.38377112,0.036228865
0.49,0.39624462,0.093755394
0.55,0.4696299,0.0803701
0.43,0.51637495,-0.08637494
0.37,0.40424806,-0.034248054
0.39,0.34969622,0.040303767
0.38,0.35791272,0.022087276
0.3,0.35026532,-0.050265312
0.32,0.2712123,0.048787683
0.27,0.30488175,-0.03488174
0.23,0.2464729,-0.016472891
0.22,0.22455254,-0.004552543
0.25,0.21038148,0.039618522
0.22,0.25285605,-0.032856047
0.23,0.19785532,0.03214468
0.22,0.23300359,-0.013003588
0.23,0.19820778,0.031792223
0.25,0.22747026,0.022529736
0.23,0.23113883,-0.0011388212
0.23,0.22734539,0.002654612
0.25,0.2270402,0.022959799
0.25,0.22899698,0.021003023
0.26,0.24649204,0.013507947
0.28,0.25479317,0.025206834
0.24,0.2737696,-0.033769593
0.27,0.22347388,0.046526134
0.25,0.2749924,-0.024992406
0.25,0.23436348,0.015636519
0.2,0.2399714,-0.039971396
0.2,0.18738596,0.012614042
0.22,0.20654766,0.013452336
0.26,0.20860825,0.051391736
0.23,0.2549019,-0.024901882
0.25,0.21922995,0.030770048
0.22,0.25932574,-0.039325744
0.16,0.2115591,-0.051559106
0.23,0.14833842,0.08166158
0.23,0.22995336,4.6640635e-05
0.24,0.21751615,0.02248384
0.27,0.23838921,0.0316108
0.29,0.25860852,0.03139147
0.34,0.28565365,0.054346353
0.38,0.32799882,0.05200118
0.46,0.37506545,0.08493456
0.34,0.4424264,-0.10242641
0.25,0.32765394,-0.077653944
0.36,0.2374225,0.12257752
0.35,0.35805452,-0.008054525
0.36,0.32633775,0.03366226
0.25,0.35429627,-0.10429627
0.29,0.23635828,0.053641707
0.28,0.2907331,-0.010733098
0.31,0.261056,0.048943996
0.18,0.29579997,-0.11579996
0.09,0.1776115,-0.0876115
0.15,0.09242304,0.05757697
0.19,0.14482899,0.045171008
0.2,0.1802398,0.019760206
0.29,0.20043053,0.089569464
0.46,0.2854271,0.17457291
0.47,0.47757697,-0.0075769722
0.46,0.46412596,-0.0041259527
0.49,0.4532485,0.03675151
0.48,0.47129938,0.008700609
0.49,0.4591626,0.030837417
0.56,0.4586593,0.10134071
0.45,0.5483105,-0.09831053
0.51,0.41671398,0.09328601
0.5,0.49486703,0.005132973
0.55,0.4683367,0.08166331
0.59,0.54128766,0.048712313
0.53,0.5634793,-0.033479333
0.51,0.49392843,0.016071558
0.46,0.4786049,-0.018604904
0.43,0.42982024,0.00017976761
0.47,0.4021089,0.06789109
0.31,0.44419095,-0.13419095
0.26,0.28344035,-0.023440361
0.4,0.24032049,0.15967952
0.47,0.39557958,0.07442042
0.5,0.45327124,0.04672876
0.42,0.49537995,-0.07537997
0.55,0.38519406,0.16480595
0.55,0.54036844,0.009631574
0.52,0.5121412,0.007858753
0.55,0.49204314,0.057956874
0.47,0.52177036,-0.05177036
0.48,0.43762374,0.04237625
0.54,0.44836485,0.09163517
0.26,0.5276929,-0.26769292
0.26,0.22525196,0.034748033
0.38,0.2595581,0.120441884
0.34,0.36727983,-0.027279824
0.34,0.32395566,0.016044348
0.48,0.33540577,0.14459422
0.57,0.45565277,0.11434722
0.37,0.5577961,-0.18779612
0.58,0.32952338,0.2504766
0.73,0.58121943,0.14878058
0.68,0.6903169,-0.010316908
0.65,0.64255965,0.0074403286
0.64,0.6129014,0.027098596
0.64,0.6230644,0.016935587
0.66,0.5918469,0.06815314
0.56,0.6322941,-0.072294116
0.63,0.522675,0.10732502
0.58,0.60952806,-0.029528081
0.55,0.5352476,0.014752388
0.5,0.5127213,-0.0127213
0.63,0.48184803,0.14815196
0.63,0.59213316,0.03786683
0.68,0.58852285,0.091477156
0.62,0.64205265,-0.022052646
0.64,0.57668567,0.06331432
0.58,0.5943264,-0.014326394
0.55,0.5448279,0.0051721334
0.59,0.52337795,0.06662202
0.6,0.56407785,0.03592217
0.52,0.5507567,-0.030756712
0.56,0.49406257,0.06593743
0.64,0.5329673,0.10703266
0.55,0.61742616,-0.067426145
0.59,0.5026443,0.08735567
0.56,0.56773806,-0.007738054
0.54,0.5179061,0.022093892
0.39,0.504982,-0.11498201
0.19,0.35037887,-0.16037887
0.39,0.1759902,0.21400979
0.41,0.38664377,0.023356229
0.53,0.3753271,0.15467286
0.51,0.51688725,-0.006887257
0.38,0.49889678,-0.11889678
0.54,0.35763788,0.18236214
0.42,0.5149745,-0.09497449
0.22,0.3937501,-0.1737501
0.15,0.20204252,-0.052042514
0.27,0.13628049,0.13371952
0.31,0.2553521,0.054647893
0.27,0.30111948,-0.031119466
0.27,0.26933238,0.0006676316
0.24,0.26465863,-0.024658635
0.23,0.24289744,-0.012897432
0.17,0.21024667,-0.040246665
0.15,0.16614915,-0.016149148
0.13,0.15132864,-0.021328643
0.17,0.1198199,0.0501801
0.33,0.17091312,0.1590869
0.29,0.3396809,-0.04968092
0.32,0.26588532,0.05411467
0.29,0.3189425,-0.028942496
0.2,0.272815,-0.072814986
0.32,0.20131056,0.11868943
0.13,0.324983,-0.194983
0.14,0.12101586,0.018984139
0.19,0.15141143,0.03858857
0.24,0.17621602,0.06378397
0.26,0.25096712,0.009032875
0.28,0.25434586,0.025654137
0.24,0.27888715,-0.038887158
0.13,0.23158674,-0.101586744
0.13,0.1300803,-8.030236e-05
0.13,0.14298415,-0.012984157
0.11,0.12828182,-0.018281817
0.14,0.087294295,0.052705705
0.21,0.14413467,0.06586532
0.25,0.22106391,0.028936088
0.21,0.25593612,-0.045936123
0.24,0.21017525,0.029824749
0.2,0.23940854,-0.039408535
0.21,0.20097177,0.009028226
0.19,0.22564934,-0.035649344
0.27,0.18125147,0.088748544
0.19,0.25596902,-0.06596902
0.13,0.19045047,-0.06045048
0.12,0.123464756,-0.0034647584
0.12,0.12971939,-0.009719394
0.12,0.12056194,-0.00056194514
0.14,0.1087081,0.031291902
0.25,0.15420286,0.09579714
0.34,0.26914227,0.07085773
0.47,0.33650088,0.13349912
0.43,0.4748927,-0.0448927
0.3,0.40651748,-0.106517464
0.12,0.2885219,-0.16852188
0.08,0.102503024,-0.022503026
0.13,0.0908893,0.039110698
0.3,0.12152408,0.17847593
0.13,0.31127888,-0.18127888
0.06,0.11702554,-0.05702554
0.09,0.09415819,-0.004158184
0.08,0.0897436,-0.009743601
0.22,0.081809185,0.1381908
0.17,0.22493662,-0.054936618
0.09,0.16074668,-0.070746675
0.13,0.08830936,0.041690633
0.29,0.13327529,0.1567247
0.34,0.29026112,0.049738884
0.26,0.33764797,-0.077647984
0.07,0.27107298,-0.20107299
0.14,0.04816121,0.09183879
0.26,0.16417952,0.09582047
0.57,0.2436399,0.3263601
0.6,0.59975743,0.0002425909
0.32,0.60308677,-0.28308678
0.44,0.3104089,0.1295911
0.5,0.43467152,0.06532848
0.67,0.46253356,0.20746645
0.67,0.6578638,0.012136221
0.7,0.6504363,0.049563706
0.62,0.6696597,-0.04965967
0.84,0.5781115,0.26188844
0.8,0.8108943,-0.010894299
0.75,0.752862,-0.0028619766
0.7,0.71870875,-0.018708766
0.75,0.6490751,0.10092491
0.93,0.7195274,0.21047258
0.85,0.8732139,-0.023213863
0.72,0.7873443,-0.06734425
0.56,0.6776857,-0.117685676
0.55,0.5394354,0.010564625
0.31,0.51635695,-0.20635694
0.19,0.26777452,-0.077774525
0.26,0.1833186,0.07668139
0.21,0.25417718,-0.04417719
0.08,0.20478828,-0.124788284
0.12,0.072672546,0.04732745
0.26,0.14286423,0.11713576
0.45,0.2502349,0.19976509
0.17,0.44856322,-0.2785632
0.21,0.15546577,0.054534227
0.46,0.23375463,0.22624537
0.41,0.4299037,-0.01990369
0.26,0.38990778,-0.12990779
0.1,0.26765338,-0.16765338
0.33,0.12168137,0.20831865
0.18,0.3270728,-0.14707279
0.14,0.15007629,-0.010076284
0.31,0.16159613,0.14840387
0.68,0.3092507,0.3707493
0.77,0.6914032,0.07859677
0.71,0.7711926,-0.06119263
0.66,0.6893111,-0.02931106
0.68,0.6140939,0.06590611
0.49,0.6430781,-0.15307808
0.49,0.43917102,0.050828993
0.42,0.4845332,-0.064533204
0.45,0.38674206,0.06325793
0.14,0.42729032,-0.28729033
0.27,0.1446587,0.12534131
0.31,0.30300552,0.006994486
0.25,0.2982958,-0.048295796
0.32,0.22788672,0.09211327
0.25,0.32362583,-0.07362583
0.31,0.23529544,0.07470456
0.33,0.30063766,0.02936235
0.32,0.29921237,0.020787627
0.33,0.3347705,-0.0047704875
0.33,0.28171778,0.048282236
0.29,0.32966298,-0.039662987
0.31,0.26846036,0.04153964
0.21,0.33222944,-0.12222944
0.14,0.17834581,-0.038345814
0.19,0.14652807,0.043471932
0.24,0.20400545,0.035994545
0.13,0.23932253,-0.10932253
0.14,0.10875003,0.03124997
0.07,0.16042842,-0.09042842
0.08,0.061680004,0.018319994
0.12,0.09676598,0.023234017
0.07,0.11013788,-0.04013788
0.1,0.068264216,0.031735785
0.1,0.112786695,-0.012786694
0.07,0.090755396,-0.020755395
0.04,0.068495765,-0.028495766
0.01,0.032536644,-0.022536645
0.01,0.019550772,-0.009550773
0.01,0.0,0.01
0.02,0.012701459,0.0072985403
0.06,0.020022651,0.03997735
0.02,0.057699606,-0.037699606
0.01,0.011141891,-0.0011418909
0.01,0.016600668,-0.0066006687
0.01,0.010282794,-0.00028279424
0.0,0.010255812,-0.010255812
0.01,0.0,0.01
0.01,0.0067896675,0.0032103322
0.01,0.022361454,-0.012361454
0.01,0.0,0.01
0.01,0.023428606,-0.013428606
0.01,0.0,0.01
0.01,0.014965545,-0.0049655456
0.01,0.004472809,0.005527191
0.01,0.024339512,-0.014339512
0.01,0.0,0.01
0.01,0.012910204,-0.0029102042
0.01,0.008225484,0.001774516
0.01,0.008888981,0.0011110185
0.01,0.02173904,-0.01173904
0.01,0.009981923,1.8076971e-05
0.01,0.009642744,0.00035725534
0.01,0.013151592,-0.0031515919
0.01,0.0010600928,0.008939907
0.01,0.020824105,-0.010824105
0.01,0.01163245,-0.0016324501
0.01,0.00091967173,0.009080328
0.01,0.024240032,-0.014240032
0.01,0.0032241475,0.0067758523
0.01,0.01803096,-0.00803096
0.01,1.1852011e-05,0.009988148
0.18,0.01748201,0.162518
0.3,0.20061146,0.099388555
0.38,0.30616537,0.07383463
0.53,0.41167644,0.118323535
0.57,0.52209103,0.04790896
0.62,0.5767151,0.043284893
0.85,0.5949733,0.2550267
0.94,0.82610375,0.11389625
0.98,0.9065637,0.07343632
0.58,0.93535304,-0.35535306
0.01,0.5362343,-0.5262343
0.01,0.042838357,-0.03283836
0.01,0.08091476,-0.07091476
0.01,0.032531634,-0.022531634
0.01,0.0,0.01
0.01,0.017139368,-0.007139368
0.01,0.05758722,-0.047587223
0.01,0.07495125,-0.06495125
0.01,0.019214598,-0.009214599
0.01,0.038097903,-0.028097903
0.01,0.035706654,-0.025706654
0.01,0.012915465,-0.0029154653
0.7,0.01752298,0.682477
0.98,0.6326044,0.3473956
0.98,0.92757046,0.052429557
0.98,0.9815057,-0.0015056729
0.98,0.94914407,0.030855954
0.98,0.9348899,0.045110106
0.98,0.92729545,0.052704573
0.98,0.9384116,0.041588426
0.97,0.9342327,0.035767317
0.97,0.9046613,0.06533873
0.97,0.9163097,0.053690314
0.88,0.92181504,-0.041815042
0.91,0.83330035,0.076699674
0.91,0.8646618,0.045338213
0.72,0.8560237,-0.1360237
0.64,0.6573762,-0.017376244
0.59,0.6115133,-0.021513343
0.47,0.5450748,-0.07507482
0.74,0.44726938,0.29273063
0.86,0.71757084,0.14242917
0.91,0.82022977,0.08977026
0.86,0.8766159,-0.016615868
0.71,0.81513035,-0.105130374
0.67,0.6617228,0.008277237
0.51,0.64427793,-0.13427794
0.35,0.46226728,-0.112267286
0.38,0.31796372,0.062036276
0.42,0.3701082,0.0498918
0.36,0.3824817,-0.02248168
0.33,0.33597502,-0.005975008
0.41,0.32617384,0.083826154
0.4,0.3933675,0.006632507
0.32,0.36790115,-0.047901154
0.29,0.29688823,-0.0068882406
0.29,0.2805221,0.009477884
0.25,0.26567116,-0.015671164
0.22,0.2165962,0.0034037977
0.23,0.2121989,0.017801106
0.2,0.22831903,-0.028319031
0.17,0.1800135,-0.010013491
0.21,0.16062228,0.04937771
0.26,0.21052739,0.0494726
0.23,0.26586935,-0.035869345
0.21,0.22029553,-0.01029554
0.27,0.20937657,0.060623437
0.27,0.2682392,0.0017608106
0.27,0.24061246,0.029387549
0.26,0.25311154,0.006888449
0.2,0.24920966,-0.049209654
0.17,0.18943162,-0.01943162
0.15,0.16935721,-0.019357204
0.15,0.15095906,-0.00095905364
0.15,0.15885264,-0.008852631
0.18,0.1451247,0.034875304
0.15,0.17267822,-0.022678211
0.16,0.14436567,0.015634328
0.2,0.16336818,0.036631823
0.22,0.18989138,0.030108616
0.25,0.21118055,0.038819447
0.21,0.25527474,-0.04527475
0.17,0.20943515,-0.03943515
0.15,0.16868682,-0.018686816
0.12,0.15117972,-0.031179719
0.12,0.10927123,0.010728769
0.11,0.12357786,-0.013577864
0.08,0.10956879,-0.029568791
0.04,0.07092241,-0.030922413
0.02,0.04838471,-0.028384712
0.0,0.022859348,-0.022859348
0.01,0.0,0.01
0.0,0.00032565184,-0.00032565184
0.01,0.0,0.01
0.01,0.004697796,0.005302204
0.01,0.00558397,0.00441603
0.03,0.019777877,0.010222122
0.03,0.021494314,0.008505685
0.08,0.025442714,0.054557286
0.07,0.082972646,-0.012972645
0.09,0.07084086,0.019159146
0.08,0.09140597,-0.011405975
0.1,0.08520639,0.014793612
0.13,0.10797477,0.022025228
0.16,0.13776845,0.022231549
0.18,0.16386421,0.016135797
0.21,0.18055756,0.02944243
0.21,0.21535155,-0.0053515583
0.25,0.20530295,0.044697046
0.2,0.25427926,-0.054279253
0.24,0.20450826,0.035491735
0.18,0.24287103,-0.062871024
0.18,0.17355151,0.0064484924
0.11,0.18174621,-0.071746215
0.13,0.10286708,0.027132913
0.17,0.14066818,0.029331818
0.31,0.1717316,0.1382684
0.29,0.31990492,-0.029904932
0.26,0.29596835,-0.035968363
0.16,0.25567895,-0.095678955
0.19,0.15455963,0.03544037
0.27,0.19211812,0.07788189
0.34,0.2733681,0.06663191
0.32,0.3285566,-0.008556604
0.41,0.31962946,0.090370536
0.62,0.40339535,0.21660465
0.49,0.6275433,-0.13754326
0.6,0.46103528,0.13896474
0.69,0.60096526,0.089034736
0.85,0.6515788,0.19842124
0.94,0.8369167,0.10308331
0.92,0.888577,0.031423032
0.96,0.87767226,0.08232772
0.98,0.90366113,0.07633889
0.98,0.9268826,0.053117394
0.98,0.92468107,0.05531895
0.92,0.9329469,-0.012946904
0.98,0.86241114,0.11758888
0.95,0.9286462,0.021353781
0.89,0.8972628,-0.007262826
0.97,0.8374899,0.13251013
0.96,0.92839336,0.031606615
0.91,0.8896977,0.020302355
0.87,0.856416,0.013584018
0.94,0.8195308,0.12046921
0.94,0.89673275,0.04326725
0.89,0.8767799,0.013220072
0.82,0.83941424,-0.019414246
0.9,0.7706859,0.12931406
0.82,0.86096156,-0.040961564
0.9,0.7569741,0.14302588
0.89,0.8590828,0.030917168
0.9,0.82919276,0.07080722
0.93,0.84683466,0.08316535
0.9,0.8809632,0.01903677
0.8,0.8409866,-0.040986598
0.9,0.7515571,0.14844286
0.85,0.85444736,-0.004447341
0.96,0.7912197,0.16878027
0.98,0.9081106,0.0718894
0.97,0.9159217,0.05407834
0.96,0.9047556,0.055244386
0.96,0.9101937,0.049806297
0.93,0.89640236,0.03359765
0.78,0.8765557,-0.09655571
0.78,0.7231572,0.056842744
0.96,0.7437932,0.21620679
0.98,0.9072218,0.072778225
0.98,0.91567636,0.06432366
0.97,0.91809916,0.051900864
0.93,0.91608393,0.013916075
0.91,0.8658116,0.04418844
0.91,0.8610456,0.048954427
0.92,0.852893,0.06710702
0.92,0.86700577,0.05299425
0.82,0.8572771,-0.037277102
0.87,0.7652688,0.1047312
0.8,0.8307255,-0.03072548
0.93,0.74738324,0.18261677
0.96,0.8820096,0.07799035
0.69,0.89677894,-0.20677894
0.58,0.62851214,-0.04851216
0.48,0.55204916,-0.07204917
0.45,0.4476471,0.0023528934
0.43,0.42071384,0.009286165
0.38,0.40397,-0.023970008
0.29,0.35114664,-0.061146647
0.22,0.27015048,-0.050150484
0.24,0.21332216,0.026677832
0.2,0.22547935,-0.025479347
0.09,0.19367383,-0.10367383
0.08,0.07841693,0.0015830696
0.12,0.07797162,0.042028375
0.14,0.115169406,0.024830595
0.15,0.130894,0.019106
0.13,0.14636499,-0.016364992
0.43,0.13042049,0.2995795
0.78,0.44021207,0.3397879
0.36,0.76758265,-0.40758264
0.27,0.33553952,-0.06553951
0.2,0.29312354,-0.09312354
0.11,0.18241137,-0.07241137
0.15,0.09830662,0.051693387
0.28,0.17586605,0.10413395
0.25,0.28631037,-0.036310375
0.2,0.2585783,-0.058578297
0.28,0.19609709,0.08390291
0.38,0.28951168,0.090488315
0.45,0.37416086,0.07583913
0.8,0.4289635,0.3710365
0.94,0.8004482,0.13955182
0.92,0.94639695,-0.02639693
0.52,0.8604424,-0.34044242
0.47,0.46703267,0.0029673278
0.43,0.45427233,-0.024272323
0.44,0.4169438,0.02305621
0.44,0.41768742,0.022312582
0.57,0.43085995,0.13914004
0.79,0.5565134,0.2334866
0.91,0.8046087,0.10539132
0.98,0.88099307,0.09900695
0.98,0.9494062,0.030593812
0.95,0.9048644,0.045135617
0.83,0.87670755,-0.04670757
0.77,0.7608267,0.009173274
0.78,0.7348203,0.045179665
0.71,0.73165673,-0.021656752
0.77,0.6671292,0.10287076
0.87,0.7372267,0.13277328
0.96,0.8388533,0.12114668
0.97,0.9160862,0.05391383
0.97,0.9106555,0.05934453
0.98,0.9057305,0.07426953
0.96,0.9229723,0.037027657
0.94,0.8988352,0.041164815
0.96,0.88082826,0.07917172
0.9,0.8962779,0.0037220716
0.93,0.84262484,0.087375164
0.97,0.8813812,0.088618815
0.94,0.91105306,0.028946936
0.89,0.891791,-0.0017910004
0.85,0.8377388,0.012261212
0.89,0.80183244,0.08816755
0.85,0.8458588,0.0041412115
0.87,0.7943366,0.07566339
0.88,0.8165126,0.06348741
0.87,0.8269858,0.04301423
0.85,0.8142225,0.03577751
0.84,0.798705,0.041294992
0.83,0.7931291,0.036870897
0.77,0.7798369,-0.009836912
0.71,0.724095,-0.014095008
0.68,0.6651014,0.014898598
0.72,0.63927644,0.08072358
0.67,0.6780565,-0.008056462
0.64,0.6243231,0.015676856
0.67,0.6018027,0.06819731
0.79,0.62980264,0.16019738
0.76,0.7488853,0.0111147165
0.69,0.70327127,-0.013271272
0.68,0.64409167,0.03590834
0.64,0.6432222,-0.003222227
0.67,0.5950295,0.07497054
0.66,0.63006055,0.029939473
0.67,0.61675084,0.05324918
0.58,0.62526757,-0.045267582
0.47,0.53605634,-0.06605634
0.7,0.43931454,0.26068544
0.74,0.6799283,0.060071707
0.71,0.6878348,0.02216518
0.8,0.66310406,0.13689595
0.76,0.7629081,-0.0029081106
0.74,0.6985202,0.041479826
0.79,0.69295955,0.097040474
0.82,0.74508345,0.07491654
0.86,0.76996803,0.09003198
0.95,0.8040645,0.14593548
0.96,0.89373446,0.06626552
0.98,0.89897025,0.08102977
0.97,0.92485833,0.045141697
0.98,0.90879095,0.07120907
0.89,0.92479575,-0.03479576
0.85,0.8309647,0.01903534
0.66,0.79949725,-0.13949722
0.78,0.6087868,0.17121315
0.98,0.7511743,0.22882575
0.89,0.92830026,-0.038300276
0.87,0.8247775,0.04522252
0.9,0.82459843,0.075401545
0.72,0.8509594,-0.13095939
0.86,0.66110116,0.19889885
0.96,0.8313982,0.12860179
0.96,0.8994235,0.0605765
0.79,0.89471185,-0.10471183
0.85,0.7356011,0.1143989
0.64,0.80946565,-0.16946566
0.79,0.58921576,0.20078427
0.87,0.7603761,0.10962391
0.9,0.82048243,0.07951754
0.91,0.8411948,0.06880522
0.95,0.85903347,0.09096652
0.96,0.89468634,0.06531364
0.88,0.9016661,-0.02166611
0.85,0.8185197,0.031480312
0.87,0.8042946,0.06570542
0.92,0.8131913,0.10680872
0.89,0.864519,0.025480986
0.92,0.82598513,0.09401488
0.88,0.87612474,0.0038752556
0.92,0.8211708,0.09882921
0.82,0.8768298,-0.05682981
0.98,0.76080596,0.21919405
0.98,0.9383439,0.041656137
0.98,0.90232253,0.07767749
0.98,0.92105585,0.058944166
0.97,0.91971385,0.050286174
0.84,0.9114844,-0.07148445
0.58,0.78239524,-0.20239526
0.5,0.5357914,-0.035791397
0.4,0.4727687,-0.07276869
0.36,0.36839604,-0.0083960295
0.81,0.33539647,0.47460353
0.98,0.7995993,0.18040073
0.93,0.9659871,-0.03598708
0.9,0.89459634,0.005403638
0.77,0.859934,-0.08993399
0.76,0.70370954,0.056290448
0.66,0.71887493,-0.058874905
0.43,0.61477226,-0.18477225
0.27,0.39296353,-0.12296352
0.2,0.2536162,-0.05361621
0.28,0.20357017,0.07642983
0.57,0.27249712,0.29750288
0.78,0.5737152,0.20628476
0.7,0.76887417,-0.06887418
0.65,0.68599015,-0.03599018
0.6,0.60610676,-0.0061067343
0.33,0.5612428,-0.2312428
0.24,0.28153288,-0.04153289
0.2,0.21789104,-0.017891034
0.24,0.18668145,0.053318545
0.15,0.21659417,-0.06659417
0.21,0.13455598,0.07544401
0.34,0.23002158,0.10997842
0.35,0.35526782,-0.0052678287
0.3,0.34462926,-0.044629246
0.34,0.30454314,0.035456866
0.28,0.33365786,-0.05365786
0.32,0.2514142,0.06858578
0.34,0.29227853,0.047721475
0.55,0.3223513,0.2276487
0.67,0.5342116,0.13578844
0.79,0.6615263,0.1284737
0.49,0.78156984,-0.29156983
0.26,0.4688158,-0.20881581
0.19,0.26602066,-0.07602066
0.11,0.17817535,-0.068175346
0.25,0.09750751,0.1524925
0.19,0.25029457,-0.06029457
0.19,0.17532967,0.014670327
0.29,0.20194632,0.08805367
0.35,0.2789354,0.07106459
0.39,0.368667,0.02133298
0.43,0.37648124,0.053518772
0.33,0.44205093,-0.11205092
0.41,0.29921323,0.110786766
0.43,0.40293154,0.027068466
0.33,0.40131214,-0.07131213
0.21,0.3071087,-0.09710871
0.44,0.19916777,0.24083222
0.62,0.45208323,0.16791677
0.47,0.62450314,-0.15450314
0.3,0.4477993,-0.14779928
0.28,0.30651984,-0.026519835
0.23,0.28625846,-0.056258455
0.26,0.20827512,0.051724866
0.43,0.24870104,0.18129897
0.28,0.42081058,-0.14081058
0.21,0.22981451,-0.019814521
0.23,0.21421379,0.015786216
0.17,0.22728778,-0.057287782
0.14,0.17657255,-0.036572546
0.22,0.13100247,0.08899753
0.24,0.22633514,0.013664857
0.35,0.24469717,0.105302826
0.27,0.34248388,-0.07248387
0.27,0.24371092,0.02628909
0.31,0.27216893,0.037831068
0.46,0.29940188,0.16059813
0.45,0.46455288,-0.014552891
0.61,0.44576213,0.16423789
0.33,0.5962797,-0.26627967
0.42,0.29517245,0.124827534
0.47,0.43237114,0.03762886
0.5,0.4733323,0.026667714
0.68,0.46772113,0.21227887
0.75,0.65062475,0.09937525
0.56,0.6950762,-0.13507622
0.41,0.534128,-0.124128014
0.54,0.39530137,0.14469865
0.73,0.53874516,0.19125485
0.93,0.67933244,0.25066757
0.9,0.90619147,-0.006191492
0.65,0.8446022,-0.19460225
0.68,0.61119354,0.06880647
0.86,0.6321199,0.22788012
0.98,0.83721054,0.14278948
0.89,0.9270055,-0.037005544
0.43,0.83873415,-0.40873414
0.19,0.36754388,-0.17754388
0.32,0.19627282,0.12372717
0.38,0.3195415,0.06045848
0.3,0.3510697,-0.051069677
0.27,0.28176934,-0.011769325
0.2,0.27081147,-0.070811465
0.29,0.18503255,0.104967445
0.41,0.29043716,0.119562835
0.31,0.406327,-0.09632701
0.16,0.28486755,-0.12486756
0.15,0.14502124,0.004978761
0.24,0.13198324,0.10801676
0.26,0.22260654,0.03739345
0.1,0.25257695,-0.15257695
0.38,0.08397022,0.29602978
0.52,0.41827643,0.10172355
0.54,0.5390779,0.00092214346
0.77,0.535342,0.234658
0.65,0.71617186,-0.066171885
0.65,0.60262084,0.047379136
0.82,0.6147851,0.20521492
0.66,0.79013413,-0.1301341
0.47,0.6012273,-0.13122728
0.49,0.42484713,0.06515288
0.57,0.47296077,0.09703922
0.53,0.5466123,-0.016612351
0.54,0.50870085,0.031299174
0.58,0.51511896,0.06488103
0.7,0.55506563,0.14493436
0.87,0.65496397,0.21503603
0.75,0.8405919,-0.09059191
0.61,0.69181335,-0.081813335
0.95,0.55230093,0.39769906
0.83,0.91109705,-0.08109707
0.93,0.7611102,0.16888982
0.93,0.8999743,0.03002572
0.94,0.8798453,0.060154676
0.96,0.8760346,0.08396536
0.94,0.91673374,0.023266256
0.95,0.8976953,0.052304685
0.97,0.8983356,0.07166445
0.93,0.9079709,0.022029102
0.95,0.86104316,0.08895683
0.96,0.9004889,0.059511065
0.95,0.90689284,0.043107152
0.97,0.89587927,0.07412076
0.98,0.91190016,0.06809986
0.97,0.91384524,0.056154788
0.98,0.9198794,0.060120642
0.97,0.9200735,0.04992652
0.97,0.9151783,0.05482173
0.97,0.90900576,0.060994267
0.97,0.915571,0.054429054
0.97,0.9071086,0.06289142
0.97,0.9164196,0.053580403
0.97,0.9099898,0.060010254
0.98,0.9150398,0.06496024
0.97,0.9240675,0.04593253
0.98,0.91282797,0.06717205
0.98,0.9190847,0.06091529
0.97,0.92165947,0.04834056
0.98,0.9141736,0.065826416
0.97,0.91835177,0.05164826
0.97,0.91148806,0.058511972
0.97,0.91038406,0.05961597
0.98,0.913116,0.06688404
0.98,0.92488366,0.055116355
0.98,0.9199133,0.060086727
0.97,0.9192401,0.05075991
0.97,0.91410565,0.055894375
0.97,0.91205585,0.05794418
0.97,0.9099747,0.060025334
0.97,0.913786,0.056214035
0.97,0.912936,0.057064056
0.97,0.9097831,0.060216904
0.97,0.9124193,0.05758071
0.98,0.91348964,0.06651038
0.98,0.92111564,0.058884382
0.97,0.921149,0.048851013
0.97,0.9107588,0.059241235
0.97,0.91193706,0.05806297
0.97,0.9127566,0.057243407
0.97,0.91169393,0.058306098
0.97,0.911591,0.058409035
0.97,0.9117436,0.058256447
0.97,0.9125298,0.057470202
0.97,0.9121194,0.05788064
0.97,0.91194695,0.058053076
0.98,0.91258514,0.06741488
0.98,0.9209194,0.0590806
0.98,0.921239,0.058761
0.98,0.92140937,0.05859065
0.98,0.9200653,0.059934735
0.98,0.9219067,0.05809331
0.98,0.92181253,0.058187485
0.98,0.9204931,0.059506893
0.98,0.9221191,0.057880938
0.98,0.92104566,0.058954358
0.98,0.92138076,0.05861926
0.98,0.9220823,0.057917714
0.98,0.921337,0.05866301
0.98,0.92107475,0.05892527
0.98,0.9218434,0.05815661
0.98,0.92124397,0.058756053
0.98,0.92124873,0.058751285
0.98,0.9215542,0.05844581
0.98,0.9213853,0.05861473
0.98,0.9214281,0.058571935
0.98,0.9216564,0.05834359
0.98,0.92129415,0.058705866
0.98,0.9216062,0.058393836
0.98,0.92130625,0.058693767
0.98,0.92162144,0.058378577
0.98,0.92133904,0.058660984
0.98,0.9215962,0.05840379
0.98,0.9215004,0.058499634
0.98,0.92130256,0.058697462
0.98,0.9216479,0.058352113
0.98,0.92132217,0.058677852
0.98,0.92145294,0.05854708
0.97,0.9214823,0.048517704
0.97,0.91166794,0.058332086
0.98,0.912725,0.06727505
0.98,0.92200625,0.05799377
0.98,0.92074925,0.059250772
0.98,0.92142737,0.05857265
0.98,0.9214928,0.058507204
0.98,0.9213287,0.058671296
0.98,0.92143995,0.058560073
0.97,0.9215424,0.048457623
0.97,0.91143316,0.05856687
0.97,0.9125361,0.057463944
0.97,0.9121548,0.057845235
0.97,0.91223323,0.057766795
0.98,0.9121184,0.067881644
0.98,0.92197657,0.058023453
0.97,0.920738,0.049262047
0.8,0.911495,-0.11149496
0.61,0.7442558,-0.13425577
0.84,0.5689118,0.27108818
0.87,0.81304395,0.056956053
0.98,0.8030294,0.1769706
0.95,0.93461215,0.015387833
0.95,0.88696,0.06303996
0.91,0.8913666,0.018633425
0.97,0.85415447,0.11584556
0.98,0.91756177,0.06243825
0.91,0.9173205,-0.0073204637
0.86,0.8445221,0.015477896
0.98,0.8065218,0.17347825
0.97,0.93191993,0.038080096
0.97,0.9050269,0.064973116
0.96,0.91293406,0.047065914
0.81,0.90608543,-0.09608543
0.87,0.74952835,0.12047166
0.97,0.83588815,0.13411188
0.98,0.91082036,0.069179654
0.98,0.9154789,0.064521134
0.98,0.9157827,0.06421733
0.98,0.9222231,0.057776928
0.97,0.91836536,0.05163467
0.97,0.9142506,0.055749416
0.97,0.9073596,0.06264043
0.97,0.9143143,0.0556857
0.97,0.9071994,0.062800646
0.97,0.91714525,0.052854776
0.97,0.9137334,0.056266606
0.97,0.91196513,0.058034897
0.92,0.9131087,0.00689131
0.96,0.860763,0.099236965
0.97,0.90852416,0.061475873
0.97,0.9079498,0.062050223
0.97,0.9119029,0.058097124
0.97,0.9139385,0.056061506
0.97,0.91217065,0.05782938
0.97,0.9094996,0.060500443
0.97,0.91409,0.05591005
0.97,0.91048,0.059520006
0.97,0.9107352,0.05926484
0.97,0.91194785,0.058052182
0.97,0.91303146,0.05696857
0.97,0.9127692,0.05723083
0.97,0.91266644,0.05733359
0.97,0.91354394,0.05645609
0.97,0.91004705,0.059952974
0.97,0.9117357,0.058264315
0.97,0.91114223,0.0588578
0.97,0.91315156,0.056848466
0.97,0.9122647,0.057735324
0.97,0.9131135,0.056886554
0.97,0.91031015,0.05968988
0.97,0.9116281,0.0583719
0.97,0.91223335,0.057766676
0.97,0.91255057,0.05744946
0.97,0.911095,0.058905005
0.97,0.9129724,0.057027638
0.9,0.91180444,-0.0118044615
0.95,0.8424212,0.107578814
0.95,0.90152633,0.048473656
0.97,0.8896719,0.08032811
0.97,0.9119992,0.058000803
0.96,0.9117529,0.0482471
0.97,0.9007894,0.06921065
0.97,0.9141034,0.05589664
0.95,0.9114655,0.038534462
0.89,0.8915378,-0.0015377998
0.97,0.8343128,0.13568723
0.97,0.91946137,0.05053866
0.79,0.90672386,-0.116723835
0.54,0.7331538,-0.1931538
0.39,0.500595,-0.11059499
0.32,0.3670918,-0.047091812
0.74,0.29966474,0.44033527
0.91,0.7233568,0.18664324
0.94,0.8943093,0.045690715
0.8,0.9132386,-0.11323857
0.8,0.7462985,0.05370152
0.63,0.75647247,-0.12647247
0.88,0.5759703,0.3040297
0.75,0.8513534,-0.10135341
0.74,0.688283,0.051716983
0.89,0.7012247,0.1887753
0.51,0.8433194,-0.33331943
0.54,0.45291728,0.08708274
0.65,0.5372678,0.11273217
0.89,0.6188297,0.27117026
0.96,0.8878979,0.07210207
0.91,0.9135598,-0.0035597682
0.98,0.85129184,0.12870818
0.91,0.9162911,-0.0062910914
0.69,0.8472435,-0.15724349
0.4,0.6325622,-0.23256221
0.42,0.36601192,0.05398807
0.2,0.38748968,-0.18748967
0.42,0.17539437,0.24460562
0.43,0.42113551,0.008864492
0.38,0.4147408,-0.034740806
0.43,0.37601772,0.053982288
0.29,0.41542977,-0.12542978
0.21,0.2670661,-0.057066098
0.17,0.18042825,-0.01042825
0.15,0.15708941,-0.0070894063
0.16,0.13015321,0.029846787
0.17,0.1698126,0.000187397
0.15,0.16369566,-0.013695657
0.11,0.1507565,-0.040756494
0.13,0.1066896,0.023310393
0.12,0.12918861,-0.009188615
0.07,0.11703956,-0.04703956
0.03,0.06989781,-0.039897807
0.01,0.037738726,-0.027738726
0.01,0.0,0.01
0.01,0.015933739,-0.0059337392
0.01,0.005173292,0.0048267078
0.01,0.001641715,0.008358285
0.01,0.0,0.01
0.01,0.002194384,0.0078056157
0.01,0.016396593,-0.0063965935
0.01,0.02680223,-0.01680223
0.01,0.00921257,0.0007874295
0.01,0.0,0.01
0.01,0.0071509546,0.0028490452
0.01,0.0019816626,0.008018337
0.01,0.0,0.01
0.01,0.006123908,0.003876092
0.01,0.003272988,0.006727012
0.01,0.015574517,-0.005574517
0.01,0.029491987,-0.019491987
0.01,0.0065206885,0.0034793112
0.01,0.0063039083,0.0036960915
0.01,0.0,0.01
0.01,0.018200142,-0.0082001425
0.01,0.012489207,-0.0024892073
0.01,0.0030304044,0.0069695953
0.01,0.013908954,-0.0039089546
0.01,0.010274192,-0.00027419254
0.01,0.0078047644,0.0021952353
0.01,0.013545307,-0.0035453076
0.01,0.0141073745,-0.0041073747
0.01,0.002447337,0.007552663
0.01,0.020271733,-0.010271734
0.01,0.0036528688,0.006347131
0.01,0.014750818,-0.004750818
0.01,0.008828807,0.0011711931
0.01,0.0051830895,0.0048169103
0.01,0.010984018,-0.0009840187
0.01,0.0061035883,0.0038964115
0.01,0.013658222,-0.003658222
0.04,0.019185431,0.020814568
0.16,0.034967467,0.12503253
0.14,0.16820142,-0.028201416
0.17,0.13807307,0.03192693
0.17,0.1756404,-0.0056404024
0.14,0.18381839,-0.043818384
0.1,0.15636754,-0.05636754
0.06,0.098659255,-0.038659256
0.05,0.07797314,-0.027973142
0.07,0.039496154,0.030503847
0.14,0.0657328,0.0742672
0.13,0.1487363,-0.018736303
0.08,0.13384387,-0.05384387
0.06,0.09011336,-0.030113358
0.04,0.06269707,-0.022697069
0.06,0.04040289,0.01959711
0.11,0.05524057,0.054759428
0.1,0.11617251,-0.016172506
0.16,0.09069,0.069309995
0.33,0.16717833,0.16282168
0.38,0.35221416,0.027785838
0.3,0.38862327,-0.088623255
0.51,0.30153424,0.20846575
0.6,0.5085336,0.09146643
0.35,0.5829381,-0.23293808
0.24,0.32921714,-0.08921714
0.17,0.2325009,-0.062500894
0.18,0.1702949,0.009705111
0.15,0.18004532,-0.030045316
0.1,0.15759954,-0.057599537
0.06,0.1070001,-0.0470001
0.07,0.06003961,0.009960391
0.05,0.071293294,-0.021293294
0.02,0.049144186,-0.029144187
0.0,0.03736016,-0.03736016
0.01,0.0,0.01
0.01,0.0066450443,0.0033549555
0.01,0.009372058,0.00062794145
0.0,0.015558738,-0.015558738
0.01,0.011699117,-0.001699117
0.0,0.022219557,-0.022219557
0.01,0.003946308,0.0060536917
0.0,0.011840222,-0.011840222
0.01,0.028201215,-0.018201215
0.0,0.016569298,-0.016569298
0.01,0.0,0.01
0.04,0.0080834925,0.031916507
0.04,0.040132657,-0.00013265759
0.03,0.024776617,0.0052233823
0.05,0.023477226,0.026522774
0.05,0.04618401,0.00381599
0.07,0.050255895,0.019744106
0.08,0.072309405,0.0076905936
0.09,0.078019395,0.011980608
0.12,0.07910848,0.04089152
0.09,0.12044911,-0.030449107
0.01,0.10430803,-0.09430803
0.01,0.004069723,0.0059302766
0.01,0.0,0.01
0.01,0.0073371753,0.0026628245
0.01,0.021586956,-0.011586957
0.02,0.0056680217,0.014331978
0.02,0.017785601,0.0022143982
0.01,0.010641753,-0.00064175297
0.01,0.00747001,0.00252999
0.02,0.008158879,0.01184112
0.02,0.015114445,0.0048855543
0.03,0.000763366,0.029236633
0.02,0.025795475,-0.005795475
0.01,0.026045013,-0.016045013
0.04,0.00736802,0.03263198
0.04,0.04159039,-0.0015903898
0.01,0.03439755,-0.02439755
0.02,0.0026590303,0.01734097
0.01,0.022173323,-0.012173323
0.01,0.0070080906,0.0029919092
0.0,0.0061034355,-0.0061034355
0.01,0.0013299119,0.008670088
0.0,0.008229407,-0.008229407
0.01,0.0,0.01
0.01,0.0036897417,0.006310258
0.01,0.008793686,0.0012063142
0.01,0.0073190136,0.0026809862
0.01,0.010465649,-0.00046564918
0.01,0.0013184827,0.008681517
0.01,0.0,0.01
0.01,0.007122578,0.0028774217
0.02,0.011365522,0.008634478
0.03,0.014828837,0.015171163
0.01,0.025498152,-0.015498152
0.01,0.0063720457,0.003627954
0.01,0.013164287,-0.0031642877
0.01,0.008213183,0.0017868169
0.1,0.0029368587,0.09706314
0.23,0.09763418,0.13236582
0.22,0.24539496,-0.025394961
0.1,0.22841848,-0.12841848
0.15,0.0960909,0.053909108
0.18,0.17323206,0.0067679435
0.19,0.1772278,0.0127722025
0.35,0.18687096,0.16312903
0.38,0.36015254,0.019847453
0.9,0.3868975,0.5131025
0.98,0.8870168,0.092983246
0.98,0.95556045,0.024439573
0.96,0.9774064,-0.017406404
0.98,0.9149599,0.06504011
0.98,0.9256145,0.054385543
0.98,0.9242296,0.055770397
0.98,0.9276519,0.052348137
0.98,0.926882,0.05311799
0.98,0.92405355,0.05594647
0.98,0.9319688,0.04803121
0.98,0.9388762,0.041123807
0.98,0.9353399,0.04466009
0.98,0.91902447,0.06097555
0.98,0.9219649,0.058035135
0.97,0.9142308,0.055769205
0.97,0.91834533,0.051654696
0.98,0.91024333,0.06975669
0.97,0.9269867,0.043013334
0.98,0.9097221,0.07027793
0.98,0.9311271,0.048872948
0.98,0.9211829,0.05881715
0.98,0.92824435,0.051755667
0.97,0.9196012,0.050398827
0.97,0.9196775,0.050322533
0.92,0.9142503,0.0057497025
0.92,0.863946,0.056053996
0.93,0.8697138,0.060286224
0.86,0.87327003,-0.0132700205
0.87,0.8072754,0.06272459
0.82,0.8226509,-0.0026509166
0.77,0.7688726,0.0011273623
0.64,0.72359014,-0.08359015
0.64,0.6008718,0.039128184
0.64,0.6051773,0.034822702
0.63,0.5989524,0.031047583
0.57,0.58581877,-0.015818775
0.54,0.5322103,0.007789731
0.49,0.5124554,-0.022455394
0.46,0.45335114,0.0066488683
0.43,0.42975715,0.00024285913
0.43,0.399885,0.030115008
0.42,0.40300578,0.016994208
0.45,0.38765198,0.06234801
0.42,0.42534316,-0.005343169
0.4,0.3895527,0.0104472935
0.35,0.37548804,-0.025488049
0.38,0.32391784,0.05608216
0.32,0.359433,-0.039433002
0.3,0.29518622,0.0048137903
0.25,0.28183863,-0.031838626
0.19,0.23465714,-0.04465714
0.13,0.17889981,-0.048899814
0.13,0.12487003,0.005129963
0.09,0.1257948,-0.035794795
0.07,0.07580938,-0.0058093816
0.06,0.062438115,-0.0024381168
0.08,0.051634453,0.028365545
0.08,0.07733514,0.0026648566
0.06,0.07422352,-0.01422352
0.03,0.053600058,-0.023600059
0.04,0.017363729,0.02263627
0.05,0.030052487,0.019947514
0.04,0.03814382,0.001856178
0.06,0.034261085,0.025738914
0.1,0.057357915,0.042642087
0.07,0.09622037,-0.026220366
0.07,0.06855544,0.0014445633
0.07,0.075142786,-0.0051427856
0.05,0.06698396,-0.01698396
0.03,0.0413242,-0.011324199
0.02,0.029920503,-0.009920504
0.01,0.01445527,-0.0044552702
0.01,0.001342928,0.008657072
0.01,0.005339345,0.004660655
0.01,0.008593341,0.0014066584
0.01,0.007888382,0.0021116175
0.01,0.00228915,0.00771085
0.01,0.0049055126,0.005094487
0.0,0.0039329585,-0.0039329585
0.01,0.0,0.01
0.01,0.00531671,0.0046832897
0.01,0.012167916,-0.002167916
0.01,0.0068561463,0.0031438535
0.01,0.0033372305,0.0066627692
0.01,0.008760862,0.0012391377
0.01,0.0070892647,0.002910735
0.01,0.009452976,0.0005470235
0.01,0.007840991,0.0021590088
0.01,0.0076172464,0.0023827534
0.01,0.0071169045,0.0028830953
0.02,0.008305827,0.011694172
0.01,0.012530489,-0.0025304891
0.02,0.007357844,0.012642155
0.02,0.014108082,0.0058919173
0.01,0.018915191,-0.0089151915
0.03,0.006906282,0.023093717
0.02,0.027744805,-0.007744806
0.04,0.014414012,0.025585987
0.03,0.04258416,-0.012584159
0.01,0.021186523,-0.011186523
0.0,0.010305398,-0.010305398
0.01,0.0,0.01
0.01,0.010782104,-0.0007821042
0.05,0.0068500433,0.043149956
0.08,0.050322063,0.029677935
0.05,0.07890475,-0.028904747
0.05,0.046575367,0.0034246333
0.08,0.052251816,0.027748182
0.08,0.09153483,-0.011534832
0.12,0.0771225,0.042877495
0.13,0.12855099,0.0014490038
0.1,0.13205954,-0.032059543
0.06,0.104208484,-0.044208486
0.07,0.06261485,0.0073851496
0.02,0.07929137,-0.059291374
0.01,0.01671837,-0.006718371
0.02,0.012905907,0.0070940927
0.11,0.012849719,0.09715028
0.08,0.12204551,-0.04204551
0.01,0.07208315,-0.062083155
0.01,0.0140517615,-0.0040517617
0.01,0.00846889,0.0015311101
0.01,0.0061388873,0.0038611125
0.01,0.0042691417,0.005730858
0.01,0.017354744,-0.007354744
0.01,0.0038746838,0.006125316
0.01,0.0047990084,0.0052009914
0.0,0.018891567,-0.018891567
0.01,0.0031225123,0.0068774875
0.01,0.0024625007,0.007537499
0.01,0.003401151,0.006598849
0.01,0.011234558,-0.0012345584
0.0,0.009268349,-0.009268349
0.01,0.0035293736,0.006470626
0.0,0.012219835,-0.012219835
0.01,0.0,0.01
0.01,0.0046517104,0.0053482894
0.01,0.0049054753,0.0050945245
0.01,0.013503248,-0.003503248
0.01,0.0051930156,0.004806984
0.01,0.009999225,7.748604e-07
0.01,0.011371793,-0.0013717934
0.01,0.006937693,0.003062307
0.01,0.003849147,0.006150853
0.01,0.006010876,0.0039891237
0.01,0.008107705,0.0018922947
0.0,0.011350298,-0.011350298
0.01,0.00020324998,0.00979675
0.0,0.0057731876,-0.0057731876
0.01,0.0,0.01
0.01,0.0130917635,-0.0030917637
0.02,0.006407531,0.013592469
0.01,0.0138882585,-0.0038882587
0.0,0.0056541283,-0.0056541283
0.01,0.0,0.01
0.0,0.008902242,-0.008902242
0.01,0.0,0.01
0.0,0.010444733,-0.010444733
0.01,0.0,0.01
0.01,0.011615382,-0.0016153818
0.01,0.003970055,0.006029945
0.01,0.0119622685,-0.0019622687
0.01,0.003422236,0.0065777637
0.01,0.008219192,0.001780808
0.01,0.0061792154,0.0038207844
0.01,0.0077906344,0.0022093654
0.01,0.005389629,0.004610371
0.01,0.003987411,0.0060125887
0.01,0.009142832,0.0008571679
0.01,0.0075154994,0.0024845004
0.01,0.0061062146,0.0038937852
0.01,0.0062373653,0.0037626345
0.01,0.006296627,0.0037033726
0.01,0.005736747,0.004263253
0.01,0.004982529,0.0050174706
0.01,0.004967572,0.0050324276
0.01,0.01059248,-0.0005924804
0.01,0.008056844,0.0019431561
0.01,0.0033942964,0.0066057034
0.01,0.007316094,0.002683906
0.01,0.004759265,0.0052407347
0.01,0.006055651,0.0039443485
0.03,0.006871382,0.023128618
0.04,0.024569701,0.015430298
0.06,0.03550917,0.02449083
0.06,0.06005542,-5.5421144e-05
0.1,0.05567336,0.04432664
0.17,0.10490242,0.065097585
0.25,0.17570914,0.07429086
0.2,0.2614141,-0.061414108
0.29,0.1963995,0.0936005
0.22,0.3009677,-0.080967695
0.3,0.21390423,0.08609578
0.34,0.3065264,0.03347361
0.34,0.33680427,0.0031957328
0.36,0.3328172,0.027182817
0.27,0.35391647,-0.083916456
0.33,0.26362503,0.06637499
0.47,0.32887343,0.14112657
0.49,0.46000886,0.02999115
0.63,0.48158985,0.14841014
0.63,0.61037356,0.019626439
0.63,0.5982573,0.031742692
0.68,0.5919347,0.088065326
0.73,0.65797085,0.07202917
0.76,0.6898991,0.0701009
0.75,0.7247957,0.0252043
0.82,0.7028161,0.117183864
0.95,0.7846168,0.16538316
0.95,0.89754623,0.052453756
0.9,0.8940659,0.0059340596
0.94,0.8492817,0.09071827
0.9,0.89856863,0.0014313459
0.77,0.83718,-0.06718004
0.79,0.7248162,0.06518382
0.56,0.75221586,-0.19221586
0.68,0.5099338,0.17006618
0.77,0.65835,0.11164999
0.63,0.7258079,-0.09580791
0.6,0.58026534,0.01973468
0.55,0.574166,-0.024165988
0.59,0.51793563,0.07206434
0.5,0.55464274,-0.054642737
0.62,0.46754822,0.15245178
0.66,0.5942318,0.06576824
0.44,0.61305,-0.17304999
0.43,0.39701968,0.032980323
0.36,0.41329554,-0.053295523
0.34,0.3328562,0.0071437955
0.37,0.31170833,0.058291674
0.34,0.35524282,-0.015242815
0.38,0.31997892,0.060021073
0.38,0.36678636,0.0132136345
0.38,0.35385883,0.026141167
0.39,0.35908914,0.03091085
0.41,0.375189,0.03481099
0.5,0.38202903,0.11797097
0.47,0.46696728,0.0030327141
0.41,0.44605452,-0.03605452
0.43,0.37737495,0.05262506
0.42,0.4110893,0.008910686
0.45,0.40322712,0.046772867
0.47,0.42488223,0.045117766
0.47,0.4480604,0.021939605
0.46,0.43757725,0.02242276
0.45,0.4374337,0.012566298
0.48,0.42691606,0.053083926
0.49,0.45447117,0.03552884
0.58,0.4653433,0.11465669
0.69,0.5443471,0.14565289
0.63,0.65431976,-0.024319768
0.67,0.58141726,0.088582754
0.67,0.6367246,0.033275425
0.72,0.6299275,0.09007251
0.8,0.68434614,0.11565387
0.88,0.75769925,0.122300744
0.84,0.8262211,0.013778865
0.9,0.7883512,0.1116488
0.92,0.85051006,0.069489956
0.97,0.8599558,0.11004424
0.97,0.9210463,0.048953712
0.85,0.91240287,-0.062402844
0.74,0.78864753,-0.048647523
0.64,0.6981884,-0.05818844
0.47,0.60036254,-0.13036254
0.32,0.4344588,-0.1144588
0.32,0.29887414,0.021125853
0.31,0.3085836,0.001416415
0.35,0.28718072,0.06281927
0.32,0.33457166,-0.014571667
0.29,0.30694687,-0.016946882
0.18,0.27888894,-0.09888893
0.22,0.16004309,0.05995691
0.18,0.22002424,-0.040024236
0.23,0.15765913,0.072340876
0.28,0.22935593,0.05064407
0.2,0.2625861,-0.062586084
0.16,0.19163945,-0.031639457
0.13,0.15929937,-0.029299378
0.14,0.12869255,0.011307448
0.15,0.13407248,0.015927523
0.22,0.15494116,0.06505884
0.28,0.23382577,0.04617423
0.27,0.27973613,-0.009736121
0.26,0.26312897,-0.0031289756
0.28,0.2483824,0.031617597
0.3,0.27305737,0.02694264
0.32,0.28005624,0.039943755
0.41,0.31042877,0.09957123
0.29,0.3924849,-0.10248491
0.23,0.27243203,-0.042432025
0.12,0.22917935,-0.109179355
0.12,0.1275379,-0.007537909
0.11,0.12391354,-0.013913542
0.12,0.097317845,0.022682153
0.25,0.1170876,0.1329124
0.25,0.2605125,-0.010512501
0.21,0.25213447,-0.04213448
0.13,0.20481664,-0.074816644
0.18,0.13455011,0.045449898
0.18,0.18073446,-0.00073444843
0.19,0.17337851,0.016621485
0.24,0.18655483,0.05344516
0.29,0.24107441,0.04892558
0.28,0.2957837,-0.015783697
0.26,0.26863265,-0.00863266
0.22,0.27159178,-0.051591784
0.22,0.21779571,0.002204284
0.19,0.21623278,-0.026232779
0.13,0.18247445,-0.052474454
0.14,0.13458017,0.0054198354
0.16,0.14238806,0.017611936
0.14,0.1649271,-0.024927095
0.12,0.13475397,-0.014753975
0.14,0.12598135,0.014018655
0.21,0.14525284,0.064747155
0.22,0.20984991,0.01015009
0.31,0.22045521,0.08954479
0.36,0.31100246,0.04899755
0.32,0.36098057,-0.040980577
0.2,0.29373455,-0.09373455
0.27,0.19820215,0.07179786
0.24,0.2714022,-0.031402215
0.22,0.22592327,-0.005923271
0.18,0.21711418,-0.037114173
0.21,0.18233146,0.027668536
0.17,0.22006857,-0.050068572
0.11,0.16254784,-0.052547842
0.1,0.11922871,-0.019228712
0.09,0.10148321,-0.011483207
0.08,0.08274127,-0.0027412698
0.16,0.060481466,0.09951853
0.19,0.16264638,0.027353615
0.14,0.20707038,-0.06707038
0.15,0.13247423,0.017525777
0.16,0.15650794,0.0034920573
0.07,0.16991371,-0.09991371
0.1,0.060565144,0.039434858
0.09,0.09185371,-0.0018537045
0.08,0.09725041,-0.017250411
0.06,0.08077653,-0.020776529
0.04,0.061232097,-0.021232098
0.07,0.047902167,0.022097833
0.06,0.07104765,-0.01104765
0.05,0.049262717,0.0007372834
0.07,0.04328829,0.02671171
0.11,0.0762123,0.033787698
0.2,0.10953596,0.09046404
0.17,0.211028,-0.041027993
0.26,0.16939919,0.0906008
0.29,0.2647876,0.025212377
0.2,0.28295392,-0.082953915
0.12,0.19222714,-0.07222714
0.1,0.11618369,-0.01618369
0.12,0.11380108,0.0061989203
0.14,0.12311746,0.016882539
0.15,0.14528961,0.004710391
0.17,0.1452051,0.024794906
0.16,0.17865269,-0.018652692
0.16,0.16082756,-0.0008275658
0.16,0.15091099,0.009089008
0.15,0.16808093,-0.01808092
0.18,0.14848413,0.03151588
0.2,0.17764379,0.022356212
0.23,0.2008301,0.029169902
0.24,0.2307543,0.009245694
0.18,0.23566468,-0.055664673
0.15,0.17585842,-0.025858417
0.17,0.15116839,0.01883161
0.17,0.17933416,-0.009334162
0.19,0.16322517,0.026774824
0.24,0.20342197,0.03657803
0.2,0.2414638,-0.041463792
0.27,0.19337882,0.07662119
0.25,0.26622295,-0.016222954
0.19,0.2473255,-0.057325497
0.21,0.18324561,0.02675438
0.23,0.2078496,0.022150397
0.34,0.22916356,0.11083645
0.45,0.34076458,0.109235406
0.58,0.44052112,0.13947886
0.6,0.5717845,0.028215528
0.54,0.57893777,-0.038937747
0.46,0.5201358,-0.06013581
0.47,0.43868232,0.03131768
0.39,0.4482016,-0.05820161
0.33,0.3635335,-0.033533484
0.28,0.3195837,-0.039583713
0.2,0.26537532,-0.06537531
0.22,0.19095047,0.02904953
0.24,0.21470205,0.02529794
0.2,0.2368104,-0.036810398
0.36,0.18781887,0.17218114
0.6,0.35804868,0.24195135
0.56,0.5946742,-0.034674227
0.44,0.5421065,-0.10210651
0.45,0.4156918,0.034308195
0.52,0.43367147,0.08632851
0.46,0.49319404,-0.033194035
0.36,0.42972797,-0.06972796
0.32,0.34812397,-0.028123975
0.18,0.3118953,-0.1318953
0.21,0.17438614,0.03561385
0.18,0.21135108,-0.031351075
0.2,0.18122596,0.018774047
0.27,0.19890518,0.071094826
0.2,0.25542486,-0.055424854
0.1,0.18404858,-0.08404858
0.09,0.09335494,-0.0033549368
0.09,0.08047888,0.009521127
0.21,0.07130775,0.13869224
0.31,0.22270256,0.08729744
0.28,0.317414,-0.037413985
0.26,0.2762665,-0.016266495
0.28,0.26215264,0.01784736
0.25,0.27425912,-0.02425912
0.26,0.2459504,0.01404959
0.22,0.2678919,-0.047891915
0.19,0.21521188,-0.025211886
0.15,0.18098558,-0.030985579
0.15,0.14866765,0.0013323575
0.13,0.15574332,-0.02574332
0.17,0.1327434,0.0372566
0.16,0.16622736,-0.006227359
0.2,0.15327488,0.046725124
0.24,0.19373511,0.046264887
0.43,0.23869084,0.19130917
0.4,0.43657643,-0.03657642
0.29,0.38477778,-0.09477779
0.24,0.27847427,-0.038474277
0.2,0.23928598,-0.039285973
0.18,0.18420997,-0.0042099655
0.12,0.17032875,-0.050328754
0.11,0.123864636,-0.013864636
0.21,0.11769552,0.092304476
0.15,0.21698251,-0.06698251
0.12,0.1466472,-0.026647203
0.13,0.12924948,0.0007505119
0.19,0.13971803,0.05028197
0.21,0.1860833,0.023916692
0.2,0.2140914,-0.014091402
0.21,0.19523747,0.014762521
0.24,0.20437063,0.035629362
0.28,0.23305233,0.046947673
0.3,0.2829304,0.017069608
0.17,0.30236584,-0.13236584
0.18,0.17116952,0.008830488
0.19,0.1782192,0.011780798
0.24,0.19825073,0.04174927
0.21,0.238509,-0.028509006
0.26,0.20959796,0.05040203
0.29,0.26908016,0.02091983
0.31,0.28130335,0.028696656
0.37,0.29726762,0.07273239
0.38,0.36617318,0.013826817
0.44,0.3619477,0.07805231
0.39,0.42570037,-0.03570038
0.33,0.3633514,-0.03335139
0.38,0.32566586,0.054334134
0.25,0.36772072,-0.11772072
0.23,0.23354462,-0.0035446137
0.27,0.21759997,0.052400038
0.3,0.26557943,0.03442058
0.34,0.29376823,0.046231776
0.42,0.33178854,0.08821145
0.44,0.40132755,0.038672447
0.33,0.42371693,-0.09371692
0.4,0.30925786,0.09074214
0.49,0.39091545,0.099084556
0.38,0.461471,-0.081470996
0.15,0.34606636,-0.19606635
0.08,0.13179138,-0.051791385
0.03,0.10291988,-0.072919875
0.01,0.032340877,-0.022340877
0.01,0.016862566,-0.006862566
0.01,0.008455835,0.0015441645
0.01,0.018832749,-0.008832749
0.07,0.012294959,0.05770504
0.07,0.07922652,-0.009226523
0.09,0.06722633,0.022773676
0.11,0.09486144,0.015138559
0.11,0.097285256,0.012714744
0.07,0.11392056,-0.04392056
0.09,0.056768462,0.03323154
0.09,0.097354166,-0.0073541626
0.06,0.091492265,-0.031492267
0.06,0.06013187,-0.00013187155
0.04,0.066959485,-0.026959486
0.01,0.032919727,-0.022919727
0.01,0.008234054,0.0017659459
0.01,0.016403185,-0.0064031854
0.01,0.002469955,0.0075300448
0.01,0.0063838577,0.003616142
0.01,0.0,0.01
0.01,0.0036118105,0.0063881893
0.01,0.004632704,0.005367296
0.01,0.005816576,0.0041834237
0.01,0.013468822,-0.0034688227
0.01,0.012160493,-0.0021604933
0.01,0.0,0.01
0.01,0.0055738688,0.004426131
0.01,0.019812698,-0.009812698
0.01,0.016283888,-0.0062838886
0.01,0.0,0.01
0.01,0.012980261,-0.002980261
0.01,0.009781551,0.00021844916
0.01,0.014896857,-0.004896857
0.01,0.004670663,0.005329337
0.04,0.008757593,0.031242406
0.05,0.037949476,0.012050524
0.04,0.040563084,-0.0005630851
0.04,0.0383949,0.0016051009
0.07,0.037217386,0.032782614
0.09,0.06893405,0.02106595
0.14,0.09929839,0.040701613
0.22,0.14727874,0.07272126
0.33,0.2329561,0.09704392
0.74,0.34216774,0.39783227
0.55,0.7347271,-0.18472707
0.62,0.54375166,0.07624835
0.49,0.6238817,-0.13388169
0.7,0.46968806,0.23031193
0.49,0.6856452,-0.19564521
0.64,0.46680072,0.17319927
0.74,0.6424746,0.09752542
0.71,0.69755435,0.012445629
0.63,0.6689347,-0.038934708
0.6,0.60417986,-0.0041798353
0.5,0.58345246,-0.08345246
0.54,0.46891767,0.07108235
0.63,0.51057315,0.11942685
0.8,0.6024346,0.19756544
0.57,0.7411126,-0.1711126
0.53,0.5273539,0.0026460886
0.68,0.50328696,0.17671305
0.73,0.6734663,0.056533694
0.7,0.668167,0.031832993
0.68,0.6758577,0.0041422844
0.43,0.63188744,-0.20188743
0.43,0.4020362,0.027963817
0.35,0.39965075,-0.04965076
0.33,0.33879602,-0.008796006
0.34,0.30305424,0.03694576
0.33,0.32991958,8.043647e-05
0.39,0.29486042,0.09513956
0.37,0.39196163,-0.02196163
0.34,0.3491826,-0.009182602
0.31,0.32276207,-0.01276207
0.36,0.29334545,0.06665456
0.37,0.34089598,0.029104024
0.4,0.34867907,0.05132094
0.47,0.37708974,0.09291026
0.6,0.43564516,0.16435486
0.71,0.5855747,0.12442529
0.77,0.69770336,0.07229662
0.82,0.7443656,0.07563442
0.94,0.77203476,0.16796523
0.98,0.8921562,0.087843835
0.96,0.92365384,0.036346138
0.52,0.8954786,-0.37547863
0.1,0.46275377,-0.36275378
0.2,0.11057217,0.089427836
0.31,0.22504817,0.08495183
0.37,0.29147196,0.07852805
0.36,0.37503392,-0.015033901
0.32,0.34932494,-0.029324949
0.34,0.33829814,0.0017018616
0.4,0.32420504,0.075794965
0.36,0.38993448,-0.029934466
0.32,0.336328,-0.016328007
0.29,0.29957306,-0.009573072
0.27,0.26211005,0.007889956
0.27,0.25384095,0.016159058
0.28,0.2625631,0.017436892
0.33,0.27054062,0.05945939
0.39,0.3292022,0.06079778
0.41,0.39042267,0.019577324
0.39,0.4044386,-0.014438629
0.45,0.37223125,0.07776874
0.41,0.4284395,-0.018439502
0.32,0.3869954,-0.06699541
0.18,0.29694077,-0.11694077
0.15,0.15607202,-0.0060720146
0.15,0.14318551,0.0068144947
0.12,0.12158724,-0.0015872419
0.13,0.13115412,-0.0011541247
0.12,0.13488053,-0.014880531
0.15,0.126207,0.023793012
0.23,0.15537068,0.07462932
0.21,0.2214587,-0.01145871
0.19,0.20798159,-0.017981589
0.15,0.18365826,-0.03365825
0.12,0.13899048,-0.01899048
0.1,0.10222681,-0.0022268072
0.09,0.09552497,-0.005524963
0.11,0.11116998,-0.0011699796
0.11,0.10840635,0.0015936494
0.08,0.09955715,-0.019557148
0.05,0.0805051,-0.030505102
0.02,0.06139975,-0.04139975
0.02,0.012035813,0.007964186
0.01,0.012887785,-0.0028877854
0.01,0.0,0.01
0.01,0.003138844,0.006861156
0.01,0.0068664663,0.0031335335
0.01,0.014420722,-0.004420722
0.01,0.0065069254,0.0034930743
0.01,0.0040339623,0.0059660375
0.01,0.0,0.01
0.01,0.013050366,-0.0030503664
0.01,0.011185851,-0.0011858512
0.01,0.009453479,0.0005465206
0.01,0.008326447,0.0016735531
0.01,0.0045772567,0.005422743
0.01,0.0,0.01
0.01,0.007993047,0.0020069527
0.01,0.011942722,-0.0019427221
0.01,0.014506178,-0.004506178
0.01,0.005913074,0.0040869256
0.01,0.0025517326,0.007448267
0.01,0.0062759835,0.0037240162
0.01,0.007049254,0.0029507456
0.0,0.016968673,-0.016968673
0.01,0.0,0.01
0.0,0.008447548,-0.008447548
0.01,0.0019046422,0.008095358
0.0,0.022972383,-0.022972383
0.01,0.0,0.01
0.01,0.00955799,0.00044200942
0.01,0.0011956878,0.008804312
0.01,0.012705652,-0.0027056523
0.01,0.010570415,-0.0005704155
0.01,0.012281913,-0.0022819135
0.01,0.0044694357,0.005530564
0.01,0.012679392,-0.0026793918
0.01,0.00016991049,0.009830089
0.02,0.0073096454,0.012690354
0.02,0.025084967,-0.0050849672
0.02,0.019335363,0.0006646365
0.02,0.0148435505,0.005156449
0.04,0.012322046,0.027677953
0.05,0.036011606,0.013988394
0.04,0.04856552,-0.008565523
0.03,0.047018383,-0.017018383
0.02,0.027513536,-0.007513536
0.01,0.018725567,-0.008725567
0.0,0.0059212483,-0.0059212483
0.01,0.0022460949,0.007753905
0.0,0.013965344,-0.013965344
0.01,0.0,0.01
0.0,0.006447967,-0.006447967
0.01,0.0,0.01
0.0,0.008162545,-0.008162545
0.01,0.00043310784,0.009566892
0.01,0.016066207,-0.006066207
0.01,0.0035234932,0.0064765066
0.01,0.0053942725,0.0046057273
0.01,0.004780505,0.005219495
0.01,0.011351772,-0.0013517719
0.01,0.0053790845,0.0046209153
0.03,0.010642469,0.01935753
0.04,0.025904171,0.014095828
0.04,0.037586667,0.0024133325
0.02,0.031159082,-0.011159083
0.02,0.016572572,0.0034274273
0.02,0.019361231,0.0006387681
0.04,0.012250425,0.027749574
0.06,0.040913597,0.019086402
0.08,0.058603927,0.02139607
0.08,0.079200536,0.0007994622
0.09,0.08207683,0.007923171
0.07,0.095456176,-0.025456175
0.06,0.06711444,-0.007114444
0.06,0.063417934,-0.0034179352
0.08,0.060575135,0.019424863
0.08,0.08444627,-0.004446268
0.08,0.079289995,0.0007100031
0.06,0.08764547,-0.027645472
0.05,0.058485925,-0.008485924
0.08,0.048087902,0.031912096
0.11,0.081396766,0.028603233
0.12,0.11593909,0.004060909
0.15,0.12322685,0.026773155
0.13,0.15653478,-0.02653478
0.12,0.13224801,-0.012248017
0.1,0.12611698,-0.026116975
0.13,0.103113666,0.026886329
0.12,0.13799085,-0.01799085
0.15,0.118120596,0.03187941
0.15,0.16076265,-0.010762647
0.18,0.15139943,0.028600574
0.18,0.18798949,-0.007989481
0.21,0.18322815,0.026771843
0.25,0.21238483,0.037615165
0.44,0.24987404,0.19012596
0.42,0.4399758,-0.019975811
0.38,0.4162424,-0.036242396
0.39,0.37053663,0.01946336
0.39,0.38698626,0.00301373
0.46,0.37074524,0.08925477
0.54,0.4454239,0.09457612
0.45,0.5228876,-0.0728876
0.24,0.42023808,-0.18023808
0.15,0.22251604,-0.07251604
0.13,0.15622813,-0.02622813
0.25,0.12977408,0.12022592
0.26,0.24826963,0.011730358
0.36,0.24603887,0.113961145
0.59,0.37805024,0.21194974
0.49,0.5786262,-0.088626206
0.46,0.46620136,-0.0062013566
0.34,0.4444095,-0.104409486
0.29,0.32616702,-0.036167026
0.29,0.26623133,0.023768663
0.09,0.27223304,-0.18223304
0.31,0.08660097,0.22339904
0.93,0.3298455,0.6001545
0.77,0.8974414,-0.1274414
0.64,0.75510883,-0.11510885
0.47,0.6461881,-0.17618808
0.83,0.4367627,0.3932373
0.8,0.7969815,0.0030184984
0.84,0.7491352,0.09086478
0.98,0.8011748,0.1788252
0.98,0.92049885,0.05950117
0.98,0.8953586,0.0846414
0.98,0.9274912,0.05250883
0.98,0.9495182,0.030481815
0.98,0.9291321,0.050867915
0.97,0.91895163,0.051048398
0.88,0.9106835,-0.030683517
0.65,0.82077277,-0.17077279
0.57,0.6133716,-0.043371618
0.75,0.5304488,0.2195512
0.97,0.7299124,0.24008763
0.98,0.9221233,0.057876706
0.98,0.9344747,0.045525312
0.98,0.91837,0.06163001
0.98,0.92594886,0.05405116
0.92,0.9132526,0.0067474246
0.93,0.8747543,0.055245697
0.94,0.8747704,0.065229595
0.82,0.87703633,-0.05703634
0.83,0.75224197,0.077758014
0.81,0.79526615,0.014733851
0.94,0.7675729,0.17242712
0.97,0.89368826,0.07631177
0.97,0.90915346,0.060846567
0.98,0.9109006,0.069099426
0.97,0.92869985,0.041300178
0.97,0.90410006,0.06589997
0.98,0.9081451,0.07185489
0.98,0.9164294,0.06357062
0.98,0.9229127,0.057087302
0.98,0.91919637,0.06080365
0.98,0.91548157,0.06451845
0.97,0.92283404,0.04716599
0.92,0.91751796,0.0024820566
0.92,0.8645272,0.05547279
0.98,0.87305075,0.10694927
0.97,0.92432356,0.04567647
0.97,0.9086344,0.061365604
0.98,0.9093716,0.070628405
0.97,0.92101634,0.048983693
0.93,0.90765893,0.022341073
0.86,0.8745217,-0.014521658
0.78,0.8076697,-0.027669728
0.96,0.7365444,0.22345561
0.98,0.91362923,0.066370785
0.97,0.91098917,0.059010863
0.98,0.911589,0.06841099
0.98,0.9227266,0.057273448
0.98,0.9187851,0.061214924
0.98,0.91922385,0.060776174
0.97,0.9243226,0.045677423
0.96,0.90916,0.05083996
0.97,0.8987193,0.07128072
0.97,0.91334367,0.05665636
0.98,0.9145638,0.065436244
0.98,0.92217326,0.057826757
0.98,0.9190723,0.06092775
0.96,0.9236029,0.0363971
0.97,0.9007559,0.06924415
0.95,0.9155265,0.03447348
0.98,0.8894831,0.090516925
0.97,0.92442626,0.04557377
0.97,0.90943116,0.06056887
0.96,0.91282934,0.04717064
0.97,0.90157247,0.06842756
0.97,0.91330147,0.05669856
0.97,0.9094008,0.060599208
0.97,0.91324735,0.05675268
0.97,0.9133339,0.056666136
0.97,0.91220367,0.05779636
0.97,0.91282725,0.057172775
0.97,0.9111165,0.058883548
0.97,0.91300845,0.056991577
0.97,0.9100106,0.059989452
0.95,0.9123715,0.03762847
0.96,0.8912834,0.068716586
0.96,0.90687054,0.053129435
0.97,0.9009568,0.06904322
0.97,0.91319543,0.056804597
0.97,0.91018087,0.059819162
0.98,0.9128094,0.06719065
0.97,0.9219816,0.048018456
0.97,0.90982413,0.060175896
0.97,0.9123135,0.057686508
0.97,0.91294444,0.057055593
0.97,0.9110006,0.05899942
0.97,0.91241527,0.057584763
0.97,0.9123477,0.057652354
0.97,0.91131204,0.058687985
0.97,0.9126294,0.057370603
0.97,0.9116344,0.058365643
0.97,0.9126617,0.057338357
0.97,0.91170925,0.05829078
0.97,0.9124779,0.057522118
0.97,0.91117215,0.058827877
0.97,0.9122859,0.057714105
0.92,0.91170007,0.008299947
0.85,0.8630245,-0.013024449
0.88,0.7988434,0.08115661
0.76,0.83418125,-0.07418126
0.65,0.70599204,-0.055992067
0.6,0.60958755,-0.009587526
0.76,0.56482637,0.19517362
0.37,0.72378314,-0.35378313
0.7,0.3221996,0.37780038
0.73,0.7056999,0.024300098
0.81,0.67771935,0.13228065
0.7,0.79003775,-0.09003776
0.33,0.66065824,-0.33065823
0.49,0.30065748,0.18934253
0.38,0.47432166,-0.09432167
0.2,0.34123117,-0.14123116
0.1,0.17193116,-0.07193116
0.25,0.12405203,0.12594797
0.16,0.2531998,-0.09319979
0.3,0.14379777,0.15620224
0.17,0.32587284,-0.15587284
0.01,0.1455234,-0.1355234
0.01,0.021052875,-0.011052875
0.08,0.0,0.08
0.01,0.09675482,-0.08675482
0.01,0.0,0.01
0.01,0.0354688,-0.025468802
0.01,0.0,0.01
0.01,0.0414844,-0.031484403
0.0,0.052680917,-0.052680917
0.01,0.0,0.01
0.01,0.020112172,-0.010112172
0.01,0.0,0.01
0.01,0.017253645,-0.007253645
0.01,0.003243493,0.006756507
0.01,0.010325592,-0.00032559223
0.05,0.0,0.05
0.03,0.054663815,-0.024663815
0.01,0.010307154,-0.0003071539
0.01,0.014201628,-0.0042016283
0.01,0.0134490505,-0.0034490507
0.01,0.0078096967,0.002190303
0.01,0.011443017,-0.0014430173
0.04,0.02936704,0.010632958
0.06,0.017635513,0.042364486
0.04,0.055166304,-0.015166305
0.01,0.049086973,-0.039086975
0.0,0.013698224,-0.013698224
0.01,0.012823021,-0.0028230213
0.01,0.0,0.01
0.01,0.023844453,-0.013844453
0.01,0.00898467,0.0010153297
0.01,0.022444544,-0.012444545
0.01,0.0,0.01
0.01,0.022015573,-0.012015574
0.01,0.0,0.01
0.01,0.02327315,-0.01327315
0.01,0.01643288,-0.0064328797
0.01,0.002959378,0.0070406217
0.01,0.015001237,-0.0050012376
0.01,0.017870681,-0.007870682
0.01,0.017703163,-0.0077031627
0.01,0.016737714,-0.0067377146
0.01,0.016388794,-0.0063887946
0.01,0.0,0.01
0.01,0.021000026,-0.011000026
0.01,0.0032970142,0.0067029856
0.01,0.017613038,-0.0076130386
0.01,0.0037022978,0.006297702
0.01,0.022755416,-0.012755416
0.01,0.0049559716,0.005044028
0.01,0.0061225686,0.0038774312
0.01,0.010584913,-0.0005849134
0.01,0.010485446,-0.0004854463
0.01,0.00587032,0.00412968
0.01,0.0047794413,0.0052205585
0.01,0.0052252263,0.0047747735
0.01,0.014508823,-0.004508823
0.01,0.02206453,-0.01206453
0.01,0.011890677,-0.001890677
0.01,0.0,0.01
0.01,0.015494778,-0.005494778
0.01,0.011647614,-0.001647614
0.01,0.00656397,0.00343603
0.01,0.020369016,-0.010369016
0.01,0.0038767029,0.006123297
0.01,0.022204049,-0.012204049
0.01,0.0016009044,0.008399095
0.01,0.01024531,-0.00024531037
0.01,0.00853142,0.0014685802
0.01,0.014481279,-0.0044812793
0.01,0.008338572,0.0016614273
0.01,0.011925517,-0.0019255169
0.01,0.01489167,-0.0048916703
0.01,0.0,0.01
0.01,0.016333321,-0.0063333213
0.01,0.0,0.01
0.01,0.014497815,-0.004497815
0.01,0.011472809,-0.0014728094
0.01,0.013349559,-0.0033495594
0.01,0.00751462,0.0024853796
0.01,0.0131134335,-0.0031134337
0.01,0.0011623632,0.008837637
0.01,0.012769248,-0.0027692486
0.01,0.00015301444,0.009846985
0.01,0.015193016,-0.0051930165
0.01,0.011448206,-0.0014482066
0.01,0.0075395927,0.002460407
0.01,0.0038904399,0.00610956
0.01,0.013618404,-0.0036184043
0.01,0.0037158653,0.0062841345
0.01,0.006652957,0.003347043
0.01,0.010613077,-0.00061307754
0.01,0.0062158415,0.0037841583
0.01,0.012191349,-0.002191349
0.01,0.008594102,0.0014058976
0.01,0.006566288,0.0034337118
0.01,0.008623091,0.0013769092
0.01,0.010086296,-8.629635e-05
0.01,0.0022761691,0.0077238306
0.01,0.01273584,-0.0027358402
0.01,0.0033762772,0.0066237226
0.01,0.015653348,-0.005653348
0.01,0.0040628724,0.0059371274
0.01,0.0099781025,2.1897256e-05
0.01,0.003051322,0.006948678
0.01,0.011733588,-0.001733588
0.0,0.0035802256,-0.0035802256
0.01,0.0,0.01
0.01,0.013142014,-0.0031420141
0.01,0.0063201813,0.0036798185
0.01,0.0073838625,0.0026161373
0.03,0.0045235604,0.025476439
0.04,0.029440532,0.010559468
0.02,0.03204666,-0.012046661
0.02,0.01630134,0.00369866
0.02,0.016254064,0.0037459359
0.03,0.012107963,0.017892037
0.02,0.023669867,-0.0036698673
0.02,0.01820497,0.0017950293
0.02,0.0122910105,0.007708989
0.01,0.013756141,-0.0037561413
0.01,0.007110711,0.0028892886
0.01,0.008486462,0.001513538
0.01,0.0063878093,0.0036121905
0.0,0.005627456,-0.005627456
0.01,0.0,0.01
0.01,0.010392576,-0.00039257668
0.01,0.0023173988,0.007682601
0.01,0.007586006,0.0024139937
0.01,0.009599034,0.00040096603
0.01,0.0037422385,0.0062577613
0.01,0.0048223864,0.0051776133
0.01,0.00935927,0.00064072944
0.01,0.0061596353,0.0038403645
0.01,0.0034489948,0.006551005
0.01,0.007134769,0.0028652307
0.01,0.005859676,0.004140324
0.01,0.0069680344,0.0030319653
0.01,0.006888557,0.0031114426
0.01,0.0069417637,0.003058236
0.01,0.0065542534,0.0034457464
0.01,0.0073238555,0.0026761442
0.01,0.006299421,0.0037005786
0.01,0.006993741,0.003006259
0.01,0.0063351383,0.0036648614
0.01,0.0077049723,0.0022950275
0.01,0.0074744113,0.0025255885
0.01,0.0070816753,0.0029183244
0.01,0.007962627,0.0020373724
0.01,0.008234931,0.0017650686
0.01,0.007287925,0.0027120747
0.01,0.0075841798,0.00241582
0.01,0.0068337545,0.0031662453
0.01,0.0070780795,0.0029219203
0.01,0.007648723,0.0023512766
0.01,0.008172708,0.0018272921
0.01,0.0072021736,0.0027978262
0.01,0.0066252537,0.003374746
0.01,0.008080199,0.0019198004
0.01,0.00724548,0.0027545197
0.01,0.0075170603,0.0024829395
0.01,0.00604974,0.0039502596
0.01,0.00835994,0.00164006
0.01,0.00786086,0.00213914
0.01,0.0075930376,0.0024069622
0.01,0.0072713215,0.0027286783
0.01,0.007207915,0.0027920846
0.01,0.0074022636,0.0025977362
0.01,0.007340244,0.0026597558
0.01,0.007582912,0.0024170876
0.01,0.007251596,0.0027484037
0.01,0.00811439,0.0018856097
0.01,0.00710064,0.00289936
0.01,0.007150692,0.0028493078
0.01,0.007112108,0.0028878916
0.01,0.007774055,0.0022259448
0.01,0.0072762445,0.0027237553
0.01,0.0074610794,0.0025389204
0.01,0.0074735424,0.0025264574
0.01,0.0075236373,0.0024763625
0.01,0.007596383,0.002403617
0.01,0.00741734,0.00258266
0.01,0.006940297,0.003059703
0.01,0.0076435106,0.0023564892
0.01,0.007487825,0.0025121747
0.01,0.0075749336,0.0024250662
0.01,0.007298447,0.0027015526
0.01,0.008005519,0.0019944804
0.01,0.006915576,0.003084424
0.01,0.0072711,0.0027289
0.01,0.007368671,0.002631329
0.01,0.007760478,0.0022395216
0.01,0.0076846406,0.0023153592
0.01,0.0068129264,0.0031870734
0.01,0.007904053,0.002095947
0.01,0.007285308,0.0027146917
0.01,0.007460071,0.002539929
0.01,0.0070570502,0.0029429495
0.01,0.0077944323,0.0022055674
0.01,0.007401255,0.0025987448
0.01,0.007369576,0.0026304238
0.01,0.0076815896,0.0023184102
0.01,0.007164537,0.0028354628
0.01,0.0075497646,0.0024502352
0.01,0.0073634377,0.002636562
0.01,0.007300975,0.002699025
0.01,0.007402383,0.002597617
0.01,0.0078011686,0.0021988312
0.01,0.0075518135,0.0024481863
0.01,0.007144061,0.0028559389
0.01,0.007299453,0.0027005468
0.01,0.007664419,0.002335581
0.01,0.0073035285,0.0026964713
0.01,0.007198779,0.0028012209
0.01,0.0076138508,0.002386149
0.01,0.0077933306,0.0022066692
0.01,0.007234907,0.002765093
0.01,0.007291293,0.002708707
0.01,0.0074551944,0.0025448054
0.01,0.007428445,0.0025715549
0.01,0.0074565066,0.0025434932
0.01,0.0074689444,0.0025310554
0.01,0.0073670195,0.0026329802
0.01,0.007648212,0.0023517879
0.01,0.0073595215,0.0026404783
0.01,0.007355584,0.002644416
0.0,0.0072968416,-0.0072968416
0.01,0.0,0.01
0.0,0.009031393,-0.009031393
0.0,0.0,0.0
0.01,0.0021143742,0.007885626
0.0,0.0079163965,-0.0079163965
0.01,9.989552e-05,0.009900104
0.02,0.007852582,0.012147417
0.01,0.015478922,-0.0054789223
0.01,0.0072208624,0.0027791373
0.0,0.006550949,-0.006550949
0.01,0.00013037585,0.009869624
0.01,0.008645296,0.0013547037
0.04,0.007327616,0.032672383
0.01,0.03786976,-0.02786976
0.05,0.0043450724,0.04565493
0.27,0.053023428,0.21697658
0.26,0.27910924,-0.01910925
0.19,0.27327406,-0.08327407
0.19,0.19360872,-0.0036087185
0.16,0.20228994,-0.042289943
0.19,0.16065183,0.029348165
0.15,0.19314471,-0.043144703
0.09,0.16087215,-0.07087214
0.12,0.08769493,0.03230507
0.14,0.12618466,0.013815343
0.12,0.14233518,-0.02233518
0.17,0.127459,0.042540997
0.14,0.18240552,-0.042405516
0.14,0.13367517,0.0063248277
0.13,0.14447379,-0.014473796
0.09,0.13520488,-0.045204878
0.09,0.09108232,-0.001082316
0.1,0.08471331,0.0152866915
0.2,0.10297981,0.097020194
0.2,0.21737902,-0.017379016
0.08,0.20230983,-0.122309834
0.01,0.07960539,-0.069605395
0.01,0.017800149,-0.007800149
0.01,0.018836666,-0.008836666
0.01,0.00777735,0.0022226498
0.01,0.010807123,-0.00080712326
0.01,0.0,0.01
0.01,0.010524233,-0.0005242331
0.01,0.014868675,-0.004868675
0.01,0.023440063,-0.013440063
0.01,0.0022851322,0.0077148676
0.01,0.0,0.01
0.0,0.0011540186,-0.0011540186
0.01,0.0038191322,0.0061808676
0.01,0.0125162415,-0.0025162417
0.02,0.0057149734,0.014285026
0.01,0.015156831,-0.005156831
0.01,0.0076575214,0.0023424784
0.01,0.005453266,0.0045467336
0.01,0.0058998438,0.004100156
0.01,0.011102609,-0.0011026096
0.01,0.008218978,0.0017810222
0.0,0.009093018,-0.009093018
0.01,0.0028599836,0.007140016
0.01,0.0006387327,0.009361267
0.01,0.0,0.01
0.01,0.012558816,-0.0025588162
0.01,0.008936577,0.0010634232
0.0,0.011818564,-0.011818564
0.01,0.0,0.01
0.01,0.004777385,0.005222615
0.01,0.012912875,-0.0029128753
0.01,0.011574908,-0.0015749084
0.01,0.0043689124,0.0056310873
0.01,0.004023675,0.005976325
0.01,0.009804992,0.00019500777
0.01,0.011073813,-0.0010738131
0.01,0.007077529,0.0029224707
0.01,0.0049589816,0.005041018
0.0,0.012122477,-0.012122477
0.01,0.00039013103,0.009609869
0.01,0.010899689,-0.0008996893
0.01,0.0027792603,0.0072207395
0.01,0.0018310398,0.00816896
0.01,0.013326876,-0.003326876
0.01,0.008179853,0.001820147
0.01,0.007016929,0.002983071
0.01,0.010148506,-0.0001485059
0.01,0.0068162447,0.003183755
0.01,0.00638658,0.0036134198
0.01,0.011496682,-0.001496682
0.01,0.005783232,0.004216768
0.02,0.008963483,0.011036516
0.01,0.01672859,-0.0067285895
0.01,0.0033760164,0.0066239834
0.01,0.008625179,0.0013748212
0.01,0.007753703,0.002246297
0.01,0.009120707,0.0008792924
0.01,0.009579826,0.00042017363
0.01,0.007551169,0.0024488308
0.01,0.006497849,0.003502151
0.01,0.0057461923,0.0042538075
0.01,0.008887026,0.0011129733
0.01,0.008023464,0.0019765357
0.01,0.007478455,0.0025215447
0.01,0.0077778967,0.002222103
0.01,0.007359693,0.002640307
0.01,0.011469615,-0.0014696149
0.01,0.0041296016,0.005870398
0.01,0.00820834,0.0017916597
0.01,0.005471263,0.0045287367
0.01,0.008408405,0.0015915949
0.01,0.0094136335,0.0005863663
0.0,0.0088378,-0.0088378
0.01,0.0,0.01
0.01,0.010078687,-7.8687444e-05
0.01,0.0048036594,0.0051963404
0.01,0.008927345,0.0010726545
0.01,0.008761382,0.001238618
0.01,0.007512262,0.0024877377
0.01,0.007296917,0.0027030827
0.01,0.008636436,0.0013635634
0.01,0.004818024,0.0051819757
0.01,0.007871844,0.002128156
0.01,0.008720644,0.001279356
0.01,0.0065764748,0.003423525
0.0,0.00907569,-0.00907569
0.01,0.0,0.01
0.0,0.009610287,-0.009610287
0.01,0.00059220195,0.009407798
0.01,0.0079724705,0.0020275293
0.01,0.0057462174,0.0042537823
0.01,0.008576859,0.001423141
0.01,0.0066651013,0.0033348985
0.01,0.008995213,0.0010047872
0.01,0.0073514916,0.0026485082
0.01,0.0077377204,0.0022622794
0.01,0.0063056555,0.0036943443
0.01,0.0069077285,0.0030922713
0.01,0.008905893,0.0010941066
0.01,0.008375449,0.0016245507
0.01,0.008457299,0.0015427005
0.01,0.007960304,0.002039696
0.01,0.0061420538,0.003857946
0.01,0.007476669,0.002523331
0.01,0.0091096945,0.00089030527
0.01,0.005057445,0.004942555
0.01,0.008578909,0.0014210911
0.01,0.007750583,0.002249417
0.01,0.006684904,0.0033150958
0.01,0.00870032,0.0012996802
0.01,0.0075446507,0.002455349
0.0,0.0066254735,-0.0066254735
0.01,0.0,0.01
0.01,0.009847188,0.00015281141
0.01,0.005653767,0.004346233
0.0,0.010253411,-0.010253411
0.01,0.0,0.01
0.01,0.009837799,0.000162201
0.01,0.005102368,0.0048976317
0.01,0.008905405,0.0010945946
0.01,0.006653697,0.0033463025
0.01,0.008504996,0.0014950037
0.01,0.0057034465,0.0042965533
0.01,0.009561038,0.00043896213
0.01,0.0071367994,0.0028632004
0.01,0.005573796,0.0044262037
0.01,0.0065669566,0.0034330431
0.01,0.007341331,0.002658669
0.01,0.006393742,0.003606258
0.01,0.007940668,0.002059332
0.01,0.008023377,0.0019766232
0.01,0.007010812,0.0029891878
0.03,0.0072255842,0.022774415
0.03,0.024039334,0.0059606656
0.03,0.024883188,0.005116811
0.01,0.025479821,-0.015479822
0.01,0.0050653312,0.0049346685
0.01,0.009785026,0.00021497346
0.01,0.005928196,0.0040718038
0.01,0.008610342,0.0013896581
0.01,0.0074808216,0.0025191782
0.02,0.0065581314,0.013441868
0.01,0.015170998,-0.005170998
0.01,0.007219079,0.0027809208
0.01,0.008767692,0.0012323074
0.0,0.005162457,-0.005162457
0.01,0.0,0.01
0.0,0.0086873025,-0.0086873025
0.01,0.0,0.01
0.01,0.010622496,-0.000622496
0.01,0.0069956314,0.0030043684
0.01,0.009005442,0.0009945575
0.01,0.0053710155,0.0046289843
0.01,0.008310631,0.0016893689
0.0,0.0066898074,-0.0066898074
0.01,0.00012710132,0.009872898
0.01,0.00961693,0.00038306974
0.01,0.006294081,0.0037059188
0.01,0.008459175,0.0015408248
0.01,0.007080624,0.002919376
0.01,0.007210398,0.0027896017
0.01,0.007192094,0.002807906
0.01,0.008406725,0.001593275
0.01,0.0075953063,0.0024046935
0.01,0.0069042128,0.003095787
0.01,0.007210548,0.0027894517
0.01,0.008991126,0.0010088738
0.01,0.007189557,0.0028104428
0.01,0.0067644715,0.0032355282
0.01,0.007420266,0.0025797337
0.01,0.008152546,0.0018474534
0.01,0.007395556,0.0026044436
0.01,0.007186115,0.002813885
0.01,0.008524638,0.0014753621
0.01,0.0069460925,0.0030539073
0.01,0.0069950614,0.0030049384
0.01,0.007847676,0.0021523237
0.01,0.006577542,0.0034224577
0.01,0.008007586,0.0019924138
0.01,0.007040276,0.0029597236
0.01,0.008675685,0.0013243146
0.01,0.0072055124,0.0027944874
0.01,0.0071917325,0.0028082673
0.01,0.007133834,0.0028661657
0.01,0.0075039016,0.0024960982
0.01,0.007913534,0.0020864662
0.01,0.0076015946,0.0023984052
0.01,0.0073325206,0.0026674792
0.01,0.0072907284,0.0027092714
0.01,0.007578926,0.0024210736
0.01,0.007706469,0.0022935309
0.01,0.006214738,0.003785262
0.01,0.009135577,0.0008644229
0.01,0.006804863,0.0031951368
0.01,0.007498959,0.0025010407
0.01,0.0068404917,0.003159508
0.01,0.0077733584,0.0022266414
0.01,0.0071394574,0.0028605424
0.01,0.0074516684,0.0025483314
0.01,0.0078036934,0.0021963064
0.01,0.007349979,0.0026500206
0.01,0.00782199,0.0021780096
0.01,0.0076480303,0.0023519695
0.01,0.0068313647,0.003168635
0.01,0.007352192,0.0026478078
0.01,0.0076473095,0.0023526903
0.01,0.0069411593,0.0030588405
0.0,0.007921833,-0.007921833
0.01,0.00010655634,0.009893443
0.01,0.009252506,0.00074749347
0.03,0.0067994194,0.023200579
0.04,0.025811983,0.014188016
0.05,0.03541354,0.01458646
0.06,0.04993865,0.01006135
0.05,0.06035111,-0.01035111
0.04,0.050922535,-0.010922536
0.03,0.04073354,-0.010733539
0.03,0.028282285,0.0017177146
0.06,0.026043605,0.033956394
0.01,0.06154857,-0.05154857
0.01,0.0053696483,0.0046303514
0.03,0.014108523,0.015891477
0.04,0.023771543,0.016228456
0.06,0.038525514,0.021474484
0.01,0.05924394,-0.049243942
0.05,0.0072888155,0.042711183
0.04,0.054994263,-0.014994264
0.03,0.032446764,-0.002446765
0.03,0.034201678,-0.0042016786
0.03,0.02709484,0.0029051602
0.01,0.028486768,-0.018486768
0.09,0.00091529265,0.089084715
0.16,0.09882349,0.06117651
0.18,0.1732516,0.006748408
0.04,0.18476148,-0.14476147
0.0,0.03466312,-0.03466312
0.01,0.01321082,-0.0032108203
0.06,0.0023526605,0.05764734
0.06,0.0577873,0.0022126995
0.04,0.05939386,-0.019393861
0.02,0.046556693,-0.026556693
0.02,0.017080203,0.0029197969
0.04,0.026704391,0.013295608
0.13,0.04710649,0.082893506
0.14,0.13505875,0.004941255
0.06,0.14444195,-0.084441945
0.07,0.051884457,0.018115543
0.1,0.08110485,0.01889515
0.05,0.10160358,-0.05160358
0.03,0.04612357,-0.016123572
0.03,0.03490825,-0.0049082506
0.04,0.026897857,0.013102142
0.07,0.032140568,0.037859432
0.08,0.06853474,0.011465259
0.16,0.08750101,0.072498985
0.25,0.17606364,0.07393636
0.29,0.25483143,0.03516856
0.3,0.29897356,0.0010264516
0.27,0.29504085,-0.025040835
0.19,0.26466465,-0.07466465
0.2,0.18568738,0.014312625
0.18,0.20763876,-0.027638748
0.19,0.18190381,0.008096188
0.17,0.18605354,-0.016053542
0.2,0.17203124,0.027968764
0.19,0.21296972,-0.022969723
0.18,0.19317286,-0.01317285
0.2,0.17755078,0.022449225
0.19,0.19566499,-0.0056649894
0.24,0.18952166,0.05047834
0.24,0.23726591,0.00273408
0.21,0.23060034,-0.020600349
0.22,0.20704137,0.012958631
0.2,0.217216,-0.017215997
0.17,0.19902551,-0.02902551
0.14,0.1670701,-0.027070105
0.13,0.14676787,-0.016767874
0.14,0.13076922,0.009230778
0.14,0.14011502,-0.00011502206
0.27,0.14719224,0.12280777
0.18,0.28194836,-0.10194835
0.14,0.17139605,-0.031396046
0.1,0.1406546,-0.040654592
0.14,0.09192499,0.048075013
0.33,0.15399009,0.17600992
0.38,0.33712545,0.042874545
0.46,0.37897468,0.08102533
0.47,0.4670819,0.0029180944
0.57,0.44807217,0.12192783
0.47,0.56308186,-0.09308186
0.36,0.4478323,-0.08783227
0.34,0.35468745,-0.014687449
0.39,0.31941327,0.07058671
0.42,0.3793192,0.040680796
0.42,0.39245114,0.02754885
0.42,0.4095715,0.010428488
0.53,0.4028258,0.12717417
0.45,0.5135701,-0.06357008
0.55,0.42191854,0.12808147
0.59,0.53135765,0.058642328
0.45,0.5567428,-0.1067428
0.42,0.41140646,0.008593529
0.54,0.39922577,0.14077425
0.73,0.5225091,0.20749092
0.67,0.70592195,-0.03592193
0.33,0.62647307,-0.29647306
0.49,0.30558658,0.18441343
0.46,0.49194443,-0.031944424
0.33,0.42917567,-0.09917566
0.39,0.2915946,0.09840539
0.24,0.40108868,-0.16108869
0.25,0.21435082,0.03564918
0.35,0.23992479,0.110075206
0.28,0.3420183,-0.062018305
0.32,0.2569595,0.063040495
0.44,0.30878288,0.13121712
0.44,0.42357007,0.01642993
0.42,0.43513316,-0.015133172
0.56,0.4077365,0.15226349
0.53,0.5336414,-0.0036414266
0.63,0.49520192,0.13479808
0.85,0.60107803,0.24892199
0.98,0.82504535,0.15495467
0.97,0.943703,0.026297033
0.89,0.90725636,-0.01725638
0.91,0.84719974,0.06280029
0.87,0.87140995,-0.0014099479
0.86,0.81795406,0.04204595
0.93,0.81588185,0.11411816
0.96,0.8716868,0.08831316
0.93,0.8980545,0.031945527
0.96,0.87245864,0.08754134
0.9,0.90842557,-0.008425593
0.86,0.8459451,0.014054894
0.7,0.80466366,-0.10466367
0.65,0.65317154,-0.0031715631
0.58,0.6244779,-0.04447794
0.47,0.5361353,-0.06613532
0.34,0.43297863,-0.09297863
0.63,0.31650364,0.31349635
0.57,0.6304913,-0.060491323
0.87,0.5296391,0.34036088
0.82,0.8656657,-0.04566568
0.89,0.7710935,0.1189065
0.84,0.8572514,-0.017251432
0.99,0.78447336,0.20552665
0.81,0.93590945,-0.12590945
0.86,0.75158215,0.10841787
0.63,0.8085475,-0.1785475
0.81,0.57594866,0.23405135
0.56,0.79402626,-0.23402625
0.4,0.51620245,-0.116202444
0.49,0.39183575,0.09816426
0.52,0.4837699,0.036230087
0.46,0.4821427,-0.022142678
0.45,0.4430973,0.0069026947
0.57,0.42560986,0.14439014
0.66,0.5445113,0.11548871
0.56,0.60082114,-0.040821135
0.58,0.5266367,0.053363264
0.49,0.5366318,-0.046631813
0.46,0.46280387,-0.002803862
0.92,0.40929502,0.510705
0.45,0.9200589,-0.47005892
0.2,0.37809765,-0.17809765
0.32,0.21392871,0.10607128
0.42,0.30837697,0.11162302
0.36,0.42121744,-0.061217427
0.2,0.34859097,-0.14859097
0.3,0.19446196,0.105538055
0.18,0.31040472,-0.13040471
0.19,0.17079286,0.019207135
0.22,0.1750934,0.0449066
0.21,0.23070017,-0.020700172
0.29,0.20480408,0.085195914
0.3,0.28520882,0.014791191
0.37,0.30683893,0.063161075
0.24,0.35894698,-0.118946984
0.3,0.2295195,0.07048051
0.44,0.2899871,0.15001291
0.29,0.43928647,-0.14928648
0.41,0.27129254,0.13870746
0.27,0.41406077,-0.14406076
0.27,0.2611956,0.008804411
0.18,0.27406526,-0.09406525
0.16,0.17984255,-0.01984255
0.16,0.18177481,-0.021774814
0.3,0.14309244,0.15690757
0.32,0.29250067,0.027499318
0.48,0.32303894,0.15696105
0.53,0.47519517,0.054804802
0.59,0.52564836,0.06435162
0.42,0.55794847,-0.13794848
0.53,0.4133662,0.11663377
0.66,0.51317537,0.14682466
0.64,0.64042574,-0.00042575598
0.86,0.598444,0.26155603
0.95,0.833639,0.11636096
0.83,0.8975583,-0.06755829
0.7,0.7925135,-0.0925135
0.63,0.6678029,-0.037802875
0.61,0.5923275,0.017672539
0.47,0.5621971,-0.09219709
0.37,0.45709524,-0.08709523
0.41,0.3228809,0.0871191
0.3,0.40979785,-0.109797835
0.29,0.27066308,0.019336909
0.29,0.2750395,0.014960498
0.17,0.28759554,-0.11759554
0.19,0.15495566,0.035044342
0.21,0.17757934,0.03242065
0.32,0.20275508,0.117244914
0.29,0.3199197,-0.029919714
0.23,0.27561256,-0.04561256
0.21,0.21300389,-0.0030038953
0.12,0.20989387,-0.08989387
0.12,0.11127388,0.00872612
0.12,0.10668917,0.013310827
0.18,0.12953071,0.050469294
0.29,0.19952734,0.09047265
0.35,0.29668462,0.05331537
0.31,0.36049005,-0.05049005
0.24,0.28770998,-0.047709987
0.13,0.23921107,-0.10921107
0.17,0.1088121,0.0611879
0.21,0.17022221,0.039777786
0.19,0.19779627,-0.0077962726
0.2,0.19006015,0.009939849
0.25,0.2026054,0.047394603
0.27,0.2506506,0.019349396
0.39,0.27085066,0.11914933
0.55,0.39188161,0.1581184
0.63,0.5472458,0.082754195
0.66,0.6116862,0.048313797
0.51,0.6349062,-0.12490618
0.42,0.47735667,-0.057356685
0.22,0.3974476,-0.17744759
0.47,0.1975575,0.27244252
0.62,0.47688487,0.14311513
0.53,0.5878024,-0.05780244
0.43,0.526036,-0.09603602
0.31,0.407934,-0.09793401
0.24,0.30994436,-0.06994437
0.22,0.21933828,0.00066171587
0.2,0.21639787,-0.016397864
0.32,0.18586864,0.13413136
0.57,0.3193186,0.2506814
0.38,0.5693282,-0.1893282
0.4,0.35654968,0.043450326
0.47,0.41216096,0.057839036
0.46,0.4509832,0.009016812
0.67,0.4374081,0.23259193
0.58,0.65779525,-0.07779527
0.56,0.5541943,0.005805731
0.46,0.5249839,-0.064983875
0.47,0.43856966,0.031430334
0.5,0.44493204,0.055067956
0.54,0.4915254,0.04847461
0.37,0.5101995,-0.14019948
0.3,0.33565962,-0.03565961
0.31,0.29307625,0.016923755
0.28,0.30303788,-0.02303788
0.33,0.2633341,0.06666592
0.39,0.3136865,0.076313496
0.45,0.3659541,0.08404589
0.48,0.4307425,0.049257487
0.49,0.44743094,0.04256907
0.49,0.45934507,0.030654937
0.45,0.46355176,-0.013551772
0.58,0.42411765,0.15588233
0.63,0.5666925,0.063307524
0.57,0.6025309,-0.032530904
0.42,0.52398163,-0.103981644
0.38,0.39401966,-0.014019668
0.27,0.35948527,-0.08948526
0.09,0.26306754,-0.17306754
0.14,0.07307963,0.06692037
0.06,0.1449322,-0.08493219
0.02,0.06098505,-0.04098505
0.02,0.021031896,-0.0010318961
0.02,0.024608258,-0.0046082586
0.02,0.021345926,-0.0013459269
0.01,0.004543161,0.0054568388
0.01,0.0023072492,0.0076927505
0.01,0.0062552122,0.0037447875
0.01,0.012235751,-0.0022357516
0.01,0.026058579,-0.01605858
0.01,0.012529303,-0.0025293035
0.01,0.011138692,-0.0011386918
0.01,0.005916586,0.0040834136
0.02,0.010871858,0.009128141
0.01,0.01052529,-0.00052529015
0.01,0.0051626544,0.0048373453
0.01,0.0056201015,0.0043798983
0.01,0.018848062,-0.008848062
0.01,0.0,0.01
0.01,0.0,0.01
0.01,0.009468842,0.0005311575
0.01,0.00608455,0.0039154496
0.01,0.014965387,-0.0049653873
0.01,0.0053650793,0.0046349205
0.01,0.008416286,0.001583714
0.01,0.0042717215,0.0057282783
0.01,0.014536651,-0.004536651
0.01,0.0022042673,0.0077957325
0.01,0.010566326,-0.0005663261
0.01,0.008467491,0.001532509
0.01,0.013864661,-0.0038646609
0.01,0.0034572762,0.0065427236
0.01,0.0058219116,0.004178088
0.01,0.014043053,-0.004043053
0.01,0.0056742867,0.004325713
0.01,0.0,0.01
0.01,0.018471424,-0.008471424
0.01,0.0,0.01
0.01,0.010018436,-1.8436462e-05
0.01,0.00669581,0.00330419
0.01,0.013968328,-0.0039683282
0.01,0.004516652,0.005483348
0.01,0.011759853,-0.0017598532
0.01,0.009432966,0.0005670339
0.01,0.0070961444,0.0029038554
0.01,0.015374985,-0.005374985
0.01,0.002338063,0.007661937
0.01,0.014422832,-0.0044228323
0.01,0.007764684,0.0022353157
0.01,0.007359797,0.0026402026
0.01,0.0046656765,0.0053343233
0.01,0.0069384873,0.0030615125
0.01,0.01172649,-0.0017264904
0.01,0.012057488,-0.002057488
0.01,0.005222982,0.004777018
0.01,0.0062245633,0.0037754364
0.01,0.0073981546,0.0026018452
0.01,0.0008111112,0.009188889
0.01,0.01025487,-0.0002548704
0.0,0.0071736164,-0.0071736164
0.01,0.002339134,0.007660866
0.01,0.012895888,-0.002895888
0.01,0.0023065899,0.00769341
0.01,0.009171078,0.0008289218
0.01,0.005974151,0.0040258486
0.02,0.006129844,0.013870155
0.06,0.015475091,0.044524908
0.13,0.0607592,0.06924079
0.12,0.13778572,-0.01778572
0.14,0.118006006,0.021993995
0.15,0.14593914,0.0040608644
0.17,0.1525578,0.017442197
0.18,0.18134685,-0.0013468415
0.23,0.18602972,0.043970287
0.21,0.23362412,-0.023624122
0.21,0.21385844,-0.003858447
0.14,0.21299107,-0.07299107
0.09,0.13882963,-0.04882963
0.07,0.09442443,-0.024424426
0.06,0.06943808,-0.009438079
0.09,0.056980014,0.03301999
0.06,0.092878275,-0.032878276
0.03,0.056437887,-0.026437888
0.01,0.029231422,-0.019231422
0.03,0.00767741,0.02232259
0.08,0.031220894,0.048779104
0.05,0.07742798,-0.027427983
0.24,0.045713834,0.19428617
0.41,0.25199074,0.15800926
0.59,0.4192273,0.17077267
0.58,0.6066525,-0.026652515
0.65,0.58918715,0.06081283
0.58,0.6339659,-0.053965926
0.57,0.5512296,0.018770397
0.52,0.5533243,-0.0333243
0.2,0.50269616,-0.30269617
0.75,0.18280375,0.56719625
0.81,0.7581082,0.051891804
0.67,0.77704245,-0.10704243
0.65,0.6568562,-0.006856203
0.66,0.63252383,0.027476192
0.53,0.621439,-0.09143901
0.64,0.48141655,0.15858343
0.54,0.6262629,-0.08626288
0.53,0.4953571,0.034642875
0.68,0.5073724,0.17262763
0.62,0.6394216,-0.019421577
0.53,0.57893336,-0.048933387
0.58,0.51042616,0.06957382
0.53,0.5577276,-0.027727604
0.65,0.4919562,0.15804377
0.61,0.618582,-0.008581996
0.51,0.58117646,-0.07117647
0.41,0.47072774,-0.060727745
0.26,0.39251414,-0.13251415
0.24,0.239444,0.0005559921
0.23,0.23104493,-0.001044929
0.25,0.2031836,0.046816394
0.32,0.25161785,0.068382144
0.33,0.31037962,0.019620389
0.32,0.33193928,-0.011939287
0.19,0.30234104,-0.11234105
0.27,0.17535904,0.09464097
0.27,0.25745794,0.012542069
0.22,0.25175557,-0.031755567
0.14,0.20760684,-0.06760684
0.1,0.13177362,-0.03177362
0.11,0.10091026,0.009089738
0.11,0.101447016,0.008552983
0.1,0.1260637,-0.026063703
0.13,0.10280402,0.027195975
0.15,0.12966675,0.02033326
0.2,0.13492616,0.06507385
0.26,0.1980411,0.061958894
0.23,0.2766418,-0.046641782
0.25,0.2053161,0.044683903
0.24,0.2359708,0.0040291995
0.2,0.23584783,-0.035847828
0.11,0.18353261,-0.07353261
0.1,0.10669884,-0.0066988394
0.15,0.11162342,0.038376585
0.13,0.13317545,-0.0031754524
0.14,0.14139393,-0.0013939291
0.09,0.14541286,-0.05541286
0.09,0.09343836,-0.0034383535
0.11,0.08809933,0.021900669
0.12,0.11115897,0.00884103
0.2,0.12142587,0.078574136
0.26,0.2034779,0.056522086
0.23,0.26263535,-0.032635346
0.26,0.22060113,0.039398864
0.23,0.27189335,-0.041893348
0.2,0.22473265,-0.02473265
0.22,0.19502224,0.024977759
0.2,0.22092323,-0.020923227
0.21,0.20198478,0.008015215
0.23,0.21241684,0.017583162
0.19,0.23388706,-0.043887064
0.15,0.18616645,-0.036166444
0.15,0.1539169,-0.0039168894
0.1,0.14994161,-0.049941607
0.1,0.100359544,-0.00035954267
0.09,0.08867574,0.0013242662
0.07,0.08530151,-0.015301511
0.01,0.08407765,-0.07407765
0.01,0.004127754,0.005872246
0.01,0.025249448,-0.015249448
0.01,0.0,0.01
0.01,0.00610967,0.00389033
0.01,0.021477178,-0.011477178
0.0,0.018505607,-0.018505607
0.01,0.0,0.01
0.01,0.01569124,-0.0056912396
0.01,0.0,0.01
0.01,0.0037604924,0.0062395073
0.02,0.0,0.02
0.03,0.029734703,0.00026529655
0.02,0.023070445,-0.0030704457
0.04,0.02448147,0.015518529
0.06,0.040331073,0.019668926
0.08,0.051265396,0.028734602
0.07,0.08470391,-0.014703907
0.09,0.06280671,0.027193293
0.16,0.090488836,0.06951116
0.2,0.17119421,0.028805792
0.14,0.21101962,-0.07101962
0.09,0.14245383,-0.05245383
0.08,0.094585344,-0.014585346
0.08,0.083849974,-0.0038499758
0.1,0.079152495,0.020847507
0.18,0.10435663,0.075643376
0.21,0.19412516,0.015874833
0.18,0.21601741,-0.036017403
0.21,0.18205339,0.027946606
0.16,0.21814944,-0.058149442
0.15,0.15890564,-0.008905634
0.1,0.14565428,-0.045654275
0.11,0.09725009,0.01274991
0.15,0.1122921,0.037707902
0.18,0.15506382,0.024936184
0.26,0.19247894,0.06752105
0.33,0.27045023,0.05954978
0.37,0.33032435,0.039675653
0.32,0.368707,-0.04870701
0.44,0.3069958,0.13300419
0.58,0.43693095,0.14306903
0.57,0.5683888,0.0016111732
0.6,0.54909015,0.050909877
0.51,0.5766057,-0.06660569
0.6,0.48799056,0.112009466
0.7,0.5759934,0.12400657
0.82,0.67266816,0.14733183
0.73,0.7980759,-0.068075895
0.76,0.6823687,0.077631295
0.63,0.7256069,-0.09560692
0.6,0.5924723,0.007527709
0.69,0.56909645,0.12090355
0.81,0.66123724,0.14876276
0.9,0.75564384,0.14435613
0.94,0.85762775,0.08237225
0.96,0.8828906,0.0771094
0.98,0.90842843,0.07157159
0.99,0.9255334,0.064466596
0.97,0.93342745,0.036572576
0.99,0.9129679,0.07703209
0.98,0.93132204,0.04867798
0.99,0.9115628,0.07843721
0.98,0.9378972,0.042102814
0.99,0.92091334,0.06908667
0.99,0.940513,0.049486995
0.99,0.9326396,0.05736041
0.99,0.93746597,0.052534044
0.99,0.92831916,0.061680853
0.99,0.93288296,0.057117045
0.99,0.92831093,0.06168908
0.99,0.93232906,0.05767095
0.99,0.9300589,0.059941113
0.99,0.93099475,0.05900526
0.99,0.9318958,0.058104217
0.99,0.9294622,0.060537815
0.99,0.9305986,0.059401393
0.99,0.93013704,0.05986297
0.99,0.9367694,0.053230584
0.99,0.9305179,0.059482098
0.99,0.93240345,0.057596564
0.99,0.92945766,0.060542345
0.99,0.9298892,0.060110807
0.99,0.9285214,0.061478615
0.99,0.93160444,0.058395565
0.99,0.9300692,0.0599308
1.0,0.9316951,0.0683049
0.99,0.9414599,0.048540115
1.0,0.92838407,0.071615934
0.99,0.94114673,0.04885328
0.99,0.9301677,0.059832335
1.0,0.92966115,0.070338845
1.0,0.9400669,0.059933126
1.0,0.9397018,0.060298204
0.99,0.9403762,0.049623787
0.99,0.931404,0.058596015
1.0,0.93106824,0.06893176
0.96,0.940686,0.019313991
0.88,0.8996761,-0.01967609
0.99,0.82692975,0.16307026
0.92,0.9418737,-0.021873713
0.96,0.85420686,0.10579312
1.0,0.9093673,0.09063268
1.0,0.9405519,0.059448123
0.97,0.9346585,0.0353415
0.93,0.91180086,0.018199146
0.8,0.8743135,-0.07431346
0.87,0.74803764,0.12196237
0.84,0.8295566,0.010443389
0.83,0.7835363,0.04646367
0.8,0.7808109,0.01918912
0.79,0.75305855,0.03694147
0.71,0.74205446,-0.032054484
0.78,0.6669096,0.113090396
0.68,0.740635,-0.06063497
0.66,0.63079596,0.02920407
0.58,0.6207644,-0.04076439
0.82,0.5405649,0.2794351
0.91,0.78368926,0.12631077
0.75,0.8594614,-0.10946143
0.63,0.68515754,-0.055157542
0.72,0.5992856,0.120714426
0.91,0.68147814,0.22852188
0.95,0.8671784,0.08282161
0.99,0.8850127,0.10498732
0.99,0.93299955,0.05700046
0.97,0.9199772,0.05002284
0.87,0.9087001,-0.038700104
0.71,0.81440544,-0.10440546
0.71,0.67026263,0.039737344
0.76,0.66342616,0.09657383
0.86,0.7170366,0.14296341
0.76,0.8080143,-0.048014283
0.68,0.7096278,-0.0296278
0.78,0.63921165,0.14078832
0.84,0.74723125,0.09276873
0.64,0.7837424,-0.14374244
0.43,0.58749866,-0.15749866
0.31,0.39144117,-0.081441164
0.31,0.28696227,0.023037732
0.47,0.29473042,0.17526957
0.55,0.44710597,0.10289404
0.45,0.5222065,-0.0722065
0.25,0.41245258,-0.16245258
0.22,0.22995701,-0.0099570155
0.13,0.21256576,-0.08256577
0.2,0.116922505,0.0830775
0.24,0.19834115,0.04165885
0.09,0.2296088,-0.1396088
0.02,0.07739486,-0.05739486
0.01,0.016646063,-0.006646063
0.01,0.04428717,-0.03428717
0.01,0.005982809,0.004017191
0.01,0.0,0.01
0.01,0.0022052806,0.007794719
0.01,0.0139302565,-0.0039302567
0.01,0.0073535303,0.0026464695
0.01,0.011168525,-0.0011685248
0.14,0.015918698,0.1240813
0.46,0.13904274,0.32095727
0.32,0.469339,-0.14933902
0.37,0.31867254,0.051327467
0.34,0.35550106,-0.015501052
0.29,0.33579642,-0.045796424
0.31,0.3014369,0.008563101
0.36,0.3145255,0.0454745
0.34,0.35438257,-0.014382571
0.28,0.31226242,-0.032262415
0.27,0.280329,-0.010328978
0.16,0.2623229,-0.102322906
0.17,0.15320735,0.016792655
0.12,0.1744019,-0.054401897
0.09,0.1053223,-0.015322298
0.07,0.090845406,-0.020845406
0.04,0.06252213,-0.02252213
0.01,0.035356335,-0.025356336
0.01,0.0033233594,0.0066766404
0.03,0.025804369,0.0041956306
0.01,0.022776248,-0.012776248
0.03,0.01838516,0.011614839
0.03,0.029985301,1.4698133e-05
0.04,0.05077522,-0.01077522
0.03,0.040355302,-0.010355303
0.04,0.04375107,-0.0037510693
0.05,0.03555383,0.014446169
0.08,0.039209552,0.040790446
0.08,0.08042623,-0.00042623281
0.08,0.07955759,0.00044240803
0.09,0.0944841,-0.0044840947
0.11,0.08720673,0.02279327
0.14,0.117141575,0.022858426
0.11,0.13920912,-0.029209122
0.14,0.121033914,0.018966086
0.15,0.15109093,-0.0010909289
0.1,0.14625935,-0.04625935
0.12,0.10012836,0.019871637
0.09,0.12906371,-0.039063707
0.12,0.07994741,0.040052585
0.16,0.12360117,0.036398828
0.14,0.18128993,-0.041289926
0.19,0.14854622,0.04145378
0.15,0.19308911,-0.043089107
0.17,0.15381019,0.016189814
0.15,0.17261049,-0.022610486
0.15,0.14328028,0.0067197233
0.17,0.1687802,0.001219809
0.1,0.16726437,-0.06726437
0.13,0.10483744,0.025162555
0.11,0.14216982,-0.03216982
0.13,0.10543473,0.024565265
0.1,0.13655096,-0.03655096
0.12,0.10023492,0.019765079
0.13,0.12783207,0.0021679252
0.1,0.12806974,-0.028069742
0.15,0.12072217,0.029277839
0.15,0.15067111,-0.0006711036
0.24,0.15658809,0.0834119
0.17,0.25246125,-0.08246125
0.2,0.1653725,0.034627497
0.14,0.2077366,-0.067736596
0.15,0.14267734,0.007322669
0.14,0.15762872,-0.017628714
0.15,0.1359534,0.014046609
0.1,0.16180246,-0.061802454
0.12,0.0842896,0.035710394
0.18,0.12813175,0.05186826
0.15,0.19023643,-0.04023643
0.17,0.15221779,0.017782211
0.13,0.16702075,-0.037020758
0.09,0.14158347,-0.05158347
0.1,0.08069733,0.019302674
0.22,0.10145582,0.118544176
0.13,0.2299941,-0.09999411
0.2,0.118693545,0.08130646
0.19,0.22106384,-0.03106384
0.23,0.18461804,0.045381963
0.26,0.24354534,0.016454652
0.28,0.25778192,0.022218078
0.47,0.2871623,0.1828377
0.44,0.47784308,-0.03784308
0.43,0.4142229,0.015777111
0.37,0.42165023,-0.051650226
0.21,0.35493177,-0.14493178
0.25,0.19550644,0.05449356
0.31,0.24686816,0.06313184
0.33,0.30590606,0.024093956
0.37,0.31477743,0.05522257
0.24,0.36014336,-0.12014337
0.16,0.22086936,-0.060869366
0.15,0.16943699,-0.019436985
0.16,0.14274116,0.017258838
0.11,0.15439333,-0.04439333
0.15,0.09339748,0.056602523
0.13,0.158195,-0.028195009
0.1,0.119560525,-0.019560523
0.1,0.10935779,-0.009357788
0.05,0.10135706,-0.051357057
0.06,0.048855774,0.011144225
0.06,0.055414878,0.004585121
0.05,0.05493954,-0.0049395375
0.04,0.05365841,-0.013658412
0.02,0.024339847,-0.0043398477
0.01,0.03185584,-0.02185584
0.02,0.0,0.02
0.05,0.018728614,0.031271387
0.01,0.041557353,-0.03155735
0.01,6.975047e-05,0.009930249
0.01,0.0032376684,0.0067623314
0.01,0.01547916,-0.0054791598
0.01,0.0,0.01
0.01,0.011518793,-0.0015187934
0.0,0.0022120979,-0.0022120979
0.03,0.0,0.03
0.02,0.025725354,-0.005725354
0.01,0.00787314,0.0021268595
0.01,0.017483093,-0.007483093
0.01,0.0,0.01
0.01,0.015241766,-0.0052417666
0.01,0.0006928183,0.009307181
0.01,0.009374756,0.0006252434
0.01,5.9364364e-05,0.009940635
0.01,0.0054374505,0.0045625493
0.01,0.008778826,0.0012211734
0.01,0.0064440276,0.0035559721
0.01,0.012876276,-0.0028762762
0.01,0.0028303023,0.0071696974
0.01,0.0085853115,0.0014146883
0.01,0.016560325,-0.0065603256
0.01,0.0,0.01
0.01,0.006685421,0.003314579
0.01,0.0047380906,0.005261909
0.01,0.0042899232,0.0057100765
0.01,0.019224323,-0.009224324
0.01,0.0057961773,0.0042038225
0.01,0.009248519,0.00075148046
0.01,0.005353883,0.004646117
0.01,0.010837098,-0.0008370979
0.01,0.007274542,0.0027254578
0.01,0.014201836,-0.004201836
0.01,0.005828919,0.004171081
0.01,0.009714829,0.00028517097
0.01,0.006594032,0.0034059677
0.01,0.0060266964,0.0039733034
0.01,0.004686689,0.005313311
0.01,0.011153139,-0.0011531394
0.01,0.0123783,-0.0023782998
0.01,0.008864595,0.0011354052
0.01,0.008895526,0.0011044741
0.01,0.0029966924,0.0070033073
0.01,0.0055140173,0.0044859825
0.01,0.0026790388,0.007320961
0.01,0.0119645195,-0.0019645197
0.01,0.00460965,0.00539035
0.01,0.013846474,-0.003846474
0.01,0.0089514665,0.0010485332
0.01,0.0027899202,0.0072100796
0.01,0.008622923,0.0013770768
0.01,0.0043362863,0.0056637134
0.01,0.00904322,0.00095677935
0.01,0.01098383,-0.0009838305
0.01,0.011438049,-0.0014380496
0.01,0.007931689,0.002068311
0.01,0.0070658457,0.0029341541
0.01,0.008420871,0.0015791291
0.01,0.0037045516,0.006295448
0.01,0.011926534,-0.0019265339
0.01,0.007245478,0.0027545216
0.01,0.006130129,0.0038698707
0.01,0.013912329,-0.0039123297
0.01,0.0013960712,0.008603929
0.01,0.010150517,-0.00015051756
0.01,0.0052545685,0.0047454312
0.01,0.008843247,0.0011567529
0.01,0.007552645,0.0024473546
0.01,0.010359488,-0.00035948865
0.0,0.00650094,-0.00650094
0.01,0.0016405415,0.008359458
0.01,0.0076894118,0.002310588
0.02,0.0044624284,0.015537571
0.01,0.015774691,-0.0057746917
0.0,0.005775639,-0.005775639
0.01,0.0010312852,0.008968715
0.0,0.009899361,-0.009899361
0.01,0.0,0.01
0.0,0.010219298,-0.010219298
0.02,0.0,0.02
0.03,0.014084525,0.015915474
0.02,0.027001005,-0.007001005
0.01,0.01654672,-0.006546721
0.02,0.007941164,0.0120588355
0.05,0.016284687,0.033715315
0.06,0.04325953,0.016740467
0.04,0.05936057,-0.019360572
0.03,0.03832268,-0.00832268
0.04,0.029731166,0.0102688335
0.05,0.039617423,0.010382578
0.07,0.05180099,0.018199012
0.07,0.07477312,-0.0047731176
0.06,0.06942678,-0.009426784
0.08,0.061675943,0.018324055
0.1,0.082359135,0.017640866
0.1,0.10686226,-0.0068622604
0.11,0.103316694,0.006683305
0.12,0.11423668,0.0057633147
0.13,0.12556382,0.00443618
0.1,0.13650452,-0.036504515
0.1,0.10119424,-0.0011942387
0.08,0.105678335,-0.025678337
0.09,0.07859747,0.011402532
0.07,0.095375136,-0.025375135
0.09,0.06936991,0.020630091
0.06,0.09789419,-0.037894193
0.07,0.05349382,0.01650618
0.02,0.07649919,-0.056499187
0.03,0.015757442,0.014242558
0.04,0.033716545,0.0062834546
0.06,0.029695772,0.030304227
0.09,0.06433022,0.025669783
0.09,0.09088407,-0.00088406354
0.15,0.09396671,0.0560333
0.24,0.16011463,0.07988536
0.25,0.24104935,0.008950651
0.27,0.25463963,0.015360385
0.43,0.26982537,0.16017464
0.4,0.436141,-0.03614101
0.2,0.3843257,-0.18432571
0.18,0.19451827,-0.014518261
0.08,0.18669476,-0.10669476
0.06,0.07858966,-0.018589664
0.05,0.058145344,-0.0081453435
0.06,0.05438344,0.005616557
0.06,0.06088318,-0.00088318065
0.03,0.058207117,-0.028207118
0.0,0.038405783,-0.038405783
0.0,0.0015767273,-0.0015767273
0.01,0.0,0.01
0.01,0.0,0.01
0.01,0.010838098,-0.0008380981
0.01,0.0043930616,0.005606938
0.01,0.008908297,0.0010917028
0.01,0.016051982,-0.006051982
0.03,0.02102519,0.008974809
0.17,0.02677231,0.1432277
0.17,0.1891515,-0.019151494
0.2,0.1853553,0.014644697
0.18,0.2151637,-0.035163686
0.13,0.18390651,-0.053906515
0.15,0.13754645,0.012453556
0.14,0.15711509,-0.017115086
0.14,0.13511395,0.004886046
0.1,0.13739909,-0.03739909
0.1,0.09620004,0.00379996
0.09,0.11029583,-0.020295829
0.09,0.09491779,-0.0049177855
0.09,0.09659378,-0.0065937787
0.08,0.087204546,-0.0072045475
0.05,0.08141898,-0.031418983
0.06,0.047901303,0.012098696
0.04,0.058221966,-0.018221967
0.05,0.030304104,0.019695897
0.07,0.060924828,0.009075172
0.05,0.07059754,-0.020597536
0.02,0.0413379,-0.0213379
0.03,0.019424334,0.010575665
0.03,0.031089487,-0.0010894872
0.05,0.021833379,0.028166622
0.06,0.05453214,0.005467858
0.04,0.061489508,-0.021489508
0.01,0.031819686,-0.021819687
0.01,0.0060002375,0.0039997622
0.01,0.0123212,-0.0023212004
0.01,0.009364866,0.00063513406
0.01,0.012894008,-0.0028940085
0.01,0.0021837596,0.00781624
0.03,0.005279472,0.024720527
0.02,0.02777778,-0.0077777803
0.05,0.019199092,0.030800909
0.04,0.05025524,-0.01025524
0.05,0.03412725,0.01587275
0.05,0.05314152,-0.0031415187
0.04,0.042068064,-0.002068065
0.03,0.042733543,-0.012733543
0.03,0.03312169,-0.0031216908
0.03,0.027255509,0.0027444903
0.04,0.025096485,0.014903514
0.02,0.036444798,-0.016444799
0.01,0.011380583,-0.0013805833
0.01,0.005257936,0.0047420636
0.01,0.013739657,-0.0037396569
0.02,0.001680946,0.018319054
0.05,0.024289252,0.025710749
0.01,0.04555309,-0.03555309
0.01,6.126426e-05,0.0099387355
0.01,0.009211492,0.000788508
0.07,0.0075736307,0.06242637
0.05,0.074256554,-0.024256554
0.01,0.04666278,-0.03666278
0.01,0.011183927,-0.0011839271
0.01,0.0036260895,0.0063739102
0.02,0.013002155,0.006997844
0.02,0.016397577,0.0036024228
0.01,0.019996224,-0.009996224
0.02,0.0027094577,0.017290542
0.04,0.017718267,0.022281732
0.05,0.03615295,0.013847049
0.04,0.046305098,-0.0063050985
0.01,0.041758202,-0.031758204
0.01,0.0030857045,0.0069142953
0.02,0.004146535,0.015853465
0.01,0.018492926,-0.008492926
0.06,0.007996168,0.05200383
0.01,0.062835775,-0.052835777
0.02,0.0024465658,0.017553434
0.06,0.027208604,0.032791395
0.04,0.051314745,-0.011314746
0.05,0.040171646,0.009828355
0.04,0.047878005,-0.0078780055
0.08,0.03907926,0.040920738
0.12,0.09306613,0.026933864
0.15,0.12255308,0.027446926
0.1,0.15382196,-0.05382196
0.09,0.10113175,-0.011131749
0.09,0.10226628,-0.012266278
0.12,0.091572315,0.028427683
0.15,0.1307218,0.019278213
0.2,0.15525045,0.044749558
0.24,0.20523374,0.034766257
0.26,0.2506234,0.0093765855
0.32,0.25496644,0.065033555
0.31,0.31747836,-0.0074783564
0.35,0.30219263,0.047807366
0.42,0.34771165,0.072288334
0.44,0.41056928,0.029430717
0.48,0.42258662,0.05741337
0.57,0.46538836,0.104611635
0.53,0.55313313,-0.023133159
0.57,0.50024027,0.06975973
0.45,0.55721635,-0.10721636
0.41,0.42026135,-0.010261357
0.34,0.39678448,-0.05678448
0.43,0.31344515,0.11655486
0.41,0.4225786,-0.012578607
0.32,0.38660836,-0.06660837
0.33,0.30752254,0.022477478
0.61,0.3126883,0.29731172
0.52,0.59580624,-0.07580626
0.51,0.503565,0.006434977
0.59,0.49023807,0.0997619
0.78,0.56972915,0.21027082
0.73,0.7421543,-0.012154281
0.84,0.689013,0.15098697
0.44,0.80627525,-0.36627525
0.65,0.3996289,0.25037107
0.78,0.6439563,0.13604367
0.9,0.74542737,0.1545726
0.82,0.8635528,-0.043552816
0.85,0.7858624,0.06413764
0.61,0.8015656,-0.19156557
0.79,0.56551707,0.22448295
0.72,0.76436484,-0.04436481
0.93,0.6790789,0.25092113
0.98,0.8714338,0.108566225
0.88,0.9287615,-0.048761487
0.98,0.8063252,0.17367482
0.97,0.9482682,0.021731853
0.89,0.8967739,-0.006773889
0.86,0.8427862,0.017213821
0.88,0.80195475,0.07804525
0.87,0.841468,0.028532028
0.95,0.8052724,0.14472759
0.88,0.9041844,-0.024184406
0.93,0.8126025,0.11739749
0.98,0.89412,0.08588004
0.96,0.9125838,0.04741615
0.98,0.9101045,0.069895506
0.96,0.9122206,0.04777938
0.73,0.9015869,-0.17158687
0.72,0.67611605,0.04388398
0.71,0.6934832,0.016516805
0.83,0.6642732,0.16572678
0.89,0.7831429,0.10685706
0.75,0.83617365,-0.08617365
0.8,0.69152117,0.108478844
0.74,0.76608694,-0.026086926
0.97,0.68545973,0.2845403
0.98,0.9362141,0.04378593
0.91,0.9086362,0.0013638139
0.99,0.851351,0.13864899
0.93,0.9295759,0.00042408705
0.93,0.8621901,0.06780988
0.98,0.8763046,0.10369539
0.98,0.9288448,0.05115521
0.96,0.9092941,0.05070585
0.98,0.90940225,0.07059777
0.98,0.9208949,0.0591051
0.9,0.9217241,-0.021724105
0.72,0.8460065,-0.12600648
0.93,0.6675936,0.2624064
0.95,0.90123093,0.048769057
0.9,0.8739788,0.026021183
0.98,0.83957016,0.14042985
0.9,0.93093747,-0.030937493
0.69,0.83553046,-0.14553046
0.92,0.63947886,0.28052115
0.79,0.89893407,-0.108934045
0.84,0.7170042,0.122995794
0.63,0.798215,-0.16821498
0.54,0.57752895,-0.037528932
0.64,0.5219692,0.11803079
0.73,0.61623883,0.11376119
0.8,0.6791823,0.12081772
0.88,0.76838243,0.111617565
0.85,0.82472694,0.025273085
0.75,0.798409,-0.048408985
0.94,0.6977208,0.24227917
0.98,0.90385914,0.07614088
0.99,0.90281904,0.08718097
0.98,0.92815447,0.05184555
0.97,0.9091821,0.060817957
0.74,0.91443413,-0.17443413
0.95,0.6766855,0.27331448
0.82,0.9292895,-0.10928953
0.78,0.7574146,0.022585392
0.6,0.73911804,-0.13911802
0.9,0.55517304,0.34482694
0.45,0.8788085,-0.4288085
0.57,0.3937719,0.1762281
0.43,0.58343637,-0.15343636
0.42,0.39536458,0.024635404
0.74,0.40762854,0.33237147
0.6,0.7223803,-0.12238026
0.57,0.5457362,0.0242638
0.39,0.55201006,-0.16201007
0.25,0.36216757,-0.11216757
0.25,0.22734411,0.02265589
0.36,0.23121457,0.12878545
0.51,0.3556918,0.1543082
0.51,0.48388463,0.026115358
0.37,0.51364857,-0.14364856
0.33,0.3250386,0.004961401
0.3,0.33427614,-0.034276128
0.34,0.26363853,0.07636148
0.33,0.3342285,-0.0042284727
0.31,0.3080944,0.0019055903
0.3,0.30457315,-0.0045731366
0.22,0.27355,-0.053550005
0.22,0.21759744,0.002402559
0.17,0.21125439,-0.041254386
0.13,0.17883049,-0.048830494
0.19,0.11094074,0.07905926
0.16,0.17888975,-0.018889755
0.12,0.16981797,-0.049817972
0.11,0.10860807,0.0013919324
0.09,0.12994502,-0.03994502
0.04,0.082681485,-0.042681485
0.02,0.023412967,-0.0034129675
0.04,0.0063544717,0.033645526
0.02,0.03265915,-0.012659151
0.01,0.03255477,-0.022554772
0.01,0.011121564,-0.0011215638
0.01,0.0044870265,0.0055129733
0.03,0.014828589,0.0151714105
0.02,0.01735949,0.00264051
0.07,0.022656057,0.047343943
0.07,0.080274664,-0.010274664
0.08,0.05412048,0.025879517
0.05,0.08694099,-0.03694099
0.08,0.041659072,0.038340926
0.08,0.101430856,-0.021430857
0.09,0.07505403,0.014945976
0.09,0.106908605,-0.0169086
0.09,0.07986417,0.010135837
0.09,0.08954583,0.0004541725
0.06,0.101854116,-0.041854117
0.07,0.05449236,0.015507638
0.06,0.07913718,-0.019137178
0.05,0.05668938,-0.006689381
0.03,0.055234432,-0.025234433
0.05,0.026560845,0.023439156
0.06,0.049138777,0.010861222
0.05,0.056287125,-0.006287124
0.06,0.043673545,0.016326454
0.03,0.05688303,-0.02688303
0.03,0.04231289,-0.012312891
0.01,0.017355474,-0.007355474
0.02,0.01826267,0.0017373301
0.01,0.010314434,-0.00031443406
0.01,0.007773787,0.002226213
0.0,0.017603382,-0.017603382
0.01,0.0,0.01
0.01,0.026972359,-0.01697236
0.01,0.0,0.01
0.01,0.0060352273,0.0039647724
0.01,0.0031398293,0.0068601705
0.02,0.0067937467,0.013206253
0.02,0.015180627,0.0048193727
0.01,0.03316681,-0.023166811
0.02,0.008284627,0.011715372
0.03,0.016999995,0.013000004
0.02,0.02202191,-0.0020219106
0.03,0.026652412,0.0033475868
0.04,0.015287381,0.024712618
0.04,0.047974028,-0.007974029
0.02,0.032003287,-0.012003288
0.01,0.0313047,-0.021304699
0.01,0.0063496362,0.0036503635
0.01,0.0071522417,0.0028477581
0.01,0.0038856696,0.00611433
0.01,0.0073592346,0.0026407652
0.01,0.013375356,-0.003375356
0.01,0.0037953462,0.0062046535
0.01,0.018926078,-0.008926079
0.01,0.0071541686,0.0028458312
0.01,0.010997942,-0.0009979419
0.01,0.0,0.01
0.01,0.008719713,0.0012802863
0.01,0.008670656,0.0013293438
0.01,0.011800296,-0.0018002959
0.01,0.0064532068,0.003546793
0.01,0.016860245,-0.006860245
0.01,0.0,0.01
0.01,0.012571748,-0.0025717486
0.01,0.0024246257,0.007575374
0.01,0.011929534,-0.0019295346
0.01,0.005823532,0.0041764677
0.01,0.011240039,-0.0012400392
0.01,0.0053361077,0.004663892
0.01,0.012045888,-0.0020458885
0.01,0.0047998894,0.0052001104
0.01,0.008708151,0.0012918487
0.01,0.0022743102,0.0077256896
0.01,0.011105527,-0.0011055274
0.01,0.009612137,0.00038786232
0.01,0.014139503,-0.0041395035
0.01,0.005380662,0.0046193376
0.01,0.0067360234,0.0032639764
0.01,0.009358635,0.0006413646
0.01,0.0012843106,0.008715689
0.01,0.011668649,-0.0016686488
0.01,0.006861152,0.0031388476
0.01,0.013542447,-0.0035424475
0.01,0.0037710257,0.006228974
0.01,0.008479586,0.0015204139
0.01,0.005515255,0.0044847447
0.01,0.0056194626,0.004380537
0.01,0.00801241,0.0019875895
0.01,0.0033840928,0.006615907
0.01,0.010094055,-9.40552e-05
0.01,0.010765533,-0.0007655332
0.01,0.008327616,0.0016723834
0.01,0.0065682186,0.0034317812
0.01,0.004485758,0.0055142418
0.01,0.005509194,0.004490806
0.01,0.00708477,0.0029152296
0.01,0.010800495,-0.00080049504
0.01,0.007701516,0.0022984836
0.01,0.007994074,0.0020059254
0.01,0.0075649135,0.0024350863
0.01,0.0015505292,0.008449471
0.01,0.006994603,0.0030053966
0.01,0.0083632795,0.0016367203
0.01,0.0072992602,0.0027007395
0.01,0.0068662446,0.0031337552
0.01,0.0078318175,0.0021681823
0.01,0.0037441533,0.0062558465
0.0,0.0077602416,-0.0077602416
0.01,0.0,0.01
0.01,0.0071397554,0.0028602444
0.02,0.006489777,0.013510223
0.05,0.017133465,0.032866538
0.01,0.044681095,-0.034681097
0.01,0.0028956495,0.0071043503
0.01,0.009558372,0.00044162758
0.01,0.002733972,0.007266028
0.01,0.0081528,0.0018472001
0.01,0.007062085,0.0029379148
0.01,0.011335021,-0.0013350211
0.01,0.005508925,0.004491075
0.02,0.005129922,0.014870077
0.02,0.017728642,0.002271358
0.0,0.01480331,-0.01480331
0.01,0.0,0.01
0.04,0.0065055173,0.03349448
0.1,0.035848282,0.06415172
0.12,0.10346451,0.01653549
0.14,0.1194742,0.020525798
0.1,0.14456415,-0.04456415
0.06,0.09993279,-0.03993279
0.07,0.06381079,0.006189212
0.06,0.071553506,-0.011553507
0.03,0.06114263,-0.031142632
0.01,0.024591228,-0.014591228
0.05,0.009311561,0.04068844
0.07,0.051766872,0.018233128
0.08,0.067820504,0.012179494
0.15,0.08089594,0.06910407
0.2,0.15674838,0.04325162
0.18,0.20769478,-0.027694777
0.18,0.17820917,0.0017908365
0.18,0.1851357,-0.0051357
0.19,0.18315023,0.006849766
0.21,0.19165649,0.018343508
0.2,0.21360241,-0.013602406
0.32,0.20320164,0.116798356
0.33,0.32325676,0.0067432523
0.27,0.32250673,-0.052506715
0.31,0.26750067,0.042499334
0.41,0.3155675,0.0944325
0.41,0.39874354,0.011256456
0.53,0.3891157,0.14088428
0.41,0.51784915,-0.10784915
0.49,0.37955934,0.11044067
0.45,0.4812677,-0.031267703
0.45,0.42368853,0.026311457
0.45,0.4339124,0.016087592
0.38,0.43625325,-0.056253254
0.41,0.3603903,0.04960969
0.31,0.39493844,-0.08493844
0.3,0.29315728,0.0068427324
0.24,0.2887488,-0.048748806
0.25,0.22352228,0.026477724
0.22,0.24502127,-0.02502127
0.22,0.20178537,0.018214628
0.22,0.21810873,0.0018912703
0.23,0.19976802,0.030231982
0.22,0.23735945,-0.01735945
0.22,0.20222072,0.017779276
0.16,0.2230291,-0.06302911
0.12,0.14745967,-0.027459674
0.16,0.1230259,0.036974095
0.15,0.15899473,-0.008994728
0.12,0.15084393,-0.030843936
0.1,0.11679281,-0.016792811
0.12,0.1087474,0.011252597
0.12,0.11765059,0.0023494065
0.16,0.118857265,0.041142732
0.17,0.17203043,-0.0020304322
0.19,0.1661642,0.023835793
0.18,0.19515847,-0.01515846
0.19,0.16148195,0.02851805
0.23,0.2038766,0.026123405
0.22,0.22053339,-0.00053338706
0.19,0.21699767,-0.02699767
0.18,0.18328972,-0.0032897145
0.14,0.18644477,-0.046444774
0.15,0.13832173,0.011678278
0.21,0.15015058,0.05984941
0.25,0.21728204,0.032717958
0.22,0.24057041,-0.020570412
0.23,0.21590556,0.014094442
0.24,0.23057736,0.00942263
0.24,0.23335458,0.0066454113
0.27,0.22822712,0.041772887
0.36,0.27129924,0.08870077
0.32,0.348509,-0.02850902
0.28,0.30583927,-0.02583927
0.23,0.26569018,-0.035690174
0.21,0.22926304,-0.019263044
0.12,0.20589675,-0.08589675
0.15,0.10976324,0.040236764
0.37,0.15517087,0.21482913
0.38,0.3748324,0.0051676035
0.29,0.37721384,-0.087213844
0.33,0.2806257,0.049374312
0.23,0.33252913,-0.10252912
0.18,0.21101509,-0.031015083
0.2,0.16594,0.03406
0.18,0.20562105,-0.025621042
0.19,0.17929964,0.01070036
0.29,0.1797977,0.1102023
0.36,0.2944368,0.0655632
0.35,0.36537594,-0.015375942
0.29,0.3357197,-0.045719713
0.32,0.28479952,0.035200477
0.35,0.30914205,0.04085794
0.36,0.33810073,0.021899283
0.43,0.33642668,0.09357333
0.59,0.41964063,0.17035934
0.63,0.5686542,0.061345816
0.42,0.609499,-0.18949899
0.42,0.39289463,0.027105361
0.49,0.41468853,0.07531148
0.48,0.4672585,0.012741476
0.43,0.4484061,-0.018406093
0.48,0.41660511,0.063394874
0.47,0.46784538,0.0021546185
0.56,0.42765707,0.13234293
0.58,0.5406847,0.039315283
0.5,0.5521245,-0.0521245
0.41,0.4703467,-0.060346693
0.39,0.38155314,0.008446842
0.34,0.36663646,-0.026636451
0.47,0.31607288,0.15392712
0.35,0.45945194,-0.10945195
0.26,0.32607967,-0.066079676
0.29,0.2476946,0.042305395
0.33,0.28021237,0.04978764
0.3,0.3073014,-0.00730139
0.37,0.29062423,0.07937577
0.4,0.3644794,0.035520613
0.38,0.38917264,-0.009172648
0.48,0.3551051,0.12489489
0.63,0.4661893,0.1638107
0.51,0.59779936,-0.08779937
0.46,0.47698045,-0.01698044
0.51,0.4301917,0.079808295
0.43,0.49620685,-0.06620684
0.44,0.39650255,0.043497443
0.41,0.427217,-0.01721701
0.29,0.38428628,-0.09428629
0.31,0.28495184,0.025048167
0.34,0.29749703,0.04250297
0.23,0.31503993,-0.08503993
0.25,0.20280604,0.04719396
0.15,0.25671592,-0.10671592
0.11,0.13167684,-0.021676838
0.12,0.1084338,0.011566199
0.07,0.11616689,-0.04616689
0.12,0.06311163,0.056888364
0.17,0.121391624,0.048608378
0.15,0.17387854,-0.02387853
0.15,0.16157474,-0.01157473
0.23,0.14830802,0.08169198
0.29,0.22477838,0.06522161
0.29,0.29462826,-0.004628271
0.27,0.29124978,-0.021249771
0.25,0.2610351,-0.0110351145
0.23,0.24595733,-0.015957326
0.42,0.21905756,0.20094243
0.41,0.43095446,-0.02095446
0.29,0.39970386,-0.10970387
0.22,0.27744406,-0.057444066
0.2,0.21065852,-0.0106585175
0.26,0.1962851,0.06371489
0.25,0.24934289,0.0006571114
0.2,0.25562766,-0.05562766
0.23,0.19555561,0.03444439
0.2,0.22319263,-0.02319263
0.23,0.18185686,0.04814315
0.35,0.23316477,0.11683522
0.37,0.35523596,0.014764041
0.28,0.3454439,-0.0654439
0.38,0.27367523,0.10632476
0.36,0.37441385,-0.014413834
0.33,0.34023398,-0.0102339685
0.29,0.31747627,-0.02747628
0.37,0.28205,0.08794999
0.31,0.3599642,-0.04996419
0.34,0.2956748,0.044325203
0.3,0.32450196,-0.02450195
0.35,0.29387963,0.056120366
0.26,0.35412896,-0.09412897
0.23,0.24115264,-0.01115264
0.25,0.2243842,0.025615796
0.36,0.23723589,0.122764125
0.3,0.3385274,-0.0385274
0.34,0.28729182,0.05270818
0.31,0.3486972,-0.038697183
0.3,0.28784627,0.012153745
0.29,0.28105664,0.008943349
0.29,0.29098743,-0.0009874403
0.36,0.27882156,0.08117846
0.38,0.3552733,0.024726689
0.3,0.34968793,-0.049687922
0.22,0.28270695,-0.06270695
0.22,0.2116452,0.008354798
0.2,0.23074336,-0.03074336
0.19,0.17189595,0.018104047
0.19,0.19196531,-0.0019653141
0.16,0.18200682,-0.022006825
0.15,0.16361965,-0.013619646
0.13,0.14026116,-0.010261163
0.19,0.14934939,0.040650606
0.22,0.17643751,0.043562487
0.3,0.21248962,0.08751039
0.25,0.297068,-0.047068
0.32,0.24092191,0.07907808
0.31,0.32261533,-0.012615323
0.44,0.29053643,0.14946356
0.66,0.43603456,0.22396547
0.59,0.6651994,-0.075199425
0.53,0.56887394,-0.03887397
0.62,0.50431615,0.11568385
0.31,0.6081964,-0.29819638
0.18,0.26133034,-0.08133033
0.19,0.17587237,0.014127627
0.19,0.20086099,-0.010860994
0.36,0.18311493,0.17688508
0.37,0.34759945,0.022400558
0.33,0.35056877,-0.020568758
0.33,0.336419,-0.006418973
0.36,0.3163209,0.04367912
0.33,0.3426245,-0.012624472
0.32,0.31120375,0.008796245
0.24,0.3145242,-0.07452421
0.14,0.20933302,-0.06933302
0.1,0.1403022,-0.040302195
0.05,0.10830758,-0.058307577
0.02,0.0663615,-0.046361502
0.01,0.01667508,-0.0066750795
0.01,0.01121889,-0.0012188898
0.01,0.009940774,5.9225596e-05
0.01,0.013621431,-0.003621431
0.01,0.017186442,-0.0071864426
0.06,0.0020098835,0.057990115
0.09,0.050071184,0.03992882
0.09,0.08326685,0.0067331567
0.06,0.084114745,-0.024114747
0.05,0.049838156,0.00016184524
0.06,0.054807246,0.005192753
0.02,0.06043257,-0.04043257
0.01,0.03018204,-0.02018204
0.01,0.009287136,0.0007128641
0.01,0.007452638,0.002547362
0.01,0.0043920036,0.005607996
0.01,0.011893088,-0.0018930882
0.01,0.010817205,-0.0008172048
0.01,0.0,0.01
0.01,0.0,0.01
0.01,0.005704066,0.004295934
0.01,0.012258068,-0.002258068
0.01,0.004087245,0.0059127547
0.01,0.01384409,-0.0038440898
0.01,0.0,0.01
0.01,0.005800288,0.0041997116
0.01,0.008922907,0.0010770932
0.01,0.011795357,-0.0017953571
0.01,0.0014715455,0.008528454
0.01,0.01663454,-0.006634541
0.01,0.005945418,0.0040545817
0.0,0.011813155,-0.011813155
0.01,0.0,0.01
0.01,0.0059128106,0.004087189
0.01,0.0077614095,0.0022385903
0.01,0.011394782,-0.0013947822
0.01,0.008454304,0.0015456956
0.01,0.0018649381,0.008135062
0.01,0.0071800034,0.0028199963
0.01,0.011965291,-0.0019652909
0.01,0.005248556,0.004751444
0.01,0.0067833625,0.0032166373
0.01,0.012596635,-0.0025966354
0.01,0.0052233804,0.0047766194
0.01,0.011751575,-0.0017515756
0.02,0.0,0.02
0.06,0.015994852,0.044005148
0.04,0.067461744,-0.027461745
0.07,0.036598176,0.033401825
0.09,0.06931894,0.02068106
0.1,0.09409067,0.005909331
0.09,0.102624595,-0.012624592
0.06,0.08569468,-0.02569468
0.03,0.06970289,-0.039702892
0.0,0.021931663,-0.021931663
0.01,0.00043652393,0.009563476
0.01,0.018217767,-0.008217767
0.01,0.00093017146,0.009069828
0.01,0.011914795,-0.0019147955
0.01,0.009432454,0.0005675461
0.01,0.0062597496,0.0037402501
0.01,0.008110072,0.0018899273
0.01,0.008127678,0.0018723216
0.01,0.00830177,0.0016982295
0.01,0.0028911512,0.0071088485
0.01,0.0046453737,0.005354626
0.0,0.008466377,-0.008466377
0.01,0.0039650686,0.006034931
0.01,0.0078005223,0.0021994775
0.01,0.0075062066,0.0024937931
0.0,0.012351532,-0.012351532
0.01,0.0,0.01
0.01,0.008514263,0.001485737
0.01,0.0060400544,0.0039599454
0.01,0.007249688,0.002750312
0.01,0.008312514,0.0016874857
0.01,0.0043805186,0.005619481
0.01,0.0032895915,0.0067104083
0.01,0.011862718,-0.0018627178
0.01,0.009387581,0.0006124191
0.04,0.007691255,0.032308742
0.04,0.033172242,0.0068277568
0.12,0.034514695,0.0854853
0.08,0.1304177,-0.050417706
0.06,0.07367847,-0.0136784725
0.06,0.06517991,-0.005179908
0.03,0.06253195,-0.032531947
0.01,0.029813522,-0.019813523
0.01,0.00092925504,0.009070745
0.01,0.013570664,-0.0035706647
0.01,0.0050878655,0.0049121343
0.01,0.0035571232,0.0064428765
0.01,0.018666597,-0.008666597
0.02,0.004311135,0.015688865
0.02,0.011569621,0.0084303785
0.02,0.01117168,0.00882832
0.03,0.015802065,0.014197934
0.04,0.025228415,0.014771584
0.05,0.03613834,0.01386166
0.04,0.051638536,-0.011638537
0.08,0.039543778,0.04045622
0.09,0.08452961,0.005470395
0.12,0.09377381,0.026226185
0.11,0.12195705,-0.011957049
0.05,0.1156133,-0.0656133
0.05,0.051337585,-0.0013375841
0.04,0.053948246,-0.013948247
0.04,0.035328045,0.0046719536
0.05,0.037627444,0.012372557
0.05,0.04728055,0.0027194507
0.03,0.04755105,-0.017551051
0.03,0.027182778,0.002817221
0.03,0.028024688,0.001975311
0.03,0.029524732,0.00047526695
0.01,0.028078958,-0.018078959
0.01,0.0026414152,0.0073585846
0.01,0.0044653844,0.0055346154
0.01,0.0048254635,0.0051745363
0.01,0.005845614,0.004154386
0.01,0.01329256,-0.0032925606
0.01,0.006410782,0.0035892176
0.01,0.0016108323,0.0083891675
0.0,0.008974967,-0.008974967
0.01,0.001571551,0.008428449
0.01,0.0057315314,0.0042684684
0.01,0.0045230296,0.00547697
0.01,0.008933412,0.0010665879
0.01,0.0,0.01
0.01,0.008567899,0.0014321003
0.01,0.00322319,0.0067768097
0.01,0.010585537,-0.0005855374
0.01,0.00735728,0.00264272
0.01,0.0053378884,0.0046621114
0.01,0.0070742834,0.0029257163
0.01,0.0072276667,0.002772333
0.01,0.0069647953,0.0030352045
0.01,0.0071183983,0.0028816015
0.01,0.005119631,0.0048803687
0.01,0.007222101,0.0027778987
0.01,0.0040069018,0.005993098
0.01,0.009581041,0.0004189592
0.01,0.0084158,0.0015842002
0.01,0.006587593,0.003412407
0.01,0.006104213,0.0038957866
0.01,0.007095553,0.0029044468
0.01,0.0055095134,0.0044904863
0.01,0.010138502,-0.00013850257
0.01,0.004377201,0.0056227986
0.01,0.008238763,0.0017612372
0.01,0.011053057,-0.0010530576
0.03,0.0064029284,0.023597071
0.04,0.024668986,0.015331013
0.03,0.03588076,-0.00588076
0.09,0.027030097,0.06296991
0.16,0.0959817,0.064018294
0.14,0.16735718,-0.027357176
0.12,0.14691342,-0.026913427
0.18,0.12776922,0.05223079
0.18,0.19196585,-0.011965841
0.18,0.17933477,0.00066523254
0.19,0.18712786,0.0028721392
0.27,0.19866613,0.071333885
0.25,0.2756186,-0.025618613
0.3,0.23872842,0.061271593
0.28,0.3066465,-0.026646495
0.29,0.27643424,0.013565749
0.15,0.28587863,-0.13587862
0.27,0.14342326,0.12657675
0.23,0.28283978,-0.05283977
0.17,0.22295137,-0.052951366
0.25,0.17160521,0.078394786
0.71,0.25420532,0.45579466
0.66,0.7179058,-0.057905793
0.52,0.6588371,-0.1388371
0.41,0.50161,-0.091609985
0.42,0.40017128,0.019828707
0.28,0.40227133,-0.12227133
0.35,0.2637018,0.0862982
0.56,0.34891462,0.21108538
0.53,0.5524525,-0.022452533
0.51,0.49313915,0.016860843
0.63,0.5081442,0.121855795
0.85,0.6163634,0.23363662
0.83,0.8420044,-0.012004435
0.72,0.7695011,-0.04950106
0.83,0.6882644,0.14173555
0.9,0.778167,0.12183297
0.83,0.84291816,-0.012918174
0.85,0.7592933,0.090706706
0.88,0.8242056,0.055794418
0.97,0.823001,0.146999
0.98,0.9267653,0.053234696
0.94,0.92039084,0.019609153
0.93,0.8879903,0.04200971
0.92,0.8789625,0.0410375
0.93,0.868042,0.061958015
0.69,0.8765434,-0.1865434
0.69,0.6285565,0.061443508
0.98,0.6594541,0.3205459
0.99,0.9328464,0.057153583
0.99,0.9405248,0.049475193
0.98,0.93586975,0.044130266
0.98,0.9293475,0.050652504
0.98,0.91471076,0.06528926
0.99,0.9306408,0.059359193
0.98,0.93026876,0.049731255
0.98,0.9169936,0.0630064
0.98,0.9116451,0.068354905
0.98,0.9235512,0.056448817
0.99,0.92761755,0.06238246
0.98,0.93078446,0.049215555
0.99,0.9252312,0.06476879
0.99,0.9349464,0.05505359
0.99,0.92687273,0.06312728
0.99,0.9322307,0.0577693
0.99,0.93368924,0.056310773
0.99,0.92872715,0.06127286
0.99,0.9262005,0.0637995
0.99,0.9301137,0.059886336
0.99,0.9345,0.05550003
0.98,0.92949975,0.050500274
0.97,0.91838735,0.051612675
0.98,0.9153279,0.06467211
0.77,0.9259765,-0.15597653
0.91,0.7134622,0.19653785
0.99,0.8769634,0.11303663
0.99,0.92602575,0.06397426
0.98,0.9230351,0.056964934
0.99,0.92157435,0.068425655
0.99,0.92980814,0.06019187
0.99,0.9294745,0.060525537
0.99,0.93364954,0.05635047
0.99,0.93164515,0.058354855
0.99,0.9268283,0.063171685
0.99,0.9252876,0.064712405
0.99,0.9336325,0.056367517
0.99,0.9343363,0.055663705
0.99,0.9273527,0.06264728
0.99,0.9343149,0.055685103
0.99,0.9291321,0.060867906
0.99,0.93327487,0.056725144
0.99,0.92919856,0.060801446
0.99,0.9324337,0.057566285
0.99,0.9286484,0.061351597
0.99,0.9325064,0.057493627
0.99,0.9285821,0.061417937
0.99,0.93265253,0.057347476
0.99,0.9292903,0.060709715
0.98,0.93090796,0.049092054
0.98,0.921221,0.058779
0.99,0.92291456,0.067085445
0.97,0.9330494,0.036950648
0.97,0.90996194,0.06003809
0.98,0.9140479,0.06595212
0.97,0.9214288,0.04857123
0.97,0.91045034,0.05954969
0.96,0.9122828,0.047717154
0.99,0.90331745,0.08668256
0.99,0.93297994,0.05702007
0.99,0.92989814,0.060101867
0.99,0.929189,0.060810983
0.99,0.93060493,0.059395075
0.99,0.93142766,0.058572352
0.99,0.9302167,0.05978328
0.99,0.93021685,0.05978316
0.99,0.931367,0.05863303
0.99,0.93055904,0.05944097
0.97,0.9305388,0.039461255
0.61,0.91227084,-0.30227083
0.46,0.5522957,-0.09229568
0.27,0.44030607,-0.17030606
0.12,0.25226322,-0.13226321
0.1,0.11761847,-0.01761847
0.13,0.11116072,0.018839277
0.07,0.1358113,-0.0658113
0.06,0.064287,-0.0042870007
0.02,0.07311441,-0.05311441
0.04,0.015116103,0.024883896
0.07,0.047478206,0.022521794
0.06,0.049292043,0.010707956
0.06,0.05918841,0.000811588
0.18,0.052795075,0.12720492
0.08,0.17573397,-0.09573397
0.12,0.058892153,0.061107844
0.26,0.13531479,0.1246852
0.33,0.26958477,0.06041524
0.29,0.3380097,-0.048009694
0.31,0.29202592,0.017974079
0.24,0.3156507,-0.07565071
0.14,0.23706894,-0.097068936
0.11,0.13426138,-0.024261385
0.11,0.11862001,-0.008620009
0.09,0.096327536,-0.006327532
0.14,0.06872239,0.07127761
0.12,0.13562256,-0.015622564
0.15,0.12465499,0.025345013
0.14,0.15976092,-0.019760922
0.31,0.14549398,0.16450602
0.3,0.32032233,-0.020322323
0.27,0.3028264,-0.032826394
0.29,0.25355062,0.036449373
0.31,0.27927876,0.030721247
0.38,0.29551125,0.08448875
0.34,0.37578624,-0.03578624
0.29,0.33176345,-0.041763455
0.35,0.2927795,0.05722049
0.48,0.34633607,0.13366392
0.7,0.48520613,0.21479386
0.54,0.69544995,-0.15544993
0.49,0.5125648,-0.022564769
0.69,0.47283536,0.21716464
0.61,0.66509056,-0.055090547
0.58,0.5526189,0.027381063
0.44,0.5596249,-0.11962491
0.35,0.41386062,-0.063860625
0.45,0.33718896,0.11281103
0.33,0.4316752,-0.10167518
0.46,0.3077526,0.1522474
0.29,0.45938486,-0.16938487
0.47,0.2717614,0.19823861
0.26,0.47063273,-0.21063274
0.5,0.2527639,0.2472361
0.55,0.50597394,0.044026077
0.38,0.50821,-0.12821001
0.4,0.360098,0.039902
0.52,0.39403886,0.12596112
0.45,0.5076121,-0.05761212
0.27,0.42057356,-0.15057355
0.2,0.26309347,-0.06309347
0.14,0.19643457,-0.05643457
0.15,0.13571578,0.014284223
0.13,0.15893555,-0.028935552
0.18,0.11576709,0.064232916
0.11,0.18846765,-0.07846765
0.41,0.0941018,0.31589818
0.39,0.4472241,-0.057224125
0.21,0.3854522,-0.17545222
0.23,0.20368527,0.026314735
0.27,0.20211619,0.06788382
0.28,0.2879376,-0.00793761
0.25,0.26320356,-0.013203561
0.15,0.2613712,-0.11137119
0.1,0.11949587,-0.019495867
0.02,0.12953024,-0.10953024
0.01,0.034266144,-0.024266144
0.01,0.022290437,-0.012290437
0.01,0.018823024,-0.008823024
0.01,0.005794985,0.0042050146
0.05,0.016126696,0.033873305
0.04,0.051746033,-0.011746034
0.01,0.024876375,-0.014876375
0.04,0.009411076,0.030588923
0.01,0.035919853,-0.025919853
0.01,0.0,0.01
0.01,0.024203615,-0.0142036155
0.01,0.018593038,-0.008593038
0.01,0.02374327,-0.01374327
0.01,0.0,0.01
0.01,0.03744172,-0.02744172
0.01,0.020369243,-0.010369243
0.01,0.0,0.01
0.01,0.016727123,-0.0067271236
0.06,0.0,0.06
0.07,0.074645214,-0.0046452135
0.07,0.049378373,0.020621628
0.0,0.07248878,-0.07248878
0.01,0.0,0.01
0.01,0.028321343,-0.018321343
0.0,0.0,0.0
0.01,0.0078521,0.0021479
0.01,0.0,0.01
0.02,0.024518833,-0.004518833
0.0,0.021529926,-0.021529926
0.01,0.010115552,-0.000115551986
0.01,0.0148352375,-0.0048352377
0.01,0.0060365023,0.0039634975
0.0,0.01659583,-0.01659583
0.01,0.0,0.01
0.01,0.021050833,-0.011050833
0.01,0.0,0.01
0.01,0.021520248,-0.011520248
0.01,0.006909102,0.0030908976
0.01,0.0059275767,0.004072423
0.01,0.012797816,-0.002797816
0.04,0.0069050184,0.03309498
0.19,0.042919174,0.14708082
0.25,0.21191354,0.03808646
0.39,0.25934523,0.13065475
0.44,0.39716333,0.042836666
0.23,0.4561441,-0.22614409
0.14,0.21689765,-0.07689765
0.35,0.14316392,0.20683607
0.39,0.36089513,0.029104859
0.42,0.4006413,0.019358695
0.35,0.40143612,-0.051436126
0.34,0.3473097,-0.007309705
0.43,0.32955694,0.100443065
0.35,0.42713144,-0.07713145
0.27,0.32967937,-0.05967936
0.19,0.2727387,-0.0827387
0.23,0.1706285,0.0593715
0.36,0.22259675,0.13740326
0.48,0.34175074,0.13824925
0.48,0.46060213,0.019397855
0.7,0.47056735,0.22943264
0.72,0.69968224,0.020317793
0.7,0.6995231,0.00047689676
0.55,0.6697687,-0.11976868
0.49,0.51731044,-0.027310431
0.49,0.47345075,0.01654926
0.5,0.45921552,0.04078448
0.34,0.46631265,-0.12631264
0.27,0.3149666,-0.04496658
0.31,0.26327196,0.046728045
0.35,0.30485624,0.045143753
0.56,0.33274624,0.22725376
0.52,0.56811976,-0.048119783
0.8,0.48270053,0.3172995
0.81,0.8025002,0.007499814
0.89,0.7440491,0.14595091
0.73,0.86199903,-0.13199902
0.79,0.6702577,0.119742334
0.82,0.7575961,0.062403917
0.6,0.7558197,-0.15581965
0.84,0.5647561,0.27524388
0.95,0.82996213,0.12003785
0.93,0.89331806,0.03668195
0.83,0.88730836,-0.057308376
0.74,0.7954983,-0.055498302
0.62,0.7049575,-0.08495748
0.56,0.56465894,-0.0046589375
0.81,0.5229764,0.2870236
0.54,0.76173675,-0.22173673
0.59,0.4897766,0.10022336
0.88,0.56760204,0.31239796
0.81,0.85755694,-0.047556937
0.92,0.7506478,0.16935223
0.96,0.8912408,0.0687592
0.98,0.8977759,0.08222413
0.98,0.9354961,0.044503927
0.97,0.9129016,0.05709845
0.98,0.9140209,0.06597912
0.98,0.9223467,0.057653308
0.98,0.9151317,0.06486833
0.97,0.9196987,0.050301313
0.98,0.91976666,0.060233355
0.98,0.9268532,0.05314684
0.98,0.9210413,0.05895871
0.98,0.9237666,0.056233406
0.98,0.9201783,0.059821725
0.98,0.9255424,0.054457605
0.98,0.9139555,0.06604451
0.98,0.9198333,0.060166717
0.99,0.91836,0.071640015
0.98,0.9282133,0.05178672
0.98,0.92480004,0.05519998
0.98,0.9218898,0.058110237
0.99,0.9218412,0.068158805
0.99,0.93881446,0.05118555
0.99,0.92815125,0.06184876
0.99,0.93062174,0.059378266
0.99,0.92851293,0.06148708
0.99,0.9336357,0.056364298
0.99,0.9303448,0.05965519
0.97,0.92996705,0.040032983
0.96,0.9117451,0.048254907
0.97,0.9023358,0.067664206
0.82,0.9149996,-0.09499961
0.82,0.763584,0.056415975
0.85,0.7802207,0.06977934
0.78,0.7985201,-0.018520117
0.75,0.72984207,0.020157933
0.75,0.7080159,0.04198408
0.6,0.7054266,-0.10542655
0.39,0.55474544,-0.16474545
0.33,0.3603226,-0.030322582
0.29,0.31156057,-0.02156058
0.44,0.2696541,0.1703459
0.53,0.41942713,0.110572845
0.39,0.5046618,-0.11466181
0.43,0.36203283,0.06796718
0.39,0.4180441,-0.028044105
0.34,0.3553461,-0.01534611
0.52,0.31083372,0.20916626
0.42,0.50774217,-0.08774218
0.57,0.3786445,0.1913555
0.65,0.5587333,0.09126669
0.47,0.612023,-0.142023
0.33,0.42853832,-0.09853831
0.36,0.31448826,0.045511752
0.31,0.3496739,-0.039673895
0.26,0.27232543,-0.012325436
0.21,0.25275192,-0.042751923
0.32,0.19968916,0.12031083
0.39,0.32829887,0.06170112
0.38,0.38101467,-0.0010146797
0.38,0.35457098,0.02542901
0.48,0.36976135,0.11023864
0.64,0.4464662,0.19353378
0.92,0.6277415,0.2922585
0.97,0.9108783,0.059121728
0.87,0.9343561,-0.06435609
0.8,0.8139807,-0.013980687
0.86,0.7541419,0.10585809
0.95,0.81798005,0.13201994
0.9,0.9065906,-0.006590605
0.79,0.8369236,-0.046923578
0.79,0.748995,0.041005015
0.91,0.7420873,0.16791272
0.97,0.8771228,0.09287721
0.97,0.9185064,0.051493645
0.88,0.90624785,-0.026247859
0.9,0.8143575,0.08564246
0.89,0.846313,0.043686986
0.8,0.8345705,-0.034570515
0.66,0.7500912,-0.09009117
0.56,0.6159929,-0.0559929
0.36,0.52666724,-0.16666722
0.27,0.3354842,-0.065484196
0.21,0.26433384,-0.05433385
0.27,0.19922869,0.07077132
0.28,0.26328334,0.01671666
0.28,0.2646521,0.015347898
0.27,0.2800572,-0.010057181
0.22,0.25829604,-0.038296044
0.18,0.19920607,-0.019206062
0.18,0.1692632,0.010736808
0.22,0.17325214,0.046747863
0.14,0.20624991,-0.06624991
0.08,0.12255086,-0.04255086
0.07,0.07274128,-0.0027412772
0.08,0.07353184,0.0064681545
0.1,0.08503696,0.014963038
0.14,0.09607779,0.04392221
0.19,0.1466923,0.04330769
0.19,0.19002174,-2.1740794e-05
0.2,0.1854884,0.0145116
0.19,0.20376982,-0.01376982
0.22,0.18587057,0.034129426
0.23,0.208389,0.021611005
0.24,0.21760051,0.022399485
0.24,0.23493125,0.005068749
0.35,0.24064298,0.109357014
0.61,0.34136367,0.26863635
0.66,0.6207801,0.039219916
0.73,0.6560874,0.07391262
0.65,0.7166872,-0.06668723
0.71,0.61537784,0.094622135
0.59,0.67069626,-0.080696285
0.58,0.5467522,0.03324777
0.59,0.55608946,0.033910513
0.6,0.5647955,0.03520453
0.64,0.5663665,0.07363349
0.54,0.6139837,-0.07398367
0.45,0.51164466,-0.061644673
0.44,0.42430633,0.015693665
0.44,0.421425,0.018574983
0.48,0.40735102,0.07264897
0.45,0.44671214,0.0032878518
0.36,0.4201544,-0.06015438
0.31,0.33258438,-0.022584379
0.26,0.2990746,-0.0390746
0.2,0.23815335,-0.03815335
0.17,0.18883403,-0.018834025
0.18,0.16271824,0.01728177
0.13,0.18063293,-0.05063294
0.11,0.11986512,-0.00986512
0.13,0.12538096,0.004619032
0.14,0.12931474,0.010685265
0.15,0.14309336,0.0069066435
0.09,0.13884777,-0.048847765
0.04,0.08733991,-0.04733991
0.01,0.027068458,-0.017068459
0.0,0.0,0.0
0.01,0.0,0.01
0.01,0.009204008,0.0007959921
0.01,0.008243677,0.0017563226
0.01,0.0,0.01
0.04,0.0,0.04
0.06,0.03077558,0.029224418
0.06,0.060447082,-0.00044708326
0.06,0.058765404,0.0012345947
0.05,0.051864542,-0.0018645413
0.03,0.03763328,-0.007633282
0.02,0.029653996,-0.009653997
0.01,0.018225797,-0.008225797
0.01,0.0082030045,0.0017969953
0.01,0.0022352897,0.00776471
0.01,0.0,0.01
0.01,0.016112752,-0.0061127525
0.01,0.0052056722,0.0047943275
0.01,0.009124169,0.00087583065
0.01,0.0,0.01
0.01,0.0040911157,0.005908884
0.01,0.00082732923,0.009172671
0.01,0.006110803,0.0038891966
0.01,0.008242406,0.0017575938
0.01,0.010117354,-0.000117354095
0.0,0.011938352,-0.011938352
0.01,0.0015280675,0.008471932
0.03,0.005963376,0.024036624
0.01,0.028673409,-0.018673409
0.01,0.009367134,0.00063286535
0.01,0.012294209,-0.0022942089
0.01,0.0062809754,0.0037190244
0.01,0.00782354,0.0021764599
0.01,0.006972163,0.0030278368
0.01,0.007724995,0.002275005
0.01,0.0028560366,0.007143963
0.01,0.0055366494,0.0044633504
0.01,0.011718146,-0.0017181458
0.01,0.014400775,-0.004400775
0.01,0.007720681,0.0022793189
0.01,0.0071227495,0.0028772503
0.01,0.002197614,0.007802386
0.01,0.0062037017,0.003796298
0.01,0.011642378,-0.001642378
0.01,0.0105067035,-0.00050670374
0.01,0.0076232757,0.002376724
0.01,0.008981873,0.0010181265
0.01,0.008823986,0.0011760136
0.01,0.0061053,0.0038946997
0.01,0.0058300896,0.00416991
0.01,0.008855665,0.0011443347
0.01,0.004880151,0.005119849
0.01,0.012944734,-0.002944734
0.01,0.0057656523,0.0042343475
0.01,0.010320021,-0.00032002106
0.01,0.0065503214,0.0034496784
0.01,0.0045784507,0.005421549
0.01,0.005804942,0.004195058
0.04,0.0070689395,0.03293106
0.03,0.040220894,-0.010220895
0.01,0.02339286,-0.01339286
0.05,0.008498254,0.041501746
0.01,0.04571094,-0.03571094
0.01,0.003264524,0.0067354757
0.09,0.01319979,0.07680021
0.05,0.08936689,-0.03936689
0.01,0.047548056,-0.037548058
0.15,0.01140398,0.13859603
0.49,0.15806653,0.3319335
0.02,0.51004833,-0.49004832
0.01,0.032987207,-0.022987207
0.01,0.06477482,-0.05477482
0.01,0.0,0.01
0.01,0.057816453,-0.047816455
0.01,0.042217087,-0.032217085
0.01,0.0,0.01
0.01,0.0023215506,0.007678449
0.01,0.014674308,-0.004674308
0.01,0.06599792,-0.055997923
0.01,0.012706015,-0.0027060155
0.01,0.0,0.01
0.01,0.031140862,-0.021140862
0.65,0.015619529,0.63438046
0.98,0.5889548,0.3910452
0.98,0.91703343,0.062966585
0.98,0.9675243,0.012475729
0.98,0.96115565,0.018844366
0.98,0.91764456,0.06235546
0.98,0.93936455,0.040635467
0.98,0.93268365,0.047316372
0.98,0.94011915,0.03988087
0.98,0.91053987,0.06946015
0.95,0.94074655,0.009253442
0.01,0.89508116,-0.8850812
0.01,0.041642614,-0.031642616
0.81,0.08887234,0.7211276
0.98,0.79530156,0.18469846
0.98,0.97222626,0.007773757
0.98,0.9428064,0.037193596
0.98,0.8749404,0.10505962
0.98,0.9412375,0.03876251
0.98,0.9218105,0.05818951
0.98,0.9397032,0.040296793
0.98,0.9144489,0.0655511
0.98,0.9017098,0.078290224
0.98,0.9145591,0.06544089
0.98,0.94593143,0.034068584
0.98,0.9241028,0.055897236
0.99,0.93581116,0.054188848
0.99,0.93313247,0.05686754
0.99,0.92315465,0.06684536
0.99,0.93713164,0.052868366
0.99,0.9245478,0.06545222
0.99,0.9271989,0.06280112
0.99,0.926472,0.063528
0.99,0.9301871,0.059812903
0.96,0.93671757,0.023282409
0.99,0.8959464,0.094053626
0.99,0.9255796,0.0644204
0.99,0.93739843,0.052601576
0.99,0.9364305,0.053569496
0.99,0.9365967,0.053403318
0.99,0.92907095,0.06092906
0.99,0.9335375,0.056462526
0.99,0.93028164,0.05971837
0.99,0.9262501,0.06374991
0.99,0.92829835,0.061701655
0.99,0.92824376,0.061756253
0.99,0.93550324,0.054496765
0.99,0.9358531,0.054146886
0.99,0.92475295,0.06524706
0.99,0.9258981,0.064101934
0.99,0.9378897,0.052110314
0.99,0.93010473,0.059895277
0.99,0.92660475,0.06339526
0.99,0.933216,0.056784034
0.99,0.9319135,0.058086514
0.99,0.9290543,0.06094569
0.99,0.932827,0.057173014
0.94,0.93106055,0.008939445
0.92,0.8800592,0.039940834
0.95,0.86902475,0.080975235
0.97,0.89610654,0.07389349
0.98,0.9111469,0.06885314
0.97,0.92378366,0.04621637
0.99,0.90837294,0.08162707
0.99,0.9311031,0.0588969
0.99,0.92908245,0.060917556
0.99,0.9312485,0.058751523
0.99,0.9308201,0.059179902
0.99,0.9296942,0.060305834
0.99,0.92971027,0.06028974
0.99,0.9302123,0.05978769
0.99,0.93205726,0.057942748
0.99,0.93108165,0.058918357
0.99,0.930232,0.05976802
0.99,0.93263406,0.057365954
0.99,0.9311422,0.0588578
0.99,0.9300941,0.059905887
0.99,0.9310683,0.05893171
0.98,0.9305637,0.04943633
0.99,0.920908,0.069092035
0.99,0.9322033,0.057796717
0.95,0.93008316,0.019916832
0.93,0.8903802,0.039619803
0.99,0.8777585,0.11224151
0.99,0.93532336,0.054676652
0.99,0.9269078,0.06309223
0.94,0.9307631,0.009236872
0.8,0.8818925,-0.08189249
0.72,0.7475929,-0.027592897
0.38,0.68019724,-0.30019724
0.3,0.33970606,-0.03970605
0.47,0.29033488,0.17966512
0.63,0.4518887,0.17811128
0.4,0.60861886,-0.20861885
0.03,0.3617544,-0.3317544
0.04,0.04206701,-0.0020670108
0.14,0.06956409,0.07043591
0.42,0.13458367,0.2854163
0.4,0.44068757,-0.04068756
0.28,0.3962532,-0.1162532
0.27,0.2873118,-0.017311782
0.38,0.25675392,0.12324607
0.5,0.3638488,0.1361512
0.68,0.48601466,0.19398534
0.83,0.65738696,0.17261302
0.89,0.8218845,0.06811547
0.9,0.8658297,0.03417027
0.64,0.8505225,-0.21052253
0.44,0.59725106,-0.15725106
0.35,0.41451505,-0.064515054
0.35,0.3295482,0.020451784
0.22,0.32100523,-0.10100523
0.12,0.19475378,-0.07475378
0.11,0.12156645,-0.011566453
0.05,0.12494928,-0.07494928
0.08,0.07455042,0.005449578
0.27,0.086075075,0.18392494
0.06,0.27583048,-0.21583048
0.01,0.030294294,-0.020294294
0.01,0.02752654,-0.01752654
0.01,0.013432688,-0.0034326883
0.01,0.04412163,-0.034121633
0.04,0.016664535,0.023335464
0.12,0.029870091,0.090129904
0.19,0.14299837,0.04700163
0.21,0.18874256,0.02125743
0.37,0.23687723,0.13312277
0.71,0.3677757,0.34222427
0.64,0.712896,-0.072896
0.61,0.6272642,-0.017264187
0.46,0.60275674,-0.14275673
0.38,0.4167292,-0.036729217
0.28,0.35812968,-0.07812968
0.26,0.2530295,0.006970495
0.23,0.2779271,-0.047927096
0.17,0.21221949,-0.04221949
0.11,0.16538079,-0.05538079
0.17,0.10920036,0.060799643
0.13,0.20016836,-0.07016836
0.1,0.1220438,-0.022043802
0.11,0.095585786,0.014414214
0.11,0.09238383,0.017616168
0.11,0.09898421,0.011015788
0.11,0.11199636,-0.0019963607
0.07,0.116301626,-0.046301626
0.01,0.06880741,-0.05880741
0.01,0.004572829,0.0054271705
0.0,0.016765244,-0.016765244
0.01,0.0,0.01
0.0,0.015824001,-0.015824001
0.01,0.0,0.01
0.01,0.02020902,-0.01020902
0.0,0.0,0.0
0.01,0.0002681464,0.009731853
0.01,0.00017096289,0.009829037
0.02,0.0018026549,0.018197345
0.02,0.023125155,-0.0031251553
0.0,0.019317636,-0.019317636
0.0,0.0007069297,-0.0007069297
0.01,0.0029907953,0.0070092045
0.0,0.020937191,-0.020937191
0.01,0.0,0.01
0.01,0.00923139,0.00076860934
0.01,0.0,0.01
0.01,0.021657845,-0.011657845
0.01,0.0029121228,0.007087877
0.01,0.015463119,-0.0054631196
0.01,0.003922036,0.006077964
0.01,0.0101823155,-0.0001823157
0.01,0.0022873376,0.007712662
0.01,0.013855802,-0.0038558021
0.01,0.010976482,-0.0009764824
0.01,0.004791172,0.0052088276
0.02,0.011570068,0.0084299315
0.01,0.013661813,-0.0036618132
0.0,0.0181368,-0.0181368
0.01,0.0,0.01
0.01,0.015485115,-0.0054851156
0.01,0.0,0.01
0.01,0.016177721,-0.0061777215
0.01,0.011899265,-0.0018992657
0.01,0.0113293305,-0.0013293307
0.01,0.003017759,0.006982241
0.01,0.017115522,-0.0071155224
0.01,0.0023006257,0.007699374
0.01,0.007538899,0.002461101
0.01,0.009990985,9.0152025e-06
0.01,0.008419655,0.0015803445
0.01,0.010739876,-0.0007398762
0.01,0.010047594,-4.759431e-05
0.01,0.0023479015,0.0076520983
0.01,0.009550499,0.00044950098
0.01,0.010686053,-0.0006860532
0.01,0.0031858366,0.006814163
0.01,0.01344035,-0.0034403503
0.01,0.0118697565,-0.0018697567
0.01,0.01812146,-0.008121461
0.01,0.0042344425,0.0057655573
0.02,0.0073309187,0.012669081
0.07,0.013336792,0.056663208
0.08,0.06798227,0.012017727
0.1,0.08840419,0.011595808
0.09,0.10551809,-0.015518084
0.09,0.09550897,-0.0055089667
0.15,0.09231773,0.057682276
0.18,0.16237813,0.017621875
0.19,0.18267798,0.0073220134
0.22,0.20399232,0.016007677
0.23,0.22162916,0.0083708465
0.3,0.2342966,0.06570341
0.1,0.30086067,-0.20086068
0.2,0.10231949,0.09768052
0.24,0.21245192,0.027548075
0.27,0.23891704,0.031082973
0.24,0.27392223,-0.03392224
0.15,0.24563845,-0.09563844
0.26,0.1580814,0.10191859
0.55,0.26587483,0.28412518
0.49,0.5456023,-0.055602312
0.69,0.49888927,0.19111073
0.4,0.6681962,-0.2681962
0.63,0.3612789,0.2687211
0.77,0.6288824,0.14111757
0.6,0.7505337,-0.15053368
0.16,0.5491584,-0.3891584
0.14,0.14282723,-0.002827227
0.2,0.17278865,0.027211353
0.27,0.18812652,0.08187349
0.3,0.26941055,0.030589461
0.22,0.30822882,-0.08822882
0.19,0.24776582,-0.057765827
0.23,0.19592352,0.034076482
0.23,0.20455277,0.025447235
0.11,0.23866285,-0.12866285
0.18,0.092701726,0.08729828
0.17,0.18355389,-0.013553888
0.17,0.15744424,0.012555763
0.11,0.18493943,-0.07493943
0.29,0.10873623,0.18126376
0.27,0.3256036,-0.055603594
0.33,0.26455617,0.06544384
0.47,0.35957992,0.11042008
0.37,0.45540214,-0.08540213
0.29,0.36030805,-0.07030806
0.34,0.25941616,0.08058384
0.43,0.35326588,0.076734126
0.4,0.42492673,-0.024926722
0.25,0.36180162,-0.111801624
0.2,0.22547883,-0.025478825
0.12,0.19667347,-0.07667347
0.38,0.13341427,0.24658573
0.34,0.38350093,-0.04350093
0.19,0.3494289,-0.1594289
0.15,0.16916654,-0.01916653
0.14,0.14999637,-0.0099963695
0.47,0.14498451,0.3250155
0.74,0.492692,0.24730802
0.39,0.7243978,-0.3343978
0.47,0.35991496,0.11008504
0.6,0.48814237,0.11185765
0.51,0.5879382,-0.0779382
0.39,0.45754182,-0.06754184
0.24,0.40173528,-0.16173528
0.26,0.24332918,0.016670808
0.22,0.25370198,-0.033701986
0.21,0.21924436,-0.0092443675
0.3,0.20052521,0.0994748
0.32,0.30970037,0.010299623
0.24,0.305012,-0.06501199
0.15,0.22564778,-0.07564777
0.2,0.15436746,0.04563254
0.17,0.18212822,-0.012128219
0.13,0.16019316,-0.030193165
0.17,0.119675085,0.050324917
0.16,0.18608473,-0.026084736
0.12,0.15880491,-0.03880491
0.21,0.09932582,0.11067417
0.25,0.22392717,0.02607283
0.21,0.27584136,-0.06584136
0.21,0.20820287,0.0017971247
0.31,0.2173992,0.09260081
0.19,0.30131888,-0.11131889
0.16,0.17766084,-0.017660841
0.33,0.16565083,0.16434918
0.24,0.3332591,-0.09325911
0.15,0.2390553,-0.0890553
0.18,0.12943158,0.05056843
0.21,0.20455764,0.005442351
0.24,0.22018604,0.019813955
0.34,0.2366113,0.1033887
0.35,0.3343755,0.015624493
0.36,0.3288718,0.031128228
0.49,0.3543197,0.13568032
0.57,0.48825902,0.081740975
0.48,0.54849726,-0.06849727
0.52,0.44644725,0.07355273
0.63,0.51696706,0.11303294
0.67,0.61396986,0.056030154
0.83,0.62192905,0.20807093
0.95,0.81298536,0.13701463
0.78,0.90336764,-0.12336767
0.89,0.71695787,0.17304212
0.96,0.8605728,0.09942716
0.9,0.9036791,-0.0036790967
0.62,0.84738004,-0.22738004
0.79,0.5688653,0.22113472
0.77,0.75960314,0.010396838
0.87,0.7251582,0.14484179
0.83,0.8236474,0.0063526034
0.77,0.7845471,-0.01454711
0.68,0.7290604,-0.049060404
0.8,0.6355906,0.1644094
0.68,0.76904523,-0.08904523
0.67,0.6256057,0.044394314
0.9,0.64359707,0.2564029
0.96,0.8542712,0.105728805
0.85,0.9003128,-0.050312757
0.89,0.805288,0.08471197
0.74,0.8420274,-0.102027416
0.49,0.6807815,-0.19078147
0.5,0.45798883,0.04201117
0.59,0.48411718,0.10588279
0.63,0.5402899,0.08971012
0.74,0.5941648,0.14583522
0.76,0.6957481,0.0642519
0.68,0.7279638,-0.047963798
0.81,0.6327848,0.17721522
0.86,0.776791,0.08320904
0.72,0.79134583,-0.071345806
0.56,0.6706478,-0.1106478
0.38,0.51612943,-0.13612944
0.18,0.35036033,-0.17036033
0.2,0.1743022,0.025697798
0.44,0.20416293,0.23583707
0.67,0.4196571,0.2503429
0.68,0.67844975,0.0015502572
0.52,0.66823745,-0.14823747
0.62,0.48008764,0.13991237
0.79,0.6034069,0.18659312
0.69,0.7454994,-0.055499375
0.81,0.6355388,0.17446119
0.98,0.7679527,0.21204734
0.93,0.91034305,0.019656956
0.91,0.86096543,0.049034595
0.91,0.86582,0.044180036
0.75,0.8752663,-0.12526631
0.46,0.70280707,-0.24280706
0.42,0.42097363,-0.0009736419
0.25,0.41078177,-0.16078177
0.23,0.2254398,0.0045602024
0.09,0.21653356,-0.12653355
0.06,0.097468,-0.037468005
0.05,0.07302991,-0.023029912
0.08,0.037935838,0.04206416
0.06,0.08297153,-0.02297153
0.17,0.065449186,0.104550816
0.58,0.1877361,0.3922639
0.47,0.5757697,-0.10576972
0.38,0.4892358,-0.10923579
0.72,0.37227908,0.34772095
0.76,0.65833503,0.10166496
0.85,0.72555304,0.12444699
0.88,0.8232834,0.05671662
0.91,0.85957646,0.050423563
0.93,0.8671347,0.06286532
0.82,0.88451207,-0.064512074
0.95,0.7773672,0.17263281
0.99,0.9341947,0.055805326
0.96,0.9151876,0.04481238
0.93,0.8874693,0.042530715
0.95,0.8715917,0.0784083
0.65,0.8962203,-0.24622035
0.78,0.5857098,0.19429016
0.51,0.75468737,-0.24468738
0.41,0.45855987,-0.048559874
0.61,0.40053588,0.20946413
0.81,0.59251726,0.21748275
0.73,0.7743517,-0.044351697
0.59,0.7082567,-0.11825675
0.48,0.5547893,-0.074789315
0.54,0.44781083,0.09218919
0.43,0.52121294,-0.09121293
0.44,0.39310047,0.046899527
0.39,0.41478774,-0.024787754
0.32,0.3733935,-0.053393513
0.46,0.30296004,0.15703997
0.9,0.45068142,0.44931856
0.99,0.88634014,0.10365987
0.99,0.9578943,0.032105684
0.99,0.9492229,0.040777087
0.97,0.9377465,0.032253504
0.89,0.88947594,0.00052404404
0.78,0.83853626,-0.05853629
0.75,0.732952,0.017048001
0.28,0.71488065,-0.43488064
0.6,0.22832964,0.37167037
0.51,0.62028545,-0.11028546
0.98,0.48230037,0.49769965
0.92,0.99686193,-0.07686192
0.67,0.8755276,-0.2055276
0.4,0.63565814,-0.23565814
0.23,0.34611344,-0.11611344
0.23,0.21994482,0.010055184
0.12,0.20237437,-0.08237437
0.08,0.13080257,-0.050802574
0.09,0.04178781,0.048212193
0.03,0.12556382,-0.095563814
0.01,0.04837852,-0.03837852
0.01,0.045224622,-0.035224624
0.01,0.018845705,-0.008845706
0.02,0.0,0.02
0.04,0.059426695,-0.019426696
0.01,0.044732474,-0.034732476
0.0,0.031762112,-0.031762112
0.01,0.010268843,-0.00026884302
0.01,0.034471434,-0.024471434
0.01,0.0,0.01
0.01,0.0033430029,0.006656997
0.01,0.006700849,0.0032991506
0.01,0.017347854,-0.007347854
0.01,0.024842717,-0.014842717
0.01,0.012909163,-0.002909163
0.01,0.018254137,-0.008254137
0.01,0.0,0.01
0.01,0.0032168124,0.0067831874
0.01,0.00089901127,0.0091009885
0.0,0.022982322,-0.022982322
0.01,0.0059737656,0.004026234
0.01,0.032030176,-0.022030177
0.01,0.017135706,-0.007135706
0.01,0.021121537,-0.011121538
0.01,0.0,0.01
0.01,0.010304632,-0.0003046319
0.01,0.0015431549,0.008456845
0.01,0.02226007,-0.01226007
0.01,0.022096114,-0.012096114
0.01,0.014780484,-0.0047804844
0.01,0.0068394896,0.0031605102
0.01,0.013142366,-0.0031423662
0.01,0.03588084,-0.025880842
0.01,0.0,0.01
0.01,0.016160278,-0.006160278
0.01,0.0,0.01
0.01,0.020686239,-0.010686239
0.01,0.016241163,-0.0062411632
0.01,0.026277924,-0.016277924
0.01,0.013360744,-0.0033607446
0.01,0.005196037,0.004803963
0.01,0.011527163,-0.0015271632
0.01,0.01891509,-0.008915091
0.01,0.015919255,-0.0059192553
0.01,0.02216836,-0.012168361
0.01,0.0071174037,0.002882596
0.01,0.0,0.01
0.01,0.009251727,0.000748273
0.01,0.00013579987,0.0098642
0.01,0.0260712,-0.0160712
0.01,0.018780427,-0.008780427
0.01,0.008648166,0.0013518333
0.01,0.013509833,-0.0035098335
0.01,0.00064505637,0.009354943
0.01,0.0061970036,0.0038029961
0.01,0.013213933,-0.0032139337
0.01,0.008008884,0.0019911155
0.01,0.0080675045,0.0019324953
0.01,0.018547768,-0.008547768
0.01,0.018543454,-0.008543454
0.01,0.008463932,0.0015360676
0.01,0.014976719,-0.0049767196
0.01,0.0055210292,0.0044789705
0.01,0.0032889936,0.006711006
0.01,0.022004329,-0.012004329
0.01,0.0,0.01
0.01,0.02516919,-0.01516919
0.01,0.0,0.01
0.01,0.017697318,-0.0076973177
0.01,0.0,0.01
0.01,0.021016274,-0.011016274
0.01,0.006173538,0.0038264617
0.01,0.015068045,-0.005068045
0.01,0.006736653,0.0032633469
0.01,0.0065342328,0.003465767
0.01,0.008234507,0.0017654924
0.01,0.006591631,0.0034083687
0.01,0.012224938,-0.002224938
0.01,0.0073577473,0.0026422525
0.01,0.007148044,0.0028519556
0.01,0.0101082055,-0.00010820571
0.01,0.0112100225,-0.0012100227
0.01,0.009477938,0.0005220622
0.03,0.0079366565,0.022063343
0.02,0.016535768,0.0034642313
0.02,0.022012915,-0.002012916
0.0,0.015139955,-0.015139955
0.0,0.0068014218,-0.0068014218
0.01,0.004116552,0.005883448
0.0,0.011135666,-0.011135666
0.01,0.0,0.01
0.0,0.010020698,-0.010020698
0.01,0.0,0.01
0.01,0.017919406,-0.0079194065
0.01,0.008178333,0.001821667
0.01,0.014715623,-0.0047156233
0.0,0.00025689788,-0.00025689788
0.01,0.0012750756,0.008724924
0.01,0.0056144455,0.004385554
0.01,0.008252041,0.0017479584
0.01,0.0071105007,0.002889499
0.01,0.005781874,0.0042181257
0.01,0.014698174,-0.004698174
0.01,0.0043557324,0.0056442674
0.01,0.012770729,-0.0027707294
0.01,0.0020995177,0.007900482
0.01,0.005846463,0.0041535366
0.01,0.0021390915,0.007860908
0.01,0.010332879,-0.0003328789
0.01,0.008238932,0.0017610677
0.01,0.00987808,0.00012191944
0.01,0.0074625695,0.0025374303
0.01,0.004172154,0.005827846
0.01,0.0048535895,0.0051464103
0.01,0.007561221,0.002438779
0.01,0.008319118,0.0016808817
0.01,0.010176221,-0.00017622113
0.01,0.00568147,0.0043185297
0.01,0.00801478,0.0019852202
0.01,0.0060280915,0.0039719082
0.01,0.004775163,0.005224837
0.01,0.007245238,0.0027547618
0.01,0.008001418,0.001998582
0.01,0.008810392,0.0011896081
0.01,0.0069108848,0.003089115
0.01,0.0095861,0.00041390024
0.01,0.0049420204,0.0050579794
0.01,0.006522702,0.0034772977
0.01,0.001854632,0.008145368
0.01,0.0069869747,0.003013025
0.01,0.006933557,0.003066443
0.01,0.01072914,-0.0007291399
0.01,0.0066619497,0.00333805
0.01,0.0059965877,0.004003412
0.01,0.0059971698,0.00400283
0.01,0.004582705,0.005417295
0.01,0.0061118174,0.0038881823
0.01,0.006033119,0.003966881
0.01,0.006989359,0.0030106409
0.01,0.0062275436,0.0037724562
0.01,0.0070804013,0.0029195985
0.01,0.0075271353,0.0024728645
0.01,0.006626116,0.0033738837
0.01,0.008066652,0.0019333474
0.01,0.0076013235,0.0023986762
0.01,0.0068149474,0.0031850524
0.01,0.007462926,0.0025370736
0.0,0.0074052494,-0.0074052494
0.01,0.0,0.01
0.01,0.009195941,0.0008040592
0.02,0.006922437,0.013077563
0.04,0.016839862,0.023160137
0.05,0.03542336,0.01457664
0.05,0.048290975,0.0017090254
0.07,0.048444733,0.021555267
0.06,0.074221216,-0.0142212175
0.03,0.060895726,-0.030895727
0.01,0.029324485,-0.019324485
0.01,0.008116687,0.0018833131
0.01,0.008160846,0.0018391535
0.01,0.006211035,0.0037889648
0.01,0.011721795,-0.0017217956
0.01,0.00853163,0.0014683697
0.01,0.0072067445,0.0027932553
0.01,0.0056377817,0.004362218
0.01,0.008580266,0.0014197342
0.01,0.006365735,0.0036342647
0.01,0.0036888067,0.006311193
0.01,0.0059863403,0.0040136594
0.01,0.007867121,0.0021328786
0.01,0.007774854,0.0022251457
0.01,0.008167674,0.001832326
0.01,0.0093691405,0.0006308593
0.01,0.0070078876,0.0029921122
0.01,0.006262539,0.0037374608
0.01,0.009048215,0.00095178466
0.01,0.0072119683,0.0027880315
0.01,0.0067020413,0.0032979585
0.01,0.0065499265,0.0034500733
0.01,0.0077208504,0.0022791494
0.01,0.0059452523,0.0040547475
0.01,0.0066287983,0.0033712015
0.01,0.0074990336,0.0025009662
0.01,0.008492785,0.0015072152
0.01,0.007996945,0.002003055
0.01,0.007597791,0.0024022087
0.01,0.006784714,0.003215286
0.01,0.007690724,0.0023092758
0.01,0.007999906,0.0020000935
0.01,0.007340599,0.002659401
0.01,0.006251257,0.0037487429
0.01,0.007863451,0.002136549
0.01,0.008736512,0.0012634881
0.01,0.0065510888,0.003448911
0.01,0.007751913,0.002248087
0.01,0.0068565942,0.0031434055
0.04,0.0071056457,0.032894354
0.05,0.03584506,0.014154941
0.03,0.046114612,-0.016114613
0.0,0.027915688,-0.027915688
0.04,0.0,0.04
0.15,0.040134326,0.10986568
0.13,0.16218589,-0.032185897
0.11,0.13488393,-0.024883926
0.12,0.11602271,0.003977284
0.11,0.1293605,-0.019360498
0.14,0.11662175,0.023378253
0.14,0.15021797,-0.010217965
0.22,0.15009701,0.06990299
0.26,0.22833773,0.031662256
0.22,0.25853595,-0.038535953
0.18,0.21702538,-0.037025377
0.23,0.18716083,0.04283917
0.14,0.23665754,-0.096657544
0.14,0.12923247,0.010767534
0.16,0.15047745,0.009522542
0.17,0.16260214,0.0073978603
0.12,0.17083973,-0.05083973
0.13,0.114824474,0.015175521
0.17,0.14644597,0.023554027
0.23,0.17477326,0.055226743
0.37,0.22475044,0.14524956
0.39,0.37970096,0.010299027
0.45,0.38893697,0.06106302
0.52,0.44202912,0.07797086
0.91,0.5025565,0.40744352
0.88,0.923276,-0.043276012
0.77,0.84721017,-0.07721019
0.68,0.7384016,-0.058401585
0.49,0.6479182,-0.15791821
0.75,0.46560234,0.28439766
0.65,0.7346517,-0.08465171
0.7,0.61455667,0.08544332
0.67,0.66931754,0.0006824732
0.52,0.6314249,-0.11142492
0.49,0.4833852,0.0066148043
0.33,0.46932334,-0.13932332
0.25,0.30625898,-0.056258976
0.24,0.22431721,0.015682787
0.4,0.23228648,0.16771352
0.45,0.38518304,0.06481695
0.43,0.43064466,-0.00064465404
0.3,0.40328342,-0.103283405
0.22,0.2835462,-0.06354621
0.24,0.21161182,0.028388172
0.37,0.22478579,0.14521421
0.23,0.36292803,-0.13292803
0.1,0.21714263,-0.117142625
0.09,0.11587279,-0.02587279
0.19,0.10678112,0.08321888
0.21,0.19280776,0.01719223
0.27,0.20010607,0.06989394
0.3,0.2732471,0.026752919
0.26,0.29691482,-0.036914825
0.29,0.250964,0.039036006
0.26,0.280641,-0.020641
0.17,0.24670696,-0.07670696
0.1,0.16204797,-0.062047966
0.09,0.08847131,0.0015286952
0.12,0.096022606,0.023977391
0.16,0.103381515,0.056618482
0.2,0.15281157,0.04718843
0.24,0.2086039,0.03139609
0.22,0.2677991,-0.04779911
0.2,0.21027146,-0.01027146
0.19,0.19476762,-0.0047676265
0.16,0.17869747,-0.01869747
0.16,0.1618603,-0.0018603057
0.16,0.15309235,0.006907642
0.13,0.16378482,-0.03378482
0.15,0.11861258,0.031387426
0.19,0.15268232,0.03731768
0.31,0.19839257,0.11160743
0.31,0.3236057,-0.013605684
0.3,0.31674433,-0.016744316
0.22,0.27261513,-0.052615136
0.12,0.21586499,-0.09586499
0.13,0.11353793,0.016462065
0.11,0.1339715,-0.023971498
0.06,0.1144856,-0.0544856
0.05,0.036997274,0.013002727
0.06,0.058218226,0.0017817728
0.03,0.0752031,-0.045203097
0.02,0.029546151,-0.009546151
0.01,0.022225438,-0.012225438
0.01,0.0,0.01
0.01,0.00072933175,0.009270668
0.01,0.0,0.01
0.01,0.0049396195,0.0050603803
0.01,0.009018433,0.0009815665
0.01,0.0012516528,0.008748347
0.01,0.021618733,-0.011618733
0.03,0.01590465,0.014095349
0.01,0.023284107,-0.013284108
0.0,0.0031927489,-0.0031927489
0.01,0.0045777317,0.005422268
0.01,0.0016503017,0.008349698
0.01,0.004139904,0.005860096
0.01,0.0061165607,0.003883439
0.01,0.0075098444,0.0024901554
0.01,0.0031277984,0.0068722013
0.01,0.015801687,-0.005801687
0.01,0.0029992145,0.0070007853
0.01,0.0140880365,-0.0040880367
0.01,0.001636751,0.008363249
0.01,0.011618394,-0.0016183946
0.01,0.008383585,0.0016164146
0.01,0.0052458346,0.004754165
0.04,0.010462026,0.029537972
0.04,0.03414111,0.0058588907
0.03,0.036539283,-0.0065392833
0.03,0.025535159,0.0044648405
0.05,0.031317696,0.018682305
0.05,0.05227735,-0.0022773482
0.04,0.0457395,-0.0057395026
0.04,0.046332993,-0.0063329935
0.03,0.03078293,-0.0007829312
0.01,0.021363348,-0.011363348
0.0,0.010866942,-0.010866942
0.01,0.004274143,0.005725857
0.01,0.016662814,-0.006662814
0.01,0.010863931,-0.00086393114
0.01,0.0072666984,0.0027333014
0.01,0.0060875956,0.003912404
0.01,0.0062893294,0.0037106704
0.08,0.009784261,0.07021574
0.5,0.07847494,0.42152506
0.6,0.49920565,0.100794375
0.79,0.61572546,0.17427456
0.75,0.7879852,-0.037985206
0.7,0.728552,-0.028551996
0.68,0.6740918,0.005908191
0.69,0.6587609,0.031239092
0.74,0.66768354,0.07231647
0.89,0.71228814,0.17771184
0.87,0.843258,0.026741982
0.76,0.8266591,-0.06665909
0.91,0.7236841,0.18631595
0.82,0.88496405,-0.064964056
0.86,0.7616675,0.098332524
0.73,0.8203707,-0.090370655
0.87,0.6722644,0.19773561
0.93,0.83296,0.09704
0.82,0.8611484,-0.041148424
0.97,0.768328,0.20167202
0.94,0.92770696,0.012293041
0.96,0.8791652,0.080834806
0.97,0.9014336,0.06856644
0.96,0.92477477,0.035225213
0.95,0.89754975,0.05245024
0.98,0.90081275,0.079187274
0.95,0.92320675,0.026793242
0.94,0.8923769,0.047623098
0.93,0.89071935,0.039280653
0.99,0.8691604,0.120839596
0.99,0.94232863,0.047671378
0.98,0.9216162,0.058383822
0.99,0.9248433,0.0651567
0.98,0.93138254,0.048617482
0.91,0.9246218,-0.014621794
0.95,0.8510626,0.09893739
0.96,0.9013576,0.058642387
0.89,0.8954512,-0.0054512024
0.82,0.83278215,-0.0127821565
0.83,0.773942,0.05605799
0.87,0.7846029,0.085397124
0.94,0.824706,0.11529398
0.98,0.883078,0.09692204
0.99,0.92186594,0.06813407
0.99,0.9239274,0.06607258
0.99,0.9302509,0.059749126
0.99,0.92797804,0.06202197
0.99,0.929886,0.060114026
0.99,0.9248942,0.065105796
0.95,0.93023604,0.019763947
0.99,0.8909588,0.09904122
0.99,0.9347007,0.055299282
0.99,0.9279624,0.062037587
0.99,0.9329212,0.05707884
0.99,0.9321101,0.05788994
0.99,0.93039954,0.059600472
0.99,0.9299673,0.060032725
0.99,0.9317893,0.05821073
0.99,0.92846906,0.061530948
0.99,0.9301797,0.059820294
0.99,0.9310329,0.058967113
0.99,0.93022263,0.05977738
0.99,0.93185925,0.058140755
0.99,0.93025625,0.059743762
0.99,0.93049544,0.05950457
0.99,0.9312704,0.05872959
0.99,0.9329221,0.057077885
0.99,0.9298041,0.060195923
0.99,0.93226254,0.05773747
0.99,0.93012923,0.05987078
0.99,0.9310429,0.0589571
0.97,0.9299886,0.040011406
0.77,0.9111864,-0.14118642
0.67,0.7155696,-0.0455696
0.64,0.6333778,0.0066221952
0.64,0.601379,0.03862101
0.64,0.59879506,0.04120493
0.61,0.60137,0.008630037
0.66,0.5720778,0.087922215
0.73,0.6242647,0.1057353
0.82,0.6869249,0.13307512
0.91,0.7736181,0.13638192
0.83,0.85347784,-0.023477852
0.68,0.7665123,-0.08651227
0.51,0.6300626,-0.12006259
0.55,0.4704699,0.07953012
0.51,0.5194462,-0.009446204
0.53,0.46768987,0.0623101
0.59,0.49896303,0.091036946
0.5,0.5594261,-0.05942613
0.43,0.46556476,-0.03556475
0.48,0.40473866,0.075261325
0.48,0.45921382,0.020786166
0.4,0.4423737,-0.042373687
0.39,0.36422235,0.025777638
0.34,0.36490026,-0.024900258
0.54,0.31075925,0.22924078
0.5,0.5181989,-0.018198907
0.33,0.45763862,-0.12763861
0.52,0.31209195,0.20790803
0.66,0.51445603,0.14554399
0.86,0.6321956,0.22780442
0.84,0.8530218,-0.013021827
0.86,0.8024546,0.057545424
0.82,0.81081975,0.009180248
0.76,0.7629371,-0.002937138
0.66,0.70884585,-0.048845828
0.66,0.6234527,0.036547303
0.68,0.62401366,0.055986345
0.69,0.63349473,0.056505263
0.66,0.65153193,0.0084680915
0.54,0.62723154,-0.08723152
0.54,0.511615,0.028385043
0.57,0.5086248,0.0613752
0.54,0.53232056,0.0076794624
0.4,0.5005668,-0.100566775
0.38,0.35870752,0.021292478
0.51,0.36285478,0.14714521
0.65,0.48587865,0.16412133
0.51,0.6277502,-0.11775023
0.48,0.47129446,0.008705527
0.49,0.46701545,0.022984564
0.5,0.45152283,0.048477173
0.47,0.46979892,0.00020107627
0.55,0.44611096,0.10388905
0.87,0.5350205,0.33497953
0.96,0.85320055,0.10679942
0.98,0.9218187,0.058181345
0.96,0.9403527,0.0196473
0.95,0.9076838,0.0423162
0.88,0.888556,-0.008556008
0.97,0.81577814,0.15422189
0.98,0.93056643,0.04943359
0.97,0.9148203,0.055179715
0.93,0.9107873,0.019212723
0.95,0.8658188,0.08418119
0.98,0.90483433,0.07516569
0.98,0.9290869,0.050913095
0.98,0.92044187,0.059558153
0.98,0.9183284,0.061671615
0.96,0.9200181,0.0399819
0.97,0.90283275,0.06716728
0.99,0.91593397,0.07406604
0.99,0.93124664,0.05875337
0.94,0.92426324,0.015736759
0.98,0.8847959,0.095204115
0.99,0.925741,0.06425899
0.99,0.9334984,0.056501627
0.98,0.9258514,0.054148614
0.99,0.9282497,0.061750293
0.99,0.93383443,0.056165576
0.99,0.93345976,0.05654025
0.97,0.9270829,0.042917132
0.98,0.9123477,0.067652345
0.99,0.92135715,0.068642855
0.98,0.9325492,0.04745084
0.95,0.918864,0.031135976
0.96,0.89337045,0.06662953
0.98,0.9087531,0.07124692
0.94,0.9211477,0.018852293
0.95,0.87891304,0.07108694
0.99,0.89803123,0.091968775
0.98,0.9324566,0.047543406
0.96,0.91751254,0.042487442
0.98,0.9013691,0.078630924
0.99,0.9246979,0.06530213
0.95,0.92938626,0.02061373
0.93,0.8902751,0.039724886
0.98,0.8757699,0.104230106
0.97,0.92610824,0.043891788
0.99,0.90692526,0.08307475
0.99,0.932479,0.057520986
0.97,0.93107045,0.03892958
0.99,0.9088371,0.08116293
0.99,0.9340428,0.0559572
0.99,0.9293786,0.06062138
0.98,0.9302304,0.04976964
0.99,0.91977423,0.070225775
0.9,0.93141675,-0.031416774
0.81,0.84290695,-0.03290695
0.74,0.7628877,-0.022887707
0.66,0.6960648,-0.036064744
0.63,0.6170651,0.012934923
0.8,0.5924199,0.20758009
0.74,0.76435316,-0.024353147
0.94,0.67970514,0.26029485
0.89,0.9025113,-0.012511313
0.71,0.82287467,-0.11287469
0.84,0.6566148,0.1833852
0.73,0.8084698,-0.07846975
0.7,0.6659862,0.034013808
0.57,0.65834296,-0.088342965
0.47,0.5304235,-0.060423523
0.65,0.4404128,0.20958719
0.5,0.6269489,-0.1269489
0.32,0.45723277,-0.13723278
0.61,0.2968377,0.31316233
0.69,0.606942,0.083058
0.61,0.6539639,-0.04396391
0.64,0.58078367,0.05921632
0.6,0.61184263,-0.011842608
0.31,0.5565436,-0.24654359
0.19,0.26466382,-0.07466382
0.24,0.18448721,0.055512786
0.21,0.23059435,-0.020594358
0.29,0.19185145,0.09814854
0.34,0.2725172,0.0674828
0.25,0.35302293,-0.10302293
0.17,0.24719279,-0.07719278
0.18,0.15693267,0.02306734
0.09,0.1727493,-0.08274929
0.04,0.07695043,-0.03695043
0.14,0.032096084,0.10790391
0.07,0.11853273,-0.04853273
0.14,0.06091115,0.07908885
0.16,0.14877969,0.011220306
0.14,0.16029854,-0.02029854
0.19,0.15215324,0.03784676
0.22,0.19597028,0.024029717
0.16,0.21538605,-0.05538605
0.23,0.15679796,0.073202044
0.15,0.2428603,-0.0928603
0.04,0.1402692,-0.100269206
0.06,0.043290444,0.016709555
0.06,0.06312607,-0.0031260736
0.13,0.05804921,0.071950786
0.13,0.13474686,-0.004746869
0.2,0.1361992,0.0638008
0.16,0.22276326,-0.06276326
0.15,0.16149883,-0.011498824
0.19,0.16603902,0.023960978
0.14,0.18695365,-0.04695365
0.09,0.1293566,-0.03935659
0.1,0.07935376,0.020646244
0.2,0.11301438,0.086985625
0.1,0.19967078,-0.099670775
0.1,0.10536046,-0.005360462
0.11,0.13080521,-0.02080521
0.07,0.106618546,-0.036618546
0.04,0.07084071,-0.03084071
0.07,0.035754576,0.034245424
0.07,0.0727909,-0.002790898
0.07,0.06403336,0.005966641
0.05,0.066669956,-0.016669955
0.08,0.0512788,0.028721198
0.17,0.08973168,0.08026832
0.13,0.16496763,-0.03496763
0.1,0.14190999,-0.041909985
0.11,0.10128603,0.008713968
0.07,0.1264359,-0.056435905
0.07,0.060816213,0.009183787
0.07,0.07112361,-0.0011236072
0.09,0.08808464,0.0019153655
0.09,0.08758028,0.002419725
0.23,0.086399585,0.14360042
0.29,0.25091067,0.039089322
0.39,0.3027216,0.087278396
0.47,0.391792,0.078208
0.61,0.48915336,0.12084666
0.6,0.60353905,-0.0035390258
0.47,0.56050074,-0.09050074
0.31,0.45484206,-0.14484206
0.32,0.27944988,0.040550113
0.31,0.31676534,-0.006765336
0.66,0.3033479,0.35665214
0.64,0.66455513,-0.024555147
0.64,0.62095773,0.019042253
0.58,0.62868714,-0.04868716
0.63,0.5568671,0.07313287
0.52,0.5958319,-0.07583189
0.6,0.49014303,0.10985699
0.73,0.5722001,0.1577999
0.89,0.688468,0.201532
0.8,0.8414794,-0.04147941
0.94,0.7489511,0.19104892
0.98,0.90232325,0.07767677
0.97,0.93156016,0.03843987
0.96,0.9034518,0.05654818
0.98,0.92590445,0.054095566
0.98,0.9157296,0.06427044
0.98,0.92015326,0.05984676
0.98,0.9128825,0.06711751
0.98,0.9343148,0.04568523
0.96,0.9162992,0.043700755
0.98,0.90407777,0.07592225
0.98,0.92356336,0.056436658
0.98,0.93077016,0.04922986
0.97,0.9155468,0.054453254
0.95,0.9256328,0.024367213
0.95,0.8881906,0.06180936
0.98,0.894048,0.08595204
0.98,0.9220118,0.057988226
0.98,0.92104626,0.058953762
0.99,0.9178679,0.07213211
0.96,0.9316528,0.028347194
0.96,0.9038838,0.056116164
0.99,0.9085394,0.081460595
0.99,0.9356605,0.054339528
0.96,0.92770934,0.032290637
0.95,0.9016437,0.048356295
0.97,0.89201236,0.07798767
0.75,0.9153795,-0.16537952
0.74,0.6904899,0.04951012
0.59,0.7069924,-0.116992414
0.89,0.5428214,0.34717858
0.98,0.86058927,0.11941075
0.99,0.9221178,0.06788218
0.96,0.9394451,0.0205549
0.99,0.90347236,0.086527646
0.86,0.929501,-0.06950098
0.91,0.797694,0.112306
0.92,0.86563265,0.054367363
0.99,0.86114836,0.12885165
0.99,0.92419475,0.06580526
0.97,0.9253018,0.04469824
0.86,0.9111929,-0.05119288
0.84,0.8128329,0.027167082
0.89,0.79221976,0.09778023
0.96,0.84927696,0.11072302
0.89,0.89372593,-0.003725946
0.7,0.83081913,-0.13081914
0.65,0.6447015,0.0052984953
0.79,0.6241767,0.16582334
0.98,0.7471489,0.23285115
0.95,0.93605417,0.013945818
0.78,0.8759073,-0.09590733
0.8,0.72928274,0.070717275
0.92,0.75466067,0.16533935
0.96,0.87478936,0.08521062
0.97,0.8966717,0.073328316
0.85,0.9120332,-0.062033176
0.93,0.7836162,0.14638382
0.67,0.88221836,-0.21221834
0.21,0.61037064,-0.40037066
0.3,0.18788756,0.11211245
0.25,0.30778465,-0.057784647
0.45,0.22520506,0.22479492
0.59,0.46209794,0.12790203
0.31,0.5772588,-0.26725882
0.08,0.27690703,-0.19690703
0.04,0.08263084,-0.042630844
0.01,0.058439583,-0.048439585
0.01,0.0,0.01
0.01,0.0,0.01
0.01,0.0,0.01
0.01,0.038738366,-0.028738366
0.01,0.040418454,-0.030418454
0.01,0.06623038,-0.05623038
0.01,0.024218075,-0.014218075
0.02,0.0,0.02
0.06,0.027078025,0.032921974
0.13,0.06663987,0.063360125
0.2,0.13465485,0.06534515
0.24,0.20630167,0.03369832
0.24,0.24839927,-0.008399278
0.21,0.24330966,-0.03330967
0.18,0.22153153,-0.041531518
